iso3,quarter,ofdi_usd_m,source_name,source_url_or_series_id,note
JPN,2011Q1,13635.824,"IMF BOP (IMF.STA:BOP v21.0.0, BPM6), retrieved 2026-10-02","https://api.imf.org/external/sdmx/2.1/data/IMF.STA,BOP/JPN.A_NFA_T.D_F.USD.Q [COUNTRY=JPN, BOP_ACCOUNTING_ENTRY=A_NFA_T, INDICATOR=D_F (direct investment total), UNIT=USD, FREQ=Q]","OBS_VALUE published in USD units, divided by 1e6. reported in JPY by MOF/BoJ; converted to USD by IMF. Sign: BPM6 net acquisition of financial assets; positive = net outflow (increase in residents' DI assets abroad), negative = net disinvestment."
JPN,2011Q2,26704.387,"IMF BOP (IMF.STA:BOP v21.0.0, BPM6), retrieved 2026-10-02","https://api.imf.org/external/sdmx/2.1/data/IMF.STA,BOP/JPN.A_NFA_T.D_F.USD.Q [COUNTRY=JPN, BOP_ACCOUNTING_ENTRY=A_NFA_T, INDICATOR=D_F (direct investment total), UNIT=USD, FREQ=Q]","OBS_VALUE published in USD units, divided by 1e6. reported in JPY by MOF/BoJ; converted to USD by IMF. Sign: BPM6 net acquisition of financial assets; positive = net outflow (increase in residents' DI assets abroad), negative = net disinvestment."
JPN,2011Q3,37823.542,"IMF BOP (IMF.STA:BOP v21.0.0, BPM6), retrieved 2026-10-02","https://api.imf.org/external/sdmx/2.1/data/IMF.STA,BOP/JPN.A_NFA_T.D_F.USD.Q [COUNTRY=JPN, BOP_ACCOUNTING_ENTRY=A_NFA_T, INDICATOR=D_F (direct investment total), UNIT=USD, FREQ=Q]","OBS_VALUE published in USD units, divided by 1e6. reported in JPY by MOF/BoJ; converted to USD by IMF. Sign: BPM6 net acquisition of financial assets; positive = net outflow (increase in residents' DI assets abroad), negative = net disinvestment."
JPN,2011Q4,38671.446,"IMF BOP (IMF.STA:BOP v21.0.0, BPM6), retrieved 2026-10-02","https://api.imf.org/external/sdmx/2.1/data/IMF.STA,BOP/JPN.A_NFA_T.D_F.USD.Q [COUNTRY=JPN, BOP_ACCOUNTING_ENTRY=A_NFA_T, INDICATOR=D_F (direct investment total), UNIT=USD, FREQ=Q]","OBS_VALUE published in USD units, divided by 1e6. reported in JPY by MOF/BoJ; converted to USD by IMF. Sign: BPM6 net acquisition of financial assets; positive = net outflow (increase in residents' DI assets abroad), negative = net disinvestment."
JPN,2012Q1,22478.265,"IMF BOP (IMF.STA:BOP v21.0.0, BPM6), retrieved 2026-10-02","https://api.imf.org/external/sdmx/2.1/data/IMF.STA,BOP/JPN.A_NFA_T.D_F.USD.Q [COUNTRY=JPN, BOP_ACCOUNTING_ENTRY=A_NFA_T, INDICATOR=D_F (direct investment total), UNIT=USD, FREQ=Q]","OBS_VALUE published in USD units, divided by 1e6. reported in JPY by MOF/BoJ; converted to USD by IMF. Sign: BPM6 net acquisition of financial assets; positive = net outflow (increase in residents' DI assets abroad), negative = net disinvestment."
JPN,2012Q2,35409.818,"IMF BOP (IMF.STA:BOP v21.0.0, BPM6), retrieved 2026-10-02","https://api.imf.org/external/sdmx/2.1/data/IMF.STA,BOP/JPN.A_NFA_T.D_F.USD.Q [COUNTRY=JPN, BOP_ACCOUNTING_ENTRY=A_NFA_T, INDICATOR=D_F (direct investment total), UNIT=USD, FREQ=Q]","OBS_VALUE published in USD units, divided by 1e6. reported in JPY by MOF/BoJ; converted to USD by IMF. Sign: BPM6 net acquisition of financial assets; positive = net outflow (increase in residents' DI assets abroad), negative = net disinvestment."
JPN,2012Q3,26738.006,"IMF BOP (IMF.STA:BOP v21.0.0, BPM6), retrieved 2026-10-02","https://api.imf.org/external/sdmx/2.1/data/IMF.STA,BOP/JPN.A_NFA_T.D_F.USD.Q [COUNTRY=JPN, BOP_ACCOUNTING_ENTRY=A_NFA_T, INDICATOR=D_F (direct investment total), UNIT=USD, FREQ=Q]","OBS_VALUE published in USD units, divided by 1e6. reported in JPY by MOF/BoJ; converted to USD by IMF. Sign: BPM6 net acquisition of financial assets; positive = net outflow (increase in residents' DI assets abroad), negative = net disinvestment."
JPN,2012Q4,33006.263,"IMF BOP (IMF.STA:BOP v21.0.0, BPM6), retrieved 2026-10-02","https://api.imf.org/external/sdmx/2.1/data/IMF.STA,BOP/JPN.A_NFA_T.D_F.USD.Q [COUNTRY=JPN, BOP_ACCOUNTING_ENTRY=A_NFA_T, INDICATOR=D_F (direct investment total), UNIT=USD, FREQ=Q]","OBS_VALUE published in USD units, divided by 1e6. reported in JPY by MOF/BoJ; converted to USD by IMF. Sign: BPM6 net acquisition of financial assets; positive = net outflow (increase in residents' DI assets abroad), negative = net disinvestment."
JPN,2013Q1,23252.21,"IMF BOP (IMF.STA:BOP v21.0.0, BPM6), retrieved 2026-10-02","https://api.imf.org/external/sdmx/2.1/data/IMF.STA,BOP/JPN.A_NFA_T.D_F.USD.Q [COUNTRY=JPN, BOP_ACCOUNTING_ENTRY=A_NFA_T, INDICATOR=D_F (direct investment total), UNIT=USD, FREQ=Q]","OBS_VALUE published in USD units, divided by 1e6. reported in JPY by MOF/BoJ; converted to USD by IMF. Sign: BPM6 net acquisition of financial assets; positive = net outflow (increase in residents' DI assets abroad), negative = net disinvestment."
JPN,2013Q2,39154.11,"IMF BOP (IMF.STA:BOP v21.0.0, BPM6), retrieved 2026-10-02","https://api.imf.org/external/sdmx/2.1/data/IMF.STA,BOP/JPN.A_NFA_T.D_F.USD.Q [COUNTRY=JPN, BOP_ACCOUNTING_ENTRY=A_NFA_T, INDICATOR=D_F (direct investment total), UNIT=USD, FREQ=Q]","OBS_VALUE published in USD units, divided by 1e6. reported in JPY by MOF/BoJ; converted to USD by IMF. Sign: BPM6 net acquisition of financial assets; positive = net outflow (increase in residents' DI assets abroad), negative = net disinvestment."
JPN,2013Q3,55353.725,"IMF BOP (IMF.STA:BOP v21.0.0, BPM6), retrieved 2026-10-02","https://api.imf.org/external/sdmx/2.1/data/IMF.STA,BOP/JPN.A_NFA_T.D_F.USD.Q [COUNTRY=JPN, BOP_ACCOUNTING_ENTRY=A_NFA_T, INDICATOR=D_F (direct investment total), UNIT=USD, FREQ=Q]","OBS_VALUE published in USD units, divided by 1e6. reported in JPY by MOF/BoJ; converted to USD by IMF. Sign: BPM6 net acquisition of financial assets; positive = net outflow (increase in residents' DI assets abroad), negative = net disinvestment."
JPN,2013Q4,37924.557,"IMF BOP (IMF.STA:BOP v21.0.0, BPM6), retrieved 2026-10-02","https://api.imf.org/external/sdmx/2.1/data/IMF.STA,BOP/JPN.A_NFA_T.D_F.USD.Q [COUNTRY=JPN, BOP_ACCOUNTING_ENTRY=A_NFA_T, INDICATOR=D_F (direct investment total), UNIT=USD, FREQ=Q]","OBS_VALUE published in USD units, divided by 1e6. reported in JPY by MOF/BoJ; converted to USD by IMF. Sign: BPM6 net acquisition of financial assets; positive = net outflow (increase in residents' DI assets abroad), negative = net disinvestment."
JPN,2014Q1,32484.763,"IMF BOP (IMF.STA:BOP v21.0.0, BPM6), retrieved 2026-10-02","https://api.imf.org/external/sdmx/2.1/data/IMF.STA,BOP/JPN.A_NFA_T.D_F.USD.Q [COUNTRY=JPN, BOP_ACCOUNTING_ENTRY=A_NFA_T, INDICATOR=D_F (direct investment total), UNIT=USD, FREQ=Q]","OBS_VALUE published in USD units, divided by 1e6. reported in JPY by MOF/BoJ; converted to USD by IMF. Sign: BPM6 net acquisition of financial assets; positive = net outflow (increase in residents' DI assets abroad), negative = net disinvestment."
JPN,2014Q2,39717.561,"IMF BOP (IMF.STA:BOP v21.0.0, BPM6), retrieved 2026-10-02","https://api.imf.org/external/sdmx/2.1/data/IMF.STA,BOP/JPN.A_NFA_T.D_F.USD.Q [COUNTRY=JPN, BOP_ACCOUNTING_ENTRY=A_NFA_T, INDICATOR=D_F (direct investment total), UNIT=USD, FREQ=Q]","OBS_VALUE published in USD units, divided by 1e6. reported in JPY by MOF/BoJ; converted to USD by IMF. Sign: BPM6 net acquisition of financial assets; positive = net outflow (increase in residents' DI assets abroad), negative = net disinvestment."
JPN,2014Q3,25534.546,"IMF BOP (IMF.STA:BOP v21.0.0, BPM6), retrieved 2026-10-02","https://api.imf.org/external/sdmx/2.1/data/IMF.STA,BOP/JPN.A_NFA_T.D_F.USD.Q [COUNTRY=JPN, BOP_ACCOUNTING_ENTRY=A_NFA_T, INDICATOR=D_F (direct investment total), UNIT=USD, FREQ=Q]","OBS_VALUE published in USD units, divided by 1e6. reported in JPY by MOF/BoJ; converted to USD by IMF. Sign: BPM6 net acquisition of financial assets; positive = net outflow (increase in residents' DI assets abroad), negative = net disinvestment."
JPN,2014Q4,40187.569,"IMF BOP (IMF.STA:BOP v21.0.0, BPM6), retrieved 2026-10-02","https://api.imf.org/external/sdmx/2.1/data/IMF.STA,BOP/JPN.A_NFA_T.D_F.USD.Q [COUNTRY=JPN, BOP_ACCOUNTING_ENTRY=A_NFA_T, INDICATOR=D_F (direct investment total), UNIT=USD, FREQ=Q]","OBS_VALUE published in USD units, divided by 1e6. reported in JPY by MOF/BoJ; converted to USD by IMF. Sign: BPM6 net acquisition of financial assets; positive = net outflow (increase in residents' DI assets abroad), negative = net disinvestment."
JPN,2015Q1,32276.908,"IMF BOP (IMF.STA:BOP v21.0.0, BPM6), retrieved 2026-10-02","https://api.imf.org/external/sdmx/2.1/data/IMF.STA,BOP/JPN.A_NFA_T.D_F.USD.Q [COUNTRY=JPN, BOP_ACCOUNTING_ENTRY=A_NFA_T, INDICATOR=D_F (direct investment total), UNIT=USD, FREQ=Q]","OBS_VALUE published in USD units, divided by 1e6. reported in JPY by MOF/BoJ; converted to USD by IMF. Sign: BPM6 net acquisition of financial assets; positive = net outflow (increase in residents' DI assets abroad), negative = net disinvestment."
JPN,2015Q2,35202.583,"IMF BOP (IMF.STA:BOP v21.0.0, BPM6), retrieved 2026-10-02","https://api.imf.org/external/sdmx/2.1/data/IMF.STA,BOP/JPN.A_NFA_T.D_F.USD.Q [COUNTRY=JPN, BOP_ACCOUNTING_ENTRY=A_NFA_T, INDICATOR=D_F (direct investment total), UNIT=USD, FREQ=Q]","OBS_VALUE published in USD units, divided by 1e6. reported in JPY by MOF/BoJ; converted to USD by IMF. Sign: BPM6 net acquisition of financial assets; positive = net outflow (increase in residents' DI assets abroad), negative = net disinvestment."
JPN,2015Q3,33575.037,"IMF BOP (IMF.STA:BOP v21.0.0, BPM6), retrieved 2026-10-02","https://api.imf.org/external/sdmx/2.1/data/IMF.STA,BOP/JPN.A_NFA_T.D_F.USD.Q [COUNTRY=JPN, BOP_ACCOUNTING_ENTRY=A_NFA_T, INDICATOR=D_F (direct investment total), UNIT=USD, FREQ=Q]","OBS_VALUE published in USD units, divided by 1e6. reported in JPY by MOF/BoJ; converted to USD by IMF. Sign: BPM6 net acquisition of financial assets; positive = net outflow (increase in residents' DI assets abroad), negative = net disinvestment."
JPN,2015Q4,37360.481,"IMF BOP (IMF.STA:BOP v21.0.0, BPM6), retrieved 2026-10-02","https://api.imf.org/external/sdmx/2.1/data/IMF.STA,BOP/JPN.A_NFA_T.D_F.USD.Q [COUNTRY=JPN, BOP_ACCOUNTING_ENTRY=A_NFA_T, INDICATOR=D_F (direct investment total), UNIT=USD, FREQ=Q]","OBS_VALUE published in USD units, divided by 1e6. reported in JPY by MOF/BoJ; converted to USD by IMF. Sign: BPM6 net acquisition of financial assets; positive = net outflow (increase in residents' DI assets abroad), negative = net disinvestment."
JPN,2016Q1,42239.273,"IMF BOP (IMF.STA:BOP v21.0.0, BPM6), retrieved 2026-10-02","https://api.imf.org/external/sdmx/2.1/data/IMF.STA,BOP/JPN.A_NFA_T.D_F.USD.Q [COUNTRY=JPN, BOP_ACCOUNTING_ENTRY=A_NFA_T, INDICATOR=D_F (direct investment total), UNIT=USD, FREQ=Q]","OBS_VALUE published in USD units, divided by 1e6. reported in JPY by MOF/BoJ; converted to USD by IMF. Sign: BPM6 net acquisition of financial assets; positive = net outflow (increase in residents' DI assets abroad), negative = net disinvestment."
JPN,2016Q2,32625.711,"IMF BOP (IMF.STA:BOP v21.0.0, BPM6), retrieved 2026-10-02","https://api.imf.org/external/sdmx/2.1/data/IMF.STA,BOP/JPN.A_NFA_T.D_F.USD.Q [COUNTRY=JPN, BOP_ACCOUNTING_ENTRY=A_NFA_T, INDICATOR=D_F (direct investment total), UNIT=USD, FREQ=Q]","OBS_VALUE published in USD units, divided by 1e6. reported in JPY by MOF/BoJ; converted to USD by IMF. Sign: BPM6 net acquisition of financial assets; positive = net outflow (increase in residents' DI assets abroad), negative = net disinvestment."
JPN,2016Q3,56158.126,"IMF BOP (IMF.STA:BOP v21.0.0, BPM6), retrieved 2026-10-02","https://api.imf.org/external/sdmx/2.1/data/IMF.STA,BOP/JPN.A_NFA_T.D_F.USD.Q [COUNTRY=JPN, BOP_ACCOUNTING_ENTRY=A_NFA_T, INDICATOR=D_F (direct investment total), UNIT=USD, FREQ=Q]","OBS_VALUE published in USD units, divided by 1e6. reported in JPY by MOF/BoJ; converted to USD by IMF. Sign: BPM6 net acquisition of financial assets; positive = net outflow (increase in residents' DI assets abroad), negative = net disinvestment."
JPN,2016Q4,47587.279,"IMF BOP (IMF.STA:BOP v21.0.0, BPM6), retrieved 2026-10-02","https://api.imf.org/external/sdmx/2.1/data/IMF.STA,BOP/JPN.A_NFA_T.D_F.USD.Q [COUNTRY=JPN, BOP_ACCOUNTING_ENTRY=A_NFA_T, INDICATOR=D_F (direct investment total), UNIT=USD, FREQ=Q]","OBS_VALUE published in USD units, divided by 1e6. reported in JPY by MOF/BoJ; converted to USD by IMF. Sign: BPM6 net acquisition of financial assets; positive = net outflow (increase in residents' DI assets abroad), negative = net disinvestment."
JPN,2017Q1,60918.736,"IMF BOP (IMF.STA:BOP v21.0.0, BPM6), retrieved 2026-10-02","https://api.imf.org/external/sdmx/2.1/data/IMF.STA,BOP/JPN.A_NFA_T.D_F.USD.Q [COUNTRY=JPN, BOP_ACCOUNTING_ENTRY=A_NFA_T, INDICATOR=D_F (direct investment total), UNIT=USD, FREQ=Q]","OBS_VALUE published in USD units, divided by 1e6. reported in JPY by MOF/BoJ; converted to USD by IMF. Sign: BPM6 net acquisition of financial assets; positive = net outflow (increase in residents' DI assets abroad), negative = net disinvestment."
JPN,2017Q2,38694.229,"IMF BOP (IMF.STA:BOP v21.0.0, BPM6), retrieved 2026-10-02","https://api.imf.org/external/sdmx/2.1/data/IMF.STA,BOP/JPN.A_NFA_T.D_F.USD.Q [COUNTRY=JPN, BOP_ACCOUNTING_ENTRY=A_NFA_T, INDICATOR=D_F (direct investment total), UNIT=USD, FREQ=Q]","OBS_VALUE published in USD units, divided by 1e6. reported in JPY by MOF/BoJ; converted to USD by IMF. Sign: BPM6 net acquisition of financial assets; positive = net outflow (increase in residents' DI assets abroad), negative = net disinvestment."
JPN,2017Q3,34719.83,"IMF BOP (IMF.STA:BOP v21.0.0, BPM6), retrieved 2026-10-02","https://api.imf.org/external/sdmx/2.1/data/IMF.STA,BOP/JPN.A_NFA_T.D_F.USD.Q [COUNTRY=JPN, BOP_ACCOUNTING_ENTRY=A_NFA_T, INDICATOR=D_F (direct investment total), UNIT=USD, FREQ=Q]","OBS_VALUE published in USD units, divided by 1e6. reported in JPY by MOF/BoJ; converted to USD by IMF. Sign: BPM6 net acquisition of financial assets; positive = net outflow (increase in residents' DI assets abroad), negative = net disinvestment."
JPN,2017Q4,39417.441,"IMF BOP (IMF.STA:BOP v21.0.0, BPM6), retrieved 2026-10-02","https://api.imf.org/external/sdmx/2.1/data/IMF.STA,BOP/JPN.A_NFA_T.D_F.USD.Q [COUNTRY=JPN, BOP_ACCOUNTING_ENTRY=A_NFA_T, INDICATOR=D_F (direct investment total), UNIT=USD, FREQ=Q]","OBS_VALUE published in USD units, divided by 1e6. reported in JPY by MOF/BoJ; converted to USD by IMF. Sign: BPM6 net acquisition of financial assets; positive = net outflow (increase in residents' DI assets abroad), negative = net disinvestment."
JPN,2018Q1,38048.041,"IMF BOP (IMF.STA:BOP v21.0.0, BPM6), retrieved 2026-10-02","https://api.imf.org/external/sdmx/2.1/data/IMF.STA,BOP/JPN.A_NFA_T.D_F.USD.Q [COUNTRY=JPN, BOP_ACCOUNTING_ENTRY=A_NFA_T, INDICATOR=D_F (direct investment total), UNIT=USD, FREQ=Q]","OBS_VALUE published in USD units, divided by 1e6. reported in JPY by MOF/BoJ; converted to USD by IMF. Sign: BPM6 net acquisition of financial assets; positive = net outflow (increase in residents' DI assets abroad), negative = net disinvestment."
JPN,2018Q2,38794.536,"IMF BOP (IMF.STA:BOP v21.0.0, BPM6), retrieved 2026-10-02","https://api.imf.org/external/sdmx/2.1/data/IMF.STA,BOP/JPN.A_NFA_T.D_F.USD.Q [COUNTRY=JPN, BOP_ACCOUNTING_ENTRY=A_NFA_T, INDICATOR=D_F (direct investment total), UNIT=USD, FREQ=Q]","OBS_VALUE published in USD units, divided by 1e6. reported in JPY by MOF/BoJ; converted to USD by IMF. Sign: BPM6 net acquisition of financial assets; positive = net outflow (increase in residents' DI assets abroad), negative = net disinvestment."
JPN,2018Q3,41375.583,"IMF BOP (IMF.STA:BOP v21.0.0, BPM6), retrieved 2026-10-02","https://api.imf.org/external/sdmx/2.1/data/IMF.STA,BOP/JPN.A_NFA_T.D_F.USD.Q [COUNTRY=JPN, BOP_ACCOUNTING_ENTRY=A_NFA_T, INDICATOR=D_F (direct investment total), UNIT=USD, FREQ=Q]","OBS_VALUE published in USD units, divided by 1e6. reported in JPY by MOF/BoJ; converted to USD by IMF. Sign: BPM6 net acquisition of financial assets; positive = net outflow (increase in residents' DI assets abroad), negative = net disinvestment."
JPN,2018Q4,42000.147,"IMF BOP (IMF.STA:BOP v21.0.0, BPM6), retrieved 2026-10-02","https://api.imf.org/external/sdmx/2.1/data/IMF.STA,BOP/JPN.A_NFA_T.D_F.USD.Q [COUNTRY=JPN, BOP_ACCOUNTING_ENTRY=A_NFA_T, INDICATOR=D_F (direct investment total), UNIT=USD, FREQ=Q]","OBS_VALUE published in USD units, divided by 1e6. reported in JPY by MOF/BoJ; converted to USD by IMF. Sign: BPM6 net acquisition of financial assets; positive = net outflow (increase in residents' DI assets abroad), negative = net disinvestment."
JPN,2019Q1,102305.52,"IMF BOP (IMF.STA:BOP v21.0.0, BPM6), retrieved 2026-10-02","https://api.imf.org/external/sdmx/2.1/data/IMF.STA,BOP/JPN.A_NFA_T.D_F.USD.Q [COUNTRY=JPN, BOP_ACCOUNTING_ENTRY=A_NFA_T, INDICATOR=D_F (direct investment total), UNIT=USD, FREQ=Q]","OBS_VALUE published in USD units, divided by 1e6. reported in JPY by MOF/BoJ; converted to USD by IMF. Sign: BPM6 net acquisition of financial assets; positive = net outflow (increase in residents' DI assets abroad), negative = net disinvestment."
JPN,2019Q2,54217.664,"IMF BOP (IMF.STA:BOP v21.0.0, BPM6), retrieved 2026-10-02","https://api.imf.org/external/sdmx/2.1/data/IMF.STA,BOP/JPN.A_NFA_T.D_F.USD.Q [COUNTRY=JPN, BOP_ACCOUNTING_ENTRY=A_NFA_T, INDICATOR=D_F (direct investment total), UNIT=USD, FREQ=Q]","OBS_VALUE published in USD units, divided by 1e6. reported in JPY by MOF/BoJ; converted to USD by IMF. Sign: BPM6 net acquisition of financial assets; positive = net outflow (increase in residents' DI assets abroad), negative = net disinvestment."
JPN,2019Q3,45236.466,"IMF BOP (IMF.STA:BOP v21.0.0, BPM6), retrieved 2026-10-02","https://api.imf.org/external/sdmx/2.1/data/IMF.STA,BOP/JPN.A_NFA_T.D_F.USD.Q [COUNTRY=JPN, BOP_ACCOUNTING_ENTRY=A_NFA_T, INDICATOR=D_F (direct investment total), UNIT=USD, FREQ=Q]","OBS_VALUE published in USD units, divided by 1e6. reported in JPY by MOF/BoJ; converted to USD by IMF. Sign: BPM6 net acquisition of financial assets; positive = net outflow (increase in residents' DI assets abroad), negative = net disinvestment."
JPN,2019Q4,56524.676,"IMF BOP (IMF.STA:BOP v21.0.0, BPM6), retrieved 2026-10-02","https://api.imf.org/external/sdmx/2.1/data/IMF.STA,BOP/JPN.A_NFA_T.D_F.USD.Q [COUNTRY=JPN, BOP_ACCOUNTING_ENTRY=A_NFA_T, INDICATOR=D_F (direct investment total), UNIT=USD, FREQ=Q]","OBS_VALUE published in USD units, divided by 1e6. reported in JPY by MOF/BoJ; converted to USD by IMF. Sign: BPM6 net acquisition of financial assets; positive = net outflow (increase in residents' DI assets abroad), negative = net disinvestment."
JPN,2020Q1,43904.645,"IMF BOP (IMF.STA:BOP v21.0.0, BPM6), retrieved 2026-10-02","https://api.imf.org/external/sdmx/2.1/data/IMF.STA,BOP/JPN.A_NFA_T.D_F.USD.Q [COUNTRY=JPN, BOP_ACCOUNTING_ENTRY=A_NFA_T, INDICATOR=D_F (direct investment total), UNIT=USD, FREQ=Q]","OBS_VALUE published in USD units, divided by 1e6. reported in JPY by MOF/BoJ; converted to USD by IMF. Sign: BPM6 net acquisition of financial assets; positive = net outflow (increase in residents' DI assets abroad), negative = net disinvestment."
JPN,2020Q2,53324.465,"IMF BOP (IMF.STA:BOP v21.0.0, BPM6), retrieved 2026-10-02","https://api.imf.org/external/sdmx/2.1/data/IMF.STA,BOP/JPN.A_NFA_T.D_F.USD.Q [COUNTRY=JPN, BOP_ACCOUNTING_ENTRY=A_NFA_T, INDICATOR=D_F (direct investment total), UNIT=USD, FREQ=Q]","OBS_VALUE published in USD units, divided by 1e6. reported in JPY by MOF/BoJ; converted to USD by IMF. Sign: BPM6 net acquisition of financial assets; positive = net outflow (increase in residents' DI assets abroad), negative = net disinvestment."
JPN,2020Q3,29029.755,"IMF BOP (IMF.STA:BOP v21.0.0, BPM6), retrieved 2026-10-02","https://api.imf.org/external/sdmx/2.1/data/IMF.STA,BOP/JPN.A_NFA_T.D_F.USD.Q [COUNTRY=JPN, BOP_ACCOUNTING_ENTRY=A_NFA_T, INDICATOR=D_F (direct investment total), UNIT=USD, FREQ=Q]","OBS_VALUE published in USD units, divided by 1e6. reported in JPY by MOF/BoJ; converted to USD by IMF. Sign: BPM6 net acquisition of financial assets; positive = net outflow (increase in residents' DI assets abroad), negative = net disinvestment."
JPN,2020Q4,23859.327,"IMF BOP (IMF.STA:BOP v21.0.0, BPM6), retrieved 2026-10-02","https://api.imf.org/external/sdmx/2.1/data/IMF.STA,BOP/JPN.A_NFA_T.D_F.USD.Q [COUNTRY=JPN, BOP_ACCOUNTING_ENTRY=A_NFA_T, INDICATOR=D_F (direct investment total), UNIT=USD, FREQ=Q]","OBS_VALUE published in USD units, divided by 1e6. reported in JPY by MOF/BoJ; converted to USD by IMF. Sign: BPM6 net acquisition of financial assets; positive = net outflow (increase in residents' DI assets abroad), negative = net disinvestment."
JPN,2021Q1,58306.483,"IMF BOP (IMF.STA:BOP v21.0.0, BPM6), retrieved 2026-10-02","https://api.imf.org/external/sdmx/2.1/data/IMF.STA,BOP/JPN.A_NFA_T.D_F.USD.Q [COUNTRY=JPN, BOP_ACCOUNTING_ENTRY=A_NFA_T, INDICATOR=D_F (direct investment total), UNIT=USD, FREQ=Q]","OBS_VALUE published in USD units, divided by 1e6. reported in JPY by MOF/BoJ; converted to USD by IMF. Sign: BPM6 net acquisition of financial assets; positive = net outflow (increase in residents' DI assets abroad), negative = net disinvestment."
JPN,2021Q2,43071.618,"IMF BOP (IMF.STA:BOP v21.0.0, BPM6), retrieved 2026-10-02","https://api.imf.org/external/sdmx/2.1/data/IMF.STA,BOP/JPN.A_NFA_T.D_F.USD.Q [COUNTRY=JPN, BOP_ACCOUNTING_ENTRY=A_NFA_T, INDICATOR=D_F (direct investment total), UNIT=USD, FREQ=Q]","OBS_VALUE published in USD units, divided by 1e6. reported in JPY by MOF/BoJ; converted to USD by IMF. Sign: BPM6 net acquisition of financial assets; positive = net outflow (increase in residents' DI assets abroad), negative = net disinvestment."
JPN,2021Q3,58371.418,"IMF BOP (IMF.STA:BOP v21.0.0, BPM6), retrieved 2026-10-02","https://api.imf.org/external/sdmx/2.1/data/IMF.STA,BOP/JPN.A_NFA_T.D_F.USD.Q [COUNTRY=JPN, BOP_ACCOUNTING_ENTRY=A_NFA_T, INDICATOR=D_F (direct investment total), UNIT=USD, FREQ=Q]","OBS_VALUE published in USD units, divided by 1e6. reported in JPY by MOF/BoJ; converted to USD by IMF. Sign: BPM6 net acquisition of financial assets; positive = net outflow (increase in residents' DI assets abroad), negative = net disinvestment."
JPN,2021Q4,49942.32,"IMF BOP (IMF.STA:BOP v21.0.0, BPM6), retrieved 2026-10-02","https://api.imf.org/external/sdmx/2.1/data/IMF.STA,BOP/JPN.A_NFA_T.D_F.USD.Q [COUNTRY=JPN, BOP_ACCOUNTING_ENTRY=A_NFA_T, INDICATOR=D_F (direct investment total), UNIT=USD, FREQ=Q]","OBS_VALUE published in USD units, divided by 1e6. reported in JPY by MOF/BoJ; converted to USD by IMF. Sign: BPM6 net acquisition of financial assets; positive = net outflow (increase in residents' DI assets abroad), negative = net disinvestment."
JPN,2022Q1,39983.114,"IMF BOP (IMF.STA:BOP v21.0.0, BPM6), retrieved 2026-10-02","https://api.imf.org/external/sdmx/2.1/data/IMF.STA,BOP/JPN.A_NFA_T.D_F.USD.Q [COUNTRY=JPN, BOP_ACCOUNTING_ENTRY=A_NFA_T, INDICATOR=D_F (direct investment total), UNIT=USD, FREQ=Q]","OBS_VALUE published in USD units, divided by 1e6. reported in JPY by MOF/BoJ; converted to USD by IMF. Sign: BPM6 net acquisition of financial assets; positive = net outflow (increase in residents' DI assets abroad), negative = net disinvestment."
JPN,2022Q2,42183.458,"IMF BOP (IMF.STA:BOP v21.0.0, BPM6), retrieved 2026-10-02","https://api.imf.org/external/sdmx/2.1/data/IMF.STA,BOP/JPN.A_NFA_T.D_F.USD.Q [COUNTRY=JPN, BOP_ACCOUNTING_ENTRY=A_NFA_T, INDICATOR=D_F (direct investment total), UNIT=USD, FREQ=Q]","OBS_VALUE published in USD units, divided by 1e6. reported in JPY by MOF/BoJ; converted to USD by IMF. Sign: BPM6 net acquisition of financial assets; positive = net outflow (increase in residents' DI assets abroad), negative = net disinvestment."
JPN,2022Q3,43260.542,"IMF BOP (IMF.STA:BOP v21.0.0, BPM6), retrieved 2026-10-02","https://api.imf.org/external/sdmx/2.1/data/IMF.STA,BOP/JPN.A_NFA_T.D_F.USD.Q [COUNTRY=JPN, BOP_ACCOUNTING_ENTRY=A_NFA_T, INDICATOR=D_F (direct investment total), UNIT=USD, FREQ=Q]","OBS_VALUE published in USD units, divided by 1e6. reported in JPY by MOF/BoJ; converted to USD by IMF. Sign: BPM6 net acquisition of financial assets; positive = net outflow (increase in residents' DI assets abroad), negative = net disinvestment."
JPN,2022Q4,49516.328,"IMF BOP (IMF.STA:BOP v21.0.0, BPM6), retrieved 2026-10-02","https://api.imf.org/external/sdmx/2.1/data/IMF.STA,BOP/JPN.A_NFA_T.D_F.USD.Q [COUNTRY=JPN, BOP_ACCOUNTING_ENTRY=A_NFA_T, INDICATOR=D_F (direct investment total), UNIT=USD, FREQ=Q]","OBS_VALUE published in USD units, divided by 1e6. reported in JPY by MOF/BoJ; converted to USD by IMF. Sign: BPM6 net acquisition of financial assets; positive = net outflow (increase in residents' DI assets abroad), negative = net disinvestment."
JPN,2023Q1,35810.903,"IMF BOP (IMF.STA:BOP v21.0.0, BPM6), retrieved 2026-10-02","https://api.imf.org/external/sdmx/2.1/data/IMF.STA,BOP/JPN.A_NFA_T.D_F.USD.Q [COUNTRY=JPN, BOP_ACCOUNTING_ENTRY=A_NFA_T, INDICATOR=D_F (direct investment total), UNIT=USD, FREQ=Q]","OBS_VALUE published in USD units, divided by 1e6. reported in JPY by MOF/BoJ; converted to USD by IMF. Sign: BPM6 net acquisition of financial assets; positive = net outflow (increase in residents' DI assets abroad), negative = net disinvestment."
JPN,2023Q2,48259.718,"IMF BOP (IMF.STA:BOP v21.0.0, BPM6), retrieved 2026-10-02","https://api.imf.org/external/sdmx/2.1/data/IMF.STA,BOP/JPN.A_NFA_T.D_F.USD.Q [COUNTRY=JPN, BOP_ACCOUNTING_ENTRY=A_NFA_T, INDICATOR=D_F (direct investment total), UNIT=USD, FREQ=Q]","OBS_VALUE published in USD units, divided by 1e6. reported in JPY by MOF/BoJ; converted to USD by IMF. Sign: BPM6 net acquisition of financial assets; positive = net outflow (increase in residents' DI assets abroad), negative = net disinvestment."
JPN,2023Q3,62928.165,"IMF BOP (IMF.STA:BOP v21.0.0, BPM6), retrieved 2026-10-02","https://api.imf.org/external/sdmx/2.1/data/IMF.STA,BOP/JPN.A_NFA_T.D_F.USD.Q [COUNTRY=JPN, BOP_ACCOUNTING_ENTRY=A_NFA_T, INDICATOR=D_F (direct investment total), UNIT=USD, FREQ=Q]","OBS_VALUE published in USD units, divided by 1e6. reported in JPY by MOF/BoJ; converted to USD by IMF. Sign: BPM6 net acquisition of financial assets; positive = net outflow (increase in residents' DI assets abroad), negative = net disinvestment."
JPN,2023Q4,50023.146,"IMF BOP (IMF.STA:BOP v21.0.0, BPM6), retrieved 2026-10-02","https://api.imf.org/external/sdmx/2.1/data/IMF.STA,BOP/JPN.A_NFA_T.D_F.USD.Q [COUNTRY=JPN, BOP_ACCOUNTING_ENTRY=A_NFA_T, INDICATOR=D_F (direct investment total), UNIT=USD, FREQ=Q]","OBS_VALUE published in USD units, divided by 1e6. reported in JPY by MOF/BoJ; converted to USD by IMF. Sign: BPM6 net acquisition of financial assets; positive = net outflow (increase in residents' DI assets abroad), negative = net disinvestment."
JPN,2024Q1,41950.182,"IMF BOP (IMF.STA:BOP v21.0.0, BPM6), retrieved 2026-10-02","https://api.imf.org/external/sdmx/2.1/data/IMF.STA,BOP/JPN.A_NFA_T.D_F.USD.Q [COUNTRY=JPN, BOP_ACCOUNTING_ENTRY=A_NFA_T, INDICATOR=D_F (direct investment total), UNIT=USD, FREQ=Q]","OBS_VALUE published in USD units, divided by 1e6. reported in JPY by MOF/BoJ; converted to USD by IMF. Sign: BPM6 net acquisition of financial assets; positive = net outflow (increase in residents' DI assets abroad), negative = net disinvestment."
JPN,2024Q2,54922.029,"IMF BOP (IMF.STA:BOP v21.0.0, BPM6), retrieved 2026-10-02","https://api.imf.org/external/sdmx/2.1/data/IMF.STA,BOP/JPN.A_NFA_T.D_F.USD.Q [COUNTRY=JPN, BOP_ACCOUNTING_ENTRY=A_NFA_T, INDICATOR=D_F (direct investment total), UNIT=USD, FREQ=Q]","OBS_VALUE published in USD units, divided by 1e6. reported in JPY by MOF/BoJ; converted to USD by IMF. Sign: BPM6 net acquisition of financial assets; positive = net outflow (increase in residents' DI assets abroad), negative = net disinvestment."
JPN,2024Q3,54731.973,"IMF BOP (IMF.STA:BOP v21.0.0, BPM6), retrieved 2026-10-02","https://api.imf.org/external/sdmx/2.1/data/IMF.STA,BOP/JPN.A_NFA_T.D_F.USD.Q [COUNTRY=JPN, BOP_ACCOUNTING_ENTRY=A_NFA_T, INDICATOR=D_F (direct investment total), UNIT=USD, FREQ=Q]","OBS_VALUE published in USD units, divided by 1e6. reported in JPY by MOF/BoJ; converted to USD by IMF. Sign: BPM6 net acquisition of financial assets; positive = net outflow (increase in residents' DI assets abroad), negative = net disinvestment."
JPN,2024Q4,55855.122,"IMF BOP (IMF.STA:BOP v21.0.0, BPM6), retrieved 2026-10-02","https://api.imf.org/external/sdmx/2.1/data/IMF.STA,BOP/JPN.A_NFA_T.D_F.USD.Q [COUNTRY=JPN, BOP_ACCOUNTING_ENTRY=A_NFA_T, INDICATOR=D_F (direct investment total), UNIT=USD, FREQ=Q]","OBS_VALUE published in USD units, divided by 1e6. reported in JPY by MOF/BoJ; converted to USD by IMF. Sign: BPM6 net acquisition of financial assets; positive = net outflow (increase in residents' DI assets abroad), negative = net disinvestment."
JPN,2025Q1,42745.878,"IMF BOP (IMF.STA:BOP v21.0.0, BPM6), retrieved 2026-10-02","https://api.imf.org/external/sdmx/2.1/data/IMF.STA,BOP/JPN.A_NFA_T.D_F.USD.Q [COUNTRY=JPN, BOP_ACCOUNTING_ENTRY=A_NFA_T, INDICATOR=D_F (direct investment total), UNIT=USD, FREQ=Q]","OBS_VALUE published in USD units, divided by 1e6. reported in JPY by MOF/BoJ; converted to USD by IMF. Sign: BPM6 net acquisition of financial assets; positive = net outflow (increase in residents' DI assets abroad), negative = net disinvestment."
JPN,2025Q2,60973.134,"IMF BOP (IMF.STA:BOP v21.0.0, BPM6), retrieved 2026-10-02","https://api.imf.org/external/sdmx/2.1/data/IMF.STA,BOP/JPN.A_NFA_T.D_F.USD.Q [COUNTRY=JPN, BOP_ACCOUNTING_ENTRY=A_NFA_T, INDICATOR=D_F (direct investment total), UNIT=USD, FREQ=Q]","OBS_VALUE published in USD units, divided by 1e6. reported in JPY by MOF/BoJ; converted to USD by IMF. Sign: BPM6 net acquisition of financial assets; positive = net outflow (increase in residents' DI assets abroad), negative = net disinvestment."
JPN,2025Q3,42486.224,"IMF BOP (IMF.STA:BOP v21.0.0, BPM6), retrieved 2026-10-02","https://api.imf.org/external/sdmx/2.1/data/IMF.STA,BOP/JPN.A_NFA_T.D_F.USD.Q [COUNTRY=JPN, BOP_ACCOUNTING_ENTRY=A_NFA_T, INDICATOR=D_F (direct investment total), UNIT=USD, FREQ=Q]","OBS_VALUE published in USD units, divided by 1e6. reported in JPY by MOF/BoJ; converted to USD by IMF. Sign: BPM6 net acquisition of financial assets; positive = net outflow (increase in residents' DI assets abroad), negative = net disinvestment."
JPN,2025Q4,71551.493,"IMF BOP (IMF.STA:BOP v21.0.0, BPM6), retrieved 2026-10-02","https://api.imf.org/external/sdmx/2.1/data/IMF.STA,BOP/JPN.A_NFA_T.D_F.USD.Q [COUNTRY=JPN, BOP_ACCOUNTING_ENTRY=A_NFA_T, INDICATOR=D_F (direct investment total), UNIT=USD, FREQ=Q]","OBS_VALUE published in USD units, divided by 1e6. reported in JPY by MOF/BoJ; converted to USD by IMF. Sign: BPM6 net acquisition of financial assets; positive = net outflow (increase in residents' DI assets abroad), negative = net disinvestment."
JPN,2026Q1,47288.22,"IMF BOP (IMF.STA:BOP v21.0.0, BPM6), retrieved 2026-10-02","https://api.imf.org/external/sdmx/2.1/data/IMF.STA,BOP/JPN.A_NFA_T.D_F.USD.Q [COUNTRY=JPN, BOP_ACCOUNTING_ENTRY=A_NFA_T, INDICATOR=D_F (direct investment total), UNIT=USD, FREQ=Q]","OBS_VALUE published in USD units, divided by 1e6. reported in JPY by MOF/BoJ; converted to USD by IMF. Sign: BPM6 net acquisition of financial assets; positive = net outflow (increase in residents' DI assets abroad), negative = net disinvestment."
JPN,2026Q2,,,"https://api.imf.org/external/sdmx/2.1/data/IMF.STA,BOP/JPN.A_NFA_T.D_F.USD.Q","Not available: IMF BOP had no observation as of 2026-10-02. MOF/BoJ publish only monthly JPY preliminaries (quarterly 2nd preliminary due 2026-10-08), so we left it blank instead of aggregating or converting."
KOR,2011Q1,7182.5,"IMF BOP (IMF.STA:BOP v21.0.0, BPM6), retrieved 2026-10-02","https://api.imf.org/external/sdmx/2.1/data/IMF.STA,BOP/KOR.A_NFA_T.D_F.USD.Q [COUNTRY=KOR, BOP_ACCOUNTING_ENTRY=A_NFA_T, INDICATOR=D_F (direct investment total), UNIT=USD, FREQ=Q]","OBS_VALUE published in USD units, divided by 1e6. reported in USD by Bank of Korea; no conversion. Sign: BPM6 net acquisition of financial assets; positive = net outflow (increase in residents' DI assets abroad), negative = net disinvestment."
KOR,2011Q2,7896.4,"IMF BOP (IMF.STA:BOP v21.0.0, BPM6), retrieved 2026-10-02","https://api.imf.org/external/sdmx/2.1/data/IMF.STA,BOP/KOR.A_NFA_T.D_F.USD.Q [COUNTRY=KOR, BOP_ACCOUNTING_ENTRY=A_NFA_T, INDICATOR=D_F (direct investment total), UNIT=USD, FREQ=Q]","OBS_VALUE published in USD units, divided by 1e6. reported in USD by Bank of Korea; no conversion. Sign: BPM6 net acquisition of financial assets; positive = net outflow (increase in residents' DI assets abroad), negative = net disinvestment."
KOR,2011Q3,6193.3,"IMF BOP (IMF.STA:BOP v21.0.0, BPM6), retrieved 2026-10-02","https://api.imf.org/external/sdmx/2.1/data/IMF.STA,BOP/KOR.A_NFA_T.D_F.USD.Q [COUNTRY=KOR, BOP_ACCOUNTING_ENTRY=A_NFA_T, INDICATOR=D_F (direct investment total), UNIT=USD, FREQ=Q]","OBS_VALUE published in USD units, divided by 1e6. reported in USD by Bank of Korea; no conversion. Sign: BPM6 net acquisition of financial assets; positive = net outflow (increase in residents' DI assets abroad), negative = net disinvestment."
KOR,2011Q4,8375.5,"IMF BOP (IMF.STA:BOP v21.0.0, BPM6), retrieved 2026-10-02","https://api.imf.org/external/sdmx/2.1/data/IMF.STA,BOP/KOR.A_NFA_T.D_F.USD.Q [COUNTRY=KOR, BOP_ACCOUNTING_ENTRY=A_NFA_T, INDICATOR=D_F (direct investment total), UNIT=USD, FREQ=Q]","OBS_VALUE published in USD units, divided by 1e6. reported in USD by Bank of Korea; no conversion. Sign: BPM6 net acquisition of financial assets; positive = net outflow (increase in residents' DI assets abroad), negative = net disinvestment."
KOR,2012Q1,7853.4,"IMF BOP (IMF.STA:BOP v21.0.0, BPM6), retrieved 2026-10-02","https://api.imf.org/external/sdmx/2.1/data/IMF.STA,BOP/KOR.A_NFA_T.D_F.USD.Q [COUNTRY=KOR, BOP_ACCOUNTING_ENTRY=A_NFA_T, INDICATOR=D_F (direct investment total), UNIT=USD, FREQ=Q]","OBS_VALUE published in USD units, divided by 1e6. reported in USD by Bank of Korea; no conversion. Sign: BPM6 net acquisition of financial assets; positive = net outflow (increase in residents' DI assets abroad), negative = net disinvestment."
KOR,2012Q2,8083.2,"IMF BOP (IMF.STA:BOP v21.0.0, BPM6), retrieved 2026-10-02","https://api.imf.org/external/sdmx/2.1/data/IMF.STA,BOP/KOR.A_NFA_T.D_F.USD.Q [COUNTRY=KOR, BOP_ACCOUNTING_ENTRY=A_NFA_T, INDICATOR=D_F (direct investment total), UNIT=USD, FREQ=Q]","OBS_VALUE published in USD units, divided by 1e6. reported in USD by Bank of Korea; no conversion. Sign: BPM6 net acquisition of financial assets; positive = net outflow (increase in residents' DI assets abroad), negative = net disinvestment."
KOR,2012Q3,6852.5,"IMF BOP (IMF.STA:BOP v21.0.0, BPM6), retrieved 2026-10-02","https://api.imf.org/external/sdmx/2.1/data/IMF.STA,BOP/KOR.A_NFA_T.D_F.USD.Q [COUNTRY=KOR, BOP_ACCOUNTING_ENTRY=A_NFA_T, INDICATOR=D_F (direct investment total), UNIT=USD, FREQ=Q]","OBS_VALUE published in USD units, divided by 1e6. reported in USD by Bank of Korea; no conversion. Sign: BPM6 net acquisition of financial assets; positive = net outflow (increase in residents' DI assets abroad), negative = net disinvestment."
KOR,2012Q4,7809.6,"IMF BOP (IMF.STA:BOP v21.0.0, BPM6), retrieved 2026-10-02","https://api.imf.org/external/sdmx/2.1/data/IMF.STA,BOP/KOR.A_NFA_T.D_F.USD.Q [COUNTRY=KOR, BOP_ACCOUNTING_ENTRY=A_NFA_T, INDICATOR=D_F (direct investment total), UNIT=USD, FREQ=Q]","OBS_VALUE published in USD units, divided by 1e6. reported in USD by Bank of Korea; no conversion. Sign: BPM6 net acquisition of financial assets; positive = net outflow (increase in residents' DI assets abroad), negative = net disinvestment."
KOR,2013Q1,6147.5,"IMF BOP (IMF.STA:BOP v21.0.0, BPM6), retrieved 2026-10-02","https://api.imf.org/external/sdmx/2.1/data/IMF.STA,BOP/KOR.A_NFA_T.D_F.USD.Q [COUNTRY=KOR, BOP_ACCOUNTING_ENTRY=A_NFA_T, INDICATOR=D_F (direct investment total), UNIT=USD, FREQ=Q]","OBS_VALUE published in USD units, divided by 1e6. reported in USD by Bank of Korea; no conversion. Sign: BPM6 net acquisition of financial assets; positive = net outflow (increase in residents' DI assets abroad), negative = net disinvestment."
KOR,2013Q2,8449.5,"IMF BOP (IMF.STA:BOP v21.0.0, BPM6), retrieved 2026-10-02","https://api.imf.org/external/sdmx/2.1/data/IMF.STA,BOP/KOR.A_NFA_T.D_F.USD.Q [COUNTRY=KOR, BOP_ACCOUNTING_ENTRY=A_NFA_T, INDICATOR=D_F (direct investment total), UNIT=USD, FREQ=Q]","OBS_VALUE published in USD units, divided by 1e6. reported in USD by Bank of Korea; no conversion. Sign: BPM6 net acquisition of financial assets; positive = net outflow (increase in residents' DI assets abroad), negative = net disinvestment."
KOR,2013Q3,5772,"IMF BOP (IMF.STA:BOP v21.0.0, BPM6), retrieved 2026-10-02","https://api.imf.org/external/sdmx/2.1/data/IMF.STA,BOP/KOR.A_NFA_T.D_F.USD.Q [COUNTRY=KOR, BOP_ACCOUNTING_ENTRY=A_NFA_T, INDICATOR=D_F (direct investment total), UNIT=USD, FREQ=Q]","OBS_VALUE published in USD units, divided by 1e6. reported in USD by Bank of Korea; no conversion. Sign: BPM6 net acquisition of financial assets; positive = net outflow (increase in residents' DI assets abroad), negative = net disinvestment."
KOR,2013Q4,7948.8,"IMF BOP (IMF.STA:BOP v21.0.0, BPM6), retrieved 2026-10-02","https://api.imf.org/external/sdmx/2.1/data/IMF.STA,BOP/KOR.A_NFA_T.D_F.USD.Q [COUNTRY=KOR, BOP_ACCOUNTING_ENTRY=A_NFA_T, INDICATOR=D_F (direct investment total), UNIT=USD, FREQ=Q]","OBS_VALUE published in USD units, divided by 1e6. reported in USD by Bank of Korea; no conversion. Sign: BPM6 net acquisition of financial assets; positive = net outflow (increase in residents' DI assets abroad), negative = net disinvestment."
KOR,2014Q1,5749.4,"IMF BOP (IMF.STA:BOP v21.0.0, BPM6), retrieved 2026-10-02","https://api.imf.org/external/sdmx/2.1/data/IMF.STA,BOP/KOR.A_NFA_T.D_F.USD.Q [COUNTRY=KOR, BOP_ACCOUNTING_ENTRY=A_NFA_T, INDICATOR=D_F (direct investment total), UNIT=USD, FREQ=Q]","OBS_VALUE published in USD units, divided by 1e6. reported in USD by Bank of Korea; no conversion. Sign: BPM6 net acquisition of financial assets; positive = net outflow (increase in residents' DI assets abroad), negative = net disinvestment."
KOR,2014Q2,9559.6,"IMF BOP (IMF.STA:BOP v21.0.0, BPM6), retrieved 2026-10-02","https://api.imf.org/external/sdmx/2.1/data/IMF.STA,BOP/KOR.A_NFA_T.D_F.USD.Q [COUNTRY=KOR, BOP_ACCOUNTING_ENTRY=A_NFA_T, INDICATOR=D_F (direct investment total), UNIT=USD, FREQ=Q]","OBS_VALUE published in USD units, divided by 1e6. reported in USD by Bank of Korea; no conversion. Sign: BPM6 net acquisition of financial assets; positive = net outflow (increase in residents' DI assets abroad), negative = net disinvestment."
KOR,2014Q3,4960.6,"IMF BOP (IMF.STA:BOP v21.0.0, BPM6), retrieved 2026-10-02","https://api.imf.org/external/sdmx/2.1/data/IMF.STA,BOP/KOR.A_NFA_T.D_F.USD.Q [COUNTRY=KOR, BOP_ACCOUNTING_ENTRY=A_NFA_T, INDICATOR=D_F (direct investment total), UNIT=USD, FREQ=Q]","OBS_VALUE published in USD units, divided by 1e6. reported in USD by Bank of Korea; no conversion. Sign: BPM6 net acquisition of financial assets; positive = net outflow (increase in residents' DI assets abroad), negative = net disinvestment."
KOR,2014Q4,7728.9,"IMF BOP (IMF.STA:BOP v21.0.0, BPM6), retrieved 2026-10-02","https://api.imf.org/external/sdmx/2.1/data/IMF.STA,BOP/KOR.A_NFA_T.D_F.USD.Q [COUNTRY=KOR, BOP_ACCOUNTING_ENTRY=A_NFA_T, INDICATOR=D_F (direct investment total), UNIT=USD, FREQ=Q]","OBS_VALUE published in USD units, divided by 1e6. reported in USD by Bank of Korea; no conversion. Sign: BPM6 net acquisition of financial assets; positive = net outflow (increase in residents' DI assets abroad), negative = net disinvestment."
KOR,2015Q1,5310.2,"IMF BOP (IMF.STA:BOP v21.0.0, BPM6), retrieved 2026-10-02","https://api.imf.org/external/sdmx/2.1/data/IMF.STA,BOP/KOR.A_NFA_T.D_F.USD.Q [COUNTRY=KOR, BOP_ACCOUNTING_ENTRY=A_NFA_T, INDICATOR=D_F (direct investment total), UNIT=USD, FREQ=Q]","OBS_VALUE published in USD units, divided by 1e6. reported in USD by Bank of Korea; no conversion. Sign: BPM6 net acquisition of financial assets; positive = net outflow (increase in residents' DI assets abroad), negative = net disinvestment."
KOR,2015Q2,6343.8,"IMF BOP (IMF.STA:BOP v21.0.0, BPM6), retrieved 2026-10-02","https://api.imf.org/external/sdmx/2.1/data/IMF.STA,BOP/KOR.A_NFA_T.D_F.USD.Q [COUNTRY=KOR, BOP_ACCOUNTING_ENTRY=A_NFA_T, INDICATOR=D_F (direct investment total), UNIT=USD, FREQ=Q]","OBS_VALUE published in USD units, divided by 1e6. reported in USD by Bank of Korea; no conversion. Sign: BPM6 net acquisition of financial assets; positive = net outflow (increase in residents' DI assets abroad), negative = net disinvestment."
KOR,2015Q3,5954.9,"IMF BOP (IMF.STA:BOP v21.0.0, BPM6), retrieved 2026-10-02","https://api.imf.org/external/sdmx/2.1/data/IMF.STA,BOP/KOR.A_NFA_T.D_F.USD.Q [COUNTRY=KOR, BOP_ACCOUNTING_ENTRY=A_NFA_T, INDICATOR=D_F (direct investment total), UNIT=USD, FREQ=Q]","OBS_VALUE published in USD units, divided by 1e6. reported in USD by Bank of Korea; no conversion. Sign: BPM6 net acquisition of financial assets; positive = net outflow (increase in residents' DI assets abroad), negative = net disinvestment."
KOR,2015Q4,6078.2,"IMF BOP (IMF.STA:BOP v21.0.0, BPM6), retrieved 2026-10-02","https://api.imf.org/external/sdmx/2.1/data/IMF.STA,BOP/KOR.A_NFA_T.D_F.USD.Q [COUNTRY=KOR, BOP_ACCOUNTING_ENTRY=A_NFA_T, INDICATOR=D_F (direct investment total), UNIT=USD, FREQ=Q]","OBS_VALUE published in USD units, divided by 1e6. reported in USD by Bank of Korea; no conversion. Sign: BPM6 net acquisition of financial assets; positive = net outflow (increase in residents' DI assets abroad), negative = net disinvestment."
KOR,2016Q1,5771.1,"IMF BOP (IMF.STA:BOP v21.0.0, BPM6), retrieved 2026-10-02","https://api.imf.org/external/sdmx/2.1/data/IMF.STA,BOP/KOR.A_NFA_T.D_F.USD.Q [COUNTRY=KOR, BOP_ACCOUNTING_ENTRY=A_NFA_T, INDICATOR=D_F (direct investment total), UNIT=USD, FREQ=Q]","OBS_VALUE published in USD units, divided by 1e6. reported in USD by Bank of Korea; no conversion. Sign: BPM6 net acquisition of financial assets; positive = net outflow (increase in residents' DI assets abroad), negative = net disinvestment."
KOR,2016Q2,9071.3,"IMF BOP (IMF.STA:BOP v21.0.0, BPM6), retrieved 2026-10-02","https://api.imf.org/external/sdmx/2.1/data/IMF.STA,BOP/KOR.A_NFA_T.D_F.USD.Q [COUNTRY=KOR, BOP_ACCOUNTING_ENTRY=A_NFA_T, INDICATOR=D_F (direct investment total), UNIT=USD, FREQ=Q]","OBS_VALUE published in USD units, divided by 1e6. reported in USD by Bank of Korea; no conversion. Sign: BPM6 net acquisition of financial assets; positive = net outflow (increase in residents' DI assets abroad), negative = net disinvestment."
KOR,2016Q3,4748.3,"IMF BOP (IMF.STA:BOP v21.0.0, BPM6), retrieved 2026-10-02","https://api.imf.org/external/sdmx/2.1/data/IMF.STA,BOP/KOR.A_NFA_T.D_F.USD.Q [COUNTRY=KOR, BOP_ACCOUNTING_ENTRY=A_NFA_T, INDICATOR=D_F (direct investment total), UNIT=USD, FREQ=Q]","OBS_VALUE published in USD units, divided by 1e6. reported in USD by Bank of Korea; no conversion. Sign: BPM6 net acquisition of financial assets; positive = net outflow (increase in residents' DI assets abroad), negative = net disinvestment."
KOR,2016Q4,10298.8,"IMF BOP (IMF.STA:BOP v21.0.0, BPM6), retrieved 2026-10-02","https://api.imf.org/external/sdmx/2.1/data/IMF.STA,BOP/KOR.A_NFA_T.D_F.USD.Q [COUNTRY=KOR, BOP_ACCOUNTING_ENTRY=A_NFA_T, INDICATOR=D_F (direct investment total), UNIT=USD, FREQ=Q]","OBS_VALUE published in USD units, divided by 1e6. reported in USD by Bank of Korea; no conversion. Sign: BPM6 net acquisition of financial assets; positive = net outflow (increase in residents' DI assets abroad), negative = net disinvestment."
KOR,2017Q1,12008.4,"IMF BOP (IMF.STA:BOP v21.0.0, BPM6), retrieved 2026-10-02","https://api.imf.org/external/sdmx/2.1/data/IMF.STA,BOP/KOR.A_NFA_T.D_F.USD.Q [COUNTRY=KOR, BOP_ACCOUNTING_ENTRY=A_NFA_T, INDICATOR=D_F (direct investment total), UNIT=USD, FREQ=Q]","OBS_VALUE published in USD units, divided by 1e6. reported in USD by Bank of Korea; no conversion. Sign: BPM6 net acquisition of financial assets; positive = net outflow (increase in residents' DI assets abroad), negative = net disinvestment."
KOR,2017Q2,7270.8,"IMF BOP (IMF.STA:BOP v21.0.0, BPM6), retrieved 2026-10-02","https://api.imf.org/external/sdmx/2.1/data/IMF.STA,BOP/KOR.A_NFA_T.D_F.USD.Q [COUNTRY=KOR, BOP_ACCOUNTING_ENTRY=A_NFA_T, INDICATOR=D_F (direct investment total), UNIT=USD, FREQ=Q]","OBS_VALUE published in USD units, divided by 1e6. reported in USD by Bank of Korea; no conversion. Sign: BPM6 net acquisition of financial assets; positive = net outflow (increase in residents' DI assets abroad), negative = net disinvestment."
KOR,2017Q3,8343.4,"IMF BOP (IMF.STA:BOP v21.0.0, BPM6), retrieved 2026-10-02","https://api.imf.org/external/sdmx/2.1/data/IMF.STA,BOP/KOR.A_NFA_T.D_F.USD.Q [COUNTRY=KOR, BOP_ACCOUNTING_ENTRY=A_NFA_T, INDICATOR=D_F (direct investment total), UNIT=USD, FREQ=Q]","OBS_VALUE published in USD units, divided by 1e6. reported in USD by Bank of Korea; no conversion. Sign: BPM6 net acquisition of financial assets; positive = net outflow (increase in residents' DI assets abroad), negative = net disinvestment."
KOR,2017Q4,6446.8,"IMF BOP (IMF.STA:BOP v21.0.0, BPM6), retrieved 2026-10-02","https://api.imf.org/external/sdmx/2.1/data/IMF.STA,BOP/KOR.A_NFA_T.D_F.USD.Q [COUNTRY=KOR, BOP_ACCOUNTING_ENTRY=A_NFA_T, INDICATOR=D_F (direct investment total), UNIT=USD, FREQ=Q]","OBS_VALUE published in USD units, divided by 1e6. reported in USD by Bank of Korea; no conversion. Sign: BPM6 net acquisition of financial assets; positive = net outflow (increase in residents' DI assets abroad), negative = net disinvestment."
KOR,2018Q1,6339.8,"IMF BOP (IMF.STA:BOP v21.0.0, BPM6), retrieved 2026-10-02","https://api.imf.org/external/sdmx/2.1/data/IMF.STA,BOP/KOR.A_NFA_T.D_F.USD.Q [COUNTRY=KOR, BOP_ACCOUNTING_ENTRY=A_NFA_T, INDICATOR=D_F (direct investment total), UNIT=USD, FREQ=Q]","OBS_VALUE published in USD units, divided by 1e6. reported in USD by Bank of Korea; no conversion. Sign: BPM6 net acquisition of financial assets; positive = net outflow (increase in residents' DI assets abroad), negative = net disinvestment."
KOR,2018Q2,11906.7,"IMF BOP (IMF.STA:BOP v21.0.0, BPM6), retrieved 2026-10-02","https://api.imf.org/external/sdmx/2.1/data/IMF.STA,BOP/KOR.A_NFA_T.D_F.USD.Q [COUNTRY=KOR, BOP_ACCOUNTING_ENTRY=A_NFA_T, INDICATOR=D_F (direct investment total), UNIT=USD, FREQ=Q]","OBS_VALUE published in USD units, divided by 1e6. reported in USD by Bank of Korea; no conversion. Sign: BPM6 net acquisition of financial assets; positive = net outflow (increase in residents' DI assets abroad), negative = net disinvestment."
KOR,2018Q3,10378.5,"IMF BOP (IMF.STA:BOP v21.0.0, BPM6), retrieved 2026-10-02","https://api.imf.org/external/sdmx/2.1/data/IMF.STA,BOP/KOR.A_NFA_T.D_F.USD.Q [COUNTRY=KOR, BOP_ACCOUNTING_ENTRY=A_NFA_T, INDICATOR=D_F (direct investment total), UNIT=USD, FREQ=Q]","OBS_VALUE published in USD units, divided by 1e6. reported in USD by Bank of Korea; no conversion. Sign: BPM6 net acquisition of financial assets; positive = net outflow (increase in residents' DI assets abroad), negative = net disinvestment."
KOR,2018Q4,9595.4,"IMF BOP (IMF.STA:BOP v21.0.0, BPM6), retrieved 2026-10-02","https://api.imf.org/external/sdmx/2.1/data/IMF.STA,BOP/KOR.A_NFA_T.D_F.USD.Q [COUNTRY=KOR, BOP_ACCOUNTING_ENTRY=A_NFA_T, INDICATOR=D_F (direct investment total), UNIT=USD, FREQ=Q]","OBS_VALUE published in USD units, divided by 1e6. reported in USD by Bank of Korea; no conversion. Sign: BPM6 net acquisition of financial assets; positive = net outflow (increase in residents' DI assets abroad), negative = net disinvestment."
KOR,2019Q1,9043.1,"IMF BOP (IMF.STA:BOP v21.0.0, BPM6), retrieved 2026-10-02","https://api.imf.org/external/sdmx/2.1/data/IMF.STA,BOP/KOR.A_NFA_T.D_F.USD.Q [COUNTRY=KOR, BOP_ACCOUNTING_ENTRY=A_NFA_T, INDICATOR=D_F (direct investment total), UNIT=USD, FREQ=Q]","OBS_VALUE published in USD units, divided by 1e6. reported in USD by Bank of Korea; no conversion. Sign: BPM6 net acquisition of financial assets; positive = net outflow (increase in residents' DI assets abroad), negative = net disinvestment."
KOR,2019Q2,9808,"IMF BOP (IMF.STA:BOP v21.0.0, BPM6), retrieved 2026-10-02","https://api.imf.org/external/sdmx/2.1/data/IMF.STA,BOP/KOR.A_NFA_T.D_F.USD.Q [COUNTRY=KOR, BOP_ACCOUNTING_ENTRY=A_NFA_T, INDICATOR=D_F (direct investment total), UNIT=USD, FREQ=Q]","OBS_VALUE published in USD units, divided by 1e6. reported in USD by Bank of Korea; no conversion. Sign: BPM6 net acquisition of financial assets; positive = net outflow (increase in residents' DI assets abroad), negative = net disinvestment."
KOR,2019Q3,6404.8,"IMF BOP (IMF.STA:BOP v21.0.0, BPM6), retrieved 2026-10-02","https://api.imf.org/external/sdmx/2.1/data/IMF.STA,BOP/KOR.A_NFA_T.D_F.USD.Q [COUNTRY=KOR, BOP_ACCOUNTING_ENTRY=A_NFA_T, INDICATOR=D_F (direct investment total), UNIT=USD, FREQ=Q]","OBS_VALUE published in USD units, divided by 1e6. reported in USD by Bank of Korea; no conversion. Sign: BPM6 net acquisition of financial assets; positive = net outflow (increase in residents' DI assets abroad), negative = net disinvestment."
KOR,2019Q4,9983.1,"IMF BOP (IMF.STA:BOP v21.0.0, BPM6), retrieved 2026-10-02","https://api.imf.org/external/sdmx/2.1/data/IMF.STA,BOP/KOR.A_NFA_T.D_F.USD.Q [COUNTRY=KOR, BOP_ACCOUNTING_ENTRY=A_NFA_T, INDICATOR=D_F (direct investment total), UNIT=USD, FREQ=Q]","OBS_VALUE published in USD units, divided by 1e6. reported in USD by Bank of Korea; no conversion. Sign: BPM6 net acquisition of financial assets; positive = net outflow (increase in residents' DI assets abroad), negative = net disinvestment."
KOR,2020Q1,7756,"IMF BOP (IMF.STA:BOP v21.0.0, BPM6), retrieved 2026-10-02","https://api.imf.org/external/sdmx/2.1/data/IMF.STA,BOP/KOR.A_NFA_T.D_F.USD.Q [COUNTRY=KOR, BOP_ACCOUNTING_ENTRY=A_NFA_T, INDICATOR=D_F (direct investment total), UNIT=USD, FREQ=Q]","OBS_VALUE published in USD units, divided by 1e6. reported in USD by Bank of Korea; no conversion. Sign: BPM6 net acquisition of financial assets; positive = net outflow (increase in residents' DI assets abroad), negative = net disinvestment."
KOR,2020Q2,4224.7,"IMF BOP (IMF.STA:BOP v21.0.0, BPM6), retrieved 2026-10-02","https://api.imf.org/external/sdmx/2.1/data/IMF.STA,BOP/KOR.A_NFA_T.D_F.USD.Q [COUNTRY=KOR, BOP_ACCOUNTING_ENTRY=A_NFA_T, INDICATOR=D_F (direct investment total), UNIT=USD, FREQ=Q]","OBS_VALUE published in USD units, divided by 1e6. reported in USD by Bank of Korea; no conversion. Sign: BPM6 net acquisition of financial assets; positive = net outflow (increase in residents' DI assets abroad), negative = net disinvestment."
KOR,2020Q3,10514.7,"IMF BOP (IMF.STA:BOP v21.0.0, BPM6), retrieved 2026-10-02","https://api.imf.org/external/sdmx/2.1/data/IMF.STA,BOP/KOR.A_NFA_T.D_F.USD.Q [COUNTRY=KOR, BOP_ACCOUNTING_ENTRY=A_NFA_T, INDICATOR=D_F (direct investment total), UNIT=USD, FREQ=Q]","OBS_VALUE published in USD units, divided by 1e6. reported in USD by Bank of Korea; no conversion. Sign: BPM6 net acquisition of financial assets; positive = net outflow (increase in residents' DI assets abroad), negative = net disinvestment."
KOR,2020Q4,12337,"IMF BOP (IMF.STA:BOP v21.0.0, BPM6), retrieved 2026-10-02","https://api.imf.org/external/sdmx/2.1/data/IMF.STA,BOP/KOR.A_NFA_T.D_F.USD.Q [COUNTRY=KOR, BOP_ACCOUNTING_ENTRY=A_NFA_T, INDICATOR=D_F (direct investment total), UNIT=USD, FREQ=Q]","OBS_VALUE published in USD units, divided by 1e6. reported in USD by Bank of Korea; no conversion. Sign: BPM6 net acquisition of financial assets; positive = net outflow (increase in residents' DI assets abroad), negative = net disinvestment."
KOR,2021Q1,8118,"IMF BOP (IMF.STA:BOP v21.0.0, BPM6), retrieved 2026-10-02","https://api.imf.org/external/sdmx/2.1/data/IMF.STA,BOP/KOR.A_NFA_T.D_F.USD.Q [COUNTRY=KOR, BOP_ACCOUNTING_ENTRY=A_NFA_T, INDICATOR=D_F (direct investment total), UNIT=USD, FREQ=Q]","OBS_VALUE published in USD units, divided by 1e6. reported in USD by Bank of Korea; no conversion. Sign: BPM6 net acquisition of financial assets; positive = net outflow (increase in residents' DI assets abroad), negative = net disinvestment."
KOR,2021Q2,17468.3,"IMF BOP (IMF.STA:BOP v21.0.0, BPM6), retrieved 2026-10-02","https://api.imf.org/external/sdmx/2.1/data/IMF.STA,BOP/KOR.A_NFA_T.D_F.USD.Q [COUNTRY=KOR, BOP_ACCOUNTING_ENTRY=A_NFA_T, INDICATOR=D_F (direct investment total), UNIT=USD, FREQ=Q]","OBS_VALUE published in USD units, divided by 1e6. reported in USD by Bank of Korea; no conversion. Sign: BPM6 net acquisition of financial assets; positive = net outflow (increase in residents' DI assets abroad), negative = net disinvestment."
KOR,2021Q3,13270.2,"IMF BOP (IMF.STA:BOP v21.0.0, BPM6), retrieved 2026-10-02","https://api.imf.org/external/sdmx/2.1/data/IMF.STA,BOP/KOR.A_NFA_T.D_F.USD.Q [COUNTRY=KOR, BOP_ACCOUNTING_ENTRY=A_NFA_T, INDICATOR=D_F (direct investment total), UNIT=USD, FREQ=Q]","OBS_VALUE published in USD units, divided by 1e6. reported in USD by Bank of Korea; no conversion. Sign: BPM6 net acquisition of financial assets; positive = net outflow (increase in residents' DI assets abroad), negative = net disinvestment."
KOR,2021Q4,27144.1,"IMF BOP (IMF.STA:BOP v21.0.0, BPM6), retrieved 2026-10-02","https://api.imf.org/external/sdmx/2.1/data/IMF.STA,BOP/KOR.A_NFA_T.D_F.USD.Q [COUNTRY=KOR, BOP_ACCOUNTING_ENTRY=A_NFA_T, INDICATOR=D_F (direct investment total), UNIT=USD, FREQ=Q]","OBS_VALUE published in USD units, divided by 1e6. reported in USD by Bank of Korea; no conversion. Sign: BPM6 net acquisition of financial assets; positive = net outflow (increase in residents' DI assets abroad), negative = net disinvestment."
KOR,2022Q1,23614.1,"IMF BOP (IMF.STA:BOP v21.0.0, BPM6), retrieved 2026-10-02","https://api.imf.org/external/sdmx/2.1/data/IMF.STA,BOP/KOR.A_NFA_T.D_F.USD.Q [COUNTRY=KOR, BOP_ACCOUNTING_ENTRY=A_NFA_T, INDICATOR=D_F (direct investment total), UNIT=USD, FREQ=Q]","OBS_VALUE published in USD units, divided by 1e6. reported in USD by Bank of Korea; no conversion. Sign: BPM6 net acquisition of financial assets; positive = net outflow (increase in residents' DI assets abroad), negative = net disinvestment."
KOR,2022Q2,17345.3,"IMF BOP (IMF.STA:BOP v21.0.0, BPM6), retrieved 2026-10-02","https://api.imf.org/external/sdmx/2.1/data/IMF.STA,BOP/KOR.A_NFA_T.D_F.USD.Q [COUNTRY=KOR, BOP_ACCOUNTING_ENTRY=A_NFA_T, INDICATOR=D_F (direct investment total), UNIT=USD, FREQ=Q]","OBS_VALUE published in USD units, divided by 1e6. reported in USD by Bank of Korea; no conversion. Sign: BPM6 net acquisition of financial assets; positive = net outflow (increase in residents' DI assets abroad), negative = net disinvestment."
KOR,2022Q3,15605.4,"IMF BOP (IMF.STA:BOP v21.0.0, BPM6), retrieved 2026-10-02","https://api.imf.org/external/sdmx/2.1/data/IMF.STA,BOP/KOR.A_NFA_T.D_F.USD.Q [COUNTRY=KOR, BOP_ACCOUNTING_ENTRY=A_NFA_T, INDICATOR=D_F (direct investment total), UNIT=USD, FREQ=Q]","OBS_VALUE published in USD units, divided by 1e6. reported in USD by Bank of Korea; no conversion. Sign: BPM6 net acquisition of financial assets; positive = net outflow (increase in residents' DI assets abroad), negative = net disinvestment."
KOR,2022Q4,9234.2,"IMF BOP (IMF.STA:BOP v21.0.0, BPM6), retrieved 2026-10-02","https://api.imf.org/external/sdmx/2.1/data/IMF.STA,BOP/KOR.A_NFA_T.D_F.USD.Q [COUNTRY=KOR, BOP_ACCOUNTING_ENTRY=A_NFA_T, INDICATOR=D_F (direct investment total), UNIT=USD, FREQ=Q]","OBS_VALUE published in USD units, divided by 1e6. reported in USD by Bank of Korea; no conversion. Sign: BPM6 net acquisition of financial assets; positive = net outflow (increase in residents' DI assets abroad), negative = net disinvestment."
KOR,2023Q1,7060.5,"IMF BOP (IMF.STA:BOP v21.0.0, BPM6), retrieved 2026-10-02","https://api.imf.org/external/sdmx/2.1/data/IMF.STA,BOP/KOR.A_NFA_T.D_F.USD.Q [COUNTRY=KOR, BOP_ACCOUNTING_ENTRY=A_NFA_T, INDICATOR=D_F (direct investment total), UNIT=USD, FREQ=Q]","OBS_VALUE published in USD units, divided by 1e6. reported in USD by Bank of Korea; no conversion. Sign: BPM6 net acquisition of financial assets; positive = net outflow (increase in residents' DI assets abroad), negative = net disinvestment."
KOR,2023Q2,-2324.2,"IMF BOP (IMF.STA:BOP v21.0.0, BPM6), retrieved 2026-10-02","https://api.imf.org/external/sdmx/2.1/data/IMF.STA,BOP/KOR.A_NFA_T.D_F.USD.Q [COUNTRY=KOR, BOP_ACCOUNTING_ENTRY=A_NFA_T, INDICATOR=D_F (direct investment total), UNIT=USD, FREQ=Q]","OBS_VALUE published in USD units, divided by 1e6. reported in USD by Bank of Korea; no conversion. Sign: BPM6 net acquisition of financial assets; positive = net outflow (increase in residents' DI assets abroad), negative = net disinvestment."
KOR,2023Q3,11224.9,"IMF BOP (IMF.STA:BOP v21.0.0, BPM6), retrieved 2026-10-02","https://api.imf.org/external/sdmx/2.1/data/IMF.STA,BOP/KOR.A_NFA_T.D_F.USD.Q [COUNTRY=KOR, BOP_ACCOUNTING_ENTRY=A_NFA_T, INDICATOR=D_F (direct investment total), UNIT=USD, FREQ=Q]","OBS_VALUE published in USD units, divided by 1e6. reported in USD by Bank of Korea; no conversion. Sign: BPM6 net acquisition of financial assets; positive = net outflow (increase in residents' DI assets abroad), negative = net disinvestment."
KOR,2023Q4,16210.7,"IMF BOP (IMF.STA:BOP v21.0.0, BPM6), retrieved 2026-10-02","https://api.imf.org/external/sdmx/2.1/data/IMF.STA,BOP/KOR.A_NFA_T.D_F.USD.Q [COUNTRY=KOR, BOP_ACCOUNTING_ENTRY=A_NFA_T, INDICATOR=D_F (direct investment total), UNIT=USD, FREQ=Q]","OBS_VALUE published in USD units, divided by 1e6. reported in USD by Bank of Korea; no conversion. Sign: BPM6 net acquisition of financial assets; positive = net outflow (increase in residents' DI assets abroad), negative = net disinvestment."
KOR,2024Q1,9983.1,"IMF BOP (IMF.STA:BOP v21.0.0, BPM6), retrieved 2026-10-02","https://api.imf.org/external/sdmx/2.1/data/IMF.STA,BOP/KOR.A_NFA_T.D_F.USD.Q [COUNTRY=KOR, BOP_ACCOUNTING_ENTRY=A_NFA_T, INDICATOR=D_F (direct investment total), UNIT=USD, FREQ=Q]","OBS_VALUE published in USD units, divided by 1e6. reported in USD by Bank of Korea; no conversion. Sign: BPM6 net acquisition of financial assets; positive = net outflow (increase in residents' DI assets abroad), negative = net disinvestment."
KOR,2024Q2,16073.2,"IMF BOP (IMF.STA:BOP v21.0.0, BPM6), retrieved 2026-10-02","https://api.imf.org/external/sdmx/2.1/data/IMF.STA,BOP/KOR.A_NFA_T.D_F.USD.Q [COUNTRY=KOR, BOP_ACCOUNTING_ENTRY=A_NFA_T, INDICATOR=D_F (direct investment total), UNIT=USD, FREQ=Q]","OBS_VALUE published in USD units, divided by 1e6. reported in USD by Bank of Korea; no conversion. Sign: BPM6 net acquisition of financial assets; positive = net outflow (increase in residents' DI assets abroad), negative = net disinvestment."
KOR,2024Q3,12886.6,"IMF BOP (IMF.STA:BOP v21.0.0, BPM6), retrieved 2026-10-02","https://api.imf.org/external/sdmx/2.1/data/IMF.STA,BOP/KOR.A_NFA_T.D_F.USD.Q [COUNTRY=KOR, BOP_ACCOUNTING_ENTRY=A_NFA_T, INDICATOR=D_F (direct investment total), UNIT=USD, FREQ=Q]","OBS_VALUE published in USD units, divided by 1e6. reported in USD by Bank of Korea; no conversion. Sign: BPM6 net acquisition of financial assets; positive = net outflow (increase in residents' DI assets abroad), negative = net disinvestment."
KOR,2024Q4,10782.4,"IMF BOP (IMF.STA:BOP v21.0.0, BPM6), retrieved 2026-10-02","https://api.imf.org/external/sdmx/2.1/data/IMF.STA,BOP/KOR.A_NFA_T.D_F.USD.Q [COUNTRY=KOR, BOP_ACCOUNTING_ENTRY=A_NFA_T, INDICATOR=D_F (direct investment total), UNIT=USD, FREQ=Q]","OBS_VALUE published in USD units, divided by 1e6. reported in USD by Bank of Korea; no conversion. Sign: BPM6 net acquisition of financial assets; positive = net outflow (increase in residents' DI assets abroad), negative = net disinvestment."
KOR,2025Q1,8135.5,"IMF BOP (IMF.STA:BOP v21.0.0, BPM6), retrieved 2026-10-02","https://api.imf.org/external/sdmx/2.1/data/IMF.STA,BOP/KOR.A_NFA_T.D_F.USD.Q [COUNTRY=KOR, BOP_ACCOUNTING_ENTRY=A_NFA_T, INDICATOR=D_F (direct investment total), UNIT=USD, FREQ=Q]","OBS_VALUE published in USD units, divided by 1e6. reported in USD by Bank of Korea; no conversion. Sign: BPM6 net acquisition of financial assets; positive = net outflow (increase in residents' DI assets abroad), negative = net disinvestment."
KOR,2025Q2,9576.9,"IMF BOP (IMF.STA:BOP v21.0.0, BPM6), retrieved 2026-10-02","https://api.imf.org/external/sdmx/2.1/data/IMF.STA,BOP/KOR.A_NFA_T.D_F.USD.Q [COUNTRY=KOR, BOP_ACCOUNTING_ENTRY=A_NFA_T, INDICATOR=D_F (direct investment total), UNIT=USD, FREQ=Q]","OBS_VALUE published in USD units, divided by 1e6. reported in USD by Bank of Korea; no conversion. Sign: BPM6 net acquisition of financial assets; positive = net outflow (increase in residents' DI assets abroad), negative = net disinvestment."
KOR,2025Q3,11021.6,"IMF BOP (IMF.STA:BOP v21.0.0, BPM6), retrieved 2026-10-02","https://api.imf.org/external/sdmx/2.1/data/IMF.STA,BOP/KOR.A_NFA_T.D_F.USD.Q [COUNTRY=KOR, BOP_ACCOUNTING_ENTRY=A_NFA_T, INDICATOR=D_F (direct investment total), UNIT=USD, FREQ=Q]","OBS_VALUE published in USD units, divided by 1e6. reported in USD by Bank of Korea; no conversion. Sign: BPM6 net acquisition of financial assets; positive = net outflow (increase in residents' DI assets abroad), negative = net disinvestment."
KOR,2025Q4,12496.6,"IMF BOP (IMF.STA:BOP v21.0.0, BPM6), retrieved 2026-10-02","https://api.imf.org/external/sdmx/2.1/data/IMF.STA,BOP/KOR.A_NFA_T.D_F.USD.Q [COUNTRY=KOR, BOP_ACCOUNTING_ENTRY=A_NFA_T, INDICATOR=D_F (direct investment total), UNIT=USD, FREQ=Q]","OBS_VALUE published in USD units, divided by 1e6. reported in USD by Bank of Korea; no conversion. Sign: BPM6 net acquisition of financial assets; positive = net outflow (increase in residents' DI assets abroad), negative = net disinvestment."
KOR,2026Q1,19739.6,"IMF BOP (IMF.STA:BOP v21.0.0, BPM6), retrieved 2026-10-02","https://api.imf.org/external/sdmx/2.1/data/IMF.STA,BOP/KOR.A_NFA_T.D_F.USD.Q [COUNTRY=KOR, BOP_ACCOUNTING_ENTRY=A_NFA_T, INDICATOR=D_F (direct investment total), UNIT=USD, FREQ=Q]","OBS_VALUE published in USD units, divided by 1e6. reported in USD by Bank of Korea; no conversion. Sign: BPM6 net acquisition of financial assets; positive = net outflow (increase in residents' DI assets abroad), negative = net disinvestment."
KOR,2026Q2,18807.5,"IMF BOP (IMF.STA:BOP v21.0.0, BPM6), retrieved 2026-10-02","https://api.imf.org/external/sdmx/2.1/data/IMF.STA,BOP/KOR.A_NFA_T.D_F.USD.Q [COUNTRY=KOR, BOP_ACCOUNTING_ENTRY=A_NFA_T, INDICATOR=D_F (direct investment total), UNIT=USD, FREQ=Q]","OBS_VALUE published in USD units, divided by 1e6. reported in USD by Bank of Korea; no conversion. Sign: BPM6 net acquisition of financial assets; positive = net outflow (increase in residents' DI assets abroad), negative = net disinvestment."
SGP,2011Q1,8602.525,"IMF BOP (IMF.STA:BOP v21.0.0, BPM6), retrieved 2026-10-02","https://api.imf.org/external/sdmx/2.1/data/IMF.STA,BOP/SGP.A_NFA_T.D_F.USD.Q [COUNTRY=SGP, BOP_ACCOUNTING_ENTRY=A_NFA_T, INDICATOR=D_F (direct investment total), UNIT=USD, FREQ=Q]","OBS_VALUE published in USD units, divided by 1e6. reported in SGD by Singapore DOS; converted to USD by IMF (not by us). Sign: BPM6 net acquisition of financial assets; positive = net outflow (increase in residents' DI assets abroad), negative = net disinvestment."
SGP,2011Q2,8820.247,"IMF BOP (IMF.STA:BOP v21.0.0, BPM6), retrieved 2026-10-02","https://api.imf.org/external/sdmx/2.1/data/IMF.STA,BOP/SGP.A_NFA_T.D_F.USD.Q [COUNTRY=SGP, BOP_ACCOUNTING_ENTRY=A_NFA_T, INDICATOR=D_F (direct investment total), UNIT=USD, FREQ=Q]","OBS_VALUE published in USD units, divided by 1e6. reported in SGD by Singapore DOS; converted to USD by IMF (not by us). Sign: BPM6 net acquisition of financial assets; positive = net outflow (increase in residents' DI assets abroad), negative = net disinvestment."
SGP,2011Q3,7736.468,"IMF BOP (IMF.STA:BOP v21.0.0, BPM6), retrieved 2026-10-02","https://api.imf.org/external/sdmx/2.1/data/IMF.STA,BOP/SGP.A_NFA_T.D_F.USD.Q [COUNTRY=SGP, BOP_ACCOUNTING_ENTRY=A_NFA_T, INDICATOR=D_F (direct investment total), UNIT=USD, FREQ=Q]","OBS_VALUE published in USD units, divided by 1e6. reported in SGD by Singapore DOS; converted to USD by IMF (not by us). Sign: BPM6 net acquisition of financial assets; positive = net outflow (increase in residents' DI assets abroad), negative = net disinvestment."
SGP,2011Q4,6765.205,"IMF BOP (IMF.STA:BOP v21.0.0, BPM6), retrieved 2026-10-02","https://api.imf.org/external/sdmx/2.1/data/IMF.STA,BOP/SGP.A_NFA_T.D_F.USD.Q [COUNTRY=SGP, BOP_ACCOUNTING_ENTRY=A_NFA_T, INDICATOR=D_F (direct investment total), UNIT=USD, FREQ=Q]","OBS_VALUE published in USD units, divided by 1e6. reported in SGD by Singapore DOS; converted to USD by IMF (not by us). Sign: BPM6 net acquisition of financial assets; positive = net outflow (increase in residents' DI assets abroad), negative = net disinvestment."
SGP,2012Q1,5629.135,"IMF BOP (IMF.STA:BOP v21.0.0, BPM6), retrieved 2026-10-02","https://api.imf.org/external/sdmx/2.1/data/IMF.STA,BOP/SGP.A_NFA_T.D_F.USD.Q [COUNTRY=SGP, BOP_ACCOUNTING_ENTRY=A_NFA_T, INDICATOR=D_F (direct investment total), UNIT=USD, FREQ=Q]","OBS_VALUE published in USD units, divided by 1e6. reported in SGD by Singapore DOS; converted to USD by IMF (not by us). Sign: BPM6 net acquisition of financial assets; positive = net outflow (increase in residents' DI assets abroad), negative = net disinvestment."
SGP,2012Q2,3900.832,"IMF BOP (IMF.STA:BOP v21.0.0, BPM6), retrieved 2026-10-02","https://api.imf.org/external/sdmx/2.1/data/IMF.STA,BOP/SGP.A_NFA_T.D_F.USD.Q [COUNTRY=SGP, BOP_ACCOUNTING_ENTRY=A_NFA_T, INDICATOR=D_F (direct investment total), UNIT=USD, FREQ=Q]","OBS_VALUE published in USD units, divided by 1e6. reported in SGD by Singapore DOS; converted to USD by IMF (not by us). Sign: BPM6 net acquisition of financial assets; positive = net outflow (increase in residents' DI assets abroad), negative = net disinvestment."
SGP,2012Q3,4173.352,"IMF BOP (IMF.STA:BOP v21.0.0, BPM6), retrieved 2026-10-02","https://api.imf.org/external/sdmx/2.1/data/IMF.STA,BOP/SGP.A_NFA_T.D_F.USD.Q [COUNTRY=SGP, BOP_ACCOUNTING_ENTRY=A_NFA_T, INDICATOR=D_F (direct investment total), UNIT=USD, FREQ=Q]","OBS_VALUE published in USD units, divided by 1e6. reported in SGD by Singapore DOS; converted to USD by IMF (not by us). Sign: BPM6 net acquisition of financial assets; positive = net outflow (increase in residents' DI assets abroad), negative = net disinvestment."
SGP,2012Q4,6819.787,"IMF BOP (IMF.STA:BOP v21.0.0, BPM6), retrieved 2026-10-02","https://api.imf.org/external/sdmx/2.1/data/IMF.STA,BOP/SGP.A_NFA_T.D_F.USD.Q [COUNTRY=SGP, BOP_ACCOUNTING_ENTRY=A_NFA_T, INDICATOR=D_F (direct investment total), UNIT=USD, FREQ=Q]","OBS_VALUE published in USD units, divided by 1e6. reported in SGD by Singapore DOS; converted to USD by IMF (not by us). Sign: BPM6 net acquisition of financial assets; positive = net outflow (increase in residents' DI assets abroad), negative = net disinvestment."
SGP,2013Q1,8940.617,"IMF BOP (IMF.STA:BOP v21.0.0, BPM6), retrieved 2026-10-02","https://api.imf.org/external/sdmx/2.1/data/IMF.STA,BOP/SGP.A_NFA_T.D_F.USD.Q [COUNTRY=SGP, BOP_ACCOUNTING_ENTRY=A_NFA_T, INDICATOR=D_F (direct investment total), UNIT=USD, FREQ=Q]","OBS_VALUE published in USD units, divided by 1e6. reported in SGD by Singapore DOS; converted to USD by IMF (not by us). Sign: BPM6 net acquisition of financial assets; positive = net outflow (increase in residents' DI assets abroad), negative = net disinvestment."
SGP,2013Q2,9485.147,"IMF BOP (IMF.STA:BOP v21.0.0, BPM6), retrieved 2026-10-02","https://api.imf.org/external/sdmx/2.1/data/IMF.STA,BOP/SGP.A_NFA_T.D_F.USD.Q [COUNTRY=SGP, BOP_ACCOUNTING_ENTRY=A_NFA_T, INDICATOR=D_F (direct investment total), UNIT=USD, FREQ=Q]","OBS_VALUE published in USD units, divided by 1e6. reported in SGD by Singapore DOS; converted to USD by IMF (not by us). Sign: BPM6 net acquisition of financial assets; positive = net outflow (increase in residents' DI assets abroad), negative = net disinvestment."
SGP,2013Q3,16333.885,"IMF BOP (IMF.STA:BOP v21.0.0, BPM6), retrieved 2026-10-02","https://api.imf.org/external/sdmx/2.1/data/IMF.STA,BOP/SGP.A_NFA_T.D_F.USD.Q [COUNTRY=SGP, BOP_ACCOUNTING_ENTRY=A_NFA_T, INDICATOR=D_F (direct investment total), UNIT=USD, FREQ=Q]","OBS_VALUE published in USD units, divided by 1e6. reported in SGD by Singapore DOS; converted to USD by IMF (not by us). Sign: BPM6 net acquisition of financial assets; positive = net outflow (increase in residents' DI assets abroad), negative = net disinvestment."
SGP,2013Q4,10420.531,"IMF BOP (IMF.STA:BOP v21.0.0, BPM6), retrieved 2026-10-02","https://api.imf.org/external/sdmx/2.1/data/IMF.STA,BOP/SGP.A_NFA_T.D_F.USD.Q [COUNTRY=SGP, BOP_ACCOUNTING_ENTRY=A_NFA_T, INDICATOR=D_F (direct investment total), UNIT=USD, FREQ=Q]","OBS_VALUE published in USD units, divided by 1e6. reported in SGD by Singapore DOS; converted to USD by IMF (not by us). Sign: BPM6 net acquisition of financial assets; positive = net outflow (increase in residents' DI assets abroad), negative = net disinvestment."
SGP,2014Q1,12523.932,"IMF BOP (IMF.STA:BOP v21.0.0, BPM6), retrieved 2026-10-02","https://api.imf.org/external/sdmx/2.1/data/IMF.STA,BOP/SGP.A_NFA_T.D_F.USD.Q [COUNTRY=SGP, BOP_ACCOUNTING_ENTRY=A_NFA_T, INDICATOR=D_F (direct investment total), UNIT=USD, FREQ=Q]","OBS_VALUE published in USD units, divided by 1e6. reported in SGD by Singapore DOS; converted to USD by IMF (not by us). Sign: BPM6 net acquisition of financial assets; positive = net outflow (increase in residents' DI assets abroad), negative = net disinvestment."
SGP,2014Q2,13079.148,"IMF BOP (IMF.STA:BOP v21.0.0, BPM6), retrieved 2026-10-02","https://api.imf.org/external/sdmx/2.1/data/IMF.STA,BOP/SGP.A_NFA_T.D_F.USD.Q [COUNTRY=SGP, BOP_ACCOUNTING_ENTRY=A_NFA_T, INDICATOR=D_F (direct investment total), UNIT=USD, FREQ=Q]","OBS_VALUE published in USD units, divided by 1e6. reported in SGD by Singapore DOS; converted to USD by IMF (not by us). Sign: BPM6 net acquisition of financial assets; positive = net outflow (increase in residents' DI assets abroad), negative = net disinvestment."
SGP,2014Q3,13898.703,"IMF BOP (IMF.STA:BOP v21.0.0, BPM6), retrieved 2026-10-02","https://api.imf.org/external/sdmx/2.1/data/IMF.STA,BOP/SGP.A_NFA_T.D_F.USD.Q [COUNTRY=SGP, BOP_ACCOUNTING_ENTRY=A_NFA_T, INDICATOR=D_F (direct investment total), UNIT=USD, FREQ=Q]","OBS_VALUE published in USD units, divided by 1e6. reported in SGD by Singapore DOS; converted to USD by IMF (not by us). Sign: BPM6 net acquisition of financial assets; positive = net outflow (increase in residents' DI assets abroad), negative = net disinvestment."
SGP,2014Q4,12988.597,"IMF BOP (IMF.STA:BOP v21.0.0, BPM6), retrieved 2026-10-02","https://api.imf.org/external/sdmx/2.1/data/IMF.STA,BOP/SGP.A_NFA_T.D_F.USD.Q [COUNTRY=SGP, BOP_ACCOUNTING_ENTRY=A_NFA_T, INDICATOR=D_F (direct investment total), UNIT=USD, FREQ=Q]","OBS_VALUE published in USD units, divided by 1e6. reported in SGD by Singapore DOS; converted to USD by IMF (not by us). Sign: BPM6 net acquisition of financial assets; positive = net outflow (increase in residents' DI assets abroad), negative = net disinvestment."
SGP,2015Q1,10773.059,"IMF BOP (IMF.STA:BOP v21.0.0, BPM6), retrieved 2026-10-02","https://api.imf.org/external/sdmx/2.1/data/IMF.STA,BOP/SGP.A_NFA_T.D_F.USD.Q [COUNTRY=SGP, BOP_ACCOUNTING_ENTRY=A_NFA_T, INDICATOR=D_F (direct investment total), UNIT=USD, FREQ=Q]","OBS_VALUE published in USD units, divided by 1e6. reported in SGD by Singapore DOS; converted to USD by IMF (not by us). Sign: BPM6 net acquisition of financial assets; positive = net outflow (increase in residents' DI assets abroad), negative = net disinvestment."
SGP,2015Q2,15005.21,"IMF BOP (IMF.STA:BOP v21.0.0, BPM6), retrieved 2026-10-02","https://api.imf.org/external/sdmx/2.1/data/IMF.STA,BOP/SGP.A_NFA_T.D_F.USD.Q [COUNTRY=SGP, BOP_ACCOUNTING_ENTRY=A_NFA_T, INDICATOR=D_F (direct investment total), UNIT=USD, FREQ=Q]","OBS_VALUE published in USD units, divided by 1e6. reported in SGD by Singapore DOS; converted to USD by IMF (not by us). Sign: BPM6 net acquisition of financial assets; positive = net outflow (increase in residents' DI assets abroad), negative = net disinvestment."
SGP,2015Q3,9922.767,"IMF BOP (IMF.STA:BOP v21.0.0, BPM6), retrieved 2026-10-02","https://api.imf.org/external/sdmx/2.1/data/IMF.STA,BOP/SGP.A_NFA_T.D_F.USD.Q [COUNTRY=SGP, BOP_ACCOUNTING_ENTRY=A_NFA_T, INDICATOR=D_F (direct investment total), UNIT=USD, FREQ=Q]","OBS_VALUE published in USD units, divided by 1e6. reported in SGD by Singapore DOS; converted to USD by IMF (not by us). Sign: BPM6 net acquisition of financial assets; positive = net outflow (increase in residents' DI assets abroad), negative = net disinvestment."
SGP,2015Q4,9655.924,"IMF BOP (IMF.STA:BOP v21.0.0, BPM6), retrieved 2026-10-02","https://api.imf.org/external/sdmx/2.1/data/IMF.STA,BOP/SGP.A_NFA_T.D_F.USD.Q [COUNTRY=SGP, BOP_ACCOUNTING_ENTRY=A_NFA_T, INDICATOR=D_F (direct investment total), UNIT=USD, FREQ=Q]","OBS_VALUE published in USD units, divided by 1e6. reported in SGD by Singapore DOS; converted to USD by IMF (not by us). Sign: BPM6 net acquisition of financial assets; positive = net outflow (increase in residents' DI assets abroad), negative = net disinvestment."
SGP,2016Q1,8553.552,"IMF BOP (IMF.STA:BOP v21.0.0, BPM6), retrieved 2026-10-02","https://api.imf.org/external/sdmx/2.1/data/IMF.STA,BOP/SGP.A_NFA_T.D_F.USD.Q [COUNTRY=SGP, BOP_ACCOUNTING_ENTRY=A_NFA_T, INDICATOR=D_F (direct investment total), UNIT=USD, FREQ=Q]","OBS_VALUE published in USD units, divided by 1e6. reported in SGD by Singapore DOS; converted to USD by IMF (not by us). Sign: BPM6 net acquisition of financial assets; positive = net outflow (increase in residents' DI assets abroad), negative = net disinvestment."
SGP,2016Q2,6611.111,"IMF BOP (IMF.STA:BOP v21.0.0, BPM6), retrieved 2026-10-02","https://api.imf.org/external/sdmx/2.1/data/IMF.STA,BOP/SGP.A_NFA_T.D_F.USD.Q [COUNTRY=SGP, BOP_ACCOUNTING_ENTRY=A_NFA_T, INDICATOR=D_F (direct investment total), UNIT=USD, FREQ=Q]","OBS_VALUE published in USD units, divided by 1e6. reported in SGD by Singapore DOS; converted to USD by IMF (not by us). Sign: BPM6 net acquisition of financial assets; positive = net outflow (increase in residents' DI assets abroad), negative = net disinvestment."
SGP,2016Q3,10134.083,"IMF BOP (IMF.STA:BOP v21.0.0, BPM6), retrieved 2026-10-02","https://api.imf.org/external/sdmx/2.1/data/IMF.STA,BOP/SGP.A_NFA_T.D_F.USD.Q [COUNTRY=SGP, BOP_ACCOUNTING_ENTRY=A_NFA_T, INDICATOR=D_F (direct investment total), UNIT=USD, FREQ=Q]","OBS_VALUE published in USD units, divided by 1e6. reported in SGD by Singapore DOS; converted to USD by IMF (not by us). Sign: BPM6 net acquisition of financial assets; positive = net outflow (increase in residents' DI assets abroad), negative = net disinvestment."
SGP,2016Q4,14460.007,"IMF BOP (IMF.STA:BOP v21.0.0, BPM6), retrieved 2026-10-02","https://api.imf.org/external/sdmx/2.1/data/IMF.STA,BOP/SGP.A_NFA_T.D_F.USD.Q [COUNTRY=SGP, BOP_ACCOUNTING_ENTRY=A_NFA_T, INDICATOR=D_F (direct investment total), UNIT=USD, FREQ=Q]","OBS_VALUE published in USD units, divided by 1e6. reported in SGD by Singapore DOS; converted to USD by IMF (not by us). Sign: BPM6 net acquisition of financial assets; positive = net outflow (increase in residents' DI assets abroad), negative = net disinvestment."
SGP,2017Q1,14122.203,"IMF BOP (IMF.STA:BOP v21.0.0, BPM6), retrieved 2026-10-02","https://api.imf.org/external/sdmx/2.1/data/IMF.STA,BOP/SGP.A_NFA_T.D_F.USD.Q [COUNTRY=SGP, BOP_ACCOUNTING_ENTRY=A_NFA_T, INDICATOR=D_F (direct investment total), UNIT=USD, FREQ=Q]","OBS_VALUE published in USD units, divided by 1e6. reported in SGD by Singapore DOS; converted to USD by IMF (not by us). Sign: BPM6 net acquisition of financial assets; positive = net outflow (increase in residents' DI assets abroad), negative = net disinvestment."
SGP,2017Q2,20387.328,"IMF BOP (IMF.STA:BOP v21.0.0, BPM6), retrieved 2026-10-02","https://api.imf.org/external/sdmx/2.1/data/IMF.STA,BOP/SGP.A_NFA_T.D_F.USD.Q [COUNTRY=SGP, BOP_ACCOUNTING_ENTRY=A_NFA_T, INDICATOR=D_F (direct investment total), UNIT=USD, FREQ=Q]","OBS_VALUE published in USD units, divided by 1e6. reported in SGD by Singapore DOS; converted to USD by IMF (not by us). Sign: BPM6 net acquisition of financial assets; positive = net outflow (increase in residents' DI assets abroad), negative = net disinvestment."
SGP,2017Q3,18807.599,"IMF BOP (IMF.STA:BOP v21.0.0, BPM6), retrieved 2026-10-02","https://api.imf.org/external/sdmx/2.1/data/IMF.STA,BOP/SGP.A_NFA_T.D_F.USD.Q [COUNTRY=SGP, BOP_ACCOUNTING_ENTRY=A_NFA_T, INDICATOR=D_F (direct investment total), UNIT=USD, FREQ=Q]","OBS_VALUE published in USD units, divided by 1e6. reported in SGD by Singapore DOS; converted to USD by IMF (not by us). Sign: BPM6 net acquisition of financial assets; positive = net outflow (increase in residents' DI assets abroad), negative = net disinvestment."
SGP,2017Q4,11655.05,"IMF BOP (IMF.STA:BOP v21.0.0, BPM6), retrieved 2026-10-02","https://api.imf.org/external/sdmx/2.1/data/IMF.STA,BOP/SGP.A_NFA_T.D_F.USD.Q [COUNTRY=SGP, BOP_ACCOUNTING_ENTRY=A_NFA_T, INDICATOR=D_F (direct investment total), UNIT=USD, FREQ=Q]","OBS_VALUE published in USD units, divided by 1e6. reported in SGD by Singapore DOS; converted to USD by IMF (not by us). Sign: BPM6 net acquisition of financial assets; positive = net outflow (increase in residents' DI assets abroad), negative = net disinvestment."
SGP,2018Q1,5385.685,"IMF BOP (IMF.STA:BOP v21.0.0, BPM6), retrieved 2026-10-02","https://api.imf.org/external/sdmx/2.1/data/IMF.STA,BOP/SGP.A_NFA_T.D_F.USD.Q [COUNTRY=SGP, BOP_ACCOUNTING_ENTRY=A_NFA_T, INDICATOR=D_F (direct investment total), UNIT=USD, FREQ=Q]","OBS_VALUE published in USD units, divided by 1e6. reported in SGD by Singapore DOS; converted to USD by IMF (not by us). Sign: BPM6 net acquisition of financial assets; positive = net outflow (increase in residents' DI assets abroad), negative = net disinvestment."
SGP,2018Q2,6450.112,"IMF BOP (IMF.STA:BOP v21.0.0, BPM6), retrieved 2026-10-02","https://api.imf.org/external/sdmx/2.1/data/IMF.STA,BOP/SGP.A_NFA_T.D_F.USD.Q [COUNTRY=SGP, BOP_ACCOUNTING_ENTRY=A_NFA_T, INDICATOR=D_F (direct investment total), UNIT=USD, FREQ=Q]","OBS_VALUE published in USD units, divided by 1e6. reported in SGD by Singapore DOS; converted to USD by IMF (not by us). Sign: BPM6 net acquisition of financial assets; positive = net outflow (increase in residents' DI assets abroad), negative = net disinvestment."
SGP,2018Q3,5385.393,"IMF BOP (IMF.STA:BOP v21.0.0, BPM6), retrieved 2026-10-02","https://api.imf.org/external/sdmx/2.1/data/IMF.STA,BOP/SGP.A_NFA_T.D_F.USD.Q [COUNTRY=SGP, BOP_ACCOUNTING_ENTRY=A_NFA_T, INDICATOR=D_F (direct investment total), UNIT=USD, FREQ=Q]","OBS_VALUE published in USD units, divided by 1e6. reported in SGD by Singapore DOS; converted to USD by IMF (not by us). Sign: BPM6 net acquisition of financial assets; positive = net outflow (increase in residents' DI assets abroad), negative = net disinvestment."
SGP,2018Q4,6029.019,"IMF BOP (IMF.STA:BOP v21.0.0, BPM6), retrieved 2026-10-02","https://api.imf.org/external/sdmx/2.1/data/IMF.STA,BOP/SGP.A_NFA_T.D_F.USD.Q [COUNTRY=SGP, BOP_ACCOUNTING_ENTRY=A_NFA_T, INDICATOR=D_F (direct investment total), UNIT=USD, FREQ=Q]","OBS_VALUE published in USD units, divided by 1e6. reported in SGD by Singapore DOS; converted to USD by IMF (not by us). Sign: BPM6 net acquisition of financial assets; positive = net outflow (increase in residents' DI assets abroad), negative = net disinvestment."
SGP,2019Q1,14110.283,"IMF BOP (IMF.STA:BOP v21.0.0, BPM6), retrieved 2026-10-02","https://api.imf.org/external/sdmx/2.1/data/IMF.STA,BOP/SGP.A_NFA_T.D_F.USD.Q [COUNTRY=SGP, BOP_ACCOUNTING_ENTRY=A_NFA_T, INDICATOR=D_F (direct investment total), UNIT=USD, FREQ=Q]","OBS_VALUE published in USD units, divided by 1e6. reported in SGD by Singapore DOS; converted to USD by IMF (not by us). Sign: BPM6 net acquisition of financial assets; positive = net outflow (increase in residents' DI assets abroad), negative = net disinvestment."
SGP,2019Q2,19177.833,"IMF BOP (IMF.STA:BOP v21.0.0, BPM6), retrieved 2026-10-02","https://api.imf.org/external/sdmx/2.1/data/IMF.STA,BOP/SGP.A_NFA_T.D_F.USD.Q [COUNTRY=SGP, BOP_ACCOUNTING_ENTRY=A_NFA_T, INDICATOR=D_F (direct investment total), UNIT=USD, FREQ=Q]","OBS_VALUE published in USD units, divided by 1e6. reported in SGD by Singapore DOS; converted to USD by IMF (not by us). Sign: BPM6 net acquisition of financial assets; positive = net outflow (increase in residents' DI assets abroad), negative = net disinvestment."
SGP,2019Q3,20748.122,"IMF BOP (IMF.STA:BOP v21.0.0, BPM6), retrieved 2026-10-02","https://api.imf.org/external/sdmx/2.1/data/IMF.STA,BOP/SGP.A_NFA_T.D_F.USD.Q [COUNTRY=SGP, BOP_ACCOUNTING_ENTRY=A_NFA_T, INDICATOR=D_F (direct investment total), UNIT=USD, FREQ=Q]","OBS_VALUE published in USD units, divided by 1e6. reported in SGD by Singapore DOS; converted to USD by IMF (not by us). Sign: BPM6 net acquisition of financial assets; positive = net outflow (increase in residents' DI assets abroad), negative = net disinvestment."
SGP,2019Q4,15129.602,"IMF BOP (IMF.STA:BOP v21.0.0, BPM6), retrieved 2026-10-02","https://api.imf.org/external/sdmx/2.1/data/IMF.STA,BOP/SGP.A_NFA_T.D_F.USD.Q [COUNTRY=SGP, BOP_ACCOUNTING_ENTRY=A_NFA_T, INDICATOR=D_F (direct investment total), UNIT=USD, FREQ=Q]","OBS_VALUE published in USD units, divided by 1e6. reported in SGD by Singapore DOS; converted to USD by IMF (not by us). Sign: BPM6 net acquisition of financial assets; positive = net outflow (increase in residents' DI assets abroad), negative = net disinvestment."
SGP,2020Q1,8921.049,"IMF BOP (IMF.STA:BOP v21.0.0, BPM6), retrieved 2026-10-02","https://api.imf.org/external/sdmx/2.1/data/IMF.STA,BOP/SGP.A_NFA_T.D_F.USD.Q [COUNTRY=SGP, BOP_ACCOUNTING_ENTRY=A_NFA_T, INDICATOR=D_F (direct investment total), UNIT=USD, FREQ=Q]","OBS_VALUE published in USD units, divided by 1e6. reported in SGD by Singapore DOS; converted to USD by IMF (not by us). Sign: BPM6 net acquisition of financial assets; positive = net outflow (increase in residents' DI assets abroad), negative = net disinvestment."
SGP,2020Q2,10449.157,"IMF BOP (IMF.STA:BOP v21.0.0, BPM6), retrieved 2026-10-02","https://api.imf.org/external/sdmx/2.1/data/IMF.STA,BOP/SGP.A_NFA_T.D_F.USD.Q [COUNTRY=SGP, BOP_ACCOUNTING_ENTRY=A_NFA_T, INDICATOR=D_F (direct investment total), UNIT=USD, FREQ=Q]","OBS_VALUE published in USD units, divided by 1e6. reported in SGD by Singapore DOS; converted to USD by IMF (not by us). Sign: BPM6 net acquisition of financial assets; positive = net outflow (increase in residents' DI assets abroad), negative = net disinvestment."
SGP,2020Q3,11088.687,"IMF BOP (IMF.STA:BOP v21.0.0, BPM6), retrieved 2026-10-02","https://api.imf.org/external/sdmx/2.1/data/IMF.STA,BOP/SGP.A_NFA_T.D_F.USD.Q [COUNTRY=SGP, BOP_ACCOUNTING_ENTRY=A_NFA_T, INDICATOR=D_F (direct investment total), UNIT=USD, FREQ=Q]","OBS_VALUE published in USD units, divided by 1e6. reported in SGD by Singapore DOS; converted to USD by IMF (not by us). Sign: BPM6 net acquisition of financial assets; positive = net outflow (increase in residents' DI assets abroad), negative = net disinvestment."
SGP,2020Q4,12344.2,"IMF BOP (IMF.STA:BOP v21.0.0, BPM6), retrieved 2026-10-02","https://api.imf.org/external/sdmx/2.1/data/IMF.STA,BOP/SGP.A_NFA_T.D_F.USD.Q [COUNTRY=SGP, BOP_ACCOUNTING_ENTRY=A_NFA_T, INDICATOR=D_F (direct investment total), UNIT=USD, FREQ=Q]","OBS_VALUE published in USD units, divided by 1e6. reported in SGD by Singapore DOS; converted to USD by IMF (not by us). Sign: BPM6 net acquisition of financial assets; positive = net outflow (increase in residents' DI assets abroad), negative = net disinvestment."
SGP,2021Q1,19126.671,"IMF BOP (IMF.STA:BOP v21.0.0, BPM6), retrieved 2026-10-02","https://api.imf.org/external/sdmx/2.1/data/IMF.STA,BOP/SGP.A_NFA_T.D_F.USD.Q [COUNTRY=SGP, BOP_ACCOUNTING_ENTRY=A_NFA_T, INDICATOR=D_F (direct investment total), UNIT=USD, FREQ=Q]","OBS_VALUE published in USD units, divided by 1e6. reported in SGD by Singapore DOS; converted to USD by IMF (not by us). Sign: BPM6 net acquisition of financial assets; positive = net outflow (increase in residents' DI assets abroad), negative = net disinvestment."
SGP,2021Q2,16622.883,"IMF BOP (IMF.STA:BOP v21.0.0, BPM6), retrieved 2026-10-02","https://api.imf.org/external/sdmx/2.1/data/IMF.STA,BOP/SGP.A_NFA_T.D_F.USD.Q [COUNTRY=SGP, BOP_ACCOUNTING_ENTRY=A_NFA_T, INDICATOR=D_F (direct investment total), UNIT=USD, FREQ=Q]","OBS_VALUE published in USD units, divided by 1e6. reported in SGD by Singapore DOS; converted to USD by IMF (not by us). Sign: BPM6 net acquisition of financial assets; positive = net outflow (increase in residents' DI assets abroad), negative = net disinvestment."
SGP,2021Q3,18878.999,"IMF BOP (IMF.STA:BOP v21.0.0, BPM6), retrieved 2026-10-02","https://api.imf.org/external/sdmx/2.1/data/IMF.STA,BOP/SGP.A_NFA_T.D_F.USD.Q [COUNTRY=SGP, BOP_ACCOUNTING_ENTRY=A_NFA_T, INDICATOR=D_F (direct investment total), UNIT=USD, FREQ=Q]","OBS_VALUE published in USD units, divided by 1e6. reported in SGD by Singapore DOS; converted to USD by IMF (not by us). Sign: BPM6 net acquisition of financial assets; positive = net outflow (increase in residents' DI assets abroad), negative = net disinvestment."
SGP,2021Q4,21276.076,"IMF BOP (IMF.STA:BOP v21.0.0, BPM6), retrieved 2026-10-02","https://api.imf.org/external/sdmx/2.1/data/IMF.STA,BOP/SGP.A_NFA_T.D_F.USD.Q [COUNTRY=SGP, BOP_ACCOUNTING_ENTRY=A_NFA_T, INDICATOR=D_F (direct investment total), UNIT=USD, FREQ=Q]","OBS_VALUE published in USD units, divided by 1e6. reported in SGD by Singapore DOS; converted to USD by IMF (not by us). Sign: BPM6 net acquisition of financial assets; positive = net outflow (increase in residents' DI assets abroad), negative = net disinvestment."
SGP,2022Q1,19089.558,"IMF BOP (IMF.STA:BOP v21.0.0, BPM6), retrieved 2026-10-02","https://api.imf.org/external/sdmx/2.1/data/IMF.STA,BOP/SGP.A_NFA_T.D_F.USD.Q [COUNTRY=SGP, BOP_ACCOUNTING_ENTRY=A_NFA_T, INDICATOR=D_F (direct investment total), UNIT=USD, FREQ=Q]","OBS_VALUE published in USD units, divided by 1e6. reported in SGD by Singapore DOS; converted to USD by IMF (not by us). Sign: BPM6 net acquisition of financial assets; positive = net outflow (increase in residents' DI assets abroad), negative = net disinvestment."
SGP,2022Q2,16266.904,"IMF BOP (IMF.STA:BOP v21.0.0, BPM6), retrieved 2026-10-02","https://api.imf.org/external/sdmx/2.1/data/IMF.STA,BOP/SGP.A_NFA_T.D_F.USD.Q [COUNTRY=SGP, BOP_ACCOUNTING_ENTRY=A_NFA_T, INDICATOR=D_F (direct investment total), UNIT=USD, FREQ=Q]","OBS_VALUE published in USD units, divided by 1e6. reported in SGD by Singapore DOS; converted to USD by IMF (not by us). Sign: BPM6 net acquisition of financial assets; positive = net outflow (increase in residents' DI assets abroad), negative = net disinvestment."
SGP,2022Q3,12982.899,"IMF BOP (IMF.STA:BOP v21.0.0, BPM6), retrieved 2026-10-02","https://api.imf.org/external/sdmx/2.1/data/IMF.STA,BOP/SGP.A_NFA_T.D_F.USD.Q [COUNTRY=SGP, BOP_ACCOUNTING_ENTRY=A_NFA_T, INDICATOR=D_F (direct investment total), UNIT=USD, FREQ=Q]","OBS_VALUE published in USD units, divided by 1e6. reported in SGD by Singapore DOS; converted to USD by IMF (not by us). Sign: BPM6 net acquisition of financial assets; positive = net outflow (increase in residents' DI assets abroad), negative = net disinvestment."
SGP,2022Q4,16809.554,"IMF BOP (IMF.STA:BOP v21.0.0, BPM6), retrieved 2026-10-02","https://api.imf.org/external/sdmx/2.1/data/IMF.STA,BOP/SGP.A_NFA_T.D_F.USD.Q [COUNTRY=SGP, BOP_ACCOUNTING_ENTRY=A_NFA_T, INDICATOR=D_F (direct investment total), UNIT=USD, FREQ=Q]","OBS_VALUE published in USD units, divided by 1e6. reported in SGD by Singapore DOS; converted to USD by IMF (not by us). Sign: BPM6 net acquisition of financial assets; positive = net outflow (increase in residents' DI assets abroad), negative = net disinvestment."
SGP,2023Q1,8222.57,"IMF BOP (IMF.STA:BOP v21.0.0, BPM6), retrieved 2026-10-02","https://api.imf.org/external/sdmx/2.1/data/IMF.STA,BOP/SGP.A_NFA_T.D_F.USD.Q [COUNTRY=SGP, BOP_ACCOUNTING_ENTRY=A_NFA_T, INDICATOR=D_F (direct investment total), UNIT=USD, FREQ=Q]","OBS_VALUE published in USD units, divided by 1e6. reported in SGD by Singapore DOS; converted to USD by IMF (not by us). Sign: BPM6 net acquisition of financial assets; positive = net outflow (increase in residents' DI assets abroad), negative = net disinvestment."
SGP,2023Q2,11395.938,"IMF BOP (IMF.STA:BOP v21.0.0, BPM6), retrieved 2026-10-02","https://api.imf.org/external/sdmx/2.1/data/IMF.STA,BOP/SGP.A_NFA_T.D_F.USD.Q [COUNTRY=SGP, BOP_ACCOUNTING_ENTRY=A_NFA_T, INDICATOR=D_F (direct investment total), UNIT=USD, FREQ=Q]","OBS_VALUE published in USD units, divided by 1e6. reported in SGD by Singapore DOS; converted to USD by IMF (not by us). Sign: BPM6 net acquisition of financial assets; positive = net outflow (increase in residents' DI assets abroad), negative = net disinvestment."
SGP,2023Q3,14615.822,"IMF BOP (IMF.STA:BOP v21.0.0, BPM6), retrieved 2026-10-02","https://api.imf.org/external/sdmx/2.1/data/IMF.STA,BOP/SGP.A_NFA_T.D_F.USD.Q [COUNTRY=SGP, BOP_ACCOUNTING_ENTRY=A_NFA_T, INDICATOR=D_F (direct investment total), UNIT=USD, FREQ=Q]","OBS_VALUE published in USD units, divided by 1e6. reported in SGD by Singapore DOS; converted to USD by IMF (not by us). Sign: BPM6 net acquisition of financial assets; positive = net outflow (increase in residents' DI assets abroad), negative = net disinvestment."
SGP,2023Q4,16860.702,"IMF BOP (IMF.STA:BOP v21.0.0, BPM6), retrieved 2026-10-02","https://api.imf.org/external/sdmx/2.1/data/IMF.STA,BOP/SGP.A_NFA_T.D_F.USD.Q [COUNTRY=SGP, BOP_ACCOUNTING_ENTRY=A_NFA_T, INDICATOR=D_F (direct investment total), UNIT=USD, FREQ=Q]","OBS_VALUE published in USD units, divided by 1e6. reported in SGD by Singapore DOS; converted to USD by IMF (not by us). Sign: BPM6 net acquisition of financial assets; positive = net outflow (increase in residents' DI assets abroad), negative = net disinvestment."
SGP,2024Q1,13385.712,"IMF BOP (IMF.STA:BOP v21.0.0, BPM6), retrieved 2026-10-02","https://api.imf.org/external/sdmx/2.1/data/IMF.STA,BOP/SGP.A_NFA_T.D_F.USD.Q [COUNTRY=SGP, BOP_ACCOUNTING_ENTRY=A_NFA_T, INDICATOR=D_F (direct investment total), UNIT=USD, FREQ=Q]","OBS_VALUE published in USD units, divided by 1e6. reported in SGD by Singapore DOS; converted to USD by IMF (not by us). Sign: BPM6 net acquisition of financial assets; positive = net outflow (increase in residents' DI assets abroad), negative = net disinvestment."
SGP,2024Q2,17805.798,"IMF BOP (IMF.STA:BOP v21.0.0, BPM6), retrieved 2026-10-02","https://api.imf.org/external/sdmx/2.1/data/IMF.STA,BOP/SGP.A_NFA_T.D_F.USD.Q [COUNTRY=SGP, BOP_ACCOUNTING_ENTRY=A_NFA_T, INDICATOR=D_F (direct investment total), UNIT=USD, FREQ=Q]","OBS_VALUE published in USD units, divided by 1e6. reported in SGD by Singapore DOS; converted to USD by IMF (not by us). Sign: BPM6 net acquisition of financial assets; positive = net outflow (increase in residents' DI assets abroad), negative = net disinvestment."
SGP,2024Q3,17473.227,"IMF BOP (IMF.STA:BOP v21.0.0, BPM6), retrieved 2026-10-02","https://api.imf.org/external/sdmx/2.1/data/IMF.STA,BOP/SGP.A_NFA_T.D_F.USD.Q [COUNTRY=SGP, BOP_ACCOUNTING_ENTRY=A_NFA_T, INDICATOR=D_F (direct investment total), UNIT=USD, FREQ=Q]","OBS_VALUE published in USD units, divided by 1e6. reported in SGD by Singapore DOS; converted to USD by IMF (not by us). Sign: BPM6 net acquisition of financial assets; positive = net outflow (increase in residents' DI assets abroad), negative = net disinvestment."
SGP,2024Q4,14944.442,"IMF BOP (IMF.STA:BOP v21.0.0, BPM6), retrieved 2026-10-02","https://api.imf.org/external/sdmx/2.1/data/IMF.STA,BOP/SGP.A_NFA_T.D_F.USD.Q [COUNTRY=SGP, BOP_ACCOUNTING_ENTRY=A_NFA_T, INDICATOR=D_F (direct investment total), UNIT=USD, FREQ=Q]","OBS_VALUE published in USD units, divided by 1e6. reported in SGD by Singapore DOS; converted to USD by IMF (not by us). Sign: BPM6 net acquisition of financial assets; positive = net outflow (increase in residents' DI assets abroad), negative = net disinvestment."
SGP,2025Q1,16587.058,"IMF BOP (IMF.STA:BOP v21.0.0, BPM6), retrieved 2026-10-02","https://api.imf.org/external/sdmx/2.1/data/IMF.STA,BOP/SGP.A_NFA_T.D_F.USD.Q [COUNTRY=SGP, BOP_ACCOUNTING_ENTRY=A_NFA_T, INDICATOR=D_F (direct investment total), UNIT=USD, FREQ=Q]","OBS_VALUE published in USD units, divided by 1e6. reported in SGD by Singapore DOS; converted to USD by IMF (not by us). Sign: BPM6 net acquisition of financial assets; positive = net outflow (increase in residents' DI assets abroad), negative = net disinvestment."
SGP,2025Q2,28367.515,"IMF BOP (IMF.STA:BOP v21.0.0, BPM6), retrieved 2026-10-02","https://api.imf.org/external/sdmx/2.1/data/IMF.STA,BOP/SGP.A_NFA_T.D_F.USD.Q [COUNTRY=SGP, BOP_ACCOUNTING_ENTRY=A_NFA_T, INDICATOR=D_F (direct investment total), UNIT=USD, FREQ=Q]","OBS_VALUE published in USD units, divided by 1e6. reported in SGD by Singapore DOS; converted to USD by IMF (not by us). Sign: BPM6 net acquisition of financial assets; positive = net outflow (increase in residents' DI assets abroad), negative = net disinvestment."
SGP,2025Q3,15829.456,"IMF BOP (IMF.STA:BOP v21.0.0, BPM6), retrieved 2026-10-02","https://api.imf.org/external/sdmx/2.1/data/IMF.STA,BOP/SGP.A_NFA_T.D_F.USD.Q [COUNTRY=SGP, BOP_ACCOUNTING_ENTRY=A_NFA_T, INDICATOR=D_F (direct investment total), UNIT=USD, FREQ=Q]","OBS_VALUE published in USD units, divided by 1e6. reported in SGD by Singapore DOS; converted to USD by IMF (not by us). Sign: BPM6 net acquisition of financial assets; positive = net outflow (increase in residents' DI assets abroad), negative = net disinvestment."
SGP,2025Q4,33604.489,"IMF BOP (IMF.STA:BOP v21.0.0, BPM6), retrieved 2026-10-02","https://api.imf.org/external/sdmx/2.1/data/IMF.STA,BOP/SGP.A_NFA_T.D_F.USD.Q [COUNTRY=SGP, BOP_ACCOUNTING_ENTRY=A_NFA_T, INDICATOR=D_F (direct investment total), UNIT=USD, FREQ=Q]","OBS_VALUE published in USD units, divided by 1e6. reported in SGD by Singapore DOS; converted to USD by IMF (not by us). Sign: BPM6 net acquisition of financial assets; positive = net outflow (increase in residents' DI assets abroad), negative = net disinvestment."
SGP,2026Q1,29395.469,"IMF BOP (IMF.STA:BOP v21.0.0, BPM6), retrieved 2026-10-02","https://api.imf.org/external/sdmx/2.1/data/IMF.STA,BOP/SGP.A_NFA_T.D_F.USD.Q [COUNTRY=SGP, BOP_ACCOUNTING_ENTRY=A_NFA_T, INDICATOR=D_F (direct investment total), UNIT=USD, FREQ=Q]","OBS_VALUE published in USD units, divided by 1e6. reported in SGD by Singapore DOS; converted to USD by IMF (not by us). Sign: BPM6 net acquisition of financial assets; positive = net outflow (increase in residents' DI assets abroad), negative = net disinvestment."
SGP,2026Q2,32775.666,"IMF BOP (IMF.STA:BOP v21.0.0, BPM6), retrieved 2026-10-02","https://api.imf.org/external/sdmx/2.1/data/IMF.STA,BOP/SGP.A_NFA_T.D_F.USD.Q [COUNTRY=SGP, BOP_ACCOUNTING_ENTRY=A_NFA_T, INDICATOR=D_F (direct investment total), UNIT=USD, FREQ=Q]","OBS_VALUE published in USD units, divided by 1e6. reported in SGD by Singapore DOS; converted to USD by IMF (not by us). Sign: BPM6 net acquisition of financial assets; positive = net outflow (increase in residents' DI assets abroad), negative = net disinvestment."
CHN,2011Q1,6139.55,"IMF BOP (IMF.STA:BOP v21.0.0, BPM6), retrieved 2026-10-02","https://api.imf.org/external/sdmx/2.1/data/IMF.STA,BOP/CHN.A_NFA_T.D_F.USD.Q [COUNTRY=CHN, BOP_ACCOUNTING_ENTRY=A_NFA_T, INDICATOR=D_F (direct investment total), UNIT=USD, FREQ=Q]","OBS_VALUE published in USD units, divided by 1e6. reported in USD by SAFE; no conversion. Sign: BPM6 net acquisition of financial assets; positive = net outflow (increase in residents' DI assets abroad), negative = net disinvestment."
CHN,2011Q2,11313.753,"IMF BOP (IMF.STA:BOP v21.0.0, BPM6), retrieved 2026-10-02","https://api.imf.org/external/sdmx/2.1/data/IMF.STA,BOP/CHN.A_NFA_T.D_F.USD.Q [COUNTRY=CHN, BOP_ACCOUNTING_ENTRY=A_NFA_T, INDICATOR=D_F (direct investment total), UNIT=USD, FREQ=Q]","OBS_VALUE published in USD units, divided by 1e6. reported in USD by SAFE; no conversion. Sign: BPM6 net acquisition of financial assets; positive = net outflow (increase in residents' DI assets abroad), negative = net disinvestment."
CHN,2011Q3,15899.741,"IMF BOP (IMF.STA:BOP v21.0.0, BPM6), retrieved 2026-10-02","https://api.imf.org/external/sdmx/2.1/data/IMF.STA,BOP/CHN.A_NFA_T.D_F.USD.Q [COUNTRY=CHN, BOP_ACCOUNTING_ENTRY=A_NFA_T, INDICATOR=D_F (direct investment total), UNIT=USD, FREQ=Q]","OBS_VALUE published in USD units, divided by 1e6. reported in USD by SAFE; no conversion. Sign: BPM6 net acquisition of financial assets; positive = net outflow (increase in residents' DI assets abroad), negative = net disinvestment."
CHN,2011Q4,15067.598,"IMF BOP (IMF.STA:BOP v21.0.0, BPM6), retrieved 2026-10-02","https://api.imf.org/external/sdmx/2.1/data/IMF.STA,BOP/CHN.A_NFA_T.D_F.USD.Q [COUNTRY=CHN, BOP_ACCOUNTING_ENTRY=A_NFA_T, INDICATOR=D_F (direct investment total), UNIT=USD, FREQ=Q]","OBS_VALUE published in USD units, divided by 1e6. reported in USD by SAFE; no conversion. Sign: BPM6 net acquisition of financial assets; positive = net outflow (increase in residents' DI assets abroad), negative = net disinvestment."
CHN,2012Q1,15437.863,"IMF BOP (IMF.STA:BOP v21.0.0, BPM6), retrieved 2026-10-02","https://api.imf.org/external/sdmx/2.1/data/IMF.STA,BOP/CHN.A_NFA_T.D_F.USD.Q [COUNTRY=CHN, BOP_ACCOUNTING_ENTRY=A_NFA_T, INDICATOR=D_F (direct investment total), UNIT=USD, FREQ=Q]","OBS_VALUE published in USD units, divided by 1e6. reported in USD by SAFE; no conversion. Sign: BPM6 net acquisition of financial assets; positive = net outflow (increase in residents' DI assets abroad), negative = net disinvestment."
CHN,2012Q2,13931.409,"IMF BOP (IMF.STA:BOP v21.0.0, BPM6), retrieved 2026-10-02","https://api.imf.org/external/sdmx/2.1/data/IMF.STA,BOP/CHN.A_NFA_T.D_F.USD.Q [COUNTRY=CHN, BOP_ACCOUNTING_ENTRY=A_NFA_T, INDICATOR=D_F (direct investment total), UNIT=USD, FREQ=Q]","OBS_VALUE published in USD units, divided by 1e6. reported in USD by SAFE; no conversion. Sign: BPM6 net acquisition of financial assets; positive = net outflow (increase in residents' DI assets abroad), negative = net disinvestment."
CHN,2012Q3,14313.15,"IMF BOP (IMF.STA:BOP v21.0.0, BPM6), retrieved 2026-10-02","https://api.imf.org/external/sdmx/2.1/data/IMF.STA,BOP/CHN.A_NFA_T.D_F.USD.Q [COUNTRY=CHN, BOP_ACCOUNTING_ENTRY=A_NFA_T, INDICATOR=D_F (direct investment total), UNIT=USD, FREQ=Q]","OBS_VALUE published in USD units, divided by 1e6. reported in USD by SAFE; no conversion. Sign: BPM6 net acquisition of financial assets; positive = net outflow (increase in residents' DI assets abroad), negative = net disinvestment."
CHN,2012Q4,21280.964,"IMF BOP (IMF.STA:BOP v21.0.0, BPM6), retrieved 2026-10-02","https://api.imf.org/external/sdmx/2.1/data/IMF.STA,BOP/CHN.A_NFA_T.D_F.USD.Q [COUNTRY=CHN, BOP_ACCOUNTING_ENTRY=A_NFA_T, INDICATOR=D_F (direct investment total), UNIT=USD, FREQ=Q]","OBS_VALUE published in USD units, divided by 1e6. reported in USD by SAFE; no conversion. Sign: BPM6 net acquisition of financial assets; positive = net outflow (increase in residents' DI assets abroad), negative = net disinvestment."
CHN,2013Q1,21261.54,"IMF BOP (IMF.STA:BOP v21.0.0, BPM6), retrieved 2026-10-02","https://api.imf.org/external/sdmx/2.1/data/IMF.STA,BOP/CHN.A_NFA_T.D_F.USD.Q [COUNTRY=CHN, BOP_ACCOUNTING_ENTRY=A_NFA_T, INDICATOR=D_F (direct investment total), UNIT=USD, FREQ=Q]","OBS_VALUE published in USD units, divided by 1e6. reported in USD by SAFE; no conversion. Sign: BPM6 net acquisition of financial assets; positive = net outflow (increase in residents' DI assets abroad), negative = net disinvestment."
CHN,2013Q2,15593.235,"IMF BOP (IMF.STA:BOP v21.0.0, BPM6), retrieved 2026-10-02","https://api.imf.org/external/sdmx/2.1/data/IMF.STA,BOP/CHN.A_NFA_T.D_F.USD.Q [COUNTRY=CHN, BOP_ACCOUNTING_ENTRY=A_NFA_T, INDICATOR=D_F (direct investment total), UNIT=USD, FREQ=Q]","OBS_VALUE published in USD units, divided by 1e6. reported in USD by SAFE; no conversion. Sign: BPM6 net acquisition of financial assets; positive = net outflow (increase in residents' DI assets abroad), negative = net disinvestment."
CHN,2013Q3,15761.695,"IMF BOP (IMF.STA:BOP v21.0.0, BPM6), retrieved 2026-10-02","https://api.imf.org/external/sdmx/2.1/data/IMF.STA,BOP/CHN.A_NFA_T.D_F.USD.Q [COUNTRY=CHN, BOP_ACCOUNTING_ENTRY=A_NFA_T, INDICATOR=D_F (direct investment total), UNIT=USD, FREQ=Q]","OBS_VALUE published in USD units, divided by 1e6. reported in USD by SAFE; no conversion. Sign: BPM6 net acquisition of financial assets; positive = net outflow (increase in residents' DI assets abroad), negative = net disinvestment."
CHN,2013Q4,20354.41,"IMF BOP (IMF.STA:BOP v21.0.0, BPM6), retrieved 2026-10-02","https://api.imf.org/external/sdmx/2.1/data/IMF.STA,BOP/CHN.A_NFA_T.D_F.USD.Q [COUNTRY=CHN, BOP_ACCOUNTING_ENTRY=A_NFA_T, INDICATOR=D_F (direct investment total), UNIT=USD, FREQ=Q]","OBS_VALUE published in USD units, divided by 1e6. reported in USD by SAFE; no conversion. Sign: BPM6 net acquisition of financial assets; positive = net outflow (increase in residents' DI assets abroad), negative = net disinvestment."
CHN,2014Q1,19058.189,"IMF BOP (IMF.STA:BOP v21.0.0, BPM6), retrieved 2026-10-02","https://api.imf.org/external/sdmx/2.1/data/IMF.STA,BOP/CHN.A_NFA_T.D_F.USD.Q [COUNTRY=CHN, BOP_ACCOUNTING_ENTRY=A_NFA_T, INDICATOR=D_F (direct investment total), UNIT=USD, FREQ=Q]","OBS_VALUE published in USD units, divided by 1e6. reported in USD by SAFE; no conversion. Sign: BPM6 net acquisition of financial assets; positive = net outflow (increase in residents' DI assets abroad), negative = net disinvestment."
CHN,2014Q2,28591.607,"IMF BOP (IMF.STA:BOP v21.0.0, BPM6), retrieved 2026-10-02","https://api.imf.org/external/sdmx/2.1/data/IMF.STA,BOP/CHN.A_NFA_T.D_F.USD.Q [COUNTRY=CHN, BOP_ACCOUNTING_ENTRY=A_NFA_T, INDICATOR=D_F (direct investment total), UNIT=USD, FREQ=Q]","OBS_VALUE published in USD units, divided by 1e6. reported in USD by SAFE; no conversion. Sign: BPM6 net acquisition of financial assets; positive = net outflow (increase in residents' DI assets abroad), negative = net disinvestment."
CHN,2014Q3,37638.505,"IMF BOP (IMF.STA:BOP v21.0.0, BPM6), retrieved 2026-10-02","https://api.imf.org/external/sdmx/2.1/data/IMF.STA,BOP/CHN.A_NFA_T.D_F.USD.Q [COUNTRY=CHN, BOP_ACCOUNTING_ENTRY=A_NFA_T, INDICATOR=D_F (direct investment total), UNIT=USD, FREQ=Q]","OBS_VALUE published in USD units, divided by 1e6. reported in USD by SAFE; no conversion. Sign: BPM6 net acquisition of financial assets; positive = net outflow (increase in residents' DI assets abroad), negative = net disinvestment."
CHN,2014Q4,37841.253,"IMF BOP (IMF.STA:BOP v21.0.0, BPM6), retrieved 2026-10-02","https://api.imf.org/external/sdmx/2.1/data/IMF.STA,BOP/CHN.A_NFA_T.D_F.USD.Q [COUNTRY=CHN, BOP_ACCOUNTING_ENTRY=A_NFA_T, INDICATOR=D_F (direct investment total), UNIT=USD, FREQ=Q]","OBS_VALUE published in USD units, divided by 1e6. reported in USD by SAFE; no conversion. Sign: BPM6 net acquisition of financial assets; positive = net outflow (increase in residents' DI assets abroad), negative = net disinvestment."
CHN,2015Q1,22086.064,"IMF BOP (IMF.STA:BOP v21.0.0, BPM6), retrieved 2026-10-02","https://api.imf.org/external/sdmx/2.1/data/IMF.STA,BOP/CHN.A_NFA_T.D_F.USD.Q [COUNTRY=CHN, BOP_ACCOUNTING_ENTRY=A_NFA_T, INDICATOR=D_F (direct investment total), UNIT=USD, FREQ=Q]","OBS_VALUE published in USD units, divided by 1e6. reported in USD by SAFE; no conversion. Sign: BPM6 net acquisition of financial assets; positive = net outflow (increase in residents' DI assets abroad), negative = net disinvestment."
CHN,2015Q2,32009.188,"IMF BOP (IMF.STA:BOP v21.0.0, BPM6), retrieved 2026-10-02","https://api.imf.org/external/sdmx/2.1/data/IMF.STA,BOP/CHN.A_NFA_T.D_F.USD.Q [COUNTRY=CHN, BOP_ACCOUNTING_ENTRY=A_NFA_T, INDICATOR=D_F (direct investment total), UNIT=USD, FREQ=Q]","OBS_VALUE published in USD units, divided by 1e6. reported in USD by SAFE; no conversion. Sign: BPM6 net acquisition of financial assets; positive = net outflow (increase in residents' DI assets abroad), negative = net disinvestment."
CHN,2015Q3,53672.847,"IMF BOP (IMF.STA:BOP v21.0.0, BPM6), retrieved 2026-10-02","https://api.imf.org/external/sdmx/2.1/data/IMF.STA,BOP/CHN.A_NFA_T.D_F.USD.Q [COUNTRY=CHN, BOP_ACCOUNTING_ENTRY=A_NFA_T, INDICATOR=D_F (direct investment total), UNIT=USD, FREQ=Q]","OBS_VALUE published in USD units, divided by 1e6. reported in USD by SAFE; no conversion. Sign: BPM6 net acquisition of financial assets; positive = net outflow (increase in residents' DI assets abroad), negative = net disinvestment."
CHN,2015Q4,66622.583,"IMF BOP (IMF.STA:BOP v21.0.0, BPM6), retrieved 2026-10-02","https://api.imf.org/external/sdmx/2.1/data/IMF.STA,BOP/CHN.A_NFA_T.D_F.USD.Q [COUNTRY=CHN, BOP_ACCOUNTING_ENTRY=A_NFA_T, INDICATOR=D_F (direct investment total), UNIT=USD, FREQ=Q]","OBS_VALUE published in USD units, divided by 1e6. reported in USD by SAFE; no conversion. Sign: BPM6 net acquisition of financial assets; positive = net outflow (increase in residents' DI assets abroad), negative = net disinvestment."
CHN,2016Q1,59884.405,"IMF BOP (IMF.STA:BOP v21.0.0, BPM6), retrieved 2026-10-02","https://api.imf.org/external/sdmx/2.1/data/IMF.STA,BOP/CHN.A_NFA_T.D_F.USD.Q [COUNTRY=CHN, BOP_ACCOUNTING_ENTRY=A_NFA_T, INDICATOR=D_F (direct investment total), UNIT=USD, FREQ=Q]","OBS_VALUE published in USD units, divided by 1e6. reported in USD by SAFE; no conversion. Sign: BPM6 net acquisition of financial assets; positive = net outflow (increase in residents' DI assets abroad), negative = net disinvestment."
CHN,2016Q2,63693.91,"IMF BOP (IMF.STA:BOP v21.0.0, BPM6), retrieved 2026-10-02","https://api.imf.org/external/sdmx/2.1/data/IMF.STA,BOP/CHN.A_NFA_T.D_F.USD.Q [COUNTRY=CHN, BOP_ACCOUNTING_ENTRY=A_NFA_T, INDICATOR=D_F (direct investment total), UNIT=USD, FREQ=Q]","OBS_VALUE published in USD units, divided by 1e6. reported in USD by SAFE; no conversion. Sign: BPM6 net acquisition of financial assets; positive = net outflow (increase in residents' DI assets abroad), negative = net disinvestment."
CHN,2016Q3,56422.46,"IMF BOP (IMF.STA:BOP v21.0.0, BPM6), retrieved 2026-10-02","https://api.imf.org/external/sdmx/2.1/data/IMF.STA,BOP/CHN.A_NFA_T.D_F.USD.Q [COUNTRY=CHN, BOP_ACCOUNTING_ENTRY=A_NFA_T, INDICATOR=D_F (direct investment total), UNIT=USD, FREQ=Q]","OBS_VALUE published in USD units, divided by 1e6. reported in USD by SAFE; no conversion. Sign: BPM6 net acquisition of financial assets; positive = net outflow (increase in residents' DI assets abroad), negative = net disinvestment."
CHN,2016Q4,36423.686,"IMF BOP (IMF.STA:BOP v21.0.0, BPM6), retrieved 2026-10-02","https://api.imf.org/external/sdmx/2.1/data/IMF.STA,BOP/CHN.A_NFA_T.D_F.USD.Q [COUNTRY=CHN, BOP_ACCOUNTING_ENTRY=A_NFA_T, INDICATOR=D_F (direct investment total), UNIT=USD, FREQ=Q]","OBS_VALUE published in USD units, divided by 1e6. reported in USD by SAFE; no conversion. Sign: BPM6 net acquisition of financial assets; positive = net outflow (increase in residents' DI assets abroad), negative = net disinvestment."
CHN,2017Q1,29959.838,"IMF BOP (IMF.STA:BOP v21.0.0, BPM6), retrieved 2026-10-02","https://api.imf.org/external/sdmx/2.1/data/IMF.STA,BOP/CHN.A_NFA_T.D_F.USD.Q [COUNTRY=CHN, BOP_ACCOUNTING_ENTRY=A_NFA_T, INDICATOR=D_F (direct investment total), UNIT=USD, FREQ=Q]","OBS_VALUE published in USD units, divided by 1e6. reported in USD by SAFE; no conversion. Sign: BPM6 net acquisition of financial assets; positive = net outflow (increase in residents' DI assets abroad), negative = net disinvestment."
CHN,2017Q2,29404.427,"IMF BOP (IMF.STA:BOP v21.0.0, BPM6), retrieved 2026-10-02","https://api.imf.org/external/sdmx/2.1/data/IMF.STA,BOP/CHN.A_NFA_T.D_F.USD.Q [COUNTRY=CHN, BOP_ACCOUNTING_ENTRY=A_NFA_T, INDICATOR=D_F (direct investment total), UNIT=USD, FREQ=Q]","OBS_VALUE published in USD units, divided by 1e6. reported in USD by SAFE; no conversion. Sign: BPM6 net acquisition of financial assets; positive = net outflow (increase in residents' DI assets abroad), negative = net disinvestment."
CHN,2017Q3,32596.259,"IMF BOP (IMF.STA:BOP v21.0.0, BPM6), retrieved 2026-10-02","https://api.imf.org/external/sdmx/2.1/data/IMF.STA,BOP/CHN.A_NFA_T.D_F.USD.Q [COUNTRY=CHN, BOP_ACCOUNTING_ENTRY=A_NFA_T, INDICATOR=D_F (direct investment total), UNIT=USD, FREQ=Q]","OBS_VALUE published in USD units, divided by 1e6. reported in USD by SAFE; no conversion. Sign: BPM6 net acquisition of financial assets; positive = net outflow (increase in residents' DI assets abroad), negative = net disinvestment."
CHN,2017Q4,46332.244,"IMF BOP (IMF.STA:BOP v21.0.0, BPM6), retrieved 2026-10-02","https://api.imf.org/external/sdmx/2.1/data/IMF.STA,BOP/CHN.A_NFA_T.D_F.USD.Q [COUNTRY=CHN, BOP_ACCOUNTING_ENTRY=A_NFA_T, INDICATOR=D_F (direct investment total), UNIT=USD, FREQ=Q]","OBS_VALUE published in USD units, divided by 1e6. reported in USD by SAFE; no conversion. Sign: BPM6 net acquisition of financial assets; positive = net outflow (increase in residents' DI assets abroad), negative = net disinvestment."
CHN,2018Q1,30306.115,"IMF BOP (IMF.STA:BOP v21.0.0, BPM6), retrieved 2026-10-02","https://api.imf.org/external/sdmx/2.1/data/IMF.STA,BOP/CHN.A_NFA_T.D_F.USD.Q [COUNTRY=CHN, BOP_ACCOUNTING_ENTRY=A_NFA_T, INDICATOR=D_F (direct investment total), UNIT=USD, FREQ=Q]","OBS_VALUE published in USD units, divided by 1e6. reported in USD by SAFE; no conversion. Sign: BPM6 net acquisition of financial assets; positive = net outflow (increase in residents' DI assets abroad), negative = net disinvestment."
CHN,2018Q2,40238.217,"IMF BOP (IMF.STA:BOP v21.0.0, BPM6), retrieved 2026-10-02","https://api.imf.org/external/sdmx/2.1/data/IMF.STA,BOP/CHN.A_NFA_T.D_F.USD.Q [COUNTRY=CHN, BOP_ACCOUNTING_ENTRY=A_NFA_T, INDICATOR=D_F (direct investment total), UNIT=USD, FREQ=Q]","OBS_VALUE published in USD units, divided by 1e6. reported in USD by SAFE; no conversion. Sign: BPM6 net acquisition of financial assets; positive = net outflow (increase in residents' DI assets abroad), negative = net disinvestment."
CHN,2018Q3,36017.651,"IMF BOP (IMF.STA:BOP v21.0.0, BPM6), retrieved 2026-10-02","https://api.imf.org/external/sdmx/2.1/data/IMF.STA,BOP/CHN.A_NFA_T.D_F.USD.Q [COUNTRY=CHN, BOP_ACCOUNTING_ENTRY=A_NFA_T, INDICATOR=D_F (direct investment total), UNIT=USD, FREQ=Q]","OBS_VALUE published in USD units, divided by 1e6. reported in USD by SAFE; no conversion. Sign: BPM6 net acquisition of financial assets; positive = net outflow (increase in residents' DI assets abroad), negative = net disinvestment."
CHN,2018Q4,36464.594,"IMF BOP (IMF.STA:BOP v21.0.0, BPM6), retrieved 2026-10-02","https://api.imf.org/external/sdmx/2.1/data/IMF.STA,BOP/CHN.A_NFA_T.D_F.USD.Q [COUNTRY=CHN, BOP_ACCOUNTING_ENTRY=A_NFA_T, INDICATOR=D_F (direct investment total), UNIT=USD, FREQ=Q]","OBS_VALUE published in USD units, divided by 1e6. reported in USD by SAFE; no conversion. Sign: BPM6 net acquisition of financial assets; positive = net outflow (increase in residents' DI assets abroad), negative = net disinvestment."
CHN,2019Q1,30847.464,"IMF BOP (IMF.STA:BOP v21.0.0, BPM6), retrieved 2026-10-02","https://api.imf.org/external/sdmx/2.1/data/IMF.STA,BOP/CHN.A_NFA_T.D_F.USD.Q [COUNTRY=CHN, BOP_ACCOUNTING_ENTRY=A_NFA_T, INDICATOR=D_F (direct investment total), UNIT=USD, FREQ=Q]","OBS_VALUE published in USD units, divided by 1e6. reported in USD by SAFE; no conversion. Sign: BPM6 net acquisition of financial assets; positive = net outflow (increase in residents' DI assets abroad), negative = net disinvestment."
CHN,2019Q2,35489.582,"IMF BOP (IMF.STA:BOP v21.0.0, BPM6), retrieved 2026-10-02","https://api.imf.org/external/sdmx/2.1/data/IMF.STA,BOP/CHN.A_NFA_T.D_F.USD.Q [COUNTRY=CHN, BOP_ACCOUNTING_ENTRY=A_NFA_T, INDICATOR=D_F (direct investment total), UNIT=USD, FREQ=Q]","OBS_VALUE published in USD units, divided by 1e6. reported in USD by SAFE; no conversion. Sign: BPM6 net acquisition of financial assets; positive = net outflow (increase in residents' DI assets abroad), negative = net disinvestment."
CHN,2019Q3,32531.54,"IMF BOP (IMF.STA:BOP v21.0.0, BPM6), retrieved 2026-10-02","https://api.imf.org/external/sdmx/2.1/data/IMF.STA,BOP/CHN.A_NFA_T.D_F.USD.Q [COUNTRY=CHN, BOP_ACCOUNTING_ENTRY=A_NFA_T, INDICATOR=D_F (direct investment total), UNIT=USD, FREQ=Q]","OBS_VALUE published in USD units, divided by 1e6. reported in USD by SAFE; no conversion. Sign: BPM6 net acquisition of financial assets; positive = net outflow (increase in residents' DI assets abroad), negative = net disinvestment."
CHN,2019Q4,38041.414,"IMF BOP (IMF.STA:BOP v21.0.0, BPM6), retrieved 2026-10-02","https://api.imf.org/external/sdmx/2.1/data/IMF.STA,BOP/CHN.A_NFA_T.D_F.USD.Q [COUNTRY=CHN, BOP_ACCOUNTING_ENTRY=A_NFA_T, INDICATOR=D_F (direct investment total), UNIT=USD, FREQ=Q]","OBS_VALUE published in USD units, divided by 1e6. reported in USD by SAFE; no conversion. Sign: BPM6 net acquisition of financial assets; positive = net outflow (increase in residents' DI assets abroad), negative = net disinvestment."
CHN,2020Q1,35137.554,"IMF BOP (IMF.STA:BOP v21.0.0, BPM6), retrieved 2026-10-02","https://api.imf.org/external/sdmx/2.1/data/IMF.STA,BOP/CHN.A_NFA_T.D_F.USD.Q [COUNTRY=CHN, BOP_ACCOUNTING_ENTRY=A_NFA_T, INDICATOR=D_F (direct investment total), UNIT=USD, FREQ=Q]","OBS_VALUE published in USD units, divided by 1e6. reported in USD by SAFE; no conversion. Sign: BPM6 net acquisition of financial assets; positive = net outflow (increase in residents' DI assets abroad), negative = net disinvestment."
CHN,2020Q2,40952.513,"IMF BOP (IMF.STA:BOP v21.0.0, BPM6), retrieved 2026-10-02","https://api.imf.org/external/sdmx/2.1/data/IMF.STA,BOP/CHN.A_NFA_T.D_F.USD.Q [COUNTRY=CHN, BOP_ACCOUNTING_ENTRY=A_NFA_T, INDICATOR=D_F (direct investment total), UNIT=USD, FREQ=Q]","OBS_VALUE published in USD units, divided by 1e6. reported in USD by SAFE; no conversion. Sign: BPM6 net acquisition of financial assets; positive = net outflow (increase in residents' DI assets abroad), negative = net disinvestment."
CHN,2020Q3,41380.632,"IMF BOP (IMF.STA:BOP v21.0.0, BPM6), retrieved 2026-10-02","https://api.imf.org/external/sdmx/2.1/data/IMF.STA,BOP/CHN.A_NFA_T.D_F.USD.Q [COUNTRY=CHN, BOP_ACCOUNTING_ENTRY=A_NFA_T, INDICATOR=D_F (direct investment total), UNIT=USD, FREQ=Q]","OBS_VALUE published in USD units, divided by 1e6. reported in USD by SAFE; no conversion. Sign: BPM6 net acquisition of financial assets; positive = net outflow (increase in residents' DI assets abroad), negative = net disinvestment."
CHN,2020Q4,36250.11,"IMF BOP (IMF.STA:BOP v21.0.0, BPM6), retrieved 2026-10-02","https://api.imf.org/external/sdmx/2.1/data/IMF.STA,BOP/CHN.A_NFA_T.D_F.USD.Q [COUNTRY=CHN, BOP_ACCOUNTING_ENTRY=A_NFA_T, INDICATOR=D_F (direct investment total), UNIT=USD, FREQ=Q]","OBS_VALUE published in USD units, divided by 1e6. reported in USD by SAFE; no conversion. Sign: BPM6 net acquisition of financial assets; positive = net outflow (increase in residents' DI assets abroad), negative = net disinvestment."
CHN,2021Q1,37895.243,"IMF BOP (IMF.STA:BOP v21.0.0, BPM6), retrieved 2026-10-02","https://api.imf.org/external/sdmx/2.1/data/IMF.STA,BOP/CHN.A_NFA_T.D_F.USD.Q [COUNTRY=CHN, BOP_ACCOUNTING_ENTRY=A_NFA_T, INDICATOR=D_F (direct investment total), UNIT=USD, FREQ=Q]","OBS_VALUE published in USD units, divided by 1e6. reported in USD by SAFE; no conversion. Sign: BPM6 net acquisition of financial assets; positive = net outflow (increase in residents' DI assets abroad), negative = net disinvestment."
CHN,2021Q2,46654.677,"IMF BOP (IMF.STA:BOP v21.0.0, BPM6), retrieved 2026-10-02","https://api.imf.org/external/sdmx/2.1/data/IMF.STA,BOP/CHN.A_NFA_T.D_F.USD.Q [COUNTRY=CHN, BOP_ACCOUNTING_ENTRY=A_NFA_T, INDICATOR=D_F (direct investment total), UNIT=USD, FREQ=Q]","OBS_VALUE published in USD units, divided by 1e6. reported in USD by SAFE; no conversion. Sign: BPM6 net acquisition of financial assets; positive = net outflow (increase in residents' DI assets abroad), negative = net disinvestment."
CHN,2021Q3,41706.885,"IMF BOP (IMF.STA:BOP v21.0.0, BPM6), retrieved 2026-10-02","https://api.imf.org/external/sdmx/2.1/data/IMF.STA,BOP/CHN.A_NFA_T.D_F.USD.Q [COUNTRY=CHN, BOP_ACCOUNTING_ENTRY=A_NFA_T, INDICATOR=D_F (direct investment total), UNIT=USD, FREQ=Q]","OBS_VALUE published in USD units, divided by 1e6. reported in USD by SAFE; no conversion. Sign: BPM6 net acquisition of financial assets; positive = net outflow (increase in residents' DI assets abroad), negative = net disinvestment."
CHN,2021Q4,52540.935,"IMF BOP (IMF.STA:BOP v21.0.0, BPM6), retrieved 2026-10-02","https://api.imf.org/external/sdmx/2.1/data/IMF.STA,BOP/CHN.A_NFA_T.D_F.USD.Q [COUNTRY=CHN, BOP_ACCOUNTING_ENTRY=A_NFA_T, INDICATOR=D_F (direct investment total), UNIT=USD, FREQ=Q]","OBS_VALUE published in USD units, divided by 1e6. reported in USD by SAFE; no conversion. Sign: BPM6 net acquisition of financial assets; positive = net outflow (increase in residents' DI assets abroad), negative = net disinvestment."
CHN,2022Q1,58371.977,"IMF BOP (IMF.STA:BOP v21.0.0, BPM6), retrieved 2026-10-02","https://api.imf.org/external/sdmx/2.1/data/IMF.STA,BOP/CHN.A_NFA_T.D_F.USD.Q [COUNTRY=CHN, BOP_ACCOUNTING_ENTRY=A_NFA_T, INDICATOR=D_F (direct investment total), UNIT=USD, FREQ=Q]","OBS_VALUE published in USD units, divided by 1e6. reported in USD by SAFE; no conversion. Sign: BPM6 net acquisition of financial assets; positive = net outflow (increase in residents' DI assets abroad), negative = net disinvestment."
CHN,2022Q2,37639.569,"IMF BOP (IMF.STA:BOP v21.0.0, BPM6), retrieved 2026-10-02","https://api.imf.org/external/sdmx/2.1/data/IMF.STA,BOP/CHN.A_NFA_T.D_F.USD.Q [COUNTRY=CHN, BOP_ACCOUNTING_ENTRY=A_NFA_T, INDICATOR=D_F (direct investment total), UNIT=USD, FREQ=Q]","OBS_VALUE published in USD units, divided by 1e6. reported in USD by SAFE; no conversion. Sign: BPM6 net acquisition of financial assets; positive = net outflow (increase in residents' DI assets abroad), negative = net disinvestment."
CHN,2022Q3,54768.588,"IMF BOP (IMF.STA:BOP v21.0.0, BPM6), retrieved 2026-10-02","https://api.imf.org/external/sdmx/2.1/data/IMF.STA,BOP/CHN.A_NFA_T.D_F.USD.Q [COUNTRY=CHN, BOP_ACCOUNTING_ENTRY=A_NFA_T, INDICATOR=D_F (direct investment total), UNIT=USD, FREQ=Q]","OBS_VALUE published in USD units, divided by 1e6. reported in USD by SAFE; no conversion. Sign: BPM6 net acquisition of financial assets; positive = net outflow (increase in residents' DI assets abroad), negative = net disinvestment."
CHN,2022Q4,59270.028,"IMF BOP (IMF.STA:BOP v21.0.0, BPM6), retrieved 2026-10-02","https://api.imf.org/external/sdmx/2.1/data/IMF.STA,BOP/CHN.A_NFA_T.D_F.USD.Q [COUNTRY=CHN, BOP_ACCOUNTING_ENTRY=A_NFA_T, INDICATOR=D_F (direct investment total), UNIT=USD, FREQ=Q]","OBS_VALUE published in USD units, divided by 1e6. reported in USD by SAFE; no conversion. Sign: BPM6 net acquisition of financial assets; positive = net outflow (increase in residents' DI assets abroad), negative = net disinvestment."
CHN,2023Q1,58956.371,"IMF BOP (IMF.STA:BOP v21.0.0, BPM6), retrieved 2026-10-02","https://api.imf.org/external/sdmx/2.1/data/IMF.STA,BOP/CHN.A_NFA_T.D_F.USD.Q [COUNTRY=CHN, BOP_ACCOUNTING_ENTRY=A_NFA_T, INDICATOR=D_F (direct investment total), UNIT=USD, FREQ=Q]","OBS_VALUE published in USD units, divided by 1e6. reported in USD by SAFE; no conversion. Sign: BPM6 net acquisition of financial assets; positive = net outflow (increase in residents' DI assets abroad), negative = net disinvestment."
CHN,2023Q2,51342.072,"IMF BOP (IMF.STA:BOP v21.0.0, BPM6), retrieved 2026-10-02","https://api.imf.org/external/sdmx/2.1/data/IMF.STA,BOP/CHN.A_NFA_T.D_F.USD.Q [COUNTRY=CHN, BOP_ACCOUNTING_ENTRY=A_NFA_T, INDICATOR=D_F (direct investment total), UNIT=USD, FREQ=Q]","OBS_VALUE published in USD units, divided by 1e6. reported in USD by SAFE; no conversion. Sign: BPM6 net acquisition of financial assets; positive = net outflow (increase in residents' DI assets abroad), negative = net disinvestment."
CHN,2023Q3,60648.789,"IMF BOP (IMF.STA:BOP v21.0.0, BPM6), retrieved 2026-10-02","https://api.imf.org/external/sdmx/2.1/data/IMF.STA,BOP/CHN.A_NFA_T.D_F.USD.Q [COUNTRY=CHN, BOP_ACCOUNTING_ENTRY=A_NFA_T, INDICATOR=D_F (direct investment total), UNIT=USD, FREQ=Q]","OBS_VALUE published in USD units, divided by 1e6. reported in USD by SAFE; no conversion. Sign: BPM6 net acquisition of financial assets; positive = net outflow (increase in residents' DI assets abroad), negative = net disinvestment."
CHN,2023Q4,54721.321,"IMF BOP (IMF.STA:BOP v21.0.0, BPM6), retrieved 2026-10-02","https://api.imf.org/external/sdmx/2.1/data/IMF.STA,BOP/CHN.A_NFA_T.D_F.USD.Q [COUNTRY=CHN, BOP_ACCOUNTING_ENTRY=A_NFA_T, INDICATOR=D_F (direct investment total), UNIT=USD, FREQ=Q]","OBS_VALUE published in USD units, divided by 1e6. reported in USD by SAFE; no conversion. Sign: BPM6 net acquisition of financial assets; positive = net outflow (increase in residents' DI assets abroad), negative = net disinvestment."
CHN,2024Q1,43728.099,"IMF BOP (IMF.STA:BOP v21.0.0, BPM6), retrieved 2026-10-02","https://api.imf.org/external/sdmx/2.1/data/IMF.STA,BOP/CHN.A_NFA_T.D_F.USD.Q [COUNTRY=CHN, BOP_ACCOUNTING_ENTRY=A_NFA_T, INDICATOR=D_F (direct investment total), UNIT=USD, FREQ=Q]","OBS_VALUE published in USD units, divided by 1e6. reported in USD by SAFE; no conversion. Sign: BPM6 net acquisition of financial assets; positive = net outflow (increase in residents' DI assets abroad), negative = net disinvestment."
CHN,2024Q2,62675.491,"IMF BOP (IMF.STA:BOP v21.0.0, BPM6), retrieved 2026-10-02","https://api.imf.org/external/sdmx/2.1/data/IMF.STA,BOP/CHN.A_NFA_T.D_F.USD.Q [COUNTRY=CHN, BOP_ACCOUNTING_ENTRY=A_NFA_T, INDICATOR=D_F (direct investment total), UNIT=USD, FREQ=Q]","OBS_VALUE published in USD units, divided by 1e6. reported in USD by SAFE; no conversion. Sign: BPM6 net acquisition of financial assets; positive = net outflow (increase in residents' DI assets abroad), negative = net disinvestment."
CHN,2024Q3,47759.364,"IMF BOP (IMF.STA:BOP v21.0.0, BPM6), retrieved 2026-10-02","https://api.imf.org/external/sdmx/2.1/data/IMF.STA,BOP/CHN.A_NFA_T.D_F.USD.Q [COUNTRY=CHN, BOP_ACCOUNTING_ENTRY=A_NFA_T, INDICATOR=D_F (direct investment total), UNIT=USD, FREQ=Q]","OBS_VALUE published in USD units, divided by 1e6. reported in USD by SAFE; no conversion. Sign: BPM6 net acquisition of financial assets; positive = net outflow (increase in residents' DI assets abroad), negative = net disinvestment."
CHN,2024Q4,38037.046,"IMF BOP (IMF.STA:BOP v21.0.0, BPM6), retrieved 2026-10-02","https://api.imf.org/external/sdmx/2.1/data/IMF.STA,BOP/CHN.A_NFA_T.D_F.USD.Q [COUNTRY=CHN, BOP_ACCOUNTING_ENTRY=A_NFA_T, INDICATOR=D_F (direct investment total), UNIT=USD, FREQ=Q]","OBS_VALUE published in USD units, divided by 1e6. reported in USD by SAFE; no conversion. Sign: BPM6 net acquisition of financial assets; positive = net outflow (increase in residents' DI assets abroad), negative = net disinvestment."
CHN,2025Q1,49697.903,"IMF BOP (IMF.STA:BOP v21.0.0, BPM6), retrieved 2026-10-02","https://api.imf.org/external/sdmx/2.1/data/IMF.STA,BOP/CHN.A_NFA_T.D_F.USD.Q [COUNTRY=CHN, BOP_ACCOUNTING_ENTRY=A_NFA_T, INDICATOR=D_F (direct investment total), UNIT=USD, FREQ=Q]","OBS_VALUE published in USD units, divided by 1e6. reported in USD by SAFE; no conversion. Sign: BPM6 net acquisition of financial assets; positive = net outflow (increase in residents' DI assets abroad), negative = net disinvestment."
CHN,2025Q2,31098.307,"IMF BOP (IMF.STA:BOP v21.0.0, BPM6), retrieved 2026-10-02","https://api.imf.org/external/sdmx/2.1/data/IMF.STA,BOP/CHN.A_NFA_T.D_F.USD.Q [COUNTRY=CHN, BOP_ACCOUNTING_ENTRY=A_NFA_T, INDICATOR=D_F (direct investment total), UNIT=USD, FREQ=Q]","OBS_VALUE published in USD units, divided by 1e6. reported in USD by SAFE; no conversion. Sign: BPM6 net acquisition of financial assets; positive = net outflow (increase in residents' DI assets abroad), negative = net disinvestment."
CHN,2025Q3,35974.058,"IMF BOP (IMF.STA:BOP v21.0.0, BPM6), retrieved 2026-10-02","https://api.imf.org/external/sdmx/2.1/data/IMF.STA,BOP/CHN.A_NFA_T.D_F.USD.Q [COUNTRY=CHN, BOP_ACCOUNTING_ENTRY=A_NFA_T, INDICATOR=D_F (direct investment total), UNIT=USD, FREQ=Q]","OBS_VALUE published in USD units, divided by 1e6. reported in USD by SAFE; no conversion. Sign: BPM6 net acquisition of financial assets; positive = net outflow (increase in residents' DI assets abroad), negative = net disinvestment."
CHN,2025Q4,40435.62,"IMF BOP (IMF.STA:BOP v21.0.0, BPM6), retrieved 2026-10-02","https://api.imf.org/external/sdmx/2.1/data/IMF.STA,BOP/CHN.A_NFA_T.D_F.USD.Q [COUNTRY=CHN, BOP_ACCOUNTING_ENTRY=A_NFA_T, INDICATOR=D_F (direct investment total), UNIT=USD, FREQ=Q]","OBS_VALUE published in USD units, divided by 1e6. reported in USD by SAFE; no conversion. Sign: BPM6 net acquisition of financial assets; positive = net outflow (increase in residents' DI assets abroad), negative = net disinvestment."
CHN,2026Q1,43084.787,"IMF BOP (IMF.STA:BOP v21.0.0, BPM6), retrieved 2026-10-02","https://api.imf.org/external/sdmx/2.1/data/IMF.STA,BOP/CHN.A_NFA_T.D_F.USD.Q [COUNTRY=CHN, BOP_ACCOUNTING_ENTRY=A_NFA_T, INDICATOR=D_F (direct investment total), UNIT=USD, FREQ=Q]","OBS_VALUE published in USD units, divided by 1e6. reported in USD by SAFE; no conversion. Sign: BPM6 net acquisition of financial assets; positive = net outflow (increase in residents' DI assets abroad), negative = net disinvestment."
CHN,2026Q2,33622.052,"IMF BOP (IMF.STA:BOP v21.0.0, BPM6), retrieved 2026-10-02","https://api.imf.org/external/sdmx/2.1/data/IMF.STA,BOP/CHN.A_NFA_T.D_F.USD.Q [COUNTRY=CHN, BOP_ACCOUNTING_ENTRY=A_NFA_T, INDICATOR=D_F (direct investment total), UNIT=USD, FREQ=Q]","OBS_VALUE published in USD units, divided by 1e6. reported in USD by SAFE; no conversion. Sign: BPM6 net acquisition of financial assets; positive = net outflow (increase in residents' DI assets abroad), negative = net disinvestment."
HKG,2011Q1,23566.604,"IMF BOP (IMF.STA:BOP v21.0.0, BPM6), retrieved 2026-10-02","https://api.imf.org/external/sdmx/2.1/data/IMF.STA,BOP/HKG.A_NFA_T.D_F.USD.Q [COUNTRY=HKG, BOP_ACCOUNTING_ENTRY=A_NFA_T, INDICATOR=D_F (direct investment total), UNIT=USD, FREQ=Q]","OBS_VALUE published in USD units, divided by 1e6. reported in HKD by C&SD; converted to USD by IMF (not by us). Sign: BPM6 net acquisition of financial assets; positive = net outflow (increase in residents' DI assets abroad), negative = net disinvestment."
HKG,2011Q2,29356.849,"IMF BOP (IMF.STA:BOP v21.0.0, BPM6), retrieved 2026-10-02","https://api.imf.org/external/sdmx/2.1/data/IMF.STA,BOP/HKG.A_NFA_T.D_F.USD.Q [COUNTRY=HKG, BOP_ACCOUNTING_ENTRY=A_NFA_T, INDICATOR=D_F (direct investment total), UNIT=USD, FREQ=Q]","OBS_VALUE published in USD units, divided by 1e6. reported in HKD by C&SD; converted to USD by IMF (not by us). Sign: BPM6 net acquisition of financial assets; positive = net outflow (increase in residents' DI assets abroad), negative = net disinvestment."
HKG,2011Q3,13747.209,"IMF BOP (IMF.STA:BOP v21.0.0, BPM6), retrieved 2026-10-02","https://api.imf.org/external/sdmx/2.1/data/IMF.STA,BOP/HKG.A_NFA_T.D_F.USD.Q [COUNTRY=HKG, BOP_ACCOUNTING_ENTRY=A_NFA_T, INDICATOR=D_F (direct investment total), UNIT=USD, FREQ=Q]","OBS_VALUE published in USD units, divided by 1e6. reported in HKD by C&SD; converted to USD by IMF (not by us). Sign: BPM6 net acquisition of financial assets; positive = net outflow (increase in residents' DI assets abroad), negative = net disinvestment."
HKG,2011Q4,29235.183,"IMF BOP (IMF.STA:BOP v21.0.0, BPM6), retrieved 2026-10-02","https://api.imf.org/external/sdmx/2.1/data/IMF.STA,BOP/HKG.A_NFA_T.D_F.USD.Q [COUNTRY=HKG, BOP_ACCOUNTING_ENTRY=A_NFA_T, INDICATOR=D_F (direct investment total), UNIT=USD, FREQ=Q]","OBS_VALUE published in USD units, divided by 1e6. reported in HKD by C&SD; converted to USD by IMF (not by us). Sign: BPM6 net acquisition of financial assets; positive = net outflow (increase in residents' DI assets abroad), negative = net disinvestment."
HKG,2012Q1,32298.423,"IMF BOP (IMF.STA:BOP v21.0.0, BPM6), retrieved 2026-10-02","https://api.imf.org/external/sdmx/2.1/data/IMF.STA,BOP/HKG.A_NFA_T.D_F.USD.Q [COUNTRY=HKG, BOP_ACCOUNTING_ENTRY=A_NFA_T, INDICATOR=D_F (direct investment total), UNIT=USD, FREQ=Q]","OBS_VALUE published in USD units, divided by 1e6. reported in HKD by C&SD; converted to USD by IMF (not by us). Sign: BPM6 net acquisition of financial assets; positive = net outflow (increase in residents' DI assets abroad), negative = net disinvestment."
HKG,2012Q2,11550.039,"IMF BOP (IMF.STA:BOP v21.0.0, BPM6), retrieved 2026-10-02","https://api.imf.org/external/sdmx/2.1/data/IMF.STA,BOP/HKG.A_NFA_T.D_F.USD.Q [COUNTRY=HKG, BOP_ACCOUNTING_ENTRY=A_NFA_T, INDICATOR=D_F (direct investment total), UNIT=USD, FREQ=Q]","OBS_VALUE published in USD units, divided by 1e6. reported in HKD by C&SD; converted to USD by IMF (not by us). Sign: BPM6 net acquisition of financial assets; positive = net outflow (increase in residents' DI assets abroad), negative = net disinvestment."
HKG,2012Q3,17508.188,"IMF BOP (IMF.STA:BOP v21.0.0, BPM6), retrieved 2026-10-02","https://api.imf.org/external/sdmx/2.1/data/IMF.STA,BOP/HKG.A_NFA_T.D_F.USD.Q [COUNTRY=HKG, BOP_ACCOUNTING_ENTRY=A_NFA_T, INDICATOR=D_F (direct investment total), UNIT=USD, FREQ=Q]","OBS_VALUE published in USD units, divided by 1e6. reported in HKD by C&SD; converted to USD by IMF (not by us). Sign: BPM6 net acquisition of financial assets; positive = net outflow (increase in residents' DI assets abroad), negative = net disinvestment."
HKG,2012Q4,26766.075,"IMF BOP (IMF.STA:BOP v21.0.0, BPM6), retrieved 2026-10-02","https://api.imf.org/external/sdmx/2.1/data/IMF.STA,BOP/HKG.A_NFA_T.D_F.USD.Q [COUNTRY=HKG, BOP_ACCOUNTING_ENTRY=A_NFA_T, INDICATOR=D_F (direct investment total), UNIT=USD, FREQ=Q]","OBS_VALUE published in USD units, divided by 1e6. reported in HKD by C&SD; converted to USD by IMF (not by us). Sign: BPM6 net acquisition of financial assets; positive = net outflow (increase in residents' DI assets abroad), negative = net disinvestment."
HKG,2013Q1,31736.869,"IMF BOP (IMF.STA:BOP v21.0.0, BPM6), retrieved 2026-10-02","https://api.imf.org/external/sdmx/2.1/data/IMF.STA,BOP/HKG.A_NFA_T.D_F.USD.Q [COUNTRY=HKG, BOP_ACCOUNTING_ENTRY=A_NFA_T, INDICATOR=D_F (direct investment total), UNIT=USD, FREQ=Q]","OBS_VALUE published in USD units, divided by 1e6. reported in HKD by C&SD; converted to USD by IMF (not by us). Sign: BPM6 net acquisition of financial assets; positive = net outflow (increase in residents' DI assets abroad), negative = net disinvestment."
HKG,2013Q2,22450.844,"IMF BOP (IMF.STA:BOP v21.0.0, BPM6), retrieved 2026-10-02","https://api.imf.org/external/sdmx/2.1/data/IMF.STA,BOP/HKG.A_NFA_T.D_F.USD.Q [COUNTRY=HKG, BOP_ACCOUNTING_ENTRY=A_NFA_T, INDICATOR=D_F (direct investment total), UNIT=USD, FREQ=Q]","OBS_VALUE published in USD units, divided by 1e6. reported in HKD by C&SD; converted to USD by IMF (not by us). Sign: BPM6 net acquisition of financial assets; positive = net outflow (increase in residents' DI assets abroad), negative = net disinvestment."
HKG,2013Q3,20361.186,"IMF BOP (IMF.STA:BOP v21.0.0, BPM6), retrieved 2026-10-02","https://api.imf.org/external/sdmx/2.1/data/IMF.STA,BOP/HKG.A_NFA_T.D_F.USD.Q [COUNTRY=HKG, BOP_ACCOUNTING_ENTRY=A_NFA_T, INDICATOR=D_F (direct investment total), UNIT=USD, FREQ=Q]","OBS_VALUE published in USD units, divided by 1e6. reported in HKD by C&SD; converted to USD by IMF (not by us). Sign: BPM6 net acquisition of financial assets; positive = net outflow (increase in residents' DI assets abroad), negative = net disinvestment."
HKG,2013Q4,8779.56,"IMF BOP (IMF.STA:BOP v21.0.0, BPM6), retrieved 2026-10-02","https://api.imf.org/external/sdmx/2.1/data/IMF.STA,BOP/HKG.A_NFA_T.D_F.USD.Q [COUNTRY=HKG, BOP_ACCOUNTING_ENTRY=A_NFA_T, INDICATOR=D_F (direct investment total), UNIT=USD, FREQ=Q]","OBS_VALUE published in USD units, divided by 1e6. reported in HKD by C&SD; converted to USD by IMF (not by us). Sign: BPM6 net acquisition of financial assets; positive = net outflow (increase in residents' DI assets abroad), negative = net disinvestment."
HKG,2014Q1,46704.748,"IMF BOP (IMF.STA:BOP v21.0.0, BPM6), retrieved 2026-10-02","https://api.imf.org/external/sdmx/2.1/data/IMF.STA,BOP/HKG.A_NFA_T.D_F.USD.Q [COUNTRY=HKG, BOP_ACCOUNTING_ENTRY=A_NFA_T, INDICATOR=D_F (direct investment total), UNIT=USD, FREQ=Q]","OBS_VALUE published in USD units, divided by 1e6. reported in HKD by C&SD; converted to USD by IMF (not by us). Sign: BPM6 net acquisition of financial assets; positive = net outflow (increase in residents' DI assets abroad), negative = net disinvestment."
HKG,2014Q2,6239.799,"IMF BOP (IMF.STA:BOP v21.0.0, BPM6), retrieved 2026-10-02","https://api.imf.org/external/sdmx/2.1/data/IMF.STA,BOP/HKG.A_NFA_T.D_F.USD.Q [COUNTRY=HKG, BOP_ACCOUNTING_ENTRY=A_NFA_T, INDICATOR=D_F (direct investment total), UNIT=USD, FREQ=Q]","OBS_VALUE published in USD units, divided by 1e6. reported in HKD by C&SD; converted to USD by IMF (not by us). Sign: BPM6 net acquisition of financial assets; positive = net outflow (increase in residents' DI assets abroad), negative = net disinvestment."
HKG,2014Q3,58617.925,"IMF BOP (IMF.STA:BOP v21.0.0, BPM6), retrieved 2026-10-02","https://api.imf.org/external/sdmx/2.1/data/IMF.STA,BOP/HKG.A_NFA_T.D_F.USD.Q [COUNTRY=HKG, BOP_ACCOUNTING_ENTRY=A_NFA_T, INDICATOR=D_F (direct investment total), UNIT=USD, FREQ=Q]","OBS_VALUE published in USD units, divided by 1e6. reported in HKD by C&SD; converted to USD by IMF (not by us). Sign: BPM6 net acquisition of financial assets; positive = net outflow (increase in residents' DI assets abroad), negative = net disinvestment."
HKG,2014Q4,29329.594,"IMF BOP (IMF.STA:BOP v21.0.0, BPM6), retrieved 2026-10-02","https://api.imf.org/external/sdmx/2.1/data/IMF.STA,BOP/HKG.A_NFA_T.D_F.USD.Q [COUNTRY=HKG, BOP_ACCOUNTING_ENTRY=A_NFA_T, INDICATOR=D_F (direct investment total), UNIT=USD, FREQ=Q]","OBS_VALUE published in USD units, divided by 1e6. reported in HKD by C&SD; converted to USD by IMF (not by us). Sign: BPM6 net acquisition of financial assets; positive = net outflow (increase in residents' DI assets abroad), negative = net disinvestment."
HKG,2015Q1,56160.892,"IMF BOP (IMF.STA:BOP v21.0.0, BPM6), retrieved 2026-10-02","https://api.imf.org/external/sdmx/2.1/data/IMF.STA,BOP/HKG.A_NFA_T.D_F.USD.Q [COUNTRY=HKG, BOP_ACCOUNTING_ENTRY=A_NFA_T, INDICATOR=D_F (direct investment total), UNIT=USD, FREQ=Q]","OBS_VALUE published in USD units, divided by 1e6. reported in HKD by C&SD; converted to USD by IMF (not by us). Sign: BPM6 net acquisition of financial assets; positive = net outflow (increase in residents' DI assets abroad), negative = net disinvestment."
HKG,2015Q2,-5695.665,"IMF BOP (IMF.STA:BOP v21.0.0, BPM6), retrieved 2026-10-02","https://api.imf.org/external/sdmx/2.1/data/IMF.STA,BOP/HKG.A_NFA_T.D_F.USD.Q [COUNTRY=HKG, BOP_ACCOUNTING_ENTRY=A_NFA_T, INDICATOR=D_F (direct investment total), UNIT=USD, FREQ=Q]","OBS_VALUE published in USD units, divided by 1e6. reported in HKD by C&SD; converted to USD by IMF (not by us). Sign: BPM6 net acquisition of financial assets; positive = net outflow (increase in residents' DI assets abroad), negative = net disinvestment."
HKG,2015Q3,22719.133,"IMF BOP (IMF.STA:BOP v21.0.0, BPM6), retrieved 2026-10-02","https://api.imf.org/external/sdmx/2.1/data/IMF.STA,BOP/HKG.A_NFA_T.D_F.USD.Q [COUNTRY=HKG, BOP_ACCOUNTING_ENTRY=A_NFA_T, INDICATOR=D_F (direct investment total), UNIT=USD, FREQ=Q]","OBS_VALUE published in USD units, divided by 1e6. reported in HKD by C&SD; converted to USD by IMF (not by us). Sign: BPM6 net acquisition of financial assets; positive = net outflow (increase in residents' DI assets abroad), negative = net disinvestment."
HKG,2015Q4,5330.581,"IMF BOP (IMF.STA:BOP v21.0.0, BPM6), retrieved 2026-10-02","https://api.imf.org/external/sdmx/2.1/data/IMF.STA,BOP/HKG.A_NFA_T.D_F.USD.Q [COUNTRY=HKG, BOP_ACCOUNTING_ENTRY=A_NFA_T, INDICATOR=D_F (direct investment total), UNIT=USD, FREQ=Q]","OBS_VALUE published in USD units, divided by 1e6. reported in HKD by C&SD; converted to USD by IMF (not by us). Sign: BPM6 net acquisition of financial assets; positive = net outflow (increase in residents' DI assets abroad), negative = net disinvestment."
HKG,2016Q1,14738.851,"IMF BOP (IMF.STA:BOP v21.0.0, BPM6), retrieved 2026-10-02","https://api.imf.org/external/sdmx/2.1/data/IMF.STA,BOP/HKG.A_NFA_T.D_F.USD.Q [COUNTRY=HKG, BOP_ACCOUNTING_ENTRY=A_NFA_T, INDICATOR=D_F (direct investment total), UNIT=USD, FREQ=Q]","OBS_VALUE published in USD units, divided by 1e6. reported in HKD by C&SD; converted to USD by IMF (not by us). Sign: BPM6 net acquisition of financial assets; positive = net outflow (increase in residents' DI assets abroad), negative = net disinvestment."
HKG,2016Q2,16271.595,"IMF BOP (IMF.STA:BOP v21.0.0, BPM6), retrieved 2026-10-02","https://api.imf.org/external/sdmx/2.1/data/IMF.STA,BOP/HKG.A_NFA_T.D_F.USD.Q [COUNTRY=HKG, BOP_ACCOUNTING_ENTRY=A_NFA_T, INDICATOR=D_F (direct investment total), UNIT=USD, FREQ=Q]","OBS_VALUE published in USD units, divided by 1e6. reported in HKD by C&SD; converted to USD by IMF (not by us). Sign: BPM6 net acquisition of financial assets; positive = net outflow (increase in residents' DI assets abroad), negative = net disinvestment."
HKG,2016Q3,19662.498,"IMF BOP (IMF.STA:BOP v21.0.0, BPM6), retrieved 2026-10-02","https://api.imf.org/external/sdmx/2.1/data/IMF.STA,BOP/HKG.A_NFA_T.D_F.USD.Q [COUNTRY=HKG, BOP_ACCOUNTING_ENTRY=A_NFA_T, INDICATOR=D_F (direct investment total), UNIT=USD, FREQ=Q]","OBS_VALUE published in USD units, divided by 1e6. reported in HKD by C&SD; converted to USD by IMF (not by us). Sign: BPM6 net acquisition of financial assets; positive = net outflow (increase in residents' DI assets abroad), negative = net disinvestment."
HKG,2016Q4,24879.184,"IMF BOP (IMF.STA:BOP v21.0.0, BPM6), retrieved 2026-10-02","https://api.imf.org/external/sdmx/2.1/data/IMF.STA,BOP/HKG.A_NFA_T.D_F.USD.Q [COUNTRY=HKG, BOP_ACCOUNTING_ENTRY=A_NFA_T, INDICATOR=D_F (direct investment total), UNIT=USD, FREQ=Q]","OBS_VALUE published in USD units, divided by 1e6. reported in HKD by C&SD; converted to USD by IMF (not by us). Sign: BPM6 net acquisition of financial assets; positive = net outflow (increase in residents' DI assets abroad), negative = net disinvestment."
HKG,2017Q1,22048.273,"IMF BOP (IMF.STA:BOP v21.0.0, BPM6), retrieved 2026-10-02","https://api.imf.org/external/sdmx/2.1/data/IMF.STA,BOP/HKG.A_NFA_T.D_F.USD.Q [COUNTRY=HKG, BOP_ACCOUNTING_ENTRY=A_NFA_T, INDICATOR=D_F (direct investment total), UNIT=USD, FREQ=Q]","OBS_VALUE published in USD units, divided by 1e6. reported in HKD by C&SD; converted to USD by IMF (not by us). Sign: BPM6 net acquisition of financial assets; positive = net outflow (increase in residents' DI assets abroad), negative = net disinvestment."
HKG,2017Q2,43823.217,"IMF BOP (IMF.STA:BOP v21.0.0, BPM6), retrieved 2026-10-02","https://api.imf.org/external/sdmx/2.1/data/IMF.STA,BOP/HKG.A_NFA_T.D_F.USD.Q [COUNTRY=HKG, BOP_ACCOUNTING_ENTRY=A_NFA_T, INDICATOR=D_F (direct investment total), UNIT=USD, FREQ=Q]","OBS_VALUE published in USD units, divided by 1e6. reported in HKD by C&SD; converted to USD by IMF (not by us). Sign: BPM6 net acquisition of financial assets; positive = net outflow (increase in residents' DI assets abroad), negative = net disinvestment."
HKG,2017Q3,11489.849,"IMF BOP (IMF.STA:BOP v21.0.0, BPM6), retrieved 2026-10-02","https://api.imf.org/external/sdmx/2.1/data/IMF.STA,BOP/HKG.A_NFA_T.D_F.USD.Q [COUNTRY=HKG, BOP_ACCOUNTING_ENTRY=A_NFA_T, INDICATOR=D_F (direct investment total), UNIT=USD, FREQ=Q]","OBS_VALUE published in USD units, divided by 1e6. reported in HKD by C&SD; converted to USD by IMF (not by us). Sign: BPM6 net acquisition of financial assets; positive = net outflow (increase in residents' DI assets abroad), negative = net disinvestment."
HKG,2017Q4,24400.435,"IMF BOP (IMF.STA:BOP v21.0.0, BPM6), retrieved 2026-10-02","https://api.imf.org/external/sdmx/2.1/data/IMF.STA,BOP/HKG.A_NFA_T.D_F.USD.Q [COUNTRY=HKG, BOP_ACCOUNTING_ENTRY=A_NFA_T, INDICATOR=D_F (direct investment total), UNIT=USD, FREQ=Q]","OBS_VALUE published in USD units, divided by 1e6. reported in HKD by C&SD; converted to USD by IMF (not by us). Sign: BPM6 net acquisition of financial assets; positive = net outflow (increase in residents' DI assets abroad), negative = net disinvestment."
HKG,2018Q1,35998.723,"IMF BOP (IMF.STA:BOP v21.0.0, BPM6), retrieved 2026-10-02","https://api.imf.org/external/sdmx/2.1/data/IMF.STA,BOP/HKG.A_NFA_T.D_F.USD.Q [COUNTRY=HKG, BOP_ACCOUNTING_ENTRY=A_NFA_T, INDICATOR=D_F (direct investment total), UNIT=USD, FREQ=Q]","OBS_VALUE published in USD units, divided by 1e6. reported in HKD by C&SD; converted to USD by IMF (not by us). Sign: BPM6 net acquisition of financial assets; positive = net outflow (increase in residents' DI assets abroad), negative = net disinvestment."
HKG,2018Q2,8776.914,"IMF BOP (IMF.STA:BOP v21.0.0, BPM6), retrieved 2026-10-02","https://api.imf.org/external/sdmx/2.1/data/IMF.STA,BOP/HKG.A_NFA_T.D_F.USD.Q [COUNTRY=HKG, BOP_ACCOUNTING_ENTRY=A_NFA_T, INDICATOR=D_F (direct investment total), UNIT=USD, FREQ=Q]","OBS_VALUE published in USD units, divided by 1e6. reported in HKD by C&SD; converted to USD by IMF (not by us). Sign: BPM6 net acquisition of financial assets; positive = net outflow (increase in residents' DI assets abroad), negative = net disinvestment."
HKG,2018Q3,13198.649,"IMF BOP (IMF.STA:BOP v21.0.0, BPM6), retrieved 2026-10-02","https://api.imf.org/external/sdmx/2.1/data/IMF.STA,BOP/HKG.A_NFA_T.D_F.USD.Q [COUNTRY=HKG, BOP_ACCOUNTING_ENTRY=A_NFA_T, INDICATOR=D_F (direct investment total), UNIT=USD, FREQ=Q]","OBS_VALUE published in USD units, divided by 1e6. reported in HKD by C&SD; converted to USD by IMF (not by us). Sign: BPM6 net acquisition of financial assets; positive = net outflow (increase in residents' DI assets abroad), negative = net disinvestment."
HKG,2018Q4,17037.844,"IMF BOP (IMF.STA:BOP v21.0.0, BPM6), retrieved 2026-10-02","https://api.imf.org/external/sdmx/2.1/data/IMF.STA,BOP/HKG.A_NFA_T.D_F.USD.Q [COUNTRY=HKG, BOP_ACCOUNTING_ENTRY=A_NFA_T, INDICATOR=D_F (direct investment total), UNIT=USD, FREQ=Q]","OBS_VALUE published in USD units, divided by 1e6. reported in HKD by C&SD; converted to USD by IMF (not by us). Sign: BPM6 net acquisition of financial assets; positive = net outflow (increase in residents' DI assets abroad), negative = net disinvestment."
HKG,2019Q1,34290.375,"IMF BOP (IMF.STA:BOP v21.0.0, BPM6), retrieved 2026-10-02","https://api.imf.org/external/sdmx/2.1/data/IMF.STA,BOP/HKG.A_NFA_T.D_F.USD.Q [COUNTRY=HKG, BOP_ACCOUNTING_ENTRY=A_NFA_T, INDICATOR=D_F (direct investment total), UNIT=USD, FREQ=Q]","OBS_VALUE published in USD units, divided by 1e6. reported in HKD by C&SD; converted to USD by IMF (not by us). Sign: BPM6 net acquisition of financial assets; positive = net outflow (increase in residents' DI assets abroad), negative = net disinvestment."
HKG,2019Q2,-31017.985,"IMF BOP (IMF.STA:BOP v21.0.0, BPM6), retrieved 2026-10-02","https://api.imf.org/external/sdmx/2.1/data/IMF.STA,BOP/HKG.A_NFA_T.D_F.USD.Q [COUNTRY=HKG, BOP_ACCOUNTING_ENTRY=A_NFA_T, INDICATOR=D_F (direct investment total), UNIT=USD, FREQ=Q]","OBS_VALUE published in USD units, divided by 1e6. reported in HKD by C&SD; converted to USD by IMF (not by us). Sign: BPM6 net acquisition of financial assets; positive = net outflow (increase in residents' DI assets abroad), negative = net disinvestment."
HKG,2019Q3,17226.659,"IMF BOP (IMF.STA:BOP v21.0.0, BPM6), retrieved 2026-10-02","https://api.imf.org/external/sdmx/2.1/data/IMF.STA,BOP/HKG.A_NFA_T.D_F.USD.Q [COUNTRY=HKG, BOP_ACCOUNTING_ENTRY=A_NFA_T, INDICATOR=D_F (direct investment total), UNIT=USD, FREQ=Q]","OBS_VALUE published in USD units, divided by 1e6. reported in HKD by C&SD; converted to USD by IMF (not by us). Sign: BPM6 net acquisition of financial assets; positive = net outflow (increase in residents' DI assets abroad), negative = net disinvestment."
HKG,2019Q4,17268.91,"IMF BOP (IMF.STA:BOP v21.0.0, BPM6), retrieved 2026-10-02","https://api.imf.org/external/sdmx/2.1/data/IMF.STA,BOP/HKG.A_NFA_T.D_F.USD.Q [COUNTRY=HKG, BOP_ACCOUNTING_ENTRY=A_NFA_T, INDICATOR=D_F (direct investment total), UNIT=USD, FREQ=Q]","OBS_VALUE published in USD units, divided by 1e6. reported in HKD by C&SD; converted to USD by IMF (not by us). Sign: BPM6 net acquisition of financial assets; positive = net outflow (increase in residents' DI assets abroad), negative = net disinvestment."
HKG,2020Q1,34497.362,"IMF BOP (IMF.STA:BOP v21.0.0, BPM6), retrieved 2026-10-02","https://api.imf.org/external/sdmx/2.1/data/IMF.STA,BOP/HKG.A_NFA_T.D_F.USD.Q [COUNTRY=HKG, BOP_ACCOUNTING_ENTRY=A_NFA_T, INDICATOR=D_F (direct investment total), UNIT=USD, FREQ=Q]","OBS_VALUE published in USD units, divided by 1e6. reported in HKD by C&SD; converted to USD by IMF (not by us). Sign: BPM6 net acquisition of financial assets; positive = net outflow (increase in residents' DI assets abroad), negative = net disinvestment."
HKG,2020Q2,12740.938,"IMF BOP (IMF.STA:BOP v21.0.0, BPM6), retrieved 2026-10-02","https://api.imf.org/external/sdmx/2.1/data/IMF.STA,BOP/HKG.A_NFA_T.D_F.USD.Q [COUNTRY=HKG, BOP_ACCOUNTING_ENTRY=A_NFA_T, INDICATOR=D_F (direct investment total), UNIT=USD, FREQ=Q]","OBS_VALUE published in USD units, divided by 1e6. reported in HKD by C&SD; converted to USD by IMF (not by us). Sign: BPM6 net acquisition of financial assets; positive = net outflow (increase in residents' DI assets abroad), negative = net disinvestment."
HKG,2020Q3,27105.908,"IMF BOP (IMF.STA:BOP v21.0.0, BPM6), retrieved 2026-10-02","https://api.imf.org/external/sdmx/2.1/data/IMF.STA,BOP/HKG.A_NFA_T.D_F.USD.Q [COUNTRY=HKG, BOP_ACCOUNTING_ENTRY=A_NFA_T, INDICATOR=D_F (direct investment total), UNIT=USD, FREQ=Q]","OBS_VALUE published in USD units, divided by 1e6. reported in HKD by C&SD; converted to USD by IMF (not by us). Sign: BPM6 net acquisition of financial assets; positive = net outflow (increase in residents' DI assets abroad), negative = net disinvestment."
HKG,2020Q4,9078.808,"IMF BOP (IMF.STA:BOP v21.0.0, BPM6), retrieved 2026-10-02","https://api.imf.org/external/sdmx/2.1/data/IMF.STA,BOP/HKG.A_NFA_T.D_F.USD.Q [COUNTRY=HKG, BOP_ACCOUNTING_ENTRY=A_NFA_T, INDICATOR=D_F (direct investment total), UNIT=USD, FREQ=Q]","OBS_VALUE published in USD units, divided by 1e6. reported in HKD by C&SD; converted to USD by IMF (not by us). Sign: BPM6 net acquisition of financial assets; positive = net outflow (increase in residents' DI assets abroad), negative = net disinvestment."
HKG,2021Q1,38859.371,"IMF BOP (IMF.STA:BOP v21.0.0, BPM6), retrieved 2026-10-02","https://api.imf.org/external/sdmx/2.1/data/IMF.STA,BOP/HKG.A_NFA_T.D_F.USD.Q [COUNTRY=HKG, BOP_ACCOUNTING_ENTRY=A_NFA_T, INDICATOR=D_F (direct investment total), UNIT=USD, FREQ=Q]","OBS_VALUE published in USD units, divided by 1e6. reported in HKD by C&SD; converted to USD by IMF (not by us). Sign: BPM6 net acquisition of financial assets; positive = net outflow (increase in residents' DI assets abroad), negative = net disinvestment."
HKG,2021Q2,21361.061,"IMF BOP (IMF.STA:BOP v21.0.0, BPM6), retrieved 2026-10-02","https://api.imf.org/external/sdmx/2.1/data/IMF.STA,BOP/HKG.A_NFA_T.D_F.USD.Q [COUNTRY=HKG, BOP_ACCOUNTING_ENTRY=A_NFA_T, INDICATOR=D_F (direct investment total), UNIT=USD, FREQ=Q]","OBS_VALUE published in USD units, divided by 1e6. reported in HKD by C&SD; converted to USD by IMF (not by us). Sign: BPM6 net acquisition of financial assets; positive = net outflow (increase in residents' DI assets abroad), negative = net disinvestment."
HKG,2021Q3,16395.038,"IMF BOP (IMF.STA:BOP v21.0.0, BPM6), retrieved 2026-10-02","https://api.imf.org/external/sdmx/2.1/data/IMF.STA,BOP/HKG.A_NFA_T.D_F.USD.Q [COUNTRY=HKG, BOP_ACCOUNTING_ENTRY=A_NFA_T, INDICATOR=D_F (direct investment total), UNIT=USD, FREQ=Q]","OBS_VALUE published in USD units, divided by 1e6. reported in HKD by C&SD; converted to USD by IMF (not by us). Sign: BPM6 net acquisition of financial assets; positive = net outflow (increase in residents' DI assets abroad), negative = net disinvestment."
HKG,2021Q4,16831.065,"IMF BOP (IMF.STA:BOP v21.0.0, BPM6), retrieved 2026-10-02","https://api.imf.org/external/sdmx/2.1/data/IMF.STA,BOP/HKG.A_NFA_T.D_F.USD.Q [COUNTRY=HKG, BOP_ACCOUNTING_ENTRY=A_NFA_T, INDICATOR=D_F (direct investment total), UNIT=USD, FREQ=Q]","OBS_VALUE published in USD units, divided by 1e6. reported in HKD by C&SD; converted to USD by IMF (not by us). Sign: BPM6 net acquisition of financial assets; positive = net outflow (increase in residents' DI assets abroad), negative = net disinvestment."
HKG,2022Q1,50806.815,"IMF BOP (IMF.STA:BOP v21.0.0, BPM6), retrieved 2026-10-02","https://api.imf.org/external/sdmx/2.1/data/IMF.STA,BOP/HKG.A_NFA_T.D_F.USD.Q [COUNTRY=HKG, BOP_ACCOUNTING_ENTRY=A_NFA_T, INDICATOR=D_F (direct investment total), UNIT=USD, FREQ=Q]","OBS_VALUE published in USD units, divided by 1e6. reported in HKD by C&SD; converted to USD by IMF (not by us). Sign: BPM6 net acquisition of financial assets; positive = net outflow (increase in residents' DI assets abroad), negative = net disinvestment."
HKG,2022Q2,31776.4,"IMF BOP (IMF.STA:BOP v21.0.0, BPM6), retrieved 2026-10-02","https://api.imf.org/external/sdmx/2.1/data/IMF.STA,BOP/HKG.A_NFA_T.D_F.USD.Q [COUNTRY=HKG, BOP_ACCOUNTING_ENTRY=A_NFA_T, INDICATOR=D_F (direct investment total), UNIT=USD, FREQ=Q]","OBS_VALUE published in USD units, divided by 1e6. reported in HKD by C&SD; converted to USD by IMF (not by us). Sign: BPM6 net acquisition of financial assets; positive = net outflow (increase in residents' DI assets abroad), negative = net disinvestment."
HKG,2022Q3,15506.434,"IMF BOP (IMF.STA:BOP v21.0.0, BPM6), retrieved 2026-10-02","https://api.imf.org/external/sdmx/2.1/data/IMF.STA,BOP/HKG.A_NFA_T.D_F.USD.Q [COUNTRY=HKG, BOP_ACCOUNTING_ENTRY=A_NFA_T, INDICATOR=D_F (direct investment total), UNIT=USD, FREQ=Q]","OBS_VALUE published in USD units, divided by 1e6. reported in HKD by C&SD; converted to USD by IMF (not by us). Sign: BPM6 net acquisition of financial assets; positive = net outflow (increase in residents' DI assets abroad), negative = net disinvestment."
HKG,2022Q4,20912.697,"IMF BOP (IMF.STA:BOP v21.0.0, BPM6), retrieved 2026-10-02","https://api.imf.org/external/sdmx/2.1/data/IMF.STA,BOP/HKG.A_NFA_T.D_F.USD.Q [COUNTRY=HKG, BOP_ACCOUNTING_ENTRY=A_NFA_T, INDICATOR=D_F (direct investment total), UNIT=USD, FREQ=Q]","OBS_VALUE published in USD units, divided by 1e6. reported in HKD by C&SD; converted to USD by IMF (not by us). Sign: BPM6 net acquisition of financial assets; positive = net outflow (increase in residents' DI assets abroad), negative = net disinvestment."
HKG,2023Q1,28340.548,"IMF BOP (IMF.STA:BOP v21.0.0, BPM6), retrieved 2026-10-02","https://api.imf.org/external/sdmx/2.1/data/IMF.STA,BOP/HKG.A_NFA_T.D_F.USD.Q [COUNTRY=HKG, BOP_ACCOUNTING_ENTRY=A_NFA_T, INDICATOR=D_F (direct investment total), UNIT=USD, FREQ=Q]","OBS_VALUE published in USD units, divided by 1e6. reported in HKD by C&SD; converted to USD by IMF (not by us). Sign: BPM6 net acquisition of financial assets; positive = net outflow (increase in residents' DI assets abroad), negative = net disinvestment."
HKG,2023Q2,20490.71,"IMF BOP (IMF.STA:BOP v21.0.0, BPM6), retrieved 2026-10-02","https://api.imf.org/external/sdmx/2.1/data/IMF.STA,BOP/HKG.A_NFA_T.D_F.USD.Q [COUNTRY=HKG, BOP_ACCOUNTING_ENTRY=A_NFA_T, INDICATOR=D_F (direct investment total), UNIT=USD, FREQ=Q]","OBS_VALUE published in USD units, divided by 1e6. reported in HKD by C&SD; converted to USD by IMF (not by us). Sign: BPM6 net acquisition of financial assets; positive = net outflow (increase in residents' DI assets abroad), negative = net disinvestment."
HKG,2023Q3,6181.869,"IMF BOP (IMF.STA:BOP v21.0.0, BPM6), retrieved 2026-10-02","https://api.imf.org/external/sdmx/2.1/data/IMF.STA,BOP/HKG.A_NFA_T.D_F.USD.Q [COUNTRY=HKG, BOP_ACCOUNTING_ENTRY=A_NFA_T, INDICATOR=D_F (direct investment total), UNIT=USD, FREQ=Q]","OBS_VALUE published in USD units, divided by 1e6. reported in HKD by C&SD; converted to USD by IMF (not by us). Sign: BPM6 net acquisition of financial assets; positive = net outflow (increase in residents' DI assets abroad), negative = net disinvestment."
HKG,2023Q4,41174.466,"IMF BOP (IMF.STA:BOP v21.0.0, BPM6), retrieved 2026-10-02","https://api.imf.org/external/sdmx/2.1/data/IMF.STA,BOP/HKG.A_NFA_T.D_F.USD.Q [COUNTRY=HKG, BOP_ACCOUNTING_ENTRY=A_NFA_T, INDICATOR=D_F (direct investment total), UNIT=USD, FREQ=Q]","OBS_VALUE published in USD units, divided by 1e6. reported in HKD by C&SD; converted to USD by IMF (not by us). Sign: BPM6 net acquisition of financial assets; positive = net outflow (increase in residents' DI assets abroad), negative = net disinvestment."
HKG,2024Q1,36343.789,"IMF BOP (IMF.STA:BOP v21.0.0, BPM6), retrieved 2026-10-02","https://api.imf.org/external/sdmx/2.1/data/IMF.STA,BOP/HKG.A_NFA_T.D_F.USD.Q [COUNTRY=HKG, BOP_ACCOUNTING_ENTRY=A_NFA_T, INDICATOR=D_F (direct investment total), UNIT=USD, FREQ=Q]","OBS_VALUE published in USD units, divided by 1e6. reported in HKD by C&SD; converted to USD by IMF (not by us). Sign: BPM6 net acquisition of financial assets; positive = net outflow (increase in residents' DI assets abroad), negative = net disinvestment."
HKG,2024Q2,19580.388,"IMF BOP (IMF.STA:BOP v21.0.0, BPM6), retrieved 2026-10-02","https://api.imf.org/external/sdmx/2.1/data/IMF.STA,BOP/HKG.A_NFA_T.D_F.USD.Q [COUNTRY=HKG, BOP_ACCOUNTING_ENTRY=A_NFA_T, INDICATOR=D_F (direct investment total), UNIT=USD, FREQ=Q]","OBS_VALUE published in USD units, divided by 1e6. reported in HKD by C&SD; converted to USD by IMF (not by us). Sign: BPM6 net acquisition of financial assets; positive = net outflow (increase in residents' DI assets abroad), negative = net disinvestment."
HKG,2024Q3,18153.083,"IMF BOP (IMF.STA:BOP v21.0.0, BPM6), retrieved 2026-10-02","https://api.imf.org/external/sdmx/2.1/data/IMF.STA,BOP/HKG.A_NFA_T.D_F.USD.Q [COUNTRY=HKG, BOP_ACCOUNTING_ENTRY=A_NFA_T, INDICATOR=D_F (direct investment total), UNIT=USD, FREQ=Q]","OBS_VALUE published in USD units, divided by 1e6. reported in HKD by C&SD; converted to USD by IMF (not by us). Sign: BPM6 net acquisition of financial assets; positive = net outflow (increase in residents' DI assets abroad), negative = net disinvestment."
HKG,2024Q4,6459.639,"IMF BOP (IMF.STA:BOP v21.0.0, BPM6), retrieved 2026-10-02","https://api.imf.org/external/sdmx/2.1/data/IMF.STA,BOP/HKG.A_NFA_T.D_F.USD.Q [COUNTRY=HKG, BOP_ACCOUNTING_ENTRY=A_NFA_T, INDICATOR=D_F (direct investment total), UNIT=USD, FREQ=Q]","OBS_VALUE published in USD units, divided by 1e6. reported in HKD by C&SD; converted to USD by IMF (not by us). Sign: BPM6 net acquisition of financial assets; positive = net outflow (increase in residents' DI assets abroad), negative = net disinvestment."
HKG,2025Q1,43185.144,"IMF BOP (IMF.STA:BOP v21.0.0, BPM6), retrieved 2026-10-02","https://api.imf.org/external/sdmx/2.1/data/IMF.STA,BOP/HKG.A_NFA_T.D_F.USD.Q [COUNTRY=HKG, BOP_ACCOUNTING_ENTRY=A_NFA_T, INDICATOR=D_F (direct investment total), UNIT=USD, FREQ=Q]","OBS_VALUE published in USD units, divided by 1e6. reported in HKD by C&SD; converted to USD by IMF (not by us). Sign: BPM6 net acquisition of financial assets; positive = net outflow (increase in residents' DI assets abroad), negative = net disinvestment."
HKG,2025Q2,24981.811,"IMF BOP (IMF.STA:BOP v21.0.0, BPM6), retrieved 2026-10-02","https://api.imf.org/external/sdmx/2.1/data/IMF.STA,BOP/HKG.A_NFA_T.D_F.USD.Q [COUNTRY=HKG, BOP_ACCOUNTING_ENTRY=A_NFA_T, INDICATOR=D_F (direct investment total), UNIT=USD, FREQ=Q]","OBS_VALUE published in USD units, divided by 1e6. reported in HKD by C&SD; converted to USD by IMF (not by us). Sign: BPM6 net acquisition of financial assets; positive = net outflow (increase in residents' DI assets abroad), negative = net disinvestment."
HKG,2025Q3,19772.076,"IMF BOP (IMF.STA:BOP v21.0.0, BPM6), retrieved 2026-10-02","https://api.imf.org/external/sdmx/2.1/data/IMF.STA,BOP/HKG.A_NFA_T.D_F.USD.Q [COUNTRY=HKG, BOP_ACCOUNTING_ENTRY=A_NFA_T, INDICATOR=D_F (direct investment total), UNIT=USD, FREQ=Q]","OBS_VALUE published in USD units, divided by 1e6. reported in HKD by C&SD; converted to USD by IMF (not by us). Sign: BPM6 net acquisition of financial assets; positive = net outflow (increase in residents' DI assets abroad), negative = net disinvestment."
HKG,2025Q4,11912.196,"IMF BOP (IMF.STA:BOP v21.0.0, BPM6), retrieved 2026-10-02","https://api.imf.org/external/sdmx/2.1/data/IMF.STA,BOP/HKG.A_NFA_T.D_F.USD.Q [COUNTRY=HKG, BOP_ACCOUNTING_ENTRY=A_NFA_T, INDICATOR=D_F (direct investment total), UNIT=USD, FREQ=Q]","OBS_VALUE published in USD units, divided by 1e6. reported in HKD by C&SD; converted to USD by IMF (not by us). Sign: BPM6 net acquisition of financial assets; positive = net outflow (increase in residents' DI assets abroad), negative = net disinvestment."
HKG,2026Q1,29914.776,"Hong Kong C&SD, BoP press release tables 21 Sep 2026 (Table 3: Direct investment - Assets, HK$ million; preliminary), converted by us","https://gia.info.gov.hk/general/202609/21/P2026092100306_557108_1_1789966695953.pdf ; FX: https://api.imf.org/external/sdmx/2.1/data/IMF.STA,ER/HKG.XDC_USD.PA_RT.Q","HK$ 233,774 million / 7.814667 HKD per USD (IMF ER quarterly period average, HKG.XDC_USD.PA_RT.Q). This is the rate IMF itself uses: it reproduces IMF's USD values for HKG 2025Q1-Q4 to 0.1 USD m. Preliminary C&SD figure; IMF has not yet published it. Sign: positive = net acquisition of DI assets abroad."
HKG,2026Q2,33547.369,"Hong Kong C&SD, BoP press release tables 21 Sep 2026 (Table 3: Direct investment - Assets, HK$ million; preliminary), converted by us","https://gia.info.gov.hk/general/202609/21/P2026092100306_557108_1_1789966695953.pdf ; FX: https://api.imf.org/external/sdmx/2.1/data/IMF.STA,ER/HKG.XDC_USD.PA_RT.Q","HK$ 262,866 million / 7.835667 HKD per USD (IMF ER quarterly period average, HKG.XDC_USD.PA_RT.Q). This is the rate IMF itself uses: it reproduces IMF's USD values for HKG 2025Q1-Q4 to 0.1 USD m. Preliminary C&SD figure; IMF has not yet published it. Sign: positive = net acquisition of DI assets abroad."
USA,2011Q1,139403,"IMF BOP (IMF.STA:BOP v21.0.0, BPM6), retrieved 2026-10-02","https://api.imf.org/external/sdmx/2.1/data/IMF.STA,BOP/USA.A_NFA_T.D_F.USD.Q [COUNTRY=USA, BOP_ACCOUNTING_ENTRY=A_NFA_T, INDICATOR=D_F (direct investment total), UNIT=USD, FREQ=Q]","OBS_VALUE published in USD units, divided by 1e6. reported in USD by BEA; no conversion. Sign: BPM6 net acquisition of financial assets; positive = net outflow (increase in residents' DI assets abroad), negative = net disinvestment."
USA,2011Q2,153303,"IMF BOP (IMF.STA:BOP v21.0.0, BPM6), retrieved 2026-10-02","https://api.imf.org/external/sdmx/2.1/data/IMF.STA,BOP/USA.A_NFA_T.D_F.USD.Q [COUNTRY=USA, BOP_ACCOUNTING_ENTRY=A_NFA_T, INDICATOR=D_F (direct investment total), UNIT=USD, FREQ=Q]","OBS_VALUE published in USD units, divided by 1e6. reported in USD by BEA; no conversion. Sign: BPM6 net acquisition of financial assets; positive = net outflow (increase in residents' DI assets abroad), negative = net disinvestment."
USA,2011Q3,80082,"IMF BOP (IMF.STA:BOP v21.0.0, BPM6), retrieved 2026-10-02","https://api.imf.org/external/sdmx/2.1/data/IMF.STA,BOP/USA.A_NFA_T.D_F.USD.Q [COUNTRY=USA, BOP_ACCOUNTING_ENTRY=A_NFA_T, INDICATOR=D_F (direct investment total), UNIT=USD, FREQ=Q]","OBS_VALUE published in USD units, divided by 1e6. reported in USD by BEA; no conversion. Sign: BPM6 net acquisition of financial assets; positive = net outflow (increase in residents' DI assets abroad), negative = net disinvestment."
USA,2011Q4,63828,"IMF BOP (IMF.STA:BOP v21.0.0, BPM6), retrieved 2026-10-02","https://api.imf.org/external/sdmx/2.1/data/IMF.STA,BOP/USA.A_NFA_T.D_F.USD.Q [COUNTRY=USA, BOP_ACCOUNTING_ENTRY=A_NFA_T, INDICATOR=D_F (direct investment total), UNIT=USD, FREQ=Q]","OBS_VALUE published in USD units, divided by 1e6. reported in USD by BEA; no conversion. Sign: BPM6 net acquisition of financial assets; positive = net outflow (increase in residents' DI assets abroad), negative = net disinvestment."
USA,2012Q1,119775,"IMF BOP (IMF.STA:BOP v21.0.0, BPM6), retrieved 2026-10-02","https://api.imf.org/external/sdmx/2.1/data/IMF.STA,BOP/USA.A_NFA_T.D_F.USD.Q [COUNTRY=USA, BOP_ACCOUNTING_ENTRY=A_NFA_T, INDICATOR=D_F (direct investment total), UNIT=USD, FREQ=Q]","OBS_VALUE published in USD units, divided by 1e6. reported in USD by BEA; no conversion. Sign: BPM6 net acquisition of financial assets; positive = net outflow (increase in residents' DI assets abroad), negative = net disinvestment."
USA,2012Q2,97649,"IMF BOP (IMF.STA:BOP v21.0.0, BPM6), retrieved 2026-10-02","https://api.imf.org/external/sdmx/2.1/data/IMF.STA,BOP/USA.A_NFA_T.D_F.USD.Q [COUNTRY=USA, BOP_ACCOUNTING_ENTRY=A_NFA_T, INDICATOR=D_F (direct investment total), UNIT=USD, FREQ=Q]","OBS_VALUE published in USD units, divided by 1e6. reported in USD by BEA; no conversion. Sign: BPM6 net acquisition of financial assets; positive = net outflow (increase in residents' DI assets abroad), negative = net disinvestment."
USA,2012Q3,95238,"IMF BOP (IMF.STA:BOP v21.0.0, BPM6), retrieved 2026-10-02","https://api.imf.org/external/sdmx/2.1/data/IMF.STA,BOP/USA.A_NFA_T.D_F.USD.Q [COUNTRY=USA, BOP_ACCOUNTING_ENTRY=A_NFA_T, INDICATOR=D_F (direct investment total), UNIT=USD, FREQ=Q]","OBS_VALUE published in USD units, divided by 1e6. reported in USD by BEA; no conversion. Sign: BPM6 net acquisition of financial assets; positive = net outflow (increase in residents' DI assets abroad), negative = net disinvestment."
USA,2012Q4,64578,"IMF BOP (IMF.STA:BOP v21.0.0, BPM6), retrieved 2026-10-02","https://api.imf.org/external/sdmx/2.1/data/IMF.STA,BOP/USA.A_NFA_T.D_F.USD.Q [COUNTRY=USA, BOP_ACCOUNTING_ENTRY=A_NFA_T, INDICATOR=D_F (direct investment total), UNIT=USD, FREQ=Q]","OBS_VALUE published in USD units, divided by 1e6. reported in USD by BEA; no conversion. Sign: BPM6 net acquisition of financial assets; positive = net outflow (increase in residents' DI assets abroad), negative = net disinvestment."
USA,2013Q1,84028,"IMF BOP (IMF.STA:BOP v21.0.0, BPM6), retrieved 2026-10-02","https://api.imf.org/external/sdmx/2.1/data/IMF.STA,BOP/USA.A_NFA_T.D_F.USD.Q [COUNTRY=USA, BOP_ACCOUNTING_ENTRY=A_NFA_T, INDICATOR=D_F (direct investment total), UNIT=USD, FREQ=Q]","OBS_VALUE published in USD units, divided by 1e6. reported in USD by BEA; no conversion. Sign: BPM6 net acquisition of financial assets; positive = net outflow (increase in residents' DI assets abroad), negative = net disinvestment."
USA,2013Q2,145050,"IMF BOP (IMF.STA:BOP v21.0.0, BPM6), retrieved 2026-10-02","https://api.imf.org/external/sdmx/2.1/data/IMF.STA,BOP/USA.A_NFA_T.D_F.USD.Q [COUNTRY=USA, BOP_ACCOUNTING_ENTRY=A_NFA_T, INDICATOR=D_F (direct investment total), UNIT=USD, FREQ=Q]","OBS_VALUE published in USD units, divided by 1e6. reported in USD by BEA; no conversion. Sign: BPM6 net acquisition of financial assets; positive = net outflow (increase in residents' DI assets abroad), negative = net disinvestment."
USA,2013Q3,108075,"IMF BOP (IMF.STA:BOP v21.0.0, BPM6), retrieved 2026-10-02","https://api.imf.org/external/sdmx/2.1/data/IMF.STA,BOP/USA.A_NFA_T.D_F.USD.Q [COUNTRY=USA, BOP_ACCOUNTING_ENTRY=A_NFA_T, INDICATOR=D_F (direct investment total), UNIT=USD, FREQ=Q]","OBS_VALUE published in USD units, divided by 1e6. reported in USD by BEA; no conversion. Sign: BPM6 net acquisition of financial assets; positive = net outflow (increase in residents' DI assets abroad), negative = net disinvestment."
USA,2013Q4,55643,"IMF BOP (IMF.STA:BOP v21.0.0, BPM6), retrieved 2026-10-02","https://api.imf.org/external/sdmx/2.1/data/IMF.STA,BOP/USA.A_NFA_T.D_F.USD.Q [COUNTRY=USA, BOP_ACCOUNTING_ENTRY=A_NFA_T, INDICATOR=D_F (direct investment total), UNIT=USD, FREQ=Q]","OBS_VALUE published in USD units, divided by 1e6. reported in USD by BEA; no conversion. Sign: BPM6 net acquisition of financial assets; positive = net outflow (increase in residents' DI assets abroad), negative = net disinvestment."
USA,2014Q1,79941,"IMF BOP (IMF.STA:BOP v21.0.0, BPM6), retrieved 2026-10-02","https://api.imf.org/external/sdmx/2.1/data/IMF.STA,BOP/USA.A_NFA_T.D_F.USD.Q [COUNTRY=USA, BOP_ACCOUNTING_ENTRY=A_NFA_T, INDICATOR=D_F (direct investment total), UNIT=USD, FREQ=Q]","OBS_VALUE published in USD units, divided by 1e6. reported in USD by BEA; no conversion. Sign: BPM6 net acquisition of financial assets; positive = net outflow (increase in residents' DI assets abroad), negative = net disinvestment."
USA,2014Q2,94959,"IMF BOP (IMF.STA:BOP v21.0.0, BPM6), retrieved 2026-10-02","https://api.imf.org/external/sdmx/2.1/data/IMF.STA,BOP/USA.A_NFA_T.D_F.USD.Q [COUNTRY=USA, BOP_ACCOUNTING_ENTRY=A_NFA_T, INDICATOR=D_F (direct investment total), UNIT=USD, FREQ=Q]","OBS_VALUE published in USD units, divided by 1e6. reported in USD by BEA; no conversion. Sign: BPM6 net acquisition of financial assets; positive = net outflow (increase in residents' DI assets abroad), negative = net disinvestment."
USA,2014Q3,123611,"IMF BOP (IMF.STA:BOP v21.0.0, BPM6), retrieved 2026-10-02","https://api.imf.org/external/sdmx/2.1/data/IMF.STA,BOP/USA.A_NFA_T.D_F.USD.Q [COUNTRY=USA, BOP_ACCOUNTING_ENTRY=A_NFA_T, INDICATOR=D_F (direct investment total), UNIT=USD, FREQ=Q]","OBS_VALUE published in USD units, divided by 1e6. reported in USD by BEA; no conversion. Sign: BPM6 net acquisition of financial assets; positive = net outflow (increase in residents' DI assets abroad), negative = net disinvestment."
USA,2014Q4,89018,"IMF BOP (IMF.STA:BOP v21.0.0, BPM6), retrieved 2026-10-02","https://api.imf.org/external/sdmx/2.1/data/IMF.STA,BOP/USA.A_NFA_T.D_F.USD.Q [COUNTRY=USA, BOP_ACCOUNTING_ENTRY=A_NFA_T, INDICATOR=D_F (direct investment total), UNIT=USD, FREQ=Q]","OBS_VALUE published in USD units, divided by 1e6. reported in USD by BEA; no conversion. Sign: BPM6 net acquisition of financial assets; positive = net outflow (increase in residents' DI assets abroad), negative = net disinvestment."
USA,2015Q1,100443,"IMF BOP (IMF.STA:BOP v21.0.0, BPM6), retrieved 2026-10-02","https://api.imf.org/external/sdmx/2.1/data/IMF.STA,BOP/USA.A_NFA_T.D_F.USD.Q [COUNTRY=USA, BOP_ACCOUNTING_ENTRY=A_NFA_T, INDICATOR=D_F (direct investment total), UNIT=USD, FREQ=Q]","OBS_VALUE published in USD units, divided by 1e6. reported in USD by BEA; no conversion. Sign: BPM6 net acquisition of financial assets; positive = net outflow (increase in residents' DI assets abroad), negative = net disinvestment."
USA,2015Q2,102786,"IMF BOP (IMF.STA:BOP v21.0.0, BPM6), retrieved 2026-10-02","https://api.imf.org/external/sdmx/2.1/data/IMF.STA,BOP/USA.A_NFA_T.D_F.USD.Q [COUNTRY=USA, BOP_ACCOUNTING_ENTRY=A_NFA_T, INDICATOR=D_F (direct investment total), UNIT=USD, FREQ=Q]","OBS_VALUE published in USD units, divided by 1e6. reported in USD by BEA; no conversion. Sign: BPM6 net acquisition of financial assets; positive = net outflow (increase in residents' DI assets abroad), negative = net disinvestment."
USA,2015Q3,63234,"IMF BOP (IMF.STA:BOP v21.0.0, BPM6), retrieved 2026-10-02","https://api.imf.org/external/sdmx/2.1/data/IMF.STA,BOP/USA.A_NFA_T.D_F.USD.Q [COUNTRY=USA, BOP_ACCOUNTING_ENTRY=A_NFA_T, INDICATOR=D_F (direct investment total), UNIT=USD, FREQ=Q]","OBS_VALUE published in USD units, divided by 1e6. reported in USD by BEA; no conversion. Sign: BPM6 net acquisition of financial assets; positive = net outflow (increase in residents' DI assets abroad), negative = net disinvestment."
USA,2015Q4,35608,"IMF BOP (IMF.STA:BOP v21.0.0, BPM6), retrieved 2026-10-02","https://api.imf.org/external/sdmx/2.1/data/IMF.STA,BOP/USA.A_NFA_T.D_F.USD.Q [COUNTRY=USA, BOP_ACCOUNTING_ENTRY=A_NFA_T, INDICATOR=D_F (direct investment total), UNIT=USD, FREQ=Q]","OBS_VALUE published in USD units, divided by 1e6. reported in USD by BEA; no conversion. Sign: BPM6 net acquisition of financial assets; positive = net outflow (increase in residents' DI assets abroad), negative = net disinvestment."
USA,2016Q1,89143,"IMF BOP (IMF.STA:BOP v21.0.0, BPM6), retrieved 2026-10-02","https://api.imf.org/external/sdmx/2.1/data/IMF.STA,BOP/USA.A_NFA_T.D_F.USD.Q [COUNTRY=USA, BOP_ACCOUNTING_ENTRY=A_NFA_T, INDICATOR=D_F (direct investment total), UNIT=USD, FREQ=Q]","OBS_VALUE published in USD units, divided by 1e6. reported in USD by BEA; no conversion. Sign: BPM6 net acquisition of financial assets; positive = net outflow (increase in residents' DI assets abroad), negative = net disinvestment."
USA,2016Q2,121176,"IMF BOP (IMF.STA:BOP v21.0.0, BPM6), retrieved 2026-10-02","https://api.imf.org/external/sdmx/2.1/data/IMF.STA,BOP/USA.A_NFA_T.D_F.USD.Q [COUNTRY=USA, BOP_ACCOUNTING_ENTRY=A_NFA_T, INDICATOR=D_F (direct investment total), UNIT=USD, FREQ=Q]","OBS_VALUE published in USD units, divided by 1e6. reported in USD by BEA; no conversion. Sign: BPM6 net acquisition of financial assets; positive = net outflow (increase in residents' DI assets abroad), negative = net disinvestment."
USA,2016Q3,101085,"IMF BOP (IMF.STA:BOP v21.0.0, BPM6), retrieved 2026-10-02","https://api.imf.org/external/sdmx/2.1/data/IMF.STA,BOP/USA.A_NFA_T.D_F.USD.Q [COUNTRY=USA, BOP_ACCOUNTING_ENTRY=A_NFA_T, INDICATOR=D_F (direct investment total), UNIT=USD, FREQ=Q]","OBS_VALUE published in USD units, divided by 1e6. reported in USD by BEA; no conversion. Sign: BPM6 net acquisition of financial assets; positive = net outflow (increase in residents' DI assets abroad), negative = net disinvestment."
USA,2016Q4,-11589,"IMF BOP (IMF.STA:BOP v21.0.0, BPM6), retrieved 2026-10-02","https://api.imf.org/external/sdmx/2.1/data/IMF.STA,BOP/USA.A_NFA_T.D_F.USD.Q [COUNTRY=USA, BOP_ACCOUNTING_ENTRY=A_NFA_T, INDICATOR=D_F (direct investment total), UNIT=USD, FREQ=Q]","OBS_VALUE published in USD units, divided by 1e6. reported in USD by BEA; no conversion. Sign: BPM6 net acquisition of financial assets; positive = net outflow (increase in residents' DI assets abroad), negative = net disinvestment."
USA,2017Q1,136834,"IMF BOP (IMF.STA:BOP v21.0.0, BPM6), retrieved 2026-10-02","https://api.imf.org/external/sdmx/2.1/data/IMF.STA,BOP/USA.A_NFA_T.D_F.USD.Q [COUNTRY=USA, BOP_ACCOUNTING_ENTRY=A_NFA_T, INDICATOR=D_F (direct investment total), UNIT=USD, FREQ=Q]","OBS_VALUE published in USD units, divided by 1e6. reported in USD by BEA; no conversion. Sign: BPM6 net acquisition of financial assets; positive = net outflow (increase in residents' DI assets abroad), negative = net disinvestment."
USA,2017Q2,94352,"IMF BOP (IMF.STA:BOP v21.0.0, BPM6), retrieved 2026-10-02","https://api.imf.org/external/sdmx/2.1/data/IMF.STA,BOP/USA.A_NFA_T.D_F.USD.Q [COUNTRY=USA, BOP_ACCOUNTING_ENTRY=A_NFA_T, INDICATOR=D_F (direct investment total), UNIT=USD, FREQ=Q]","OBS_VALUE published in USD units, divided by 1e6. reported in USD by BEA; no conversion. Sign: BPM6 net acquisition of financial assets; positive = net outflow (increase in residents' DI assets abroad), negative = net disinvestment."
USA,2017Q3,140232,"IMF BOP (IMF.STA:BOP v21.0.0, BPM6), retrieved 2026-10-02","https://api.imf.org/external/sdmx/2.1/data/IMF.STA,BOP/USA.A_NFA_T.D_F.USD.Q [COUNTRY=USA, BOP_ACCOUNTING_ENTRY=A_NFA_T, INDICATOR=D_F (direct investment total), UNIT=USD, FREQ=Q]","OBS_VALUE published in USD units, divided by 1e6. reported in USD by BEA; no conversion. Sign: BPM6 net acquisition of financial assets; positive = net outflow (increase in residents' DI assets abroad), negative = net disinvestment."
USA,2017Q4,37995,"IMF BOP (IMF.STA:BOP v21.0.0, BPM6), retrieved 2026-10-02","https://api.imf.org/external/sdmx/2.1/data/IMF.STA,BOP/USA.A_NFA_T.D_F.USD.Q [COUNTRY=USA, BOP_ACCOUNTING_ENTRY=A_NFA_T, INDICATOR=D_F (direct investment total), UNIT=USD, FREQ=Q]","OBS_VALUE published in USD units, divided by 1e6. reported in USD by BEA; no conversion. Sign: BPM6 net acquisition of financial assets; positive = net outflow (increase in residents' DI assets abroad), negative = net disinvestment."
USA,2018Q1,-27359,"IMF BOP (IMF.STA:BOP v21.0.0, BPM6), retrieved 2026-10-02","https://api.imf.org/external/sdmx/2.1/data/IMF.STA,BOP/USA.A_NFA_T.D_F.USD.Q [COUNTRY=USA, BOP_ACCOUNTING_ENTRY=A_NFA_T, INDICATOR=D_F (direct investment total), UNIT=USD, FREQ=Q]","OBS_VALUE published in USD units, divided by 1e6. reported in USD by BEA; no conversion. Sign: BPM6 net acquisition of financial assets; positive = net outflow (increase in residents' DI assets abroad), negative = net disinvestment."
USA,2018Q2,-58294,"IMF BOP (IMF.STA:BOP v21.0.0, BPM6), retrieved 2026-10-02","https://api.imf.org/external/sdmx/2.1/data/IMF.STA,BOP/USA.A_NFA_T.D_F.USD.Q [COUNTRY=USA, BOP_ACCOUNTING_ENTRY=A_NFA_T, INDICATOR=D_F (direct investment total), UNIT=USD, FREQ=Q]","OBS_VALUE published in USD units, divided by 1e6. reported in USD by BEA; no conversion. Sign: BPM6 net acquisition of financial assets; positive = net outflow (increase in residents' DI assets abroad), negative = net disinvestment."
USA,2018Q3,81836,"IMF BOP (IMF.STA:BOP v21.0.0, BPM6), retrieved 2026-10-02","https://api.imf.org/external/sdmx/2.1/data/IMF.STA,BOP/USA.A_NFA_T.D_F.USD.Q [COUNTRY=USA, BOP_ACCOUNTING_ENTRY=A_NFA_T, INDICATOR=D_F (direct investment total), UNIT=USD, FREQ=Q]","OBS_VALUE published in USD units, divided by 1e6. reported in USD by BEA; no conversion. Sign: BPM6 net acquisition of financial assets; positive = net outflow (increase in residents' DI assets abroad), negative = net disinvestment."
USA,2018Q4,-126903,"IMF BOP (IMF.STA:BOP v21.0.0, BPM6), retrieved 2026-10-02","https://api.imf.org/external/sdmx/2.1/data/IMF.STA,BOP/USA.A_NFA_T.D_F.USD.Q [COUNTRY=USA, BOP_ACCOUNTING_ENTRY=A_NFA_T, INDICATOR=D_F (direct investment total), UNIT=USD, FREQ=Q]","OBS_VALUE published in USD units, divided by 1e6. reported in USD by BEA; no conversion. Sign: BPM6 net acquisition of financial assets; positive = net outflow (increase in residents' DI assets abroad), negative = net disinvestment."
USA,2019Q1,1218,"IMF BOP (IMF.STA:BOP v21.0.0, BPM6), retrieved 2026-10-02","https://api.imf.org/external/sdmx/2.1/data/IMF.STA,BOP/USA.A_NFA_T.D_F.USD.Q [COUNTRY=USA, BOP_ACCOUNTING_ENTRY=A_NFA_T, INDICATOR=D_F (direct investment total), UNIT=USD, FREQ=Q]","OBS_VALUE published in USD units, divided by 1e6. reported in USD by BEA; no conversion. Sign: BPM6 net acquisition of financial assets; positive = net outflow (increase in residents' DI assets abroad), negative = net disinvestment."
USA,2019Q2,83315,"IMF BOP (IMF.STA:BOP v21.0.0, BPM6), retrieved 2026-10-02","https://api.imf.org/external/sdmx/2.1/data/IMF.STA,BOP/USA.A_NFA_T.D_F.USD.Q [COUNTRY=USA, BOP_ACCOUNTING_ENTRY=A_NFA_T, INDICATOR=D_F (direct investment total), UNIT=USD, FREQ=Q]","OBS_VALUE published in USD units, divided by 1e6. reported in USD by BEA; no conversion. Sign: BPM6 net acquisition of financial assets; positive = net outflow (increase in residents' DI assets abroad), negative = net disinvestment."
USA,2019Q3,11340,"IMF BOP (IMF.STA:BOP v21.0.0, BPM6), retrieved 2026-10-02","https://api.imf.org/external/sdmx/2.1/data/IMF.STA,BOP/USA.A_NFA_T.D_F.USD.Q [COUNTRY=USA, BOP_ACCOUNTING_ENTRY=A_NFA_T, INDICATOR=D_F (direct investment total), UNIT=USD, FREQ=Q]","OBS_VALUE published in USD units, divided by 1e6. reported in USD by BEA; no conversion. Sign: BPM6 net acquisition of financial assets; positive = net outflow (increase in residents' DI assets abroad), negative = net disinvestment."
USA,2019Q4,19054,"IMF BOP (IMF.STA:BOP v21.0.0, BPM6), retrieved 2026-10-02","https://api.imf.org/external/sdmx/2.1/data/IMF.STA,BOP/USA.A_NFA_T.D_F.USD.Q [COUNTRY=USA, BOP_ACCOUNTING_ENTRY=A_NFA_T, INDICATOR=D_F (direct investment total), UNIT=USD, FREQ=Q]","OBS_VALUE published in USD units, divided by 1e6. reported in USD by BEA; no conversion. Sign: BPM6 net acquisition of financial assets; positive = net outflow (increase in residents' DI assets abroad), negative = net disinvestment."
USA,2020Q1,31025,"IMF BOP (IMF.STA:BOP v21.0.0, BPM6), retrieved 2026-10-02","https://api.imf.org/external/sdmx/2.1/data/IMF.STA,BOP/USA.A_NFA_T.D_F.USD.Q [COUNTRY=USA, BOP_ACCOUNTING_ENTRY=A_NFA_T, INDICATOR=D_F (direct investment total), UNIT=USD, FREQ=Q]","OBS_VALUE published in USD units, divided by 1e6. reported in USD by BEA; no conversion. Sign: BPM6 net acquisition of financial assets; positive = net outflow (increase in residents' DI assets abroad), negative = net disinvestment."
USA,2020Q2,83029,"IMF BOP (IMF.STA:BOP v21.0.0, BPM6), retrieved 2026-10-02","https://api.imf.org/external/sdmx/2.1/data/IMF.STA,BOP/USA.A_NFA_T.D_F.USD.Q [COUNTRY=USA, BOP_ACCOUNTING_ENTRY=A_NFA_T, INDICATOR=D_F (direct investment total), UNIT=USD, FREQ=Q]","OBS_VALUE published in USD units, divided by 1e6. reported in USD by BEA; no conversion. Sign: BPM6 net acquisition of financial assets; positive = net outflow (increase in residents' DI assets abroad), negative = net disinvestment."
USA,2020Q3,151361,"IMF BOP (IMF.STA:BOP v21.0.0, BPM6), retrieved 2026-10-02","https://api.imf.org/external/sdmx/2.1/data/IMF.STA,BOP/USA.A_NFA_T.D_F.USD.Q [COUNTRY=USA, BOP_ACCOUNTING_ENTRY=A_NFA_T, INDICATOR=D_F (direct investment total), UNIT=USD, FREQ=Q]","OBS_VALUE published in USD units, divided by 1e6. reported in USD by BEA; no conversion. Sign: BPM6 net acquisition of financial assets; positive = net outflow (increase in residents' DI assets abroad), negative = net disinvestment."
USA,2020Q4,16916,"IMF BOP (IMF.STA:BOP v21.0.0, BPM6), retrieved 2026-10-02","https://api.imf.org/external/sdmx/2.1/data/IMF.STA,BOP/USA.A_NFA_T.D_F.USD.Q [COUNTRY=USA, BOP_ACCOUNTING_ENTRY=A_NFA_T, INDICATOR=D_F (direct investment total), UNIT=USD, FREQ=Q]","OBS_VALUE published in USD units, divided by 1e6. reported in USD by BEA; no conversion. Sign: BPM6 net acquisition of financial assets; positive = net outflow (increase in residents' DI assets abroad), negative = net disinvestment."
USA,2021Q1,82044,"IMF BOP (IMF.STA:BOP v21.0.0, BPM6), retrieved 2026-10-02","https://api.imf.org/external/sdmx/2.1/data/IMF.STA,BOP/USA.A_NFA_T.D_F.USD.Q [COUNTRY=USA, BOP_ACCOUNTING_ENTRY=A_NFA_T, INDICATOR=D_F (direct investment total), UNIT=USD, FREQ=Q]","OBS_VALUE published in USD units, divided by 1e6. reported in USD by BEA; no conversion. Sign: BPM6 net acquisition of financial assets; positive = net outflow (increase in residents' DI assets abroad), negative = net disinvestment."
USA,2021Q2,128869,"IMF BOP (IMF.STA:BOP v21.0.0, BPM6), retrieved 2026-10-02","https://api.imf.org/external/sdmx/2.1/data/IMF.STA,BOP/USA.A_NFA_T.D_F.USD.Q [COUNTRY=USA, BOP_ACCOUNTING_ENTRY=A_NFA_T, INDICATOR=D_F (direct investment total), UNIT=USD, FREQ=Q]","OBS_VALUE published in USD units, divided by 1e6. reported in USD by BEA; no conversion. Sign: BPM6 net acquisition of financial assets; positive = net outflow (increase in residents' DI assets abroad), negative = net disinvestment."
USA,2021Q3,101144,"IMF BOP (IMF.STA:BOP v21.0.0, BPM6), retrieved 2026-10-02","https://api.imf.org/external/sdmx/2.1/data/IMF.STA,BOP/USA.A_NFA_T.D_F.USD.Q [COUNTRY=USA, BOP_ACCOUNTING_ENTRY=A_NFA_T, INDICATOR=D_F (direct investment total), UNIT=USD, FREQ=Q]","OBS_VALUE published in USD units, divided by 1e6. reported in USD by BEA; no conversion. Sign: BPM6 net acquisition of financial assets; positive = net outflow (increase in residents' DI assets abroad), negative = net disinvestment."
USA,2021Q4,30094,"IMF BOP (IMF.STA:BOP v21.0.0, BPM6), retrieved 2026-10-02","https://api.imf.org/external/sdmx/2.1/data/IMF.STA,BOP/USA.A_NFA_T.D_F.USD.Q [COUNTRY=USA, BOP_ACCOUNTING_ENTRY=A_NFA_T, INDICATOR=D_F (direct investment total), UNIT=USD, FREQ=Q]","OBS_VALUE published in USD units, divided by 1e6. reported in USD by BEA; no conversion. Sign: BPM6 net acquisition of financial assets; positive = net outflow (increase in residents' DI assets abroad), negative = net disinvestment."
USA,2022Q1,167250,"IMF BOP (IMF.STA:BOP v21.0.0, BPM6), retrieved 2026-10-02","https://api.imf.org/external/sdmx/2.1/data/IMF.STA,BOP/USA.A_NFA_T.D_F.USD.Q [COUNTRY=USA, BOP_ACCOUNTING_ENTRY=A_NFA_T, INDICATOR=D_F (direct investment total), UNIT=USD, FREQ=Q]","OBS_VALUE published in USD units, divided by 1e6. reported in USD by BEA; no conversion. Sign: BPM6 net acquisition of financial assets; positive = net outflow (increase in residents' DI assets abroad), negative = net disinvestment."
USA,2022Q2,109430,"IMF BOP (IMF.STA:BOP v21.0.0, BPM6), retrieved 2026-10-02","https://api.imf.org/external/sdmx/2.1/data/IMF.STA,BOP/USA.A_NFA_T.D_F.USD.Q [COUNTRY=USA, BOP_ACCOUNTING_ENTRY=A_NFA_T, INDICATOR=D_F (direct investment total), UNIT=USD, FREQ=Q]","OBS_VALUE published in USD units, divided by 1e6. reported in USD by BEA; no conversion. Sign: BPM6 net acquisition of financial assets; positive = net outflow (increase in residents' DI assets abroad), negative = net disinvestment."
USA,2022Q3,54687,"IMF BOP (IMF.STA:BOP v21.0.0, BPM6), retrieved 2026-10-02","https://api.imf.org/external/sdmx/2.1/data/IMF.STA,BOP/USA.A_NFA_T.D_F.USD.Q [COUNTRY=USA, BOP_ACCOUNTING_ENTRY=A_NFA_T, INDICATOR=D_F (direct investment total), UNIT=USD, FREQ=Q]","OBS_VALUE published in USD units, divided by 1e6. reported in USD by BEA; no conversion. Sign: BPM6 net acquisition of financial assets; positive = net outflow (increase in residents' DI assets abroad), negative = net disinvestment."
USA,2022Q4,70503,"IMF BOP (IMF.STA:BOP v21.0.0, BPM6), retrieved 2026-10-02","https://api.imf.org/external/sdmx/2.1/data/IMF.STA,BOP/USA.A_NFA_T.D_F.USD.Q [COUNTRY=USA, BOP_ACCOUNTING_ENTRY=A_NFA_T, INDICATOR=D_F (direct investment total), UNIT=USD, FREQ=Q]","OBS_VALUE published in USD units, divided by 1e6. reported in USD by BEA; no conversion. Sign: BPM6 net acquisition of financial assets; positive = net outflow (increase in residents' DI assets abroad), negative = net disinvestment."
USA,2023Q1,70888,"IMF BOP (IMF.STA:BOP v21.0.0, BPM6), retrieved 2026-10-02","https://api.imf.org/external/sdmx/2.1/data/IMF.STA,BOP/USA.A_NFA_T.D_F.USD.Q [COUNTRY=USA, BOP_ACCOUNTING_ENTRY=A_NFA_T, INDICATOR=D_F (direct investment total), UNIT=USD, FREQ=Q]","OBS_VALUE published in USD units, divided by 1e6. reported in USD by BEA; no conversion. Sign: BPM6 net acquisition of financial assets; positive = net outflow (increase in residents' DI assets abroad), negative = net disinvestment."
USA,2023Q2,55697,"IMF BOP (IMF.STA:BOP v21.0.0, BPM6), retrieved 2026-10-02","https://api.imf.org/external/sdmx/2.1/data/IMF.STA,BOP/USA.A_NFA_T.D_F.USD.Q [COUNTRY=USA, BOP_ACCOUNTING_ENTRY=A_NFA_T, INDICATOR=D_F (direct investment total), UNIT=USD, FREQ=Q]","OBS_VALUE published in USD units, divided by 1e6. reported in USD by BEA; no conversion. Sign: BPM6 net acquisition of financial assets; positive = net outflow (increase in residents' DI assets abroad), negative = net disinvestment."
USA,2023Q3,134706,"IMF BOP (IMF.STA:BOP v21.0.0, BPM6), retrieved 2026-10-02","https://api.imf.org/external/sdmx/2.1/data/IMF.STA,BOP/USA.A_NFA_T.D_F.USD.Q [COUNTRY=USA, BOP_ACCOUNTING_ENTRY=A_NFA_T, INDICATOR=D_F (direct investment total), UNIT=USD, FREQ=Q]","OBS_VALUE published in USD units, divided by 1e6. reported in USD by BEA; no conversion. Sign: BPM6 net acquisition of financial assets; positive = net outflow (increase in residents' DI assets abroad), negative = net disinvestment."
USA,2023Q4,97900,"IMF BOP (IMF.STA:BOP v21.0.0, BPM6), retrieved 2026-10-02","https://api.imf.org/external/sdmx/2.1/data/IMF.STA,BOP/USA.A_NFA_T.D_F.USD.Q [COUNTRY=USA, BOP_ACCOUNTING_ENTRY=A_NFA_T, INDICATOR=D_F (direct investment total), UNIT=USD, FREQ=Q]","OBS_VALUE published in USD units, divided by 1e6. reported in USD by BEA; no conversion. Sign: BPM6 net acquisition of financial assets; positive = net outflow (increase in residents' DI assets abroad), negative = net disinvestment."
USA,2024Q1,79070,"IMF BOP (IMF.STA:BOP v21.0.0, BPM6), retrieved 2026-10-02","https://api.imf.org/external/sdmx/2.1/data/IMF.STA,BOP/USA.A_NFA_T.D_F.USD.Q [COUNTRY=USA, BOP_ACCOUNTING_ENTRY=A_NFA_T, INDICATOR=D_F (direct investment total), UNIT=USD, FREQ=Q]","OBS_VALUE published in USD units, divided by 1e6. reported in USD by BEA; no conversion. Sign: BPM6 net acquisition of financial assets; positive = net outflow (increase in residents' DI assets abroad), negative = net disinvestment."
USA,2024Q2,53645,"IMF BOP (IMF.STA:BOP v21.0.0, BPM6), retrieved 2026-10-02","https://api.imf.org/external/sdmx/2.1/data/IMF.STA,BOP/USA.A_NFA_T.D_F.USD.Q [COUNTRY=USA, BOP_ACCOUNTING_ENTRY=A_NFA_T, INDICATOR=D_F (direct investment total), UNIT=USD, FREQ=Q]","OBS_VALUE published in USD units, divided by 1e6. reported in USD by BEA; no conversion. Sign: BPM6 net acquisition of financial assets; positive = net outflow (increase in residents' DI assets abroad), negative = net disinvestment."
USA,2024Q3,84559,"IMF BOP (IMF.STA:BOP v21.0.0, BPM6), retrieved 2026-10-02","https://api.imf.org/external/sdmx/2.1/data/IMF.STA,BOP/USA.A_NFA_T.D_F.USD.Q [COUNTRY=USA, BOP_ACCOUNTING_ENTRY=A_NFA_T, INDICATOR=D_F (direct investment total), UNIT=USD, FREQ=Q]","OBS_VALUE published in USD units, divided by 1e6. reported in USD by BEA; no conversion. Sign: BPM6 net acquisition of financial assets; positive = net outflow (increase in residents' DI assets abroad), negative = net disinvestment."
USA,2024Q4,1614,"IMF BOP (IMF.STA:BOP v21.0.0, BPM6), retrieved 2026-10-02","https://api.imf.org/external/sdmx/2.1/data/IMF.STA,BOP/USA.A_NFA_T.D_F.USD.Q [COUNTRY=USA, BOP_ACCOUNTING_ENTRY=A_NFA_T, INDICATOR=D_F (direct investment total), UNIT=USD, FREQ=Q]","OBS_VALUE published in USD units, divided by 1e6. reported in USD by BEA; no conversion. Sign: BPM6 net acquisition of financial assets; positive = net outflow (increase in residents' DI assets abroad), negative = net disinvestment."
USA,2025Q1,144281,"IMF BOP (IMF.STA:BOP v21.0.0, BPM6), retrieved 2026-10-02","https://api.imf.org/external/sdmx/2.1/data/IMF.STA,BOP/USA.A_NFA_T.D_F.USD.Q [COUNTRY=USA, BOP_ACCOUNTING_ENTRY=A_NFA_T, INDICATOR=D_F (direct investment total), UNIT=USD, FREQ=Q]","OBS_VALUE published in USD units, divided by 1e6. reported in USD by BEA; no conversion. Sign: BPM6 net acquisition of financial assets; positive = net outflow (increase in residents' DI assets abroad), negative = net disinvestment."
USA,2025Q2,922,"IMF BOP (IMF.STA:BOP v21.0.0, BPM6), retrieved 2026-10-02","https://api.imf.org/external/sdmx/2.1/data/IMF.STA,BOP/USA.A_NFA_T.D_F.USD.Q [COUNTRY=USA, BOP_ACCOUNTING_ENTRY=A_NFA_T, INDICATOR=D_F (direct investment total), UNIT=USD, FREQ=Q]","OBS_VALUE published in USD units, divided by 1e6. reported in USD by BEA; no conversion. Sign: BPM6 net acquisition of financial assets; positive = net outflow (increase in residents' DI assets abroad), negative = net disinvestment."
USA,2025Q3,110098,"IMF BOP (IMF.STA:BOP v21.0.0, BPM6), retrieved 2026-10-02","https://api.imf.org/external/sdmx/2.1/data/IMF.STA,BOP/USA.A_NFA_T.D_F.USD.Q [COUNTRY=USA, BOP_ACCOUNTING_ENTRY=A_NFA_T, INDICATOR=D_F (direct investment total), UNIT=USD, FREQ=Q]","OBS_VALUE published in USD units, divided by 1e6. reported in USD by BEA; no conversion. Sign: BPM6 net acquisition of financial assets; positive = net outflow (increase in residents' DI assets abroad), negative = net disinvestment."
USA,2025Q4,134295,"IMF BOP (IMF.STA:BOP v21.0.0, BPM6), retrieved 2026-10-02","https://api.imf.org/external/sdmx/2.1/data/IMF.STA,BOP/USA.A_NFA_T.D_F.USD.Q [COUNTRY=USA, BOP_ACCOUNTING_ENTRY=A_NFA_T, INDICATOR=D_F (direct investment total), UNIT=USD, FREQ=Q]","OBS_VALUE published in USD units, divided by 1e6. reported in USD by BEA; no conversion. Sign: BPM6 net acquisition of financial assets; positive = net outflow (increase in residents' DI assets abroad), negative = net disinvestment."
USA,2026Q1,58479,"IMF BOP (IMF.STA:BOP v21.0.0, BPM6), retrieved 2026-10-02","https://api.imf.org/external/sdmx/2.1/data/IMF.STA,BOP/USA.A_NFA_T.D_F.USD.Q [COUNTRY=USA, BOP_ACCOUNTING_ENTRY=A_NFA_T, INDICATOR=D_F (direct investment total), UNIT=USD, FREQ=Q]","OBS_VALUE published in USD units, divided by 1e6. reported in USD by BEA; no conversion. Sign: BPM6 net acquisition of financial assets; positive = net outflow (increase in residents' DI assets abroad), negative = net disinvestment."
USA,2026Q2,153528,"IMF BOP (IMF.STA:BOP v21.0.0, BPM6), retrieved 2026-10-02","https://api.imf.org/external/sdmx/2.1/data/IMF.STA,BOP/USA.A_NFA_T.D_F.USD.Q [COUNTRY=USA, BOP_ACCOUNTING_ENTRY=A_NFA_T, INDICATOR=D_F (direct investment total), UNIT=USD, FREQ=Q]","OBS_VALUE published in USD units, divided by 1e6. reported in USD by BEA; no conversion. Sign: BPM6 net acquisition of financial assets; positive = net outflow (increase in residents' DI assets abroad), negative = net disinvestment."
TWN,2011Q1,2530,"Central Bank of the Republic of China (Taiwan), BOP statistics (BPM6), retrieved 2026-10-02","https://www.cbc.gov.tw/public/data/economic/statistics/bop/english/hist_eAQ.xlsx (Analytic Presentation by Quarter, historical 1984-2023; row 'Direct investment: assets')",Compiled in USD million by CBC; no conversion. Sign: positive = net increase in assets (outward DI). Not in the IMF BOP dataset.
TWN,2011Q2,3349,"Central Bank of the Republic of China (Taiwan), BOP statistics (BPM6), retrieved 2026-10-02","https://www.cbc.gov.tw/public/data/economic/statistics/bop/english/hist_eAQ.xlsx (Analytic Presentation by Quarter, historical 1984-2023; row 'Direct investment: assets')",Compiled in USD million by CBC; no conversion. Sign: positive = net increase in assets (outward DI). Not in the IMF BOP dataset.
TWN,2011Q3,2723,"Central Bank of the Republic of China (Taiwan), BOP statistics (BPM6), retrieved 2026-10-02","https://www.cbc.gov.tw/public/data/economic/statistics/bop/english/hist_eAQ.xlsx (Analytic Presentation by Quarter, historical 1984-2023; row 'Direct investment: assets')",Compiled in USD million by CBC; no conversion. Sign: positive = net increase in assets (outward DI). Not in the IMF BOP dataset.
TWN,2011Q4,4164,"Central Bank of the Republic of China (Taiwan), BOP statistics (BPM6), retrieved 2026-10-02","https://www.cbc.gov.tw/public/data/economic/statistics/bop/english/hist_eAQ.xlsx (Analytic Presentation by Quarter, historical 1984-2023; row 'Direct investment: assets')",Compiled in USD million by CBC; no conversion. Sign: positive = net increase in assets (outward DI). Not in the IMF BOP dataset.
TWN,2012Q1,3436,"Central Bank of the Republic of China (Taiwan), BOP statistics (BPM6), retrieved 2026-10-02","https://www.cbc.gov.tw/public/data/economic/statistics/bop/english/hist_eAQ.xlsx (Analytic Presentation by Quarter, historical 1984-2023; row 'Direct investment: assets')",Compiled in USD million by CBC; no conversion. Sign: positive = net increase in assets (outward DI). Not in the IMF BOP dataset.
TWN,2012Q2,2252,"Central Bank of the Republic of China (Taiwan), BOP statistics (BPM6), retrieved 2026-10-02","https://www.cbc.gov.tw/public/data/economic/statistics/bop/english/hist_eAQ.xlsx (Analytic Presentation by Quarter, historical 1984-2023; row 'Direct investment: assets')",Compiled in USD million by CBC; no conversion. Sign: positive = net increase in assets (outward DI). Not in the IMF BOP dataset.
TWN,2012Q3,4017,"Central Bank of the Republic of China (Taiwan), BOP statistics (BPM6), retrieved 2026-10-02","https://www.cbc.gov.tw/public/data/economic/statistics/bop/english/hist_eAQ.xlsx (Analytic Presentation by Quarter, historical 1984-2023; row 'Direct investment: assets')",Compiled in USD million by CBC; no conversion. Sign: positive = net increase in assets (outward DI). Not in the IMF BOP dataset.
TWN,2012Q4,3432,"Central Bank of the Republic of China (Taiwan), BOP statistics (BPM6), retrieved 2026-10-02","https://www.cbc.gov.tw/public/data/economic/statistics/bop/english/hist_eAQ.xlsx (Analytic Presentation by Quarter, historical 1984-2023; row 'Direct investment: assets')",Compiled in USD million by CBC; no conversion. Sign: positive = net increase in assets (outward DI). Not in the IMF BOP dataset.
TWN,2013Q1,4085,"Central Bank of the Republic of China (Taiwan), BOP statistics (BPM6), retrieved 2026-10-02","https://www.cbc.gov.tw/public/data/economic/statistics/bop/english/hist_eAQ.xlsx (Analytic Presentation by Quarter, historical 1984-2023; row 'Direct investment: assets')",Compiled in USD million by CBC; no conversion. Sign: positive = net increase in assets (outward DI). Not in the IMF BOP dataset.
TWN,2013Q2,3184,"Central Bank of the Republic of China (Taiwan), BOP statistics (BPM6), retrieved 2026-10-02","https://www.cbc.gov.tw/public/data/economic/statistics/bop/english/hist_eAQ.xlsx (Analytic Presentation by Quarter, historical 1984-2023; row 'Direct investment: assets')",Compiled in USD million by CBC; no conversion. Sign: positive = net increase in assets (outward DI). Not in the IMF BOP dataset.
TWN,2013Q3,3749,"Central Bank of the Republic of China (Taiwan), BOP statistics (BPM6), retrieved 2026-10-02","https://www.cbc.gov.tw/public/data/economic/statistics/bop/english/hist_eAQ.xlsx (Analytic Presentation by Quarter, historical 1984-2023; row 'Direct investment: assets')",Compiled in USD million by CBC; no conversion. Sign: positive = net increase in assets (outward DI). Not in the IMF BOP dataset.
TWN,2013Q4,3267,"Central Bank of the Republic of China (Taiwan), BOP statistics (BPM6), retrieved 2026-10-02","https://www.cbc.gov.tw/public/data/economic/statistics/bop/english/hist_eAQ.xlsx (Analytic Presentation by Quarter, historical 1984-2023; row 'Direct investment: assets')",Compiled in USD million by CBC; no conversion. Sign: positive = net increase in assets (outward DI). Not in the IMF BOP dataset.
TWN,2014Q1,3133,"Central Bank of the Republic of China (Taiwan), BOP statistics (BPM6), retrieved 2026-10-02","https://www.cbc.gov.tw/public/data/economic/statistics/bop/english/hist_eAQ.xlsx (Analytic Presentation by Quarter, historical 1984-2023; row 'Direct investment: assets')",Compiled in USD million by CBC; no conversion. Sign: positive = net increase in assets (outward DI). Not in the IMF BOP dataset.
TWN,2014Q2,3727,"Central Bank of the Republic of China (Taiwan), BOP statistics (BPM6), retrieved 2026-10-02","https://www.cbc.gov.tw/public/data/economic/statistics/bop/english/hist_eAQ.xlsx (Analytic Presentation by Quarter, historical 1984-2023; row 'Direct investment: assets')",Compiled in USD million by CBC; no conversion. Sign: positive = net increase in assets (outward DI). Not in the IMF BOP dataset.
TWN,2014Q3,2946,"Central Bank of the Republic of China (Taiwan), BOP statistics (BPM6), retrieved 2026-10-02","https://www.cbc.gov.tw/public/data/economic/statistics/bop/english/hist_eAQ.xlsx (Analytic Presentation by Quarter, historical 1984-2023; row 'Direct investment: assets')",Compiled in USD million by CBC; no conversion. Sign: positive = net increase in assets (outward DI). Not in the IMF BOP dataset.
TWN,2014Q4,2905,"Central Bank of the Republic of China (Taiwan), BOP statistics (BPM6), retrieved 2026-10-02","https://www.cbc.gov.tw/public/data/economic/statistics/bop/english/hist_eAQ.xlsx (Analytic Presentation by Quarter, historical 1984-2023; row 'Direct investment: assets')",Compiled in USD million by CBC; no conversion. Sign: positive = net increase in assets (outward DI). Not in the IMF BOP dataset.
TWN,2015Q1,2905,"Central Bank of the Republic of China (Taiwan), BOP statistics (BPM6), retrieved 2026-10-02","https://www.cbc.gov.tw/public/data/economic/statistics/bop/english/hist_eAQ.xlsx (Analytic Presentation by Quarter, historical 1984-2023; row 'Direct investment: assets')",Compiled in USD million by CBC; no conversion. Sign: positive = net increase in assets (outward DI). Not in the IMF BOP dataset.
TWN,2015Q2,4517,"Central Bank of the Republic of China (Taiwan), BOP statistics (BPM6), retrieved 2026-10-02","https://www.cbc.gov.tw/public/data/economic/statistics/bop/english/hist_eAQ.xlsx (Analytic Presentation by Quarter, historical 1984-2023; row 'Direct investment: assets')",Compiled in USD million by CBC; no conversion. Sign: positive = net increase in assets (outward DI). Not in the IMF BOP dataset.
TWN,2015Q3,4128,"Central Bank of the Republic of China (Taiwan), BOP statistics (BPM6), retrieved 2026-10-02","https://www.cbc.gov.tw/public/data/economic/statistics/bop/english/hist_eAQ.xlsx (Analytic Presentation by Quarter, historical 1984-2023; row 'Direct investment: assets')",Compiled in USD million by CBC; no conversion. Sign: positive = net increase in assets (outward DI). Not in the IMF BOP dataset.
TWN,2015Q4,3159,"Central Bank of the Republic of China (Taiwan), BOP statistics (BPM6), retrieved 2026-10-02","https://www.cbc.gov.tw/public/data/economic/statistics/bop/english/hist_eAQ.xlsx (Analytic Presentation by Quarter, historical 1984-2023; row 'Direct investment: assets')",Compiled in USD million by CBC; no conversion. Sign: positive = net increase in assets (outward DI). Not in the IMF BOP dataset.
TWN,2016Q1,2839,"Central Bank of the Republic of China (Taiwan), BOP statistics (BPM6), retrieved 2026-10-02","https://www.cbc.gov.tw/public/data/economic/statistics/bop/english/hist_eAQ.xlsx (Analytic Presentation by Quarter, historical 1984-2023; row 'Direct investment: assets')",Compiled in USD million by CBC; no conversion. Sign: positive = net increase in assets (outward DI). Not in the IMF BOP dataset.
TWN,2016Q2,3354,"Central Bank of the Republic of China (Taiwan), BOP statistics (BPM6), retrieved 2026-10-02","https://www.cbc.gov.tw/public/data/economic/statistics/bop/english/hist_eAQ.xlsx (Analytic Presentation by Quarter, historical 1984-2023; row 'Direct investment: assets')",Compiled in USD million by CBC; no conversion. Sign: positive = net increase in assets (outward DI). Not in the IMF BOP dataset.
TWN,2016Q3,4401,"Central Bank of the Republic of China (Taiwan), BOP statistics (BPM6), retrieved 2026-10-02","https://www.cbc.gov.tw/public/data/economic/statistics/bop/english/hist_eAQ.xlsx (Analytic Presentation by Quarter, historical 1984-2023; row 'Direct investment: assets')",Compiled in USD million by CBC; no conversion. Sign: positive = net increase in assets (outward DI). Not in the IMF BOP dataset.
TWN,2016Q4,7352,"Central Bank of the Republic of China (Taiwan), BOP statistics (BPM6), retrieved 2026-10-02","https://www.cbc.gov.tw/public/data/economic/statistics/bop/english/hist_eAQ.xlsx (Analytic Presentation by Quarter, historical 1984-2023; row 'Direct investment: assets')",Compiled in USD million by CBC; no conversion. Sign: positive = net increase in assets (outward DI). Not in the IMF BOP dataset.
TWN,2017Q1,2658,"Central Bank of the Republic of China (Taiwan), BOP statistics (BPM6), retrieved 2026-10-02","https://www.cbc.gov.tw/public/data/economic/statistics/bop/english/hist_eAQ.xlsx (Analytic Presentation by Quarter, historical 1984-2023; row 'Direct investment: assets')",Compiled in USD million by CBC; no conversion. Sign: positive = net increase in assets (outward DI). Not in the IMF BOP dataset.
TWN,2017Q2,3676,"Central Bank of the Republic of China (Taiwan), BOP statistics (BPM6), retrieved 2026-10-02","https://www.cbc.gov.tw/public/data/economic/statistics/bop/english/hist_eAQ.xlsx (Analytic Presentation by Quarter, historical 1984-2023; row 'Direct investment: assets')",Compiled in USD million by CBC; no conversion. Sign: positive = net increase in assets (outward DI). Not in the IMF BOP dataset.
TWN,2017Q3,2969,"Central Bank of the Republic of China (Taiwan), BOP statistics (BPM6), retrieved 2026-10-02","https://www.cbc.gov.tw/public/data/economic/statistics/bop/english/hist_eAQ.xlsx (Analytic Presentation by Quarter, historical 1984-2023; row 'Direct investment: assets')",Compiled in USD million by CBC; no conversion. Sign: positive = net increase in assets (outward DI). Not in the IMF BOP dataset.
TWN,2017Q4,2234,"Central Bank of the Republic of China (Taiwan), BOP statistics (BPM6), retrieved 2026-10-02","https://www.cbc.gov.tw/public/data/economic/statistics/bop/english/hist_eAQ.xlsx (Analytic Presentation by Quarter, historical 1984-2023; row 'Direct investment: assets')",Compiled in USD million by CBC; no conversion. Sign: positive = net increase in assets (outward DI). Not in the IMF BOP dataset.
TWN,2018Q1,3796,"Central Bank of the Republic of China (Taiwan), BOP statistics (BPM6), retrieved 2026-10-02","https://www.cbc.gov.tw/public/data/economic/statistics/bop/english/hist_eAQ.xlsx (Analytic Presentation by Quarter, historical 1984-2023; row 'Direct investment: assets')",Compiled in USD million by CBC; no conversion. Sign: positive = net increase in assets (outward DI). Not in the IMF BOP dataset.
TWN,2018Q2,2404,"Central Bank of the Republic of China (Taiwan), BOP statistics (BPM6), retrieved 2026-10-02","https://www.cbc.gov.tw/public/data/economic/statistics/bop/english/hist_eAQ.xlsx (Analytic Presentation by Quarter, historical 1984-2023; row 'Direct investment: assets')",Compiled in USD million by CBC; no conversion. Sign: positive = net increase in assets (outward DI). Not in the IMF BOP dataset.
TWN,2018Q3,4479,"Central Bank of the Republic of China (Taiwan), BOP statistics (BPM6), retrieved 2026-10-02","https://www.cbc.gov.tw/public/data/economic/statistics/bop/english/hist_eAQ.xlsx (Analytic Presentation by Quarter, historical 1984-2023; row 'Direct investment: assets')",Compiled in USD million by CBC; no conversion. Sign: positive = net increase in assets (outward DI). Not in the IMF BOP dataset.
TWN,2018Q4,7379,"Central Bank of the Republic of China (Taiwan), BOP statistics (BPM6), retrieved 2026-10-02","https://www.cbc.gov.tw/public/data/economic/statistics/bop/english/hist_eAQ.xlsx (Analytic Presentation by Quarter, historical 1984-2023; row 'Direct investment: assets')",Compiled in USD million by CBC; no conversion. Sign: positive = net increase in assets (outward DI). Not in the IMF BOP dataset.
TWN,2019Q1,2521,"Central Bank of the Republic of China (Taiwan), BOP statistics (BPM6), retrieved 2026-10-02","https://www.cbc.gov.tw/public/data/economic/statistics/bop/english/hist_eAQ.xlsx (Analytic Presentation by Quarter, historical 1984-2023; row 'Direct investment: assets')",Compiled in USD million by CBC; no conversion. Sign: positive = net increase in assets (outward DI). Not in the IMF BOP dataset.
TWN,2019Q2,3448,"Central Bank of the Republic of China (Taiwan), BOP statistics (BPM6), retrieved 2026-10-02","https://www.cbc.gov.tw/public/data/economic/statistics/bop/english/hist_eAQ.xlsx (Analytic Presentation by Quarter, historical 1984-2023; row 'Direct investment: assets')",Compiled in USD million by CBC; no conversion. Sign: positive = net increase in assets (outward DI). Not in the IMF BOP dataset.
TWN,2019Q3,2285,"Central Bank of the Republic of China (Taiwan), BOP statistics (BPM6), retrieved 2026-10-02","https://www.cbc.gov.tw/public/data/economic/statistics/bop/english/hist_eAQ.xlsx (Analytic Presentation by Quarter, historical 1984-2023; row 'Direct investment: assets')",Compiled in USD million by CBC; no conversion. Sign: positive = net increase in assets (outward DI). Not in the IMF BOP dataset.
TWN,2019Q4,3509,"Central Bank of the Republic of China (Taiwan), BOP statistics (BPM6), retrieved 2026-10-02","https://www.cbc.gov.tw/public/data/economic/statistics/bop/english/hist_eAQ.xlsx (Analytic Presentation by Quarter, historical 1984-2023; row 'Direct investment: assets')",Compiled in USD million by CBC; no conversion. Sign: positive = net increase in assets (outward DI). Not in the IMF BOP dataset.
TWN,2020Q1,2735,"Central Bank of the Republic of China (Taiwan), BOP statistics (BPM6), retrieved 2026-10-02","https://www.cbc.gov.tw/public/data/economic/statistics/bop/english/hist_eAQ.xlsx (Analytic Presentation by Quarter, historical 1984-2023; row 'Direct investment: assets')",Compiled in USD million by CBC; no conversion. Sign: positive = net increase in assets (outward DI). Not in the IMF BOP dataset.
TWN,2020Q2,3458,"Central Bank of the Republic of China (Taiwan), BOP statistics (BPM6), retrieved 2026-10-02","https://www.cbc.gov.tw/public/data/economic/statistics/bop/english/hist_eAQ.xlsx (Analytic Presentation by Quarter, historical 1984-2023; row 'Direct investment: assets')",Compiled in USD million by CBC; no conversion. Sign: positive = net increase in assets (outward DI). Not in the IMF BOP dataset.
TWN,2020Q3,3302,"Central Bank of the Republic of China (Taiwan), BOP statistics (BPM6), retrieved 2026-10-02","https://www.cbc.gov.tw/public/data/economic/statistics/bop/english/hist_eAQ.xlsx (Analytic Presentation by Quarter, historical 1984-2023; row 'Direct investment: assets')",Compiled in USD million by CBC; no conversion. Sign: positive = net increase in assets (outward DI). Not in the IMF BOP dataset.
TWN,2020Q4,2005,"Central Bank of the Republic of China (Taiwan), BOP statistics (BPM6), retrieved 2026-10-02","https://www.cbc.gov.tw/public/data/economic/statistics/bop/english/hist_eAQ.xlsx (Analytic Presentation by Quarter, historical 1984-2023; row 'Direct investment: assets')",Compiled in USD million by CBC; no conversion. Sign: positive = net increase in assets (outward DI). Not in the IMF BOP dataset.
TWN,2021Q1,2340,"Central Bank of the Republic of China (Taiwan), BOP statistics (BPM6), retrieved 2026-10-02","https://www.cbc.gov.tw/public/data/economic/statistics/bop/english/hist_eAQ.xlsx (Analytic Presentation by Quarter, historical 1984-2023; row 'Direct investment: assets')",Compiled in USD million by CBC; no conversion. Sign: positive = net increase in assets (outward DI). Not in the IMF BOP dataset.
TWN,2021Q2,2373,"Central Bank of the Republic of China (Taiwan), BOP statistics (BPM6), retrieved 2026-10-02","https://www.cbc.gov.tw/public/data/economic/statistics/bop/english/hist_eAQ.xlsx (Analytic Presentation by Quarter, historical 1984-2023; row 'Direct investment: assets')",Compiled in USD million by CBC; no conversion. Sign: positive = net increase in assets (outward DI). Not in the IMF BOP dataset.
TWN,2021Q3,3230,"Central Bank of the Republic of China (Taiwan), BOP statistics (BPM6), retrieved 2026-10-02","https://www.cbc.gov.tw/public/data/economic/statistics/bop/english/hist_eAQ.xlsx (Analytic Presentation by Quarter, historical 1984-2023; row 'Direct investment: assets')",Compiled in USD million by CBC; no conversion. Sign: positive = net increase in assets (outward DI). Not in the IMF BOP dataset.
TWN,2021Q4,3398,"Central Bank of the Republic of China (Taiwan), BOP statistics (BPM6), retrieved 2026-10-02","https://www.cbc.gov.tw/public/data/economic/statistics/bop/english/hist_eAQ.xlsx (Analytic Presentation by Quarter, historical 1984-2023; row 'Direct investment: assets')",Compiled in USD million by CBC; no conversion. Sign: positive = net increase in assets (outward DI). Not in the IMF BOP dataset.
TWN,2022Q1,5051,"Central Bank of the Republic of China (Taiwan), BOP statistics (BPM6), retrieved 2026-10-02","https://www.cbc.gov.tw/public/data/economic/statistics/bop/english/hist_eAQ.xlsx (Analytic Presentation by Quarter, historical 1984-2023; row 'Direct investment: assets')",Compiled in USD million by CBC; no conversion. Sign: positive = net increase in assets (outward DI). Not in the IMF BOP dataset.
TWN,2022Q2,3415,"Central Bank of the Republic of China (Taiwan), BOP statistics (BPM6), retrieved 2026-10-02","https://www.cbc.gov.tw/public/data/economic/statistics/bop/english/hist_eAQ.xlsx (Analytic Presentation by Quarter, historical 1984-2023; row 'Direct investment: assets')",Compiled in USD million by CBC; no conversion. Sign: positive = net increase in assets (outward DI). Not in the IMF BOP dataset.
TWN,2022Q3,2217,"Central Bank of the Republic of China (Taiwan), BOP statistics (BPM6), retrieved 2026-10-02","https://www.cbc.gov.tw/public/data/economic/statistics/bop/english/hist_eAQ.xlsx (Analytic Presentation by Quarter, historical 1984-2023; row 'Direct investment: assets')",Compiled in USD million by CBC; no conversion. Sign: positive = net increase in assets (outward DI). Not in the IMF BOP dataset.
TWN,2022Q4,4906,"Central Bank of the Republic of China (Taiwan), BOP statistics (BPM6), retrieved 2026-10-02","https://www.cbc.gov.tw/public/data/economic/statistics/bop/english/hist_eAQ.xlsx (Analytic Presentation by Quarter, historical 1984-2023; row 'Direct investment: assets')",Compiled in USD million by CBC; no conversion. Sign: positive = net increase in assets (outward DI). Not in the IMF BOP dataset.
TWN,2023Q1,5600,"Central Bank of the Republic of China (Taiwan), BOP statistics (BPM6), retrieved 2026-10-02","https://www.cbc.gov.tw/public/data/economic/statistics/bop/english/hist_eAQ.xlsx (Analytic Presentation by Quarter, historical 1984-2023; row 'Direct investment: assets')",Compiled in USD million by CBC; no conversion. Sign: positive = net increase in assets (outward DI). Not in the IMF BOP dataset.
TWN,2023Q2,2986,"Central Bank of the Republic of China (Taiwan), BOP statistics (BPM6), retrieved 2026-10-02","https://www.cbc.gov.tw/public/data/economic/statistics/bop/english/hist_eAQ.xlsx (Analytic Presentation by Quarter, historical 1984-2023; row 'Direct investment: assets')",Compiled in USD million by CBC; no conversion. Sign: positive = net increase in assets (outward DI). Not in the IMF BOP dataset.
TWN,2023Q3,6176,"Central Bank of the Republic of China (Taiwan), BOP statistics (BPM6), retrieved 2026-10-02","https://www.cbc.gov.tw/public/data/economic/statistics/bop/english/hist_eAQ.xlsx (Analytic Presentation by Quarter, historical 1984-2023; row 'Direct investment: assets')",Compiled in USD million by CBC; no conversion. Sign: positive = net increase in assets (outward DI). Not in the IMF BOP dataset.
TWN,2023Q4,9988,"Central Bank of the Republic of China (Taiwan), BOP statistics (BPM6), retrieved 2026-10-02","https://www.cbc.gov.tw/public/data/economic/statistics/bop/english/hist_eAQ.xlsx (Analytic Presentation by Quarter, historical 1984-2023; row 'Direct investment: assets')",Compiled in USD million by CBC; no conversion. Sign: positive = net increase in assets (outward DI). Not in the IMF BOP dataset.
TWN,2024Q1,3576,"Central Bank of the Republic of China (Taiwan), BOP statistics (BPM6), retrieved 2026-10-02","https://www.cbc.gov.tw/Public/Data/economic/statistics/bop/english/eAQ.xlsx (Analytic Presentation by Quarter, latest release 2026-08-20; row 'Direct investment: assets')",Compiled in USD million by CBC; no conversion. Sign: positive = net increase in assets (outward DI). Not in the IMF BOP dataset. Revised (r) in latest release.
TWN,2024Q2,10730,"Central Bank of the Republic of China (Taiwan), BOP statistics (BPM6), retrieved 2026-10-02","https://www.cbc.gov.tw/Public/Data/economic/statistics/bop/english/eAQ.xlsx (Analytic Presentation by Quarter, latest release 2026-08-20; row 'Direct investment: assets')",Compiled in USD million by CBC; no conversion. Sign: positive = net increase in assets (outward DI). Not in the IMF BOP dataset. Revised (r) in latest release.
TWN,2024Q3,10679,"Central Bank of the Republic of China (Taiwan), BOP statistics (BPM6), retrieved 2026-10-02","https://www.cbc.gov.tw/Public/Data/economic/statistics/bop/english/eAQ.xlsx (Analytic Presentation by Quarter, latest release 2026-08-20; row 'Direct investment: assets')",Compiled in USD million by CBC; no conversion. Sign: positive = net increase in assets (outward DI). Not in the IMF BOP dataset. Revised (r) in latest release.
TWN,2024Q4,7027,"Central Bank of the Republic of China (Taiwan), BOP statistics (BPM6), retrieved 2026-10-02","https://www.cbc.gov.tw/Public/Data/economic/statistics/bop/english/eAQ.xlsx (Analytic Presentation by Quarter, latest release 2026-08-20; row 'Direct investment: assets')",Compiled in USD million by CBC; no conversion. Sign: positive = net increase in assets (outward DI). Not in the IMF BOP dataset. Revised (r) in latest release.
TWN,2025Q1,7572,"Central Bank of the Republic of China (Taiwan), BOP statistics (BPM6), retrieved 2026-10-02","https://www.cbc.gov.tw/Public/Data/economic/statistics/bop/english/eAQ.xlsx (Analytic Presentation by Quarter, latest release 2026-08-20; row 'Direct investment: assets')",Compiled in USD million by CBC; no conversion. Sign: positive = net increase in assets (outward DI). Not in the IMF BOP dataset. Revised (r) in latest release.
TWN,2025Q2,18997,"Central Bank of the Republic of China (Taiwan), BOP statistics (BPM6), retrieved 2026-10-02","https://www.cbc.gov.tw/Public/Data/economic/statistics/bop/english/eAQ.xlsx (Analytic Presentation by Quarter, latest release 2026-08-20; row 'Direct investment: assets')",Compiled in USD million by CBC; no conversion. Sign: positive = net increase in assets (outward DI). Not in the IMF BOP dataset. Revised (r) in latest release.
TWN,2025Q3,9925,"Central Bank of the Republic of China (Taiwan), BOP statistics (BPM6), retrieved 2026-10-02","https://www.cbc.gov.tw/Public/Data/economic/statistics/bop/english/eAQ.xlsx (Analytic Presentation by Quarter, latest release 2026-08-20; row 'Direct investment: assets')",Compiled in USD million by CBC; no conversion. Sign: positive = net increase in assets (outward DI). Not in the IMF BOP dataset. Revised (r) in latest release.
TWN,2025Q4,8876,"Central Bank of the Republic of China (Taiwan), BOP statistics (BPM6), retrieved 2026-10-02","https://www.cbc.gov.tw/Public/Data/economic/statistics/bop/english/eAQ.xlsx (Analytic Presentation by Quarter, latest release 2026-08-20; row 'Direct investment: assets')",Compiled in USD million by CBC; no conversion. Sign: positive = net increase in assets (outward DI). Not in the IMF BOP dataset. Revised (r) in latest release.
TWN,2026Q1,10017,"Central Bank of the Republic of China (Taiwan), BOP statistics (BPM6), retrieved 2026-10-02","https://www.cbc.gov.tw/Public/Data/economic/statistics/bop/english/eAQ.xlsx (Analytic Presentation by Quarter, latest release 2026-08-20; row 'Direct investment: assets')",Compiled in USD million by CBC; no conversion. Sign: positive = net increase in assets (outward DI). Not in the IMF BOP dataset. Revised (r) in latest release.
TWN,2026Q2,11037,"Central Bank of the Republic of China (Taiwan), BOP statistics (BPM6), retrieved 2026-10-02","https://www.cbc.gov.tw/Public/Data/economic/statistics/bop/english/eAQ.xlsx (Analytic Presentation by Quarter, latest release 2026-08-20; row 'Direct investment: assets')",Compiled in USD million by CBC; no conversion. Sign: positive = net increase in assets (outward DI). Not in the IMF BOP dataset. Preliminary (p).
