year,label,projects,capital_usd_m,extra_cols,row_text
2006,Tæng sè - Total,987,12003.8,9096.8;2907.0,"Tæng sè - Total                                     987              12003,8          9096,8              2907,0"
2006,Ên ®é - India,6,87.8,87.8,"Ên ®é - India                                       6                87,8             87,8"
2006,Ba Lan - Poland,2,62.7,62.7,"Ba Lan - Poland                                     2                62,7             62,7"
2006,Ba-ha-ma - Bahama,1,60.0,60.0,"Ba-ha-ma - Bahama                                   1                60,0             60,0"
2006,Bª-li-xª - Belize,1,6.0,5.0;1.0,"Bª-li-xª - Belize                                   1                6,0              5,0                 1,0"
2006,BØ - Belgium,2,5.6,0.5;5.1,"BØ - Belgium                                        2                5,6              0,5                 5,1"
2006,British West Indies,1,104.1,6.1;98.0,"British West Indies                                 1                104,1            6,1                 98,0"
2006,Bru-n©y - Brunei,12,53.2,44.9;8.2,"Bru-n©y - Brunei                                    12               53,2             44,9                8,2"
2006,Ca-na-da - Canada,3,76.3,27.1;49.2,"Ca-na-da - Canada                                   3                76,3             27,1                49,2"
2006,CHLB §øc - F.R. Germany,12,33.2,26.6;6.6,"CHLB §øc - F.R. Germany                             12               33,2             26,6                6,6"
2006,§Æc khu HC Hång C«ng (TQ) / Hong kong SAR (China),28,1693.0,1233.5;459.5,"§Æc khu HC Hång C«ng (TQ)                           28               1693,0           1233,5              459,5"
2006,§µi Loan - Taiwan,128,845.8,244.3;601.5,"§µi Loan - Taiwan                                   128              845,8            244,3               601,5"
2006,§an M¹ch - Denmark,9,9.3,9.3,"§an M¹ch - Denmark                                  9                9,3              9,3"
2006,Hµ Lan - Netherlands,11,345.6,90.9;254.7,"Hµ Lan - Netherlands                                11               345,6            90,9                254,7"
2006,Hµn Quèc - Korea Rep. of,253,3106.5,2929.3;177.1,"Hµn Quèc - Korea Rep. of                            253              3106,5           2929,3              177,1"
2006,Hoa Kú - United States,55,816.5,780.2;36.3,"Hoa Kú - United States                              55               816,5            780,2               36,3"
2006,Liªn bang Nga - Fed. Russian,5,14.5,7.5;7.0,"Liªn bang Nga - Fed. Russian                        5                14,5             7,5                 7,0"
2006,Lóc-xăm-bua - Luxembourg,1,3.2,3.2,"Lóc-xăm-bua - Luxembourg                            1                3,2              3,2"
2006,Ma-lai-xi-a - Malaysia,25,91.6,29.4;62.2,"Ma-lai-xi-a - Malaysia                              25               91,6             29,4                62,2"
2006,Ma-ri-ti-us - Mauritius,6,27.1,16.6;10.5,"Ma-ri-ti-us - Mauritius                             6                27,1             16,6                10,5"
2006,main counterparts projects Vèn cÊp míi Vèn t¨ng thªm capital capital / NhËt B¶n - Japan,154,1490.4,1083.2;407.3,"NhËt B¶n - Japan                                    154              1490,4           1083,2              407,3"
2006,Niu-di-l©n - New Zealand,2,9.3,9.3,"Niu-di-l©n - New Zealand                            2                9,3              9,3"
2006,¤x-tr©y-li-a - Australia,15,25.4,11.0;14.4,"¤x-tr©y-li-a - Australia                            15               25,4             11,0                14,4"
2006,Ph¸p - France,19,68.1,36.1;32.0,"Ph¸p - France                                       19               68,1             36,1                32,0"
2006,QuÇn ®¶o Cay men - Cayman Islands,5,713.8,606.3;107.5,"QuÇn ®¶o Cay men - Cayman Islands                   5                713,8            606,3               107,5"
2006,QuÇn ®¶o Cha-nen - Channel Islands,1,11.3,0.3;11.0,"QuÇn ®¶o Cha-nen - Channel Islands                  1                11,3             0,3                 11,0"
2006,QuÇn ®¶o Virgin thuéc Anh / British Virgin Islands,24,623.2,480.7;142.6,"QuÇn ®¶o Virgin thuéc Anh                           24               623,2            480,7               142,6"
2006,Sa-moa - Samoa,14,155.7,148.7;7.0,"Sa-moa - Samoa                                      14               155,7            148,7               7,0"
2006,Th¸i Lan - Thailand,17,150.2,62.4;87.8,"Th¸i Lan - Thailand                                 17               150,2            62,4                87,8"
2006,Thôy §iÓn - Sweden,2,21.6,6.6;15.0,"Thôy §iÓn - Sweden                                  2                21,6             6,6                 15,0"
2006,Thôy Sü - Switzerland,8,51.0,51.0,"Thôy  Sü - Switzerland                              8                51,0             51,0"
2006,"CHND Trung Hoa - China, PR",77,401.3,371.6;29.7,"CHND Trung Hoa - China, PR                          77               401,3            371,6               29,7"
2006,V­¬ng quèc Anh - United Kingdom,10,80.5,50.3;30.2,"V­¬ng quèc Anh - United Kingdom                     10               80,5             50,3                30,2"
2006,Xin-ga-po - Singapore,59,675.3,443.3;232.0,"Xin-ga-po - Singapore                               59               675,3            443,3               232,0"
2007,Tæng sè - Total,1544,21347.8,18718.3;2629.5,"Tæng sè - Total                      1544    21347,8          18718,3            2629,5"
2007,Ai-len - Ireland,2,3.9,3.9,"Ai-len - Ireland                      2       3,9                                    3,9"
2007,Ai-x¬-len - Iceland,2,3.8,3.8,"Ai-x¬-len - Iceland                   2       3,8                3,8"
2007,Ên §é - India,7,39.1,39.1,"Ên §é - India                         7      39,1              39,1"
2007,BÐc-mu-®a - Bermuda,1,15.5,15.5,"BÐc-mu-®a - Bermuda                   1      15,5              15,5"
2007,Bª-li-xª - Belize,1,10.0,10.0,"Bª-li-xª - Belize                     1      10,0              10,0"
2007,Bru-n©y - Brunei,15,70.9,61.9;9.0,"Bru-n©y - Brunei                    15       70,9              61,9                  9,0"
2007,Cam-pu-chia - Cambodia,2,2.0,2.0,"Cam-pu-chia - Cambodia                2       2,0                2,0"
2007,Ca-na-da - Canada,6,146.0,145.0;1.0,"Ca-na-da - Canada                     6     146,0             145,0                  1,0"
2007,CHLB §øc - F.R. Germany,16,168.0,166.2;1.8,"CHLB §øc - F.R. Germany             16      168,0             166,2                  1,8"
2007,"CHND Trung Hoa - China, PR",130,572.5,553.7;18.8,"CHND Trung Hoa - China, PR         130      572,5             553,7                 18,8"
2007,Céng hoµ SÐc - Czech Rep. of,5,13.3,13.3,"Céng hoµ SÐc - Czech Rep. of          5      13,3              13,3"
2007,C«-xta-ri-ca - Costa Rica,1,16.5,16.5,"C«-xta-ri-ca - Costa Rica             1      16,5              16,5"
2007,§Æc khu HC Hång C«ng (TQ) / Hong kong SAR (China),73,607.4,353.5;253.9,"Hong kong SAR (China)               73      607,4             353,5                253,9"
2007,§Æc khu HC Ma-cao (TQ) / Macao SAR (China),1,18.0,18.0,"Macao SAR (China)                     1      18,0              18,0"
2007,§µi Loan - Taiwan,230,2489.7,1798.0;691.7,"§µi Loan - Taiwan                  230     2489,7           1798,0                 691,7"
2007,§an M¹ch - Denmark,11,7.3,4.3;3.0,"§an M¹ch - Denmark                  11        7,3                4,3                 3,0"
2007,Hµ Lan - Netherlands,13,236.3,159.8;76.5,"Hµ Lan - Netherlands                13      236,3             159,8                 76,5"
2007,Hµn Quèc - Korea Rep. of,423,5395.4,4850.2;545.2,"Hµn Quèc - Korea Rep. of           423     5395,4           4850,2                 545,2"
2007,Hoa Kú - United States,66,388.3,358.0;30.3,"Hoa Kú - United States              66      388,3             358,0                 30,3"
2007,In-®«-nª-xi-a - Indonesia,5,15.3,15.3,"In-®«-nª-xi-a - Indonesia             5      15,3              15,3"
2007,I-ta-li-a - Italy,4,49.6,49.6,"I-ta-li-a - Italy                     4      49,6              49,6"
2007,I-xra-en - Israel,2,1.1,1.1,"I-xra-en - Israel                     2       1,1                1,1"
2007,projects Vèn cÊp míi Vèn t¨ng thªm capital capital / Lµo - Laos,1,25.0,25.0,"Lµo - Laos                                         1      25,0              25,0"
2007,Liªn bang Nga - Fed. Russian,5,12.0,9.9;2.1,"Liªn bang Nga - Fed. Russian                       5      12,0                9,9                 2,1"
2007,Ma-lai-xi-a - Malaysia,46,1172.6,1090.4;82.2,"Ma-lai-xi-a - Malaysia                         46       1172,6           1090,4                  82,2"
2007,Ma-ri-ti-us - Mauritius,3,9.9,6.9;3.0,"Ma-ri-ti-us - Mauritius                            3       9,9                6,9                 3,0"
2007,Na Uy - Norway,1,3.2,3.2,"Na Uy - Norway                                     1       3,2                3,2"
2007,NhËt B¶n - Japan,159,1385.9,951.6;434.3,"NhËt B¶n - Japan                              159       1385,9             951,6                434,3"
2007,Niu-di-l©n - New Zealand,2,35.3,35.0;0.3,"Niu-di-l©n - New Zealand                           2      35,3              35,0                  0,3"
2007,¤x-tr©y-li-a - Australia,36,215.4,190.4;25.0,"¤x-tr©y-li-a - Australia                       36        215,4             190,4                 25,0"
2007,Pa-na-ma - Panama,2,3.6,2.5;1.1,"Pa-na-ma - Panama                                  2       3,6                2,5                 1,1"
2007,PhÇn Lan - Finland,2,17.1,17.1,"PhÇn Lan - Finland                                 2      17,1              17,1"
2007,Ph¸p - France,22,226.2,160.6;65.6,"Ph¸p - France                                  22        226,2             160,6                 65,6"
2007,Phi-lip-pin - Philippines,6,40.5,26.2;14.3,"Phi-lip-pin - Philippines                          6      40,5              26,2                 14,3"
2007,QuÇn ®¶o Cay men - Cayman Islands,6,158.2,155.2;3.0,"QuÇn ®¶o Cay men - Cayman Islands                  6     158,2             155,2                  3,0"
2007,QuÇn ®¶o Cha-nen - Channel Islands,2,10.5,0.3;10.2,"QuÇn ®¶o Cha-nen - Channel Islands                 2      10,5                0,3                10,2"
2007,QuÇn ®¶o Virgin thuéc Anh / British Virgin Islands,60,4410.5,4343.2;67.3,"60       4410,5           4343,2                  67,3"
2007,SÝp - Cyprus,1,1.5,1.5,"SÝp - Cyprus                                       1       1,5                1,5"
2007,Th¸i Lan - Thailand,25,291.7,288.6;3.1,"Th¸i Lan - Thailand                            25        291,7             288,6                  3,1"
2007,Thôy §iÓn - Sweden,5,2.3,2.1;0.2,"Thôy §iÓn - Sweden                                 5       2,3                2,1                 0,2"
2007,Thôy Sü - Switzerland,4,5.0,2.2;2.8,"Thôy Sü - Switzerland                              4       5,0                2,2                 2,8"
2007,V−¬ng quèc Anh - United Kingdom,18,80.5,47.1;33.4,"V−¬ng quèc Anh - United Kingdom                18         80,5              47,1                 33,4"
2007,Xa-moa - Samoa,17,384.1,210.7;173.4,"Xa-moa - Samoa                                 17        384,1             210,7                173,4"
2007,Xin-ga-po - Singapore,89,2572.3,2508.0;64.3,"Xin-ga-po - Singapore                          89       2572,3           2508,0                  64,3"
2007,Xl«-vª-nia - Slovenia,2,4.0,4.0,"Xl«-vª-nia - Slovenia                              2       4,0                4,0"
2008,TæNG Sè - TOTAL,1171,64011.0,,"TæNG Sè - TOTAL                             1171                  64011,0"
2008,Ên §é - India,4,3.1,,"Ên §é - India                                   4                       3,1"
2008,¸o - Austria,1,0.6,,"¸o - Austria                                    1                       0,6"
2008,Ba-ra-®èt - Barados,1,2.5,,"Ba-ra-®èt - Barados                             1                       2,5"
2008,Bª-li-xª - Belize,1,12.1,,"Bª-li-xª - Belize                               1                     12,1"
2008,BØ - Belgium,2,0.4,,"BØ - Belgium                                    2                       0,4"
2008,Bru-n©y - Brunei,19,4417.8,,"Bru-n©y - Brunei                              19                   4417,8"
2008,Bun-ga-ri - Bulgaria,2,12.0,,"Bun-ga-ri - Bulgaria                            2                     12,0"
2008,Ca-na-®a - Canada,9,4237.7,,"Ca-na-®a - Canada                               9                  4237,7"
2008,C¸c TiÓu v−¬ng quèc ¶-rËp Thèng nhÊt / United Arab Emirates,1,112.0,,"United Arab Emirates                            1                    112,0"
2008,CHLB §øc - FR. Germany,16,56.6,,"CHLB §øc - FR. Germany                        16                      56,6"
2008,"CHND Trung Hoa - China, PR",73,373.5,,"CHND Trung Hoa - China, PR                    73                     373,5"
2008,Céng hßa SÐc - Czech Rep. of,2,4.0,,"Céng hßa SÐc - Czech Rep. of                    2                       4,0"
2008,§Æc khu HC Hång C«ng (TQ) / Hong Kong SAR (China),50,409.0,,"Hong Kong SAR (China)                         50                     409,0"
2008,§µi Loan - Taiwan,132,8851.7,,"§µi Loan - Taiwan                            132                   8851,7"
2008,§an M¹ch - Denmark,13,82.6,,"§an M¹ch - Denmark                            13                      82,6"
2008,Hµ Lan - Netherlands,11,16.9,,"Hµ Lan - Netherlands                          11                      16,9"
2008,Hµn Quèc - Korea Rep. of,292,2019.0,,"Hµn Quèc - Korea Rep. of                     292                   2019,0"
2008,Hoa Kú - United States,53,1519.4,,"Hoa Kú - United States                        53                   1519,4"
2008,In-®«-nª-xi-a - Indonesia,2,5.8,,"In-®«-nª-xi-a - Indonesia                       2                       5,8"
2008,I-ta-li-a - Italy,6,20.5,,"I-ta-li-a - Italy                               6                     20,5"
2008,I-xra-en - Israel,1,3.0,,"I-xra-en - Israel                               1                       3,0"
2008,Liªn bang Nga - Fed. Russian,5,69.0,,"Liªn bang Nga - Fed. Russian                    5                     69,0"
2008,Ma-lai-xi-a - Malaysia,55,14969.2,,"Ma-lai-xi-a - Malaysia                                         55                    14969,2"
2008,Ma-ri-ti-us - Mauritius,4,19.1,,"Ma-ri-ti-us - Mauritius                                          4                       19,1"
2008,NhËt B¶n - Japan,105,7578.7,,"NhËt B¶n - Japan                                              105                     7578,7"
2008,Niu Di-l©n - New Zealand,3,2.5,,"Niu Di-l©n - New Zealand                                         3                         2,5"
2008,¤x-tr©y-lia - Australia,24,56.7,,"¤x-tr©y-lia - Australia                                        24                        56,7"
2008,Ph¸p - France,38,87.5,,"Ph¸p - France                                                  38                        87,5"
2008,Phi-li-pin - The Philippines,4,8.4,,"Phi-li-pin - The Philippines                                     4                         8,4"
2008,QuÇn ®¶o Cay men - Cayman Islands,5,2712.2,,"QuÇn ®¶o Cay men - Cayman Islands                                5                    2712,2"
2008,QuÇn ®¶o Virgin thuéc Anh / British Virgin Islands,49,4052.6,,"British Virgin Islands                                         49                     4052,6"
2008,SÝp - Cyprus,3,2200.1,,"SÝp - Cyprus                                                     3                    2200,1"
2008,Th¸i Lan - Thailand,32,4046.2,,"Th¸i Lan - Thailand                                            32                     4046,2"
2008,Thæ NhÜ Kú - Turkey,1,7.3,,"Thæ NhÜ Kú - Turkey                                              1                         7,3"
2008,Thôy §iÓn - Sweden,3,11.3,,"Thôy §iÓn - Sweden                                               3                       11,3"
2008,Thôy Sü - Switzerland,11,658.9,,"Thôy Sü - Switzerland                                          11                       658,9"
2008,V−¬ng quèc Anh - United Kingdom,17,565.1,,"V−¬ng quèc Anh - United Kingdom                                17                       565,1"
2008,Xa-moa - Samoa,10,178.8,,"Xa-moa - Samoa                                                 10                       178,8"
2008,Xin-ga-po - Singapore,101,4495.8,,"Xin-ga-po - Singapore                                         101                     4495,8"
2009,TæNG Sè - TOTAL,1208,23107.3,,"TæNG Sè - TOTAL                                              1208                   23107,3"
2009,Hoa Kú - United States,70,9945.1,,"Hoa Kú - United States                                          70                   9945,1"
2009,QuÇn ®¶o Cay men - Cayman Islands,5,2203.4,,"QuÇn ®¶o Cay men - Cayman Islands                                5                   2203,4"
2009,Hµn Quèc - Korea Rep. of,315,1911.5,,"Hµn Quèc - Korea Rep. of                                       315                   1911,5"
2009,Xa-moa - Samoa,6,1766.4,,"Xa-moa - Samoa                                                   6                   1766,4"
2009,§µi Loan - Taiwan,95,1626.5,,"§µi Loan - Taiwan                                               95                   1626,5"
2009,QuÇn ®¶o Vigin thuéc Anh - British Virgin Islands,38,1101.4,,"QuÇn ®¶o Vigin thuéc Anh - British Virgin Islands               38                   1101,4"
2009,Xin-ga-po - Singapore,115,922.5,,"Xin-ga-po - Singapore                                          115                    922,5"
2009,§Æc khu hµnh chÝnh Hång C«ng (TQ) / Hong Kong SAR (China),50,774.9,,"Hong Kong SAR (China)                                           50                     774,9"
2009,NhËt B¶n - Japan,102,715.0,,"NhËt B¶n - Japan                                               102                     715,0"
2009,"CHND Trung Hoa - China, PR",76,380.0,,"CHND Trung Hoa - China, PR                                      76                     380,0"
2009,Liªn bang Nga - Fed. Russian,6,335.0,,"Liªn bang Nga - Fed. Russian                                     6                     335,0"
2009,Ma-lai-xi-a - Malaysia,42,223.6,,"Ma-lai-xi-a - Malaysia                                          42                     223,6"
2009,Lóc-x¨m-bua - Luxembourg,2,187.8,,"Lóc-x¨m-bua - Luxembourg                                         2                     187,8"
2009,Hµ Lan - Netherlands,19,165.9,,"Hµ Lan - Netherlands                                            19                     165,9"
2009,Ph¸p - France,42,123.6,,"Ph¸p - France                                                   42                     123,6"
2009,CHLB §øc - F.R Germany,17,102.9,,"CHLB §øc - F.R Germany                                          17                     102,9"
2009,Th¸i Lan - Thailand,27,102.8,,"Th¸i Lan - Thailand                                             27                     102,8"
2009,¤x-tr©y-li-a - Australia,28,93.3,,"¤x-tr©y-li-a - Australia                                        28                      93,3"
2009,§an M¹ch - Denmark,14,87.0,,"§an M¹ch - Denmark                                              14                      87,0"
2009,I-ta-li-a - Italy,7,57.2,,"I-ta-li-a - Italy                                                7                      57,2"
2009,V−¬ng quèc Anh - United Kingdom,11,50.8,,"V−¬ng quèc Anh - United Kingdom                                 11                      50,8"
2009,Bru-n©y - Brunei,22,34.7,,"Bru-n©y - Brunei                                                22                      34,7"
2009,Ca-na-®a - Canada,16,24.7,,"Ca-na-®a - Canada                                               16                      24,7"
2009,Phi-li-pin - The Philippines,5,18.5,,"Phi-li-pin - The Philippines                                     5                      18,5"
2009,Bun-ga-ri - Bulgaria,2,16.4,,"Bun-ga-ri - Bulgaria                                             2                      16,4"
2010,TæNG Sè - TOTAL,1237,19886.1,,"TæNG Sè - TOTAL                                               1237                 19886,1"
2010,Xin-ga-po - Singapore,111,4585.6,,"Xin-ga-po - Singapore                                          111                  4585,6"
2010,Hµn Quèc - Korea Rep. of,313,2545.2,,"Hµn Quèc - Korea Rep. of                                       313                  2545,2"
2010,Hµ Lan - Netherlands,16,2417.5,,"Hµ Lan - Netherlands                                            16                  2417,5"
2010,NhËt B¶n - Japan,144,2399.0,,"NhËt B¶n - Japan                                               144                  2399,0"
2010,Hoa Kú - United States,64,1936.0,,"Hoa Kú - United States                                          64                  1936,0"
2010,§µi Loan - Taiwan,126,1453.1,,"§µi Loan - Taiwan                                              126                  1453,1"
2010,QuÇn ®¶o Vigin thuéc Anh - British Virgin Islands,28,823.1,,"QuÇn ®¶o Vigin thuéc Anh - British Virgin Islands               28                   823,1"
2010,"CHND Trung Hoa - China, PR",105,685.0,,"CHND Trung Hoa - China, PR                                     105                   685,0"
2010,QuÇn ®¶o Cay men - Cayman Islands,5,565.8,,"QuÇn ®¶o Cay men - Cayman Islands                                5                   565,8"
2010,Ma-lai-xi-a - Malaysia,31,491.3,,"Ma-lai-xi-a - Malaysia                                          31                   491,3"
2010,T©y Ên thuéc Anh - British West Indies,1,475.8,,"T©y Ên thuéc Anh - British West Indies                           1                   475,8"
2010,Thôy Sü - Switzerland,5,290.7,,"Thôy Sü - Switzerland                                            5                   290,7"
2010,§Æc khu hµnh chÝnh Hång C«ng (TQ) / Hong Kong SAR (China),59,248.7,,"Hong Kong SAR (China)                                           59                    248,7"
2010,Th¸i Lan - Thailand,20,166.2,,"Th¸i Lan - Thailand                                             20                    166,2"
2010,Liªn bang Nga - Fed. Russian,8,146.0,,"Liªn bang Nga - Fed. Russian                                     8                    146,0"
2010,Lóc-x¨m-bua - Luxembourg,2,110.4,,"Lóc-x¨m-bua - Luxembourg                                         2                    110,4"
2010,Sl«-va-ki-a - Slovakia,3,102.4,,"Sl«-va-ki-a - Slovakia                                           3                    102,4"
2010,V­¬ng quèc Anh - United Kingdom,13,56.7,,"V­¬ng quèc Anh - United Kingdom                                 13                     56,7"
2010,Lµo - Lao PDR,2,50.2,,"Lµo - Lao PDR                                                    2                     50,2"
2010,Ca-na-®a - Canada,13,48.2,,"Ca-na-®a - Canada                                               13                     48,2"
2010,CHLB §øc - F.R Germany,22,46.1,,"CHLB §øc - F.R Germany                                          22                     46,1"
2010,¤x-tr©y-li-a - Australia,18,34.5,,"¤x-tr©y-li-a - Australia                                        18                     34,5"
2010,Bru-n©y - Brunei,10,32.7,,"Bru-n©y - Brunei                                                10                     32,7"
2010,Ph¸p - France,41,30.1,,"Ph¸p - France                                                   41                     30,1"
2010,I-xra-en - Israel,3,19.1,,"I-xra-en - Israel                                                3                     19,1"
2010,TiÓu VQ A-rËp Thèng nhÊt - United Arab Emirates,2,16.2,,"TiÓu VQ A-rËp Thèng nhÊt - United Arab Emirates                  2                     16,2"
2011,TæNG Sè - TOTAL,1186,15598.1,,"TæNG Sè - TOTAL                                               1186                 15598,1"
2011,§Æc khu hµnh chÝnh Hång C«ng (TQ) / Hong Kong SAR (China),53,3460.7,,"Hong Kong SAR (China)                                           53                  3460,7"
2011,NhËt B¶n - Japan,227,2622.0,,"NhËt B¶n - Japan                                               227                  2622,0"
2011,Xin-ga-po - Singapore,113,2306.4,,"Xin-ga-po - Singapore                                          113                  2306,4"
2011,Hµn Quèc - Korea Rep. of,288,1540.2,,"Hµn Quèc - Korea Rep. of                                       288                  1540,2"
2011,"CHND Trung Hoa - China, PR",85,757.7,,"CHND Trung Hoa - China, PR                                      85                   757,7"
2011,§µi Loan - Taiwan,69,579.0,,"§µi Loan - Taiwan                                               69                   579,0"
2011,QuÇn ®¶o Vigin thuéc Anh - British Virgin Islands,21,496.8,,"QuÇn ®¶o Vigin thuéc Anh - British Virgin Islands               21                   496,8"
2011,Ma-lai-xi-a - Malaysia,23,458.3,,"Ma-lai-xi-a - Malaysia                                          23                   458,3"
2011,Lóc-x¨m-bua - Luxembourg,3,398.1,,"Lóc-x¨m-bua - Luxembourg                                         3                   398,1"
2011,Hµ Lan - Netherlands,15,394.2,,"Hµ Lan - Netherlands                                            15                   394,2"
2011,V−¬ng quèc Anh - United Kingdom,14,334.5,,"V−¬ng quèc Anh - United Kingdom                                 14                   334,5"
2011,PhÇn Lan - Finland,2,302.1,,"PhÇn Lan - Finland                                               2                   302,1"
2011,Hoa Kú - United States,48,299.9,,"Hoa Kú - United States                                          48                   299,9"
2011,Xa-moa - Samoa,6,277.6,,"Xa-moa - Samoa                                                   6                   277,6"
2011,Thôy Sü - Switzerland,9,269.0,,"Thôy Sü - Switzerland                                            9                   269,0"
2011,Th¸i Lan - Thailand,36,212.4,,"Th¸i Lan - Thailand                                             36                   212,4"
2011,¤x-tr©y-li-a - Australia,25,188.3,,"¤x-tr©y-li-a - Australia                                        25                   188,3"
2011,SÝp - Cyprus,2,144.3,,"SÝp - Cyprus                                                     2                   144,3"
2011,Bru-n©y - Brunei,11,79.5,,"Bru-n©y - Brunei                                                11                    79,5"
2011,QuÇn ®¶o Cay men - Cayman Islands,1,69.6,,"QuÇn ®¶o Cay men - Cayman Islands                                1                    69,6"
2011,Ph¸p - France,20,62.9,,"Ph¸p - France                                                   20                    62,9"
2011,CHLB §øc - F.R Germany,14,56.3,,"CHLB §øc - F.R Germany                                          14                    56,3"
2011,Ca-na-®a - Canada,14,52.8,,"Ca-na-®a - Canada                                               14                    52,8"
2011,Liªn bang Nga - Fed. Russian,7,38.7,,"Liªn bang Nga - Fed. Russian                                     7                    38,7"
2012,TỔNG SỐ - TOTAL,1287,16348.0,,"TỔNG SỐ - TOTAL                                                    1287               16348,0"
2012,Nhật Bản - Japan,317,5593.1,,"Nhật Bản - Japan                                                  317                 5593,1"
2012,Đài Loan - Taiwan,59,2658.1,,"Đài Loan - Taiwan                                                  59                 2658,1"
2012,Xin-ga-po - Singapore,116,1938.0,,"Xin-ga-po - Singapore                                             116                 1938,0"
2012,Hàn Quốc - Korea Rep. of,277,1285.2,,"Hàn Quốc - Korea Rep. of                                          277                 1285,2"
2012,Xa-moa - Samoa,6,910.1,,"Xa-moa - Samoa                                                      6                  910,1"
2012,Quần đảo Vigin thuộc Anh - British Virgin Islands,22,822.1,,"Quần đảo Vigin thuộc Anh - British Virgin Islands                  22                  822,1"
2012,Đặc khu hành chính Hồng Công (TQ) - Hong Kong SAR (China),51,729.1,,"Đặc khu hành chính Hồng Công (TQ) - Hong Kong SAR (China)          51                  729,1"
2012,Síp - Cyprus,2,378.1,,"Síp - Cyprus                                                        2                  378,1"
2012,"CHND Trung Hoa - China, PR",76,371.2,,"CHND Trung Hoa - China, PR                                         76                  371,2"
2012,Ma-lai-xi-a - Malaysia,45,238.4,,"Ma-lai-xi-a - Malaysia                                             45                  238,4"
2012,Thái Lan - Thailand,25,199.4,,"Thái Lan - Thailand                                                25                  199,4"
2012,CHLB Đức - F.R Germany,22,188.8,,"CHLB Đức - F.R Germany                                             22                  188,8"
2012,Hoa Kỳ - United States,45,160.4,,"Hoa Kỳ - United States                                             45                  160,4"
2012,Liên bang Nga - Fed. Russian,11,143.1,,"Liên bang Nga - Fed. Russian                                       11                  143,1"
2012,Hà Lan - Netherlands,19,119.1,,"Hà Lan - Netherlands                                               19                  119,1"
2012,Pháp - France,40,108.9,,"Pháp - France                                                      40                  108,9"
2012,Xlô-va-ki-a - Slovakia,1,87.6,,"Xlô-va-ki-a - Slovakia                                              1                   87,6"
2012,I-ta-li-a - Italy,9,65.2,,"I-ta-li-a - Italy                                                   9                   65,2"
2012,In-đô-nê-xi-a - Indonesia,4,57.9,,"In-đô-nê-xi-a - Indonesia                                           4                   57,9"
2012,Vương quốc Anh / United Kingdom,11,43.2,,"United Kingdom                                                      11                   43,2"
2012,Pa-na-ma - Panama,1,32.0,,"Pa-na-ma - Panama                                                    1                   32,0"
2012,Bỉ - Belgium,5,29.6,,"Bỉ - Belgium                                                         5                   29,6"
2012,Na Uy - Norway,3,28.0,,"Na Uy - Norway                                                       3                   28,0"
2012,Phi-li-pin - Philippines,6,21.9,,"Phi-li-pin - Philippines                                             6                   21,9"
2012,Ca-na-đa - Canada,15,21.6,,"Ca-na-đa - Canada                                                   15                   21,6"
2012,Ấn Độ - India,10,19.7,,"Ấn Độ - India                                                       10                   19,7"
2012,Lúc-xăm-bua - Luxembourg,2,11.3,,"Lúc-xăm-bua - Luxembourg                                             2                   11,3"
2012,Ốt-xtrây-li-a - Australia,20,11.3,,"Ốt-xtrây-li-a - Australia                                           20                   11,3"
2013,TỔNG SỐ - TOTAL,1530,22352.2,,"TỔNG SỐ - TOTAL                                                       1530             22352,2"
2013,Nhật Bản - Japan,352,5875.5,,"Nhật Bản - Japan                                                352               5875,5"
2013,Xin-ga-po - Singapore,130,4769.0,,"Xin-ga-po - Singapore                                           130               4769,0"
2013,Hàn Quốc - Korea Rep. of,427,4466.0,,"Hàn Quốc - Korea Rep. of                                        427               4466,0"
2013,"CHND Trung Hoa - China, PR",110,2338.6,,"CHND Trung Hoa - China, PR                                      110               2338,6"
2013,Liên bang Nga - Fed. Russian,13,1031.9,,"Liên bang Nga - Fed. Russian                                     13               1031,9"
2013,Đặc khu hành chính Hồng Công (TQ) / Hong Kong SAR (China),72,729.9,,"Hong Kong SAR (China)                                            72                729,9"
2013,Đài Loan - Taiwan,75,637.3,,"Đài Loan - Taiwan                                                75                637,3"
2013,Hà Lan - Netherlands,21,398.7,,"Hà Lan - Netherlands                                             21                398,7"
2013,Quần đảo Cay men - Cayman Islands,4,372.7,,"Quần đảo Cay men - Cayman Islands                                 4                372,7"
2013,Quần đảo Vigin thuộc Anh - British Virgin Islands,17,309.3,,"Quần đảo Vigin thuộc Anh - British Virgin Islands                17                309,3"
2013,Thái Lan - Thailand,44,204.7,,"Thái Lan - Thailand                                              44                204,7"
2013,Vương quốc Anh - United Kingdom,16,193.7,,"Vương quốc Anh - United Kingdom                                  16                193,7"
2013,Ma-lai-xi-a - Malaysia,23,147.8,,"Ma-lai-xi-a - Malaysia                                           23                147,8"
2013,Ôx-trây-li-a - Australia,24,139.8,,"Ôx-trây-li-a - Australia                                         24                139,8"
2013,Hoa Kỳ - United States,44,130.4,,"Hoa Kỳ - United States                                           44                130,4"
2013,CHLB Đức - F.R Germany,23,122.0,,"CHLB Đức - F.R Germany                                           23                122,0"
2013,Pháp - France,22,84.4,,"Pháp - France                                                    22                  84,4"
2013,Bru-nây - Brunei,15,82.7,,"Bru-nây - Brunei                                                 15                  82,7"
2013,Đan Mạch - Denmark,5,56.8,,"Đan Mạch - Denmark                                                5                  56,8"
2013,Quần đảo Cúc - Cook Islands,0,49.0,,"Quần đảo Cúc - Cook Islands                                       0                  49,0"
2013,In-đô-nê-xi-a - Indonesia,4,39.9,,"In-đô-nê-xi-a - Indonesia                                         4                  39,9"
2013,Xa-moa - Samoa,8,32.9,,"Xa-moa - Samoa                                                    8                  32,9"
2013,Ca-na-đa - Canada,7,27.7,,"Ca-na-đa - Canada                                                 7                  27,7"
2013,Áo - Austria,0,19.0,,"Áo - Austria                                                      0                  19,0"
2013,Lúc-xăm-bua - Luxembourg,3,16.4,,"Lúc-xăm-bua - Luxembourg                                          3                  16,4"
2013,Bơ-mu-đa - Bermuda,1,15.0,,"Bơ-mu-đa - Bermuda                                                1                  15,0"
2014,TỔNG SỐ - TOTAL,1843,21921.7,,"TỔNG SỐ - TOTAL                                                     1843               21921,7"
2014,Hàn Quốc - Korea Rep. of,588,7705.0,,"Hàn Quốc - Korea Rep. of                                       588                7705,0"
2014,Đặc khu hành chính Hồng Công (TQ) - Hong Kong SAR (China),112,3036.4,,"Đặc khu hành chính Hồng Công (TQ) - Hong Kong SAR (China)      112                3036,4"
2014,Xin-ga-po - Singapore,119,2892.8,,"Xin-ga-po - Singapore                                          119                2892,8"
2014,Nhật Bản - Japan,342,2299.0,,"Nhật Bản - Japan                                               342                2299,0"
2014,Đài Loan - Taiwan,101,1228.9,,"Đài Loan - Taiwan                                              101                1228,9"
2014,Quần đảo Virgin thuộc Anh - British Virgin Islands,29,790.4,,"Quần đảo Virgin thuộc Anh - British Virgin Islands              29                 790,4"
2014,"CHND Trung Hoa - China, PR",112,497.1,,"CHND Trung Hoa - China, PR                                     112                 497,1"
2014,Ma-lai-xi-a - Malaysia,36,388.4,,"Ma-lai-xi-a - Malaysia                                          36                 388,4"
2014,Vương quốc Anh - United Kingdom,23,346.3,,"Vương quốc Anh - United Kingdom                                 23                 346,3"
2014,Hoa Kỳ - United States,43,309.6,,"Hoa Kỳ - United States                                          43                 309,6"
2014,Ca-na-da - Canada,13,297.0,,"Ca-na-da - Canada                                               13                 297,0"
2014,Bỉ - Belgium,7,281.7,,"Bỉ - Belgium                                                     7                 281,7"
2014,Xa-moa - Samoa,17,261.5,,"Xa-moa - Samoa                                                  17                 261,5"
2014,Thái Lan - Thailand,41,232.8,,"Thái Lan - Thailand                                             41                 232,8"
2014,Hà Lan - Netherlands,31,204.5,,"Hà Lan - Netherlands                                            31                 204,5"
2014,CHLB Đức - F.R Germany,28,173.8,,"CHLB Đức - F.R Germany                                          28                 173,8"
2014,Ôx-trây-li-a - Australia,30,147.4,,"Ôx-trây-li-a - Australia                                        30                 147,4"
2014,Thụy Sỹ - Switzerland,6,116.7,,"Thụy Sỹ - Switzerland                                            6                 116,7"
2014,I-ta-li-a - Italy,9,108.7,,"I-ta-li-a - Italy                                                9                 108,7"
2014,Quần đảo Cay men - Cayman Islands,2,87.9,,"Quần đảo Cay men - Cayman Islands                                2                  87,9"
2014,Bru-nây - Brunei,16,87.4,,"Bru-nây - Brunei                                                16                  87,4"
2014,In-đô-nê-xi-a - Indonesia,3,53.1,,"In-đô-nê-xi-a - Indonesia                                        3                  53,1"
2014,Pháp - France,25,47.6,,"Pháp - France                                                   25                  47,6"
2014,Ấn Độ - India,15,44.8,,"Ấn Độ - India                                                   15                  44,8"
2014,Ba Lan - Poland,2,39.1,,"Ba Lan - Poland                                                  2                  39,1"
2014,CH Xây-sen - Seychelles,7,35.1,,"CH Xây-sen - Seychelles                                          7                  35,1"
2014,Lúc-xăm-bua - Luxembourg,5,23.9,,"Lúc-xăm-bua - Luxembourg                                         5                  23,9"
2014,Ma-ri-ti-us - Mauritius,4,17.7,,"Ma-ri-ti-us - Mauritius                                          4                  17,7"
2014,Áo - Austria,,15.0,,"Áo - Austria                                                                        15,0"
2014,Liên bang Nga - Fed. Russian,9,11.5,,"Liên bang Nga - Fed. Russian                                      9                 11,5"
2014,Đan Mạch - Denmark,5,6.9,,"Đan Mạch - Denmark                                                5                  6,9"
2014,Bơ-mu-đa - Bermuda,,6.0,,"Bơ-mu-đa - Bermuda                                                                   6,0"
2014,Niu-di-lân - New Zealand,3,4.2,,"Niu-di-lân - New Zealand                                          3                  4,2"
2014,Na Uy - Norway,,3.9,,"Na Uy - Norway                                                                       3,9"
2014,Hung-ga-ry - Hungary,1,0.2,,"Hung-ga-ry - Hungary                                              1                  0,2"
2015,TỔNG SỐ - TOTAL,2120,24115.0,,"TỔNG SỐ - TOTAL                                                  2120               24115,0"
2015,Hàn Quốc - Korea Rep. of,736,6983.2,,"Hàn Quốc - Korea Rep. of                                       736                6983,2"
2015,Ma-lai-xi-a - Malaysia,29,2478.8,,"Ma-lai-xi-a - Malaysia                                          29                2478,8"
2015,Xin-ga-po - Singapore,138,2082.5,,"Xin-ga-po - Singapore                                          138                2082,5"
2015,Nhật Bản - Japan,319,1803.4,,"Nhật Bản - Japan                                               319                1803,4"
2015,Đài Loan - Taiwan,115,1468.2,,"Đài Loan - Taiwan                                              115                1468,2"
2015,Xa-moa - Samoa,24,1395.2,,"Xa-moa - Samoa                                                  24                1395,2"
2015,Vương quốc Anh - United Kingdom,32,1288.7,,"Vương quốc Anh - United Kingdom                                 32                1288,7"
2015,Quần đảo Virgin thuộc Anh - British Virgin Islands,56,1217.3,,"Quần đảo Virgin thuộc Anh - British Virgin Islands              56                1217,3"
2015,Đặc khu hành chính Hồng Công (TQ) - Hong Kong SAR (China),96,1148.1,,"Đặc khu hành chính Hồng Công (TQ) - Hong Kong SAR (China)       96                1148,1"
2015,"CHND Trung Hoa - China, PR",175,744.1,,"CHND Trung Hoa - China, PR                                     175                  744,1"
2015,Thổ Nhĩ Kỳ - Turkey,2,660.3,,"Thổ Nhĩ Kỳ - Turkey                                              2                  660,3"
2015,Hà Lan - Netherlands,26,430.5,,"Hà Lan - Netherlands                                            26                  430,5"
2015,Thái Lan - Thailand,35,337.4,,"Thái Lan - Thailand                                             35                  337,4"
2015,CH Xây-sen - Seychelles,19,316.2,,"CH Xây-sen - Seychelles                                         19                  316,2"
2015,Quần đảo Cay men - Cayman Islands,6,258.3,,"Quần đảo Cay men - Cayman Islands                                6                  258,3"
2015,Hoa Kỳ - United States,57,224.4,,"Hoa Kỳ - United States                                          57                  224,4"
2015,Ô-xtrây-li-a - Australia,36,200.4,,"Ô-xtrây-li-a - Australia                                        36                  200,4"
2015,Bru-nây - Brunei,20,197.6,,"Bru-nây - Brunei                                                20                  197,6"
2015,Tây Ấn thuộc Anh - British West Indies,4,156.0,,"Tây Ấn thuộc Anh - British West Indies                           4                  156,0"
2015,Ấn Độ - India,24,141.8,,"Ấn Độ - India                                                   24                  141,8"
2015,Thụy Sỹ - Switzerland,9,102.2,,"Thụy Sỹ - Switzerland                                            9                  102,2"
2015,Pháp - France,28,99.0,,"Pháp - France                                                   28                   99,0"
2015,Đan Mạch - Denmark,8,76.0,,"Đan Mạch - Denmark                                               8                   76,0"
2015,CHLB Đức - F.R Germany,18,74.3,,"CHLB Đức - F.R Germany                                          18                   74,3"
2015,Xri Lan-ca - Sri Lanka,4,59.1,,"Xri Lan-ca - Sri Lanka                                           4                   59,1"
2015,Lúc-xăm-bua - Luxembourg,5,22.2,,"Lúc-xăm-bua - Luxembourg                                         5                   22,2"
2015,In-đô-nê-xi-a - Indonesia,5,21.6,,"In-đô-nê-xi-a - Indonesia                                        5                   21,6"
2015,I-ta-li-a - Italy,9,15.9,,"I-ta-li-a - Italy                                         9                   15,9"
2015,Liên bang Nga - Fed. Russian,9,12.0,,"Liên bang Nga - Fed. Russian                              9                   12,0"
2015,Niu-di-lân - New Zealand,,11.0,,"Niu-di-lân - New Zealand                                                      11,0"
2015,Síp - Cyprus,,6.4,,"Síp - Cyprus                                                                   6,4"
2015,Ca-na-đa - Canada,10,6.1,,"Ca-na-đa - Canada                                        10                    6,1"
2015,Phi-li-pin - The Philippines,4,5.5,,"Phi-li-pin - The Philippines                              4                    5,5"
2015,Bê-li-xê - Belize,,5.0,,"Bê-li-xê - Belize                                                              5,0"
2015,Quần đảo Mác-san - Marshall Islands,1,5.0,,"Quần đảo Mác-san - Marshall Islands                       1                    5,0"
2015,Áo - Austria,3,3.0,,"Áo - Austria                                              3                    3,0"
2015,Tây Ban Nha - Spain,10,2.6,,"Tây Ban Nha - Spain                                      10                    2,6"
2015,Bỉ - Belgium,4,2.4,,"Bỉ - Belgium                                              4                    2,4"
2015,Na Uy - Norway,2,2.1,,"Na Uy - Norway                                            2                    2,1"
2015,Thụy Điển - Sweden,4,0.5,,"Thụy Điển - Sweden                                        4                    0,5"
2015,Phần Lan - Finland,4,0.4,,"Phần Lan - Finland                                        4                    0,4"
2015,Hung-ga-ri - Hungary,2,0.1,,"Hung-ga-ri - Hungary                                      2                    0,1"
2017,TỔNG SỐ - TOTAL,2741,37100.6,,"TỔNG SỐ - TOTAL                                                   2741                37100,6"
2017,Nhật Bản - Japan,397,9204.7,,"Nhật Bản - Japan                                                 397                 9204,7"
2017,Hàn Quốc - Korea Rep. of,895,8720.0,,"Hàn Quốc - Korea Rep. of                                         895                 8720,0"
2017,Xin-ga-po - Singapore,194,5894.9,,"Xin-ga-po - Singapore                                            194                 5894,9"
2017,"CHND Trung Hoa - China, PR",295,2137.6,,"CHND Trung Hoa - China, PR                                       295                 2137,6"
2017,Quần đảo Virgin thuộc Anh - British Virgin Islands,44,1650.8,,"Quần đảo Virgin thuộc Anh - British Virgin Islands                 44                1650,8"
2017,Đặc khu hành chính Hồng Công (TQ) - Hong Kong SAR (China),145,1566.6,,"Đặc khu hành chính Hồng Công (TQ) - Hong Kong SAR (China)        145                 1566,6"
2017,Đài Loan - Taiwan,117,1532.7,,"Đài Loan - Taiwan                                                117                 1532,7"
2017,Hoa Kỳ - United States,80,874.4,,"Hoa Kỳ - United States                                             80                  874,4"
2017,Hà Lan - Netherlands,39,822.5,,"Hà Lan - Netherlands                                               39                  822,5"
2017,Thái Lan - Thailand,52,624.9,,"Thái Lan - Thailand                                                52                  624,9"
2017,Xa-moa - Samoa,39,574.2,,"Xa-moa - Samoa                                                     39                  574,2"
2017,CHLB Đức - F.R Germany,33,413.9,,"CHLB Đức - F.R Germany                                             33                  413,9"
2017,Quần đảo Cay men - Cayman Islands,8,411.4,,"Quần đảo Cay men - Cayman Islands                                   8                  411,4"
2017,Bỉ - Belgium,4,375.1,,"Bỉ - Belgium                                                        4                  375,1"
2017,Vương quốc Ô man - Oman,3,327.0,,"Vương quốc Ô man - Oman                                             3                  327,0"
2017,Ma-lai-xi-a - Malaysia,30,297.7,,"Ma-lai-xi-a - Malaysia                                             30                  297,7"
2017,Vương quốc Anh - United Kingdom,40,244.9,,"Vương quốc Anh - United Kingdom                                    40                  244,9"
2017,Ấn Độ - India,44,187.6,,"Ấn Độ - India                                                      44                  187,6"
2017,CH Xây-sen - Seychelles,29,180.4,,"CH Xây-sen - Seychelles                                            29                  180,4"
2017,Ôx-trây-li-a - Australia,36,153.5,,"Ôx-trây-li-a - Australia                                           36                  153,5"
2017,Pháp - France,48,109.3,,"Pháp - France                                                      48                  109,3"
2017,Quốc đảo Marshall - Marshall Islands,,100.1,,"Quốc đảo Marshall - Marshall Islands                                                   100,1"
2017,Đan Mạch - Denmark,5,69.6,,"Đan Mạch - Denmark                                                  5                   69,6"
2017,Bru-nây - Brunei,2,55.5,,"Bru-nây - Brunei                                                    2                   55,5"
2017,Ca-na-đa - Canada,8,46.4,,"Ca-na-đa - Canada                                                   8                   46,4"
2017,In-đô-nê-xi-a - Indonesia,14,45.8,,"In-đô-nê-xi-a - Indonesia                                          14                   45,8"
2017,Thụy Sỹ - Switzerland,6,44.7,,"Thụy Sỹ - Switzerland                                               6                   44,7"
2017,Liên bang Nga - Fed. Russian,9,43.7,,"Liên bang Nga - Fed. Russian                                        9                   43,7"
2017,Bê-li-xê - Belize,4,36.5,,"Bê-li-xê - Belize                                                   4                   36,5"
2017,Ba Lan - Poland,1,36.4,,"Ba Lan - Poland                                                     1                   36,4"
2017,Ăng-gô-la - Angola,,33.3,,"Ăng-gô-la - Angola                                                                      33,3"
2017,Phi-li-pin - The Philippines,2,30.0,,"Phi-li-pin - The Philippines                                          2                    30,0"
2017,Đảo Anguilla - Anguilla,3,30.0,,"Đảo Anguilla - Anguilla                                               3                    30,0"
2017,I-xra-ren - Israel,4,22.0,,"I-xra-ren - Israel                                                    4                    22,0"
2017,Tây Ấn thuộc Anh - British West Indies,1,21.8,,"Tây Ấn thuộc Anh - British West Indies                                1                    21,8"
2017,I-ta-li-a - Italy,8,19.9,,"I-ta-li-a - Italy                                                     8                    19,9"
2017,Lúc-xăm-bua - Luxembourg,4,18.9,,"Lúc-xăm-bua - Luxembourg                                              4                    18,9"
2017,Thụy Điển - Sweden,6,18.2,,"Thụy Điển - Sweden                                                    6                    18,2"
2017,Xlô-va-ki-a - Slovakia,2,16.2,,"Xlô-va-ki-a - Slovakia                                                2                    16,2"
2017,Ma-ri-ti-us - Mauritius,1,15.4,,"Ma-ri-ti-us - Mauritius                                               1                    15,4"
2017,Hung-ga-ry - Hungary,3,14.3,,"Hung-ga-ry - Hungary                                                  3                    14,3"
2017,Bơ-mu-đa - Bermuda,1,11.0,,"Bơ-mu-đa - Bermuda                                                    1                    11,0"
2017,Xanh Vin-xen và Grê-na-đin - Saint Vincent and the Grenadines,,10.1,,"Xanh Vin-xen và Grê-na-đin - Saint Vincent and the Grenadines                              10,1"
2017,Ma Cao - Macau,1,9.0,,"Ma Cao - Macau                                                        1                     9,0"
2017,Tây Ban Nha - Spain,10,6.6,,"Tây Ban Nha - Spain                                                  10                     6,6"
2017,Cam-pu-chia - Cambodia,1,6.4,,"Cam-pu-chia - Cambodia                                                1                     6,4"
2017,Cộng hòa Thổ Nhĩ Kỳ - Republic of Turkey,4,6.2,,"Cộng hòa Thổ Nhĩ Kỳ - Republic of Turkey                              4                     6,2"
2017,Na Uy - Norway,4,4.3,,"Na Uy - Norway                                                        4                     4,3"
2017,Ni-giê-ri-a- Nigeria,3,3.5,,"Ni-giê-ri-a- Nigeria                                                  3                     3,5"
2017,Niu-di-lân - New Zealand,1,3.5,,"Niu-di-lân - New Zealand                                              1                     3,5"
2017,Pa-ki-xtan - Pakistan,16,3.3,,"Pa-ki-xtan - Pakistan                                                16                     3,3"
2017,Áo - Austria,3,3.0,,"Áo - Austria                                                          3                     3,0"
2017,Phần Lan - Finland,2,2.8,,"Phần Lan - Finland                                                    2                     2,8"
2017,Ác-hen-ti-na - Argentina,1,2.4,,"Ác-hen-ti-na - Argentina                                              1                     2,4"
2017,Quần đảo Virgin thuộc Hoa Kỳ - United States Virgin Islands,1,2.3,,"Quần đảo Virgin thuộc Hoa Kỳ - United States Virgin Islands           1                     2,3"
2017,Xri Lan-ca - Sri Lanka,2,2.1,,"Xri Lan-ca - Sri Lanka                                                2                     2,1"
2017,Ai Cập - Egypt,,1.8,,"Ai Cập - Egypt                                                                              1,8"
2017,Cộng hòa Séc - Czech Republic,2,1.7,,"Cộng hòa Séc - Czech Republic                                         2                     1,7"
2017,Nam Phi - South Africa,2,1.1,,"Nam Phi - South Africa                                                2                     1,1"
2017,Gha-na - Ghana,2,1.1,,"Gha-na - Ghana                                                        2                     1,1"
2017,Cô-oét - Kuwait,1,1.0,,"Cô-oét - Kuwait                                                       1                     1,0"
2017,Công-gô - Congo,,0.9,,"Công-gô - Congo                                                                             0,9"
2017,U-crai-na - Ukraina,2,0.8,,"U-crai-na - Ukraina                                                   2                     0,8"
2017,Pa-na-ma - Panama,1,0.8,,"Pa-na-ma - Panama                                                     1                     0,8"
2018,TỔNG SỐ - TOTAL,3147,36368.6,,"TỔNG SỐ - TOTAL                                                  3147                 36368,6"
2018,Nhật Bản - Japan,440,8944.5,,"Nhật Bản - Japan                                               440                  8944,5"
2018,Hàn Quốc - Korea Rep. of,1071,7320.5,,"Hàn Quốc - Korea Rep. of                                      1071                  7320,5"
2018,Xin-ga-po - Singapore,228,5249.9,,"Xin-ga-po - Singapore                                          228                  5249,9"
2018,Đặc khu hành chính Hồng Công (TQ) - Hong Kong SAR (China),174,3252.6,,"Đặc khu hành chính Hồng Công (TQ) - Hong Kong SAR (China)      174                  3252,6"
2018,"CHND Trung Hoa - China, PR",408,2531.7,,"CHND Trung Hoa - China, PR                                     408                  2531,7"
2018,Quần đảo Virgin thuộc Anh - British Virgin Islands,42,1885.0,,"Quần đảo Virgin thuộc Anh - British Virgin Islands               42                 1885,0"
2018,Đài Loan - Taiwan,141,1045.3,,"Đài Loan - Taiwan                                              141                  1045,3"
2018,Thái Lan - Thailand,41,762.9,,"Thái Lan - Thailand                                              41                   762,9"
2018,Ôx-trây-li-a - Australia,43,609.1,,"Ôx-trây-li-a - Australia                                         43                   609,1"
2018,Pháp - France,40,590.1,,"Pháp - France                                                    40                   590,1"
2018,Hoa Kỳ - United States,88,555.4,,"Hoa Kỳ - United States                                           88                   555,4"
2018,Ma-lai-xi-a - Malaysia,42,438.1,,"Ma-lai-xi-a - Malaysia                                           42                   438,1"
2018,Xa-moa - Samoa,38,405.3,,"Xa-moa - Samoa                                                   38                   405,3"
2018,CHLB Đức - F.R Germany,29,397.7,,"CHLB Đức - F.R Germany                                           29                   397,7"
2018,Hà Lan - Netherlands,20,396.4,,"Hà Lan - Netherlands                                             20                   396,4"
2018,Vương quốc Anh - United Kingdom,48,293.3,,"Vương quốc Anh - United Kingdom                                  48                   293,3"
2018,Quần đảo Cay men - Cayman Islands,5,244.1,,"Quần đảo Cay men - Cayman Islands                                 5                   244,1"
2018,CH Xây-sen - Seychelles,25,214.7,,"CH Xây-sen - Seychelles                                          25                   214,7"
2018,Ấn Độ - India,40,168.5,,"Ấn Độ - India                                                    40                   168,5"
2018,Bỉ - Belgium,7,129.4,,"Bỉ - Belgium                                                      7                   129,4"
2018,In-đô-nê-xi-a - Indonesia,8,102.4,,"In-đô-nê-xi-a - Indonesia                                         8                   102,4"
2018,Ca-na-đa - Canada,14,91.4,,"Ca-na-đa - Canada                                                14                    91,4"
2018,Thụy Sỹ - Switzerland,11,85.5,,"Thụy Sỹ - Switzerland                                            11                    85,5"
2018,Ma Cao - Macau,3,83.8,,"Ma Cao - Macau                                                    3                    83,8"
2018,Cam-pu-chia - Cambodia,1,82.2,,"Cam-pu-chia - Cambodia                                            1                    82,2"
2018,Na Uy - Norway,4,74.2,,"Na Uy - Norway                                                    4                    74,2"
2018,Liên bang Nga - Fed. Russian,11,64.4,,"Liên bang Nga - Fed. Russian                                     11                    64,4"
2018,Phi-li-pin - The Philippines,8,53.1,,"Phi-li-pin - The Philippines                                      8                    53,1"
2018,Bơ-mu-đa - Bermuda,2,39.5,,"Bơ-mu-đa - Bermuda                                                2                    39,5"
2018,Ni-giê-ri-a- Nigeria,4,27.5,,"Ni-giê-ri-a- Nigeria                                              4                    27,5"
2018,Đảo Anguilla - Anguilla,3,25.1,,"Đảo Anguilla - Anguilla                                           3                    25,1"
2018,Ma-ri-ti-us - Mauritius,1,20.5,,"Ma-ri-ti-us - Mauritius                                             1                    20,5"
2018,Lúc-xăm-bua - Luxembourg,3,19.2,,"Lúc-xăm-bua - Luxembourg                                            3                    19,2"
2018,Tây Ban Nha - Spain,5,17.0,,"Tây Ban Nha - Spain                                                 5                    17,0"
2018,Cộng hòa Síp - Republic of Cyprus,2,12.6,,"Cộng hòa Síp - Republic of Cyprus                                   2                    12,6"
2018,En-xan-va-đo - El Salvador,1,12.5,,"En-xan-va-đo - El Salvador                                          1                    12,5"
2018,Bru-nây - Brunei,1,12.1,,"Bru-nây - Brunei                                                    1                    12,1"
2018,Tây Ấn thuộc Anh - British West Indies,1,10.3,,"Tây Ấn thuộc Anh - British West Indies                              1                    10,3"
2018,Ăng-gô-la - Angola,,8.3,,"Ăng-gô-la - Angola                                                                        8,3"
2018,Pa-ki-xtan - Pakistan,18,8.1,,"Pa-ki-xtan - Pakistan                                              18                     8,1"
2018,Bê-li-xê - Belize,,7.9,,"Bê-li-xê - Belize                                                                         7,9"
2018,Quốc đảo Marshall - Marshall Islands,,7.9,,"Quốc đảo Marshall - Marshall Islands                                                      7,9"
2018,Niu-di-lân - New Zealand,4,7.5,,"Niu-di-lân - New Zealand                                            4                     7,5"
2018,Thụy Điển - Sweden,8,5.9,,"Thụy Điển - Sweden                                                  8                     5,9"
2018,Áo - Austria,1,4.9,,"Áo - Austria                                                        1                     4,9"
2018,I-ta-li-a - Italy,7,4.8,,"I-ta-li-a - Italy                                                   7                     4,8"
2018,I-xra-ren - Israel,1,4.8,,"I-xra-ren - Israel                                                  1                     4,8"
2018,U-crai-na - Ukraina,,4.6,,"U-crai-na - Ukraina                                                                       4,6"
2018,Tiểu VQ A-rập Thống nhất - United Arad Emirates,4,4.4,,"Tiểu VQ A-rập Thống nhất - United Arad Emirates                     4                     4,4"
2018,Ác-hen-ti-na - Argentina,,3.5,,"Ác-hen-ti-na - Argentina                                                                  3,5"
2018,Cộng hòa Séc - Czech Republic,4,2.4,,"Cộng hòa Séc - Czech Republic                                       4                     2,4"
2018,Ba Lan - Poland,1,2.1,,"Ba Lan - Poland                                                     1                     2,1"
2018,Thổ Nhỹ Kỳ - The Republic of Turkey,1,2.0,,"Thổ Nhỹ Kỳ - The Republic of Turkey                                 1                     2,0"
2018,Ca-dắc-xtan - Kazakhstan,,2.0,,"Ca-dắc-xtan - Kazakhstan                                                                  2,0"
2018,Quần đảo Virgin thuộc Hoa Kỳ - United States Virgin Islands,,1.8,,"Quần đảo Virgin thuộc Hoa Kỳ - United States Virgin Islands                               1,8"
2018,Bun-ga-ri - Bulgaria,1,1.5,,"Bun-ga-ri - Bulgaria                                                1                     1,5"
2018,Vê-nê-xu-ê-la - Venezuela,1,1.4,,"Vê-nê-xu-ê-la - Venezuela                                           1                     1,4"
2018,Xlô-va-ki-a - Slovakia,1,1.2,,"Xlô-va-ki-a - Slovakia                                              1                     1,2"
2018,Pa-na-ma - Panama,1,1.2,,"Pa-na-ma - Panama                                                   1                     1,2"
2018,Băng-la-đet - Bangladesh,6,1.1,,"Băng-la-đet - Bangladesh                                            6                     1,1"
2018,Gioóc-đa-ni - Jordan,,1.1,,"Gioóc-đa-ni - Jordan                                                                      1,1"
2018,Lào - Lao PDR,,1.0,,"Lào - Lao PDR                                                                             1,0"
2018,I-ran - Iran (Islamic Republic of),,0.9,,"I-ran - Iran (Islamic Republic of)                                                        0,9"
2018,Cộng hòa Mali - Mali,2,0.9,,"Cộng hòa Mali - Mali                                                2                     0,9"
2019,TỔNG SỐ - TOTAL,4028,38951.7,,"TỔNG SỐ - TOTAL                                                 4028               38951,7"
2019,Hàn Quốc - Korea Rep.of,1181,8344.4,,"Hàn Quốc - Korea Rep.of                                       1181                 8344,4"
2019,Đặc khu hành chính Hồng Công (TQ) - Hong Kong SAR (China),346,8178.3,,"Đặc khu hành chính Hồng Công (TQ) - Hong Kong SAR (China)       346                8178,3"
2019,Xin-ga-po - Singapore,304,4421.2,,"Xin-ga-po - Singapore                                           304                4421,2"
2019,Nhật Bản - Japan,454,4169.2,,"Nhật Bản - Japan                                                454                4169,2"
2019,"CHND Trung Hoa - China, PR",705,4115.2,,"CHND Trung Hoa - China, PR                                      705                4115,2"
2019,Đài Loan - Taiwan,155,1883.1,,"Đài Loan - Taiwan                                               155                1883,1"
2019,Quần đảo Virgin thuộc Anh - British Virgin Islands,46,1406.2,,"Quần đảo Virgin thuộc Anh - British Virgin Islands               46                1406,2"
2019,Xa-moa - Samoa,58,944.7,,"Xa-moa - Samoa                                                   58                 944,7"
2019,Thái Lan - Thailand,49,927.1,,"Thái Lan - Thailand                                              49                 927,1"
2019,Hà Lan - Netherlands,30,839.3,,"Hà Lan - Netherlands                                             30                 839,3"
2019,Quần đảo Cay-men - Cayman Islands,8,508.2,,"Quần đảo Cay-men - Cayman Islands                                 8                 508,2"
2019,Hoa Kỳ - United States,109,476.9,,"Hoa Kỳ - United States                                          109                 476,9"
2019,Vương quốc Anh - United Kingdom,36,303.6,,"Vương quốc Anh - United Kingdom                                  36                 303,6"
2019,CH Xây-sen - Seychelles,36,257.7,,"CH Xây-sen - Seychelles                                          36                 257,7"
2019,Ô-xtrây-li-a - Australia,52,230.5,,"Ô-xtrây-li-a - Australia                                         52                 230,5"
2019,Ma-lai-xi-a - Malaysia,37,220.5,,"Ma-lai-xi-a - Malaysia                                           37                 220,5"
2019,Ca-na-đa - Canada,29,182.6,,"Ca-na-đa - Canada                                                29                 182,6"
2019,Pháp - France,47,180.4,,"Pháp - France                                                    47                 180,4"
2019,CHLB Đức - F.R Germany,36,152.0,,"CHLB Đức - F.R Germany                                           36                 152,0"
2019,Niu-di-lân - New Zealand,8,135.1,,"Niu-di-lân - New Zealand                                          8                 135,1"
2019,Thụy Điển - Sweden,15,122.9,,"Thụy Điển - Sweden                                               15                 122,9"
2019,Thụy Sỹ - Switzerland,21,108.0,,"Thụy Sỹ - Switzerland                                            21                 108,0"
2019,Đảo An-gui-la - Anguilla,8,71.9,,"Đảo An-gui-la - Anguilla                                          8                   71,9"
2019,Bru-nây - Brunei,1,69.6,,"Bru-nây - Brunei                                                  1                   69,6"
2019,Lúc-xăm-bua - Luxembourg,5,57.1,,"Lúc-xăm-bua - Luxembourg                                          5                   57,1"
2019,Ấn Độ - India,54,50.3,,"Ấn Độ - India                                                    54                   50,3"
2019,In-đô-nê-xi-a - Indonesia,19,44.7,,"In-đô-nê-xi-a - Indonesia                                        19                   44,7"
2019,Ca-ta - Qatar,,42.8,,"Ca-ta - Qatar                                                                           42,8"
2019,Bơ-mu-đa - Bermuda,,42.5,,"Bơ-mu-đa - Bermuda                                                                      42,5"
2019,Tây Ban Nha - Spain,7,40.2,,"Tây Ban Nha - Spain                                                 7                   40,2"
2019,Liên bang Nga - Fed. Russian,14,36.1,,"Liên bang Nga - Fed. Russian                                       14                   36,1"
2019,Na Uy - Norway,4,32.5,,"Na Uy - Norway                                                      4                   32,5"
2019,Tây Ấn thuộc Anh - British West Indies,3,31.2,,"Tây Ấn thuộc Anh - British West Indies                              3                   31,2"
2019,Ba Lan - Poland,5,28.5,,"Ba Lan - Poland                                                     5                   28,5"
2019,Đan Mạch - Denmark,11,24.5,,"Đan Mạch - Denmark                                                 11                   24,5"
2019,Ai-len - Ireland,4,21.5,,"Ai-len - Ireland                                                    4                   21,5"
2019,Pa-ki-xtan - Pakistan,10,16.4,,"Pa-ki-xtan - Pakistan                                              10                   16,4"
2019,I-xra-ren - Israel,5,16.0,,"I-xra-ren - Israel                                                  5                   16,0"
2019,Cộng hòa Séc - Czech Republic,1,16.0,,"Cộng hòa Séc - Czech Republic                                       1                   16,0"
2019,Lit-va - Lithuania,4,21.8,,"Lit-va - Lithuania                                                  4                   21,8"
2019,Đặc khu HC Ma-cao (TQ) - Macau SAR (China),1,15.0,,"Đặc khu HC Ma-cao (TQ) - Macau SAR (China)                          1                   15,0"
2019,I-ta-li-a - Italy,16,13.8,,"I-ta-li-a - Italy                                                  16                   13,8"
2019,Xri-Lan-ca - Srilanka,5,10.7,,"Xri-Lan-ca - Srilanka                                               5                   10,7"
2019,Xlô-va-ki-a - Slovakia,3,10.1,,"Xlô-va-ki-a - Slovakia                                              3                   10,1"
2019,Ap-ga-ni-xtan - Afghanistan,1,9.7,,"Ap-ga-ni-xtan - Afghanistan                                         1                    9,7"
2019,Bê-li-xê - Belize,2,9.7,,"Bê-li-xê - Belize                                                   2                    9,7"
2019,Phi-li-pin - Philippines,3,9.5,,"Phi-li-pin - Philippines                                            3                    9,5"
2019,Quần đảo Virgin thuộc Hoa Kỳ - United States Virgin Islands,,9.5,,"Quần đảo Virgin thuộc Hoa Kỳ - United States Virgin Islands                              9,5"
2019,Quốc đảo Marshall - Marshall Islands,,7.5,,"Quốc đảo Marshall - Marshall Islands                                                     7,5"
2019,Pa-na-ma - Panama,1,6.5,,"Pa-na-ma - Panama                                                   1                    6,5"
2019,U-crai-na - Ukraina,2,8.0,,"U-crai-na - Ukraina                                                 2                    8,0"
2019,Cộng hòa Síp - Cyprus,3,6.1,,"Cộng hòa Síp - Cyprus                                               3                    6,1"
2019,Bỉ - Belgium,5,6.0,,"Bỉ - Belgium                                                        5                    6,0"
2019,Ma-ri-ti-us - Mauritius,1,6.0,,"Ma-ri-ti-us - Mauritius                                             1                    6,0"
2019,Cam-pu-chia - Cambodia,4,5.7,,"Cam-pu-chia - Cambodia                                              4                    5,7"
2019,Ô-man - Oman,,5.1,,"Ô-man - Oman                                                                             5,1"
2019,Thổ Nhĩ Kỳ - Turkey,4,4.8,,"Thổ Nhĩ Kỳ - Turkey                                              4                    4,8"
2019,Ni-giê-ri-a - Nigeria,5,4.5,,"Ni-giê-ri-a - Nigeria                                            5                    4,5"
2019,Các Tiểu VQ Ả-rập Thống nhất - United Arab Emirates,3,4.4,,"Các Tiểu VQ Ả-rập Thống nhất - United Arab Emirates              3                    4,4"
2019,Áo - Austria,2,3.6,,"Áo - Austria                                                     2                    3,6"
2019,Băng-la-đet - Bangladesh,5,2.8,,"Băng-la-đet - Bangladesh                                         5                    2,8"
2019,Ka-dắc-xtan - Kazakhstan,1,2.3,,"Ka-dắc-xtan - Kazakhstan                                         1                    2,3"
2019,Công-gô - Congo,,2.2,,"Công-gô - Congo                                                                       2,2"
2019,Lat-vi-a - Latvia,1,1.5,,"Lat-vi-a - Latvia                                                1                    1,5"
2019,Hung-ga-ry - Hungary,,1.4,,"Hung-ga-ry - Hungary                                                                  1,4"
2019,Xanh-vin-xen và Grê-na-din - St Vincent & The Grenadines,1,1.3,,"Xanh-vin-xen và Grê-na-din - St Vincent & The Grenadines         1                    1,3"
2019,Lào - Lao PDR,2,1.1,,"Lào - Lao PDR                                                    2                    1,1"
2019,Bun-ga-ri - Bulgaria,1,1.1,,"Bun-ga-ri - Bulgaria                                             1                    1,1"
2019,Ác-mê-ni-a - Armenia,,1.0,,"Ác-mê-ni-a - Armenia                                                                  1,0"
2019,Phần Lan - Finland,4,0.9,,"Phần Lan - Finland                                               4                    0,9"
2019,Nê-pan - Nepal,2,0.9,,"Nê-pan - Nepal                                                   2                    0,9"
2020,TỔNG SỐ - TOTAL,2610,31045.3,,"TỔNG SỐ - TOTAL                                      2610                  31045,3"
2020,Xin-ga-po - Singapore,256,9495.0,,"Xin-ga-po - Singapore                               256                   9495,0"
2020,Hàn Quốc - Korea Rep.of,617,4214.1,,"Hàn Quốc - Korea Rep.of                             617                   4214,1"
2020,Nhật Bản - Japan,283,2983.6,,"Nhật Bản - Japan                                    283                   2983,6"
2020,"CHND Trung Hoa - China, PR",360,2613.3,,"CHND Trung Hoa - China, PR                          360                   2613,3"
2020,Đài Loan - Taiwan,138,2276.3,,"Đài Loan - Taiwan                                   138                   2276,3"
2020,Đặc khu hành chính Hồng Công (TQ) Hong Kong SAR (China),216,2105.3,,"N          216                   2105,3"
2020,Thái Lan - Thailand,41,1806.0,,"Thái Lan - Thailand                                  41                   1806,0"
2020,Hà Lan - Netherlands,36,907.6,,"Hà Lan - Netherlands                                 36                    907,6"
2020,Quần đảo Virgin thuộc Anh / British Virgin Islands,29,899.1,,"British Virgin Islands                               29                    899,1"
2020,Quần đảo Virgin thuộc Hoa Kỳ / United States Virgin Islands,29,899.1,,"United States Virgin Islands                         29                    899,1"
2020,Xa-moa - Samoa,32,468.9,,"Xa-moa - Samoa                                       32                    468,9"
2020,Quần đảo Cay-men - Cayman Islands,3,403.2,,"Quần đảo Cay-men - Cayman Islands                     3                    403,2"
2020,Hoa Kỳ - United States,103,386.8,,"Hoa Kỳ - United States                              103                    386,8"
2020,Phi-li-pin - Philippines,7,307.9,,"Phi-li-pin - Philippines                              7                    307,9"
2020,Vương quốc Anh - United Kingdom,42,286.9,,"Vương quốc Anh - United Kingdom                      42                    286,9"
2020,Ma-lai-xi-a - Malaysia,35,285.9,,"Ma-lai-xi-a - Malaysia                               35                    285,9"
2020,CHLB Đức - F.R Germany,32,275.5,,"CHLB Đức - F.R Germany                               32                    275,5"
2020,CH Xây-sen - Seychelles,37,268.5,,"CH Xây-sen - Seychelles                              37                    268,5"
2020,Thụy Sỹ - Switzerland,12,148.5,,"Thụy Sỹ - Switzerland                                12                    148,5"
2020,Pháp - France,53,135.2,,"Pháp - France                                        53                    135,2"
2020,Ba Lan - Poland,3,94.1,,"Ba Lan - Poland                                       3                      94,1"
2020,Ô-xtrây-li-a - Australia,46,74.0,,"Ô-xtrây-li-a - Australia                             46                      74,0"
2020,Ca-na-đa - Canada,21,68.2,,"Ca-na-đa - Canada                                    21                      68,2"
2020,Lúc-xăm-bua - Luxembourg,1,58.8,,"Lúc-xăm-bua - Luxembourg                              1                      58,8"
2020,In-đô-nê-xi-a - Indonesia,11,36.9,,"In-đô-nê-xi-a - Indonesia                                11                      36,9"
2020,Bê-li-xê - Belize,4,36.5,,"Bê-li-xê - Belize                                         4                      36,5"
2020,Ấn Độ - India,49,31.2,,"Ấn Độ - India                                            49                      31,2"
2020,Đảo An-gui-la - Anguilla,3,30.7,,"Đảo An-gui-la - Anguilla                                  3                      30,7"
2020,Tây Ấn thuộc Anh - British West Indies,1,28.2,,"Tây Ấn thuộc Anh - British West Indies                    1                      28,2"
2020,Ap-ga-ni-xtan - Afghanistan,1,24.9,,"Ap-ga-ni-xtan - Afghanistan                               1                      24,9"
2020,Các Tiểu VQ Ả-rập Thống nhất / United Arab Emirates N,6,24.3,,"United Arab Emirates                          N           6                      24,3"
2020,Cam-pu-chia - Cambodia,5,23.0,,"Cam-pu-chia - Cambodia                                    5                      23,0"
2020,Quốc đảo Marshall - Marshall Islands,2,17.2,,"Quốc đảo Marshall - Marshall Islands                      2                      17,2"
2020,Tây Ban Nha - Spain,8,14.7,,"Tây Ban Nha - Spain                                       8                      14,7"
2020,Đan Mạch - Denmark,6,13.1,,"Đan Mạch - Denmark                                        6                      13,1"
2020,Pa-na-ma - Panama,1,9.7,,"Pa-na-ma - Panama                                         1                       9,7"
2020,I-xra-ren - Israel,5,9.2,,"I-xra-ren - Israel                                        5                       9,2"
2020,Ma cao - Macau,1,9.1,,"Ma cao - Macau                                            1                       9,1"
2020,Liên bang Nga - Fed. Russian,8,8.8,,"Liên bang Nga - Fed. Russian                              8                       8,8"
2020,Pa-ki-xtan - Pakistan,1,8.7,,"Pa-ki-xtan - Pakistan                                     1                       8,7"
2020,Ma-ri-ti-us - Mauritius,2,8.7,,"Ma-ri-ti-us - Mauritius                                   2                       8,7"
2020,U-crai-na - Ukraina,2,8.2,,"U-crai-na - Ukraina                                       2                       8,2"
2020,I-ta-li-a - Italy,11,7.5,,"I-ta-li-a - Italy                                        11                       7,5"
2020,Ni-giê-ri-a - Nigeria,1,7.5,,"Ni-giê-ri-a - Nigeria                                     1                       7,5"
2020,Thụy Điển - Sweden,5,7.0,,"Thụy Điển - Sweden                                        5                       7,0"
2020,Bỉ - Belgium,8,4.3,,"Bỉ - Belgium                                              8                       4,3"
2020,Ai-len - Ireland,3,4.1,,"Ai-len - Ireland                                          3                       4,1"
2020,Cộng hòa Síp - Cyprus,4,3.1,,"Cộng hòa Síp - Cyprus                                     4                       3,1"
2020,Lào - Lao PDR,,2.3,,"Lào - Lao PDR                                                                     2,3"
2020,Bru-nây - Brunei,,1.9,,"Bru-nây - Brunei                                                                  1,9"
2020,Thổ Nhĩ Kỳ - Turkey,4,1.8,,"Thổ Nhĩ Kỳ - Turkey                                       4                       1,8"
2020,Phần Lan - Finland,5,1.4,,"Phần Lan - Finland                                        5                       1,4"
2020,Niu-di-lân - New Zealand,6,1.2,,"Niu-di-lân - New Zealand                                       6                       1,2"
2020,Cộng hòa Séc - Czech Republic,1,1.2,,"Cộng hòa Séc - Czech Republic                                  1                       1,2"
2020,Băng-la-đet - Bangladesh,,1.2,,"Băng-la-đet - Bangladesh                                                               1,2"
2020,Áo - Austria,1,1.1,,"Áo - Austria                                                   1                       1,1"
2020,Ka-dắc-xtan - Kazakhstan,2,0.8,,"Ka-dắc-xtan - Kazakhstan                                       2                       0,8"
2020,Bun-ga-ri - Bulgaria,,0.7,,"Bun-ga-ri - Bulgaria                                                                   0,7"
2020,Xri-Lan-ca - Srilanka,2,0.6,,"Xri-Lan-ca - Srilanka                                          2                       0,6"
2020,Công-gô - Congo,,0.3,,"G                            0,3"
2020,Na Uy - Norway,2,0.2,,"Na Uy - Norway                                                 2                       0,2"
2020,Lat-vi-a - Latvia,,0.2,,"Lat-vi-a - Latvia                                                                      0,2"
2020,Lit-va - Lithuania,1,0.1,,"Lit-va - Lithuania                                             1                       0,1"
2020,Xlô-va-ki-a - Slovakia,,0.1,,"Xlô-va-ki-a - Slovakia                                                                 0,1"
2020,Nê-pan - Nepal,,0.1,,"Nê-pan - Nepal                                                                         0,1"
2021,TỔNG SỐ - TOTAL,1818,38854.3,,"TỔNG SỐ - TOTAL                                                  1818                   38854,3"
2021,Xin-ga-po - Singapore,231,11358.7,,"Xin-ga-po - Singapore                                            231                  11358,7"
2021,Hàn Quốc - Korea Rep.of,377,7679.9,,"Hàn Quốc - Korea Rep.of                                          377                   7679,9"
2021,Nhật Bản - Japan,204,4325.8,,"Nhật Bản - Japan                                                 204                   4325,8"
2021,Hà Lan - Netherlands,24,4209.6,,"Hà Lan - Netherlands                                              24                   4209,6"
2021,"CHND Trung Hoa - China, PR",216,3001.8,,"CHND Trung Hoa - China, PR                                       216                   3001,8"
2021,Đặc khu hành chính Hồng Công (TQ) - Hong Kong SAR (China),132,2365.1,,"Đặc khu hành chính Hồng Công (TQ) - Hong Kong SAR (China)        132                   2365,1"
2021,Đài Loan - Taiwan,66,1463.5,,"Đài Loan - Taiwan                                                 66                   1463,5"
2021,Hoa Kỳ - United States,83,783.2,,"Hoa Kỳ - United States                                            83                    783,2"
2021,Quần đảo Virgin thuộc Anh - British Virgin Islands,27,569.7,,"Quần đảo Virgin thuộc Anh - British Virgin Islands                27                    569,7"
2021,Xa-moa - Samoa,16,515.6,,"Xa-moa - Samoa                                                    16                    515,6"
2021,Quần đảo Cay-men - Cayman Islands,7,431.3,,"Quần đảo Cay-men - Cayman Islands                                  7                    431,3"
2021,Thái Lan - Thailand,36,369.6,,"Thái Lan - Thailand                                               36                    369,6"
2021,Vương quốc Anh - United Kingdom,50,331.0,,"Vương quốc Anh - United Kingdom                                   50                    331,0"
2021,Ma-lai-xi-a - Malaysia,23,202.6,,"Ma-lai-xi-a - Malaysia                                            23                    202,6"
2021,Thụy Sỹ - Switzerland,13,198.9,,"Thụy Sỹ - Switzerland                                             13                    198,9"
2021,CH Xây-sen - Seychelles,18,167.6,,"CH Xây-sen - Seychelles                                           18                    167,6"
2021,CHLB Đức - F.R Germany,37,130.6,,"CHLB Đức - F.R Germany                                            37                    130,6"
2021,Thổ Nhĩ Kỳ - Turkey,3,85.8,,"Thổ Nhĩ Kỳ - Turkey                                                3                      85,8"
2021,Ô-xtrây-li-a - Australia,36,69.3,,"Ô-xtrây-li-a - Australia                                          36                      69,3"
2021,Ca-na-đa - Canada,20,62.6,,"Ca-na-đa - Canada                                                 20                      62,6"
2021,Phi-li-pin - Philippines,6,62.3,,"Phi-li-pin - Philippines                                           6                      62,3"
2021,Pháp - France,33,51.0,,"Pháp - France                                                     33                      51,0"
2021,Đan Mạch - Denmark,6,47.7,,"Đan Mạch - Denmark                                                 6                      47,7"
2021,Quần đảo Virgin thuộc Hoa Kỳ - United States Virgin Islands,1,29.3,,"Quần đảo Virgin thuộc Hoa Kỳ - United States Virgin Islands        1                      29,3"
2021,Ấn Độ - India,27,27.2,,"Ấn Độ - India                                                     27                      27,2"
2021,Ap-ga-ni-xtan - Afghanistan,,18.2,,"Ap-ga-ni-xtan - Afghanistan                                                  18,2"
2021,Bỉ - Belgium,5,16.8,,"Bỉ - Belgium                                            5                    16,8"
2021,Ai-len - Ireland,6,13.8,,"Ai-len - Ireland                                        6                    13,8"
2021,I-xra-ren - Israel,6,13.1,,"I-xra-ren - Israel                                      6                    13,1"
2021,Thụy Điển - Sweden,11,13.0,,"Thụy Điển - Sweden                                     11                    13,0"
2021,I-ta-li-a - Italy,16,12.6,,"I-ta-li-a - Italy                                      16                    12,6"
2021,Ma cao - Macau,1,12.4,,"Ma cao - Macau                                          1                    12,4"
2021,Bê-li-xê - Belize,1,11.3,,"N             1                    11,3"
2021,Tây Ban Nha - Spain,5,10.5,,"Tây Ban Nha - Spain                                     5                    10,5"
2021,Đảo An-gui-la - Anguilla,1,10.0,,"Đảo An-gui-la - Anguilla                                1                    10,0"
2021,Bru-nây - Brunei,,8.4,,"Bru-nây - Brunei                                                              8,4"
2021,Liên bang Nga - Fed. Russian,5,8.2,,"Liên bang Nga - Fed. Russian                            5                     8,2"
2021,Ni-giê-ri-a - Nigeria,2,7.3,,"Ni-giê-ri-a - Nigeria                                   2                     7,3"
2021,In-đô-nê-xi-a - Indonesia,3,5.7,,"In-đô-nê-xi-a - Indonesia                               3                     5,7"
2021,Lúc-xăm-bua - Luxembourg,2,5.1,,"Lúc-xăm-bua - Luxembourg                                2                     5,1"
2021,Quốc đảo Marshall - Marshall Islands,1,5.0,,"Quốc đảo Marshall - Marshall Islands                    1                     5,0"
2021,Cam-pu-chia - Cambodia,1,4.2,,"Cam-pu-chia - Cambodia                                  1                     4,2"
2021,Lào - Lao PDR,1,2.7,,"Lào - Lao PDR                                           1                     2,7"
2021,Hung-ga-ry - Hungary,2,2.3,,"Hung-ga-ry - Hungary                                    2                     2,3"
2021,Pa-ki-xtan - Pakistan,4,2.1,,"Pa-ki-xtan - Pakistan                                   4                     2,1"
2021,Pa-na-ma - Panama,1,1.6,,"Pa-na-ma - Panama                                       1                     1,6"
2021,Áo - Austria,2,1.4,,"Áo - Austria                                            2                     1,4"
2021,Ka-dắc-xtan - Kazakhstan,1,1.4,,"Ka-dắc-xtan - Kazakhstan                                1                     1,4"
2021,Niu-di-lân - New Zealand,4,1.3,,"Niu-di-lân - New Zealand                                4                     1,3"
2021,U-crai-na - Ukraina,,1.1,,"U-crai-na - Ukraina                                                           1,1"
2021,Ma-ri-ti-us - Mauritius,,1.0,,"Ma-ri-ti-us - Mauritius                                                       1,0"
2021,Xri-Lan-ca - Srilanka,1,1.0,,"Xri-Lan-ca - Srilanka                                   1                     1,0"
2021,Cộng hòa Séc - Czech Republic,3,0.6,,"Cộng hòa Séc - Czech Republic                           3                     0,6"
2021,Na Uy - Norway,5,0.6,,"Na Uy - Norway                                               5                    0,6"
2021,Ba Lan - Poland,2,0.5,,"Ba Lan - Poland                                              2                    0,5"
2021,Các Tiểu VQ Ả-rập Thống nhất - United Arab Emirates,4,0.5,,"Các Tiểu VQ Ả-rập Thống nhất - United Arab Emirates          4                    0,5"
2021,Phần Lan - Finland,4,0.4,,"Phần Lan - Finland                                           4                    0,4"
2021,Xlô-va-ki-a - Slovakia,2,0.4,,"Xlô-va-ki-a - Slovakia                                       2                    0,4"
2021,Băng-la-đet - Bangladesh,1,0.3,,"Băng-la-đet - Bangladesh                                     1                    0,3"
2021,Lit-va - Lithuania,,0.3,,"Lit-va - Lithuania                                                                0,3"
2021,Bun-ga-ri - Bulgaria,2,0.2,,"N    2                    0,2"
2021,Nê-pan - Nepal,1,0.1,,"Nê-pan - Nepal                                               1                    0,1"
2021,Công-gô - Congo,,1.0,,Công-gô - Congo                                              1
2022,TỔNG SỐ - TOTAL,2169,29288.2,,"TỔNG SỐ - TOTAL                                                 2169                 29288,2"
2022,Xin-ga-po - Singapore,296,6551.1,,"Xin-ga-po - Singapore                                           296                 6551,1"
2022,Hàn Quốc - Korea Rep.of,435,5086.7,,"Hàn Quốc - Korea Rep.of                                         435                 5086,7"
2022,Nhật Bản - Japan,225,5017.3,,"Nhật Bản - Japan                                                225                 5017,3"
2022,"CHND Trung Hoa - China, PR",296,2616.6,,"CHND Trung Hoa - China, PR                                      296                 2616,6"
2022,Đặc khu hành chính Hồng Công (TQ) - Hong Kong SAR (China),138,2321.5,,"138                 2321,5"
2022,Đài Loan - Taiwan Ố,91,1429.6,,"Đài Loan - Taiwan                                    Ố           91                 1429,6"
2022,Đan Mạch - Denmark,9,1350.8,,"Đan Mạch - Denmark                                                9                 1350,8"
2022,Hoa Kỳ - United States,95,964.5,,"Hoa Kỳ - United States                                           95                  964,5"
2022,Quần đảo Virgin thuộc Anh - British Virgin Islands,31,920.6,,"Quần đảo Virgin thuộc Anh - British Virgin Islands               31                  920,6"
2022,Hà Lan - Netherlands,33,705.0,,"Hà Lan - Netherlands                                             33                  705,0"
2022,Xa-moa - Samoa,20,316.1,,"Xa-moa - Samoa                                                   20                  316,1"
2022,Thái Lan - Thailand,44,244.5,,"Thái Lan - Thailand                                              44                  244,5"
2022,Quần đảo Cay-men - Cayman Islands,4,236.3,,"Quần đảo Cay-men - Cayman Islands                                 4                  236,3"
2022,Ma-lai-xi-a - Malaysia,42,201.3,,"Ma-lai-xi-a - Malaysia                                           42                  201,3"
2022,Vương quốc Anh - United Kingdom,55,188.1,,"Vương quốc Anh - United Kingdom                                  55                  188,1"
2022,Béc-mu-đa - Bermuda,2,180.3,,"Béc-mu-đa - Bermuda                                               2                  180,3"
2022,Pháp - France,30,165.4,,"Pháp - France                                                    30                  165,4"
2022,CHLB Đức - F.R Germany,38,120.3,,"CHLB Đức - F.R Germany                                           38                  120,3"
2022,CH Xây-sen - Seychelles,19,112.4,,"CH Xây-sen - Seychelles                                          19                  112,4"
2022,Ô-xtrây-li-a - Australia,40,80.8,,"Ô-xtrây-li-a - Australia                                         40                    80,8"
2022,Ca-na-đa - Canada,15,58.2,,"Ca-na-đa - Canada                                                15                    58,2"
2022,Thụy Điển - Sweden,8,46.5,,"Thụy Điển - Sweden                                                8                    46,5"
2022,Lúc-xăm-bua - Luxembourg,4,41.4,,"Lúc-xăm-bua - Luxembourg                                          4                    41,4"
2022,Ấn Độ - India,44,33.2,,"Ấn Độ - India                                                    44                    33,2"
2022,In-đô-nê-xi-a - Indonesia,4,31.1,,"In-đô-nê-xi-a - Indonesia                                          4                   31,1"
2022,Bru-nây - Brunei,1,28.5,,"Bru-nây - Brunei                                                   1                   28,5"
2022,I-ta-li-a - Italy,11,23.0,,"I-ta-li-a - Italy                                                 11                   23,0"
2022,Ba Lan - Poland,3,22.6,,"Ba Lan - Poland                                                    3                   22,6"
2022,Liên bang Nga - Fed. Russian,12,21.8,,"Liên bang Nga - Fed. Russian                                      12                   21,8"
2022,Cam-pu-chia - Cambodia,2,17.9,,"Cam-pu-chia - Cambodia                                             2                   17,9"
2022,Tây Ban Nha - Spain Ố,6,16.2,,"Tây Ban Nha - Spain                                      Ố         6                   16,2"
2022,Thụy Sỹ - Switzerland,17,15.3,,"Thụy Sỹ - Switzerland                                             17                   15,3"
2022,Phi-li-pin - Philippines,4,14.5,,"Phi-li-pin - Philippines                                           4                   14,5"
2022,Quốc đảo Marshall - Marshall Islands,7,14.0,,"Quốc đảo Marshall - Marshall Islands                               7                   14,0"
2022,Ni-giê-ri-a - Nigeria,1,11.7,,"Ni-giê-ri-a - Nigeria                                              1                   11,7"
2022,Cộng hòa Síp - Cyprus,3,7.9,,"Cộng hòa Síp - Cyprus                                              3                    7,9"
2022,Quần đảo Virgin thuộc Hoa Kỳ - United States Virgin Islands,,6.9,,"Quần đảo Virgin thuộc Hoa Kỳ - United States Virgin Islands                             6,9"
2022,Bê-li-xê - Belize,2,6.6,,"Bê-li-xê - Belize                                                  2                    6,6"
2022,Ma-ri-ti-us - Mauritius,2,6.5,,"Ma-ri-ti-us - Mauritius                                            2                    6,5"
2022,Ác-mê-ni-a - Armenia,3,5.8,,"Ác-mê-ni-a - Armenia                                               3                    5,8"
2022,Hung-ga-ry - Hungary,3,5.6,,"Hung-ga-ry - Hungary                                               3                    5,6"
2022,Áo - Austria,6,4.5,,"Áo - Austria                                                       6                    4,5"
2022,Pa-ki-xtan - Pakistan,3,3.5,,"Pa-ki-xtan - Pakistan                                              3                    3,5"
2022,Các Tiểu VQ Ả-rập Thống nhất - United Arab Emirates,2,2.7,,"Các Tiểu VQ Ả-rập Thống nhất - United Arab Emirates                2                    2,7"
2022,Ai-len - Ireland,9,2.7,,"Ai-len - Ireland                                                   9                    2,7"
2022,Lào - Lao PDR,,2.1,,"Lào - Lao PDR                                                                           2,1"
2022,Niu-di-lân - New Zealand,4,2.0,,"Niu-di-lân - New Zealand                                           4                    2,0"
2022,I-xra-ren - Israel,2,1.9,,"I-xra-ren - Israel                                                 2                    1,9"
2022,Cộng hòa Séc - Czech Republic,2,1.8,,"Cộng hòa Séc - Czech Republic                                      2                    1,8"
2022,U-crai-na - Ukraina,,1.7,,"U-crai-na - Ukraina                                                                    1,7"
2022,Bỉ - Belgium,2,1.5,,"Bỉ - Belgium                                                      2                    1,5"
2022,Phần Lan - Finland,2,1.4,,"Phần Lan - Finland                                                2                    1,4"
2022,Xri-Lan-ca - Srilanka,1,1.2,,"Xri-Lan-ca - Srilanka                                             1                    1,2"
2022,Ap-ga-ni-xtan - Afghanistan,2,1.1,,"Ap-ga-ni-xtan - Afghanistan                                       2                    1,1"
2022,Y-ê-men - Yemen,,1.1,,"Y-ê-men - Yemen                                                                        1,1"
2022,Nam Phi - South Africa Ố,3,0.9,,"Nam Phi - South Africa                                 Ố          3                    0,9"
2022,Saint Kitts and Nevis,,0.9,,"Saint Kitts and Nevis                                                                  0,9"
2022,Cu-ba - Cuba,,0.9,,"Cu-ba - Cuba                                                                           0,9"
2022,Na Uy - Norway,4,0.9,,"Na Uy - Norway                                                    4                    0,9"
2022,Thổ Nhĩ Kỳ - Turkey,5,0.9,,"Thổ Nhĩ Kỳ - Turkey                                               5                    0,9"
2022,Syria - Syrian Arab Republic,,0.8,,"Syria - Syrian Arab Republic                                                           0,8"
2022,Ai Cập - Egypt,2,0.7,,"Ai Cập - Egypt                                                    2                    0,7"
2022,Cốt-đi-voa (Bờ biển Ngà) - Cote d'Ivoire,,0.7,,"Cốt-đi-voa (Bờ biển Ngà) - Cote d'Ivoire                                               0,7"
2022,Băng-la-đet - Bangladesh,1,0.6,,"Băng-la-đet - Bangladesh                                          1                    0,6"
2022,Ka-dắc-xtan - Kazakhstan,,0.5,,"Ka-dắc-xtan - Kazakhstan                                                               0,5"
2022,Xanh-vin-xen và Grê-na-din - St Vincent and The Grenadines,,0.5,,"Xanh-vin-xen và Grê-na-din - St Vincent and The Grenadines                             0,5"
2023,TỔNG SỐ - TOTAL,3314,39390.3,,"TỔNG SỐ - TOTAL                                                 3314                39390,3"
2023,Xin-ga-po - Singapore,420,7766.5,,"Xin-ga-po - Singapore                                           420                 7766,5"
2023,Nhật Bản - Japan,316,6752.6,,"Nhật Bản - Japan                                                316                 6752,6"
2023,Hàn Quốc - Korea Rep.of,492,5131.1,,"Hàn Quốc - Korea Rep.of                                         492                 5131,1"
2023,Đặc khu hành chính Hồng Công (TQ) - Hong Kong SAR (China),330,4806.4,,"Đặc khu hành chính Hồng Công (TQ) - Hong Kong SAR (China)       330                 4806,4"
2023,"CHND Trung Hoa - China, PR",743,4588.2,,"CHND Trung Hoa - China, PR                                      743                 4588,2"
2023,Đài Loan (TQ) - Taiwan (China),217,2958.2,,"Đài Loan (TQ) - Taiwan (China)                                  217                 2958,2"
2023,Xa-moa - Samoa,46,1101.0,,"Xa-moa - Samoa                                                   46                 1101,0"
2023,Hà Lan - Netherlands,22,970.0,,"Hà Lan - Netherlands                                             22                  970,0"
2023,Thái Lan - Thailand,58,892.9,,"Thái Lan - Thailand                                              58                  892,9"
2023,Hoa Kỳ - United States,128,646.7,,"Hoa Kỳ - United States                                          128                  646,7"
2023,Ca-na-đa - Canada,16,555.1,,"Ca-na-đa - Canada                                                16                  555,1"
2023,Ma-lai-xi-a - Malaysia,37,442.6,,"Ma-lai-xi-a - Malaysia                                           37                  442,6"
2023,CHLB Đức - F.R Germany,34,428.9,,"CHLB Đức - F.R Germany                                           34                  428,9"
2023,CH Xây-sen - Seychelles,32,275.1,,"CH Xây-sen - Seychelles                                          32                  275,1"
2023,Quần đảo Virgin thuộc Anh - British Virgin Islands,29,269.8,,"Quần đảo Virgin thuộc Anh - British Virgin Islands               29                  269,8"
2023,Thụy Điển - Sweden,10,229.7,,"Thụy Điển - Sweden                                               10                  229,7"
2023,Quần đảo Cay-men - Cayman Islands,4,225.7,,"Quần đảo Cay-men - Cayman Islands                                 4                  225,7"
2023,Thổ Nhĩ Kỳ - Türkiye,2,183.7,,"Thổ Nhĩ Kỳ - Türkiye                                              2                  183,7"
2023,Đan Mạch - Denmark,14,168.8,,"Đan Mạch - Denmark                                               14                  168,8"
2023,Ấn Độ - India,53,135.0,,"Ấn Độ - India                                                    53                  135,0"
2023,I-ta-li-a - Italy,14,133.5,,"I-ta-li-a - Italy                                                14                  133,5"
2023,Pháp - France,25,130.0,,"Pháp - France                                                    25                  130,0"
2023,Ô-xtrây-li-a - Australia,50,105.5,,"Ô-xtrây-li-a - Australia                                         50                  105,5"
2023,Vương quốc Anh - United Kingdom,51,88.6,,"Vương quốc Anh - United Kingdom                                  51                   88,6"
2023,I-xra-ren - Israel,4,61.6,,"I-xra-ren - Israel                                                4                   61,6"
2023,Thụy Sỹ - Switzerland,15,44.5,,"Thụy Sỹ - Switzerland                                            15                   44,5"
2023,Quốc đảo Marshall - Marshall Islands,4,23.5,,"Quốc đảo Marshall - Marshall Islands                              4                   23,5"
2023,Phần Lan - Finland,1,22.9,,"Phần Lan - Finland                                                1                   22,9"
2023,Bru-nây - Brunei,2,21.0,,"Bru-nây - Brunei                                                  2                   21,0"
2023,Pa-ki-xtan - Pakistan,9,18.4,,"Pa-ki-xtan - Pakistan                                             9                   18,4"
2023,Ni-giê-ri-a - Nigeria,1,17.9,,"Ni-giê-ri-a - Nigeria                                             1                   17,9"
2023,Liên bang Nga - Fed. Russian,23,16.5,,"Liên bang Nga - Fed. Russian                                     23                   16,5"
2023,Cam-pu-chia - Cambodia,3,13.9,,"Cam-pu-chia - Cambodia                                            3                   13,9"
2023,In-đô-nê-xi-a - Indonesia,16,12.8,,"In-đô-nê-xi-a - Indonesia                                        16                   12,8"
2023,Lúc-xăm-bua - Luxembourg,2,11.5,,"Lúc-xăm-bua - Luxembourg                                          2                   11,5"
2023,Ap-ga-ni-xtan - Afghanistan,,7.9,,"Ap-ga-ni-xtan - Afghanistan                                                             7,9"
2023,Phi-li-pin - Philippines,11,5.9,,"Phi-li-pin - Philippines                                         11                     5,9"
2023,Quần đảo Virgin thuộc Hoa Kỳ - United States Virgin Islands,1,3.5,,"Quần đảo Virgin thuộc Hoa Kỳ - United States Virgin Islands       1                     3,5"
2023,Ma-ri-ti-us - Mauritius,3,3.5,,"Ma-ri-ti-us - Mauritius                                           3                     3,5"
2023,Băng-la-đet - Bangladesh,2,3.0,,"Băng-la-đet - Bangladesh                                          2                     3,0"
2023,Xri-Lan-ca - Srilanka,3,2.8,,"Xri-Lan-ca - Srilanka                                             3                     2,8"
2023,Áo - Austria,4,2.3,,"Áo - Austria                                                      4                     2,3"
2023,Ba Lan - Poland,3,2.2,,"Ba Lan - Poland                                                   3                     2,2"
2023,Na Uy - Norway,2,2.2,,"Na Uy - Norway                                                    2                     2,2"
2023,Bỉ - Belgium,11,2.0,,"Bỉ - Belgium                                                     11                     2,0"
2023,Niu-di-lân - New Zealand,2,1.8,,"Niu-di-lân - New Zealand                                          2                     1,8"
2023,Ai Cập - Egypt,2,1.8,,"Ai Cập - Egypt                                                    2                     1,8"
2023,Nam Phi - South Africa,,1.5,,"Nam Phi - South Africa                                                                  1,5"
2023,Cộng hòa Síp - Cyprus,1,1.4,,"Cộng hòa Síp - Cyprus                                             1                     1,4"
2023,Liên bang Saint Kitts và Nevis - Saint Kitts and Nevis,1,1.2,,"Liên bang Saint Kitts và Nevis - Saint Kitts and Nevis       1                    1,2"
2023,Các Tiểu VQ Ả-rập Thống nhất - United Arab Emirates,8,1.1,,"Các Tiểu VQ Ả-rập Thống nhất - United Arab Emirates          8                    1,1"
2023,Bê-li-xê - Belize,,1.1,,"Bê-li-xê - Belize                                                                 1,1"
2023,U-crai-na - Ukraina,1,1.0,,"U-crai-na - Ukraina                                          1                    1,0"
2023,Tây Ban Nha - Spain,7,0.6,,"Tây Ban Nha - Spain                                          7                    0,6"
2023,Cộng hòa Séc - Czech Republic,1,0.5,,"Cộng hòa Séc - Czech Republic                                1                    0,5"
2023,Lào - Lao PDR,1,0.5,,"Lào - Lao PDR                                                1                    0,5"
2023,Cu-ba - Cuba,,0.4,,"Cu-ba - Cuba                                                                      0,4"
2023,Ai-len - Ireland,4,0.3,,"Ai-len - Ireland                                             4                    0,3"
2023,Cốt-đi-voa (Bờ biển Ngà) - Ivory Coast,1,0.3,,"Cốt-đi-voa (Bờ biển Ngà) - Ivory Coast                       1                    0,3"
2023,Y-ê-men - Yemen,,0.2,,"Y-ê-men - Yemen                                                                   0,2"
2023,Ka-dắc-xtan - Kazakhstan,1,0.2,,"Ka-dắc-xtan - Kazakhstan                                     1                    0,2"
2023,Ác-mê-ni-a - Armenia,,0.2,,"Ác-mê-ni-a - Armenia                                                              0,2"
2023,Syria - Syrian Arab Republic,,0.1,,"Syria - Syrian Arab Republic                                                      0,1"
2024,TỔNG SỐ - TOTAL,3375,38226.2,,"TỔNG SỐ - TOTAL                                                 3375                 38226,2"
2024,Xin-ga-po - Singapore,462,10207.3,,"Xin-ga-po - Singapore                                           462                10207,3"
2024,Hàn Quốc - Korea Rep.of,410,7057.3,,"Hàn Quốc - Korea Rep.of                                         410                 7057,3"
2024,"CHND Trung Hoa - China, PR",955,4732.1,,"CHND Trung Hoa - China, PR                                      955                 4732,1"
2024,Đặc khu hành chính Hồng Công (TQ) - Hong Kong SAR (China),379,4347.5,,"Đặc khu hành chính Hồng Công (TQ) - Hong Kong SAR (China)       379                 4347,5"
2024,Nhật Bản - Japan,270,3502.2,,"Nhật Bản - Japan                                                270                 3502,2"
2024,Đài Loan (TQ) - Taiwan (China),187,2084.6,,"Đài Loan (TQ) - Taiwan (China)                                  187                 2084,6"
2024,Quần đảo Cay-men - Cayman Islands,4,1231.5,,"Quần đảo Cay-men - Cayman Islands                                 4                 1231,5"
2024,Xa-moa - Samoa,45,855.5,,"Xa-moa - Samoa                                                   45                  855,5"
2024,Cộng hòa Thổ Nhĩ Kỳ - Republic of Turkey,7,763.5,,"Cộng hòa Thổ Nhĩ Kỳ - Republic of Turkey                          7                  763,5"
2024,Quần đảo Virgin thuộc Anh - British Virgin Islands,17,586.3,,"Quần đảo Virgin thuộc Anh - British Virgin Islands               17                  586,3"
2024,Hà Lan - Netherlands,24,546.1,,"Hà Lan - Netherlands                                             24                  546,1"
2024,Hoa Kỳ - United States,111,287.2,,"Hoa Kỳ - United States                                          111                  287,2"
2024,CH Xây-sen - Seychelles,27,274.0,,"CH Xây-sen - Seychelles                                          27                  274,0"
2024,Vương quốc Anh - United Kingdom,44,241.3,,"Vương quốc Anh - United Kingdom                                  44                  241,3"
2024,Thái Lan - Thailand,28,225.2,,"Thái Lan - Thailand                                              28                  225,2"
2024,Ma-lai-xi-a - Malaysia,44,185.2,,"Ma-lai-xi-a - Malaysia                                           44                  185,2"
2024,Lúc-xăm-bua - Luxembourg,4,140.1,,"Lúc-xăm-bua - Luxembourg                                          4                  140,1"
2024,CHLB Đức - F.R Germany,24,118.5,,"CHLB Đức - F.R Germany                                           24                  118,5"
2024,Thụy Sỹ - Switzerland,13,103.2,,"Thụy Sỹ - Switzerland                                            13                  103,2"
2024,Ấn Độ - India,48,86.7,,"Ấn Độ - India                                                    48                    86,7"
2024,Ca-na-đa - Canada,21,73.1,,"Ca-na-đa - Canada                                                21                    73,1"
2024,Đan Mạch - Denmark,10,62.8,,"Đan Mạch - Denmark                                               10                    62,8"
2024,Pháp - France,29,52.5,,"Pháp - France                                                    29                    52,5"
2024,Ba Lan - Poland,2,45.0,,"Ba Lan - Poland                                                   2                    45,0"
2024,Ô-xtrây-li-a - Australia,49,43.3,,"Ô-xtrây-li-a - Australia                                          49                   43,3"
2024,Quần đảo Virgin thuộc Hoa Kỳ - United States Virgin Islands,3,39.7,,"Quần đảo Virgin thuộc Hoa Kỳ - United States Virgin Islands        3                   39,7"
2024,Phần Lan - Finland,2,34.7,,"Phần Lan - Finland                                                 2                   34,7"
2024,In-đô-nê-xi-a - Indonesia,19,27.2,,"In-đô-nê-xi-a - Indonesia                                         19                   27,2"
2024,Bru-nây - Brunei,,26.3,,"Bru-nây - Brunei                                                                       26,3"
2024,Ni-giê-ri-a - Nigeria,2,20.5,,"Ni-giê-ri-a - Nigeria                                              2                   20,5"
2024,Phi-li-pin - Philippines,4,20.4,,"Phi-li-pin - Philippines                                           4                   20,4"
2024,Liên bang Nga - Fed. Russian,17,18.2,,"Liên bang Nga - Fed. Russian                                      17                   18,2"
2024,Ap-ga-ni-xtan - Afghanistan,2,17.5,,"Ap-ga-ni-xtan - Afghanistan                                        2                   17,5"
2024,Cộng hoà Ai-rơ-len - Ireland,1,16.8,,"Cộng hoà Ai-rơ-len - Ireland                                       1                   16,8"
2024,Ma-ri-ti-us - Mauritius,1,13.1,,"Ma-ri-ti-us - Mauritius                                            1                   13,1"
2024,Bỉ - Belgium,5,12.9,,"Bỉ - Belgium                                                       5                   12,9"
2024,Bê-li-xê - Belize,2,11.3,,"Bê-li-xê - Belize                                                  2                   11,3"
2024,Pa-ki-xtan - Pakistan,5,10.9,,"Pa-ki-xtan - Pakistan                                              5                   10,9"
2024,Cộng hòa Síp - Cyprus,,10.4,,"Cộng hòa Síp - Cyprus                                                                  10,4"
2024,Quốc đảo Marshall - Marshall Islands,2,10.3,,"Quốc đảo Marshall - Marshall Islands                               2                   10,3"
2024,Băng-la-đet - Bangladesh,3,9.3,,"Băng-la-đet - Bangladesh                                           3                     9,3"
2024,Đảo An-gui-la - Anguilla,1,8.5,,"Đảo An-gui-la - Anguilla                                           1                     8,5"
2024,Na Uy - Norway,4,7.4,,"Na Uy - Norway                                                     4                     7,4"
2024,Cam-pu-chia - Cambodia,10,6.9,,"Cam-pu-chia - Cambodia                                            10                     6,9"
2024,Cộng hòa Kyrgyzstan -Kyrgyz Republic,1,5.5,,"Cộng hòa Kyrgyzstan -Kyrgyz Republic                               1                     5,5"
2024,I-xra-ren - Israel,4,5.1,,"I-xra-ren - Israel                                                 4                     5,1"
2024,Các Tiểu VQ Ả-rập Thống nhất - United Arab Emirates,7,4.3,,"Các Tiểu VQ Ả-rập Thống nhất - United Arab Emirates                7                     4,3"
2024,Cộng hoà E-xtô-ni-a - Estonia,1,3.3,,"Cộng hoà E-xtô-ni-a - Estonia                                      1                     3,3"
2024,Vương quốc Bahrain - Bahrain,,3.1,,"Vương quốc Bahrain - Bahrain                                                             3,1"
2024,Cộng hòa Goa-tê-ma-la - Guatemala,,2.7,,"Cộng hòa Goa-tê-ma-la - Guatemala                                               2,7"
2024,Áo - Austria,3,2.6,,"Áo - Austria                                              3                     2,6"
2024,Ba-ha-mát - Bahamas,,2.5,,"Ba-ha-mát - Bahamas                                                             2,5"
2024,Cộng hòa Vanuatu - Vanuatu,4,1.9,,"Cộng hòa Vanuatu - Vanuatu                                4                     1,9"
2024,Cộng hòa Séc - Czech Republic,1,1.7,,"Cộng hòa Séc - Czech Republic                             1                     1,7"
2024,Y-ê-men - Yemen,1,1.3,,"Y-ê-men - Yemen                                           1                     1,3"
2024,Ai Cập - Egypt,,1.3,,"Ai Cập - Egypt                                                                  1,3"
2024,Nam Phi - South Africa,1,1.3,,"Nam Phi - South Africa                                    1                     1,3"
2024,Thụy Điển - Sweden,2,1.1,,"Thụy Điển - Sweden                                        2                     1,1"
2024,Lào - Lao PDR,2,1.1,,"Lào - Lao PDR                                             2                     1,1"
2024,Cộng hòa En Xan-va-đo - Salvador,,1.0,,"Cộng hòa En Xan-va-đo - Salvador                                                1,0"
2024,Cộng hòa Ca-mơ-run - Republic of Cameroon,1,1.0,,"Cộng hòa Ca-mơ-run - Republic of Cameroon                 1                     1,0"
2024,Ả Rập Xê Út - Saudi Arabia,2,0.8,,"Ả Rập Xê Út - Saudi Arabia                                2                     0,8"
2025,TỔNG SỐ - TOTAL,4054,38418.1,,"TỔNG SỐ - TOTAL                                                   4054                 38418,1"
2025,Xin-ga-po - Singapore,542,9395.2,,"Xin-ga-po - Singapore                                             542                 9395,2"
2025,"CHND Trung Hoa - China, PR",1275,5695.8,,"CHND Trung Hoa - China, PR                                      1275                  5695,8"
2025,Hàn Quốc - Korea Rep. of,451,5292.2,,"Hàn Quốc - Korea Rep. of                                          451                 5292,2"
2025,Nhật Bản - Japan,296,3731.8,,"Nhật Bản - Japan                                                  296                 3731,8"
2025,Đặc khu hành chính Hồng Công (TQ) - Hong Kong SAR (China),470,3129.6,,"Đặc khu hành chính Hồng Công (TQ) - Hong Kong SAR (China)         470                 3129,6"
2025,Ma-lai-xi-a - Malaysia,40,2062.9,,"Ma-lai-xi-a - Malaysia                                             40                 2062,9"
2025,Đài Loan (TQ) - Taiwan (China),173,1723.2,,"Đài Loan (TQ) - Taiwan (China)                                    173                 1723,2"
2025,Thái Lan - Thailand,43,1153.6,,"Thái Lan - Thailand                                                43                 1153,6"
2025,Thụy Điển - Sweden,4,1021.1,,"Thụy Điển - Sweden                                                  4                 1021,1"
2025,Quần đảo Virgin thuộc Anh - British Virgin Islands,31,912.0,,"Quần đảo Virgin thuộc Anh - British Virgin Islands                 31                  912,0"
2025,Quần đảo Cay-men - Cayman Islands,7,664.7,,"Quần đảo Cay-men - Cayman Islands                                   7                  664,7"
2025,Hoa Kỳ - United States,127,664.1,,"127                  664,1"
2025,Xa-moa - Samoa,46,596.3,,"Xa-moa - Samoa                                                     46                  596,3"
2025,Thụy Sỹ - Switzerland,18,584.7,,"Thụy Sỹ - Switzerland                                              18                  584,7"
2025,Vương quốc Anh - United Kingdom,36,242.1,,"Vương quốc Anh - United Kingdom                                    36                  242,1"
2025,Hà Lan - Netherlands,21,207.4,,"Hà Lan - Netherlands                                               21                  207,4"
2025,CHLB Đức - F.R Germany,36,188.0,,"CHLB Đức - F.R Germany                                             36                  188,0"
2025,CH Xây-sen - Seychelles,24,170.4,,"CH Xây-sen - Seychelles                                            24                  170,4"
2025,I-ta-li-a - Italy,12,137.6,,"I-ta-li-a - Italy                                                  12                  137,6"
2025,Pháp - France,42,86.0,,"Pháp - France                                                      42                    86,0"
2025,Đan Mạch - Denmark,8,85.0,,"Đan Mạch - Denmark                                                  8                    85,0"
2025,Lúc-xăm-bua - Luxembourg,3,79.7,,"Lúc-xăm-bua - Luxembourg                                            3                    79,7"
2025,Quần đảo Virgin thuộc Hoa Kỳ - United States Virgin Islands,1,71.4,,"Quần đảo Virgin thuộc Hoa Kỳ - United States Virgin Islands         1                    71,4"
2025,Ca-na-đa - Canada,28,65.3,,"Ca-na-đa - Canada                                                  28                    65,3"
2025,Ô-xtrây-li-a - Australia,55,59.0,,"Ô-xtrây-li-a - Australia                                      55                   59,0"
2025,Vương quốc Liên hiệp Anh và Bắc Ireland - British Isles,1,52.3,,"Vương quốc Liên hiệp Anh và Bắc Ireland - British Isles        1                   52,3"
2025,Bỉ - Belgium,10,51.6,,"Bỉ - Belgium                                                  10                   51,6"
2025,Ấn Độ - India,53,35.4,,"Ấn Độ - India                                                 53                   35,4"
2025,Lào - Lao PDR,1,30.0,,"Lào - Lao PDR                                                  1                   30,0"
2025,Liên bang Nga - Fed. Russian,19,22.3,,"Liên bang Nga - Fed. Russian                                  19                   22,3"
2025,Cộng hòa Thổ Nhĩ Kỳ - Republic of Türkiye,9,22.3,,"Cộng hòa Thổ Nhĩ Kỳ - Republic of Türkiye                      9                   22,3"
2025,Phi-li-pin - Philippines,10,21.4,,"Phi-li-pin - Philippines                                      10                   21,4"
2025,Bê-li-xê - Belize,1,19.3,,"Bê-li-xê - Belize                                              1                   19,3"
2025,Cu-ba - Cuba,1,18.7,,"Cu-ba - Cuba                                                   1                   18,7"
2025,Tây Ban Nha - Spain,6,17.3,,"Tây Ban Nha - Spain                                            6                   17,3"
2025,In-đô-nê-xi-a - Indonesia,22,12.1,,"In-đô-nê-xi-a - Indonesia                                     22                   12,1"
2025,Ni-giê-ri-a - Nigeria,2,9.8,,"Ni-giê-ri-a - Nigeria                                          2                     9,8"
2025,Bru-nây - Brunei,1,7.7,,"Bru-nây - Brunei                                               1                     7,7"
2025,Ma-ri-ti-us - Mauritius,2,6.8,,"Ma-ri-ti-us - Mauritius                                        2                     6,8"
2025,Các Tiểu VQ Ả-rập Thống nhất - United Arab Emirates,9,6.5,,"Các Tiểu VQ Ả-rập Thống nhất - United Arab Emirates            9                     6,5"
2025,Cam-pu-chia - Cambodia,8,6.1,,"Cam-pu-chia - Cambodia                                         8                     6,1"
2025,Môn-đô-va - Republic of Moldova,1,4.9,,"Môn-đô-va - Republic of Moldova                                1                     4,9"
2025,Pa-ki-xtan - Pakistan,3,4.0,,"Pa-ki-xtan - Pakistan                                          3                     4,0"
2025,Băng-la-đet - Bangladesh,11,4.0,,"Băng-la-đet - Bangladesh                                      11                     4,0"
2025,Đảo An-gui-la - Anguilla,1,3.7,,"Đảo An-gui-la - Anguilla                                       1                     3,7"
2025,Cộng hoà Ai-rơ-len - Ireland,7,2.9,,"Cộng hoà Ai-rơ-len - Ireland                                   7                     2,9"
2025,Áo - Austria,4,2.9,,"Áo - Austria                                                   4                     2,9"
2025,Cộng hòa Séc - Czech Republic,5,2.8,,"Cộng hòa Séc - Czech Republic                                  5                     2,8"
2025,Đặc khu HC Ma-cao (TQ) - Macau (China),1,2.1,,"Đặc khu HC Ma-cao (TQ) - Macau (China)                         1                     2,1"
2025,Ai Cập - Egypt,3,2.0,,"Ai Cập - Egypt                                                 3                     2,0"
2025,Đảo Nêvít - Island of Nevis,,1.8,,"Đảo Nêvít - Island of Nevis                                                          1,8"
2025,Hy Lạp - Greece,1,1.8,,"Hy Lạp - Greece                                                1                     1,8"
2025,Niu-di-lân - New Zealand,4,1.8,,"Niu-di-lân - New Zealand                                       4                     1,8"
2025,Cộng hòa Kyrgyzstan - Kyrgyz Republic,2,1.7,,"Cộng hòa Kyrgyzstan - Kyrgyz Republic                          2                     1,7"
2025,Ap-ga-ni-xtan - Afghanistan,2,1.7,,"Ap-ga-ni-xtan - Afghanistan                                    2                     1,7"
2025,Cộng hòa Síp - Cyprus,4,1.5,,"Cộng hòa Síp - Cyprus                                          4                     1,5"
2025,Gru-di-a-Georgia,,1.5,,"Gru-di-a-Georgia                                                                     1,5"
2025,I-xra-ren - Israel,3,1.4,,"I-xra-ren - Israel                                             3                     1,4"
2025,Lithuania - Lit-va,3,1.2,,"Lithuania - Lit-va                                             3                     1,2"
2025,Ka-dắc-xtan - Kazakhstan,3,1.2,,"Ka-dắc-xtan - Kazakhstan                                       3                     1,2"
2025,Na Uy - Norway,3,1.2,,"Na Uy - Norway                                                 3                     1,2"
2025,Phần Lan - Finland,2,1.2,,"Phần Lan - Finland                                             2                     1,2"
2025,Y-ê-men - Yemen,1,1.1,,"Y-ê-men - Yemen                                                1                     1,1"
2025,Công gô - Congo,,1.1,,"Công gô - Congo                                                                      1,1"
2025,Cộng hòa Vanuatu - Vanuatu,2,1.1,,"Cộng hòa Vanuatu - Vanuatu                                     2                     1,1"
2025,Quốc đảo Marshall - Marshall Islands,,0.9,,"Quốc đảo Marshall - Marshall Islands                                                 0,9"
