seed,T,beta,truth,A,B,C,D,hw_A,hw_B,hw_C,hw_D,L,S_llsw,nu,F,G,hw_F,hw_G,se_A,se_F,se_G,W,dgp,E
10000,46,2.335882399208609,2.05,True,True,True,True,1.4780246009900218,1.925140179319866,1.925140179319866,1.8778749737378428,8,9,5,True,True,2.072739088028461,2.4040282990445188,0.7541080351424932,1.0291125567194424,1.1935972663152796,True,iid,True
10001,46,2.2966963904530457,2.05,True,True,True,True,1.845528739989357,2.403817586705421,2.403817586705421,2.8795027839602274,8,9,5,True,True,1.6599875744893644,1.8996379355299284,0.9416135908564428,0.8241819082642777,0.9431680349763368,True,iid,True
10002,46,2.8416710947308554,2.05,True,True,True,True,1.8258038149486215,2.3781256965267623,2.3781256965267623,2.3562287689809738,8,9,5,True,True,2.407875833089583,2.7952929034896843,0.9315496687432124,1.1955075625127367,1.38785968928979,True,iid,True
10003,46,2.2002089613021423,2.05,True,True,True,True,2.222678835054991,2.895058937599594,2.895058937599594,3.71626292560688,8,9,5,True,True,1.97232503114792,2.273859450926429,1.1340406431215018,0.9792570937700764,1.1289685839761774,True,iid,True
10004,46,1.3713522185470248,2.05,True,True,True,True,0.8965206660154863,1.1677261356684758,1.1677261356684758,1.3453625745422264,8,9,5,True,True,1.1425456137708514,1.294741169018608,0.4574169046041081,0.5672725740289413,0.6428374909482885,True,iid,True
10005,46,0.4645411894794175,2.05,False,True,True,True,1.3833512702874011,1.8018273246328944,1.8018273246328944,1.8941537572502605,8,9,5,False,False,1.2532817788375386,1.42464999033554,0.705804428187151,0.6222529517384583,0.707337070281759,True,iid,True
10006,46,1.3155515508238451,2.05,False,True,True,False,0.6808571577169076,0.8868224993145365,0.8868224993145365,0.7191427382681163,8,9,5,True,True,1.0651393169126004,1.2532315115917767,0.347382481370529,0.5288404372848279,0.6222279941091532,True,iid,True
10007,46,0.9847109144405796,2.05,False,False,False,False,0.479800558093772,0.6249444913350612,0.6249444913350612,0.4836502495557274,8,9,5,True,True,1.2788787587267545,1.4332616617989828,0.2448006994484449,0.6349618226090044,0.711612755189984,True,iid,False
10008,46,0.9246777351203096,2.05,True,True,True,True,1.3987110909256344,1.821833627530696,1.821833627530696,2.0593914716140223,8,9,5,True,True,1.3503384391879707,1.5665756169226654,0.713641215310911,0.670441471198903,0.7778029795149427,True,iid,True
10009,46,1.93573436053056,2.05,True,True,True,True,1.511272653893656,1.968446063732118,1.968446063732118,2.403216720342125,8,9,5,True,True,1.415528130341676,1.62492144248216,0.7710716390166635,0.7028080773590408,0.8067716143335927,True,iid,True
10010,46,2.103061405845307,2.05,True,True,True,True,0.9639288225393924,1.2555258586576132,1.2555258586576132,1.22681196572461,8,9,5,True,True,1.62212375402924,1.847222554108108,0.4918094528978045,0.805382565256785,0.9171438588038586,True,iid,True
10011,46,2.7205250636857725,2.05,True,True,True,True,1.3010097401715082,1.6945767498139082,1.6945767498139082,1.9467257626805656,8,9,5,True,True,1.1963535214903478,1.3491922736986135,0.6637926717896391,0.593988137895499,0.6698724013608377,True,iid,True
10012,46,2.9235196206770016,2.05,True,True,True,True,1.009961669785988,1.3154840513315071,1.3154840513315071,1.4437968363940967,8,9,5,True,True,1.5914771273751709,1.8011660185480431,0.5152960308383153,0.7901665506156011,0.8942768422374169,True,iid,True
10013,46,1.6037131372300648,2.05,True,True,True,True,1.1021521805840482,1.4355630110257416,1.4355630110257416,1.7001068557705197,8,9,5,True,True,1.5909507191776773,1.7853175278282505,0.5623328696772227,0.789905189555191,0.8864080849495405,True,iid,True
10014,46,1.403334152729878,2.05,True,True,True,True,1.22513520455227,1.5957494928047955,1.5957494928047955,1.5431250183136724,8,9,5,True,True,1.2709771838427173,1.4231379327328737,0.6250804629841518,0.6310386998300751,0.7065863354331837,True,iid,True
10015,46,4.556658135934051,2.05,False,False,False,False,1.0396517981934954,1.3541557074650878,1.3541557074650878,1.5686538264020655,8,9,5,False,False,1.8238611919626933,2.1980724421859668,0.5304443337701588,0.9055449695539896,1.0913404219072114,False,iid,False
10016,46,0.3969938803241319,2.05,False,False,False,False,0.8061249668766026,1.04998493411242,1.04998493411242,0.9658666198361492,8,9,5,False,False,1.1997471868959502,1.341884690297542,0.4112958028191347,0.5956730888390988,0.6662441946652856,False,iid,False
10017,46,1.0533972123212818,2.05,False,False,False,False,0.7514266188091839,0.9787398496013254,0.9787398496013254,0.920591800093992,8,9,5,True,True,1.4514394786364595,1.6683108910215911,0.3833879697837225,0.7206380201976447,0.8283144252831045,True,iid,True
10018,46,2.2778138077140544,2.05,True,True,True,True,1.8867714731116445,2.457536613158363,2.457536613158363,3.1033309565051024,8,9,5,True,True,2.22188573205072,2.4976413551386267,0.9626561881298046,1.103163692746344,1.2400760402505766,True,iid,True
10019,46,2.380945966141645,2.05,True,True,True,True,1.4402279848569133,1.8759097508740623,1.8759097508740623,2.438624447869276,8,9,5,True,True,1.2414697460418198,1.3812791010165684,0.7348236931172784,0.6163882911351701,0.6858034739637114,True,iid,False
10020,46,2.2842283487265584,2.05,True,True,True,True,2.228304522300158,2.902386445236952,2.902386445236952,3.356765456063143,8,9,5,True,True,1.8621257229258508,2.134630696787821,1.1369109444357943,0.9245432648621662,1.059841668790373,True,iid,True
10021,46,2.522095217385579,2.05,True,True,True,True,1.8660836987327825,2.430590603159088,2.430590603159088,2.7067823798205684,8,9,5,True,True,1.8682305425486248,2.1858042136478883,0.952101007331146,0.927574300734742,1.0852492606461723,True,iid,True
10022,46,3.199439368247811,2.05,True,True,True,True,3.5351103813563016,4.604512691413406,4.604512691413406,5.157939397207144,8,9,5,True,True,2.5833128511587304,2.900118426090857,1.8036608740549835,1.2826118388064331,1.4399054398604296,True,iid,True
10023,46,4.33687372662118,2.05,False,False,False,False,1.566209578435762,2.040001896221936,2.040001896221936,2.2180386478011616,8,9,5,False,False,1.2545546403270853,1.4248216580732014,0.7991011969790068,0.6228849259938882,0.7074223031146954,False,iid,True
10024,46,3.801404950932232,2.05,True,True,True,True,2.4073064619698763,3.1355380626075564,3.1355380626075564,3.7999021000043567,8,9,5,True,True,2.265168870998414,2.6812103751227743,1.228240142150507,1.1246537211066778,1.3312178460772124,True,iid,True
10025,46,2.442449366894292,2.05,True,True,True,True,1.5506420129940717,2.0197250038712165,2.0197250038712165,2.430132527829092,8,9,5,True,True,1.2044750405497149,1.362075953830418,0.7911584156617527,0.5980204627027571,0.6762691336253931,True,iid,True
10026,46,2.0684625460495085,2.05,True,True,True,True,1.4471685246875232,1.8849498656902348,1.8849498656902348,2.0584539432452584,8,9,5,True,True,1.8646351974929765,2.154941311358594,0.7383648499092449,0.925789216078464,1.0699258654025727,True,iid,True
10027,46,2.345881576303384,2.05,True,True,True,True,0.7995640475572046,1.041439278386129,1.041439278386129,1.2033344184296884,8,9,5,True,True,1.4648938353000611,1.6405315780815786,0.4079483335189853,0.7273180926993236,0.8145220285802478,True,iid,True
10028,46,2.4917306121392526,2.05,True,True,True,True,1.7590131648746086,2.291130281176944,2.291130281176944,2.5330181707442274,8,9,5,True,True,2.245018215036028,2.526534356966068,0.8974721805475042,1.11464894375829,1.2544213821962529,True,iid,True
10029,46,2.1952982413344264,2.05,True,True,True,True,1.081667718580383,1.4088818172021795,1.4088818172021795,1.4761392840954537,8,9,5,True,True,1.4590078353053295,1.6342013775535682,0.5518814215875305,0.724395700518651,0.8113790913492411,True,iid,True
10030,46,2.353729482869769,2.05,True,True,True,True,1.1620304880123724,1.5135550386433605,1.5135550386433605,1.807726155789032,8,9,5,True,True,1.7384669897128386,2.002128211756867,0.592883587664045,0.8631468470339215,0.9940543384266716,True,iid,True
10031,46,4.078297162053832,2.05,False,False,False,False,0.7725492253748735,1.0062522323886869,1.0062522323886869,0.8921122063695578,8,9,5,False,False,1.571117953016417,1.7700412422662632,0.3941650078138544,0.7800582441249067,0.8788234268598306,False,iid,False
10032,46,2.0178208715900605,2.05,True,True,True,True,1.4996900340881472,1.9533595984903112,1.9533595984903112,1.965259556000319,8,9,5,True,True,1.8597332039632988,2.134605400565648,0.7651620305720651,0.9233553819680904,1.0598291092453598,True,iid,True
10033,46,1.5952857312911373,2.05,True,True,True,True,0.94261070630905,1.227758822794372,1.227758822794372,0.6538297859608837,8,9,5,True,True,1.7264244408935985,2.0337667675271787,0.4809326632065946,0.8571677354919208,1.0097628447252942,True,iid,True
10034,46,3.2496342187416527,2.05,False,False,False,False,0.7718244980168778,1.0053082685635952,1.0053082685635952,0.9783360078376112,8,9,5,True,True,1.3600633164757554,1.592621542080377,0.3937952421661203,0.6752698615096846,0.7907347511913632,True,iid,True
10035,46,-0.2924345586493472,2.05,False,False,False,False,1.4756218658967482,1.9220105955056157,1.9220105955056157,2.1674688244774467,8,9,5,False,False,1.0078470551960774,1.19087239767315,0.7528821273741498,0.5003948956940568,0.5912667662680755,False,iid,True
10036,46,3.338164379174403,2.05,False,True,True,True,1.2865832737394265,1.6757861490651744,1.6757861490651744,1.8187882393856287,8,9,5,False,True,1.219732966801638,1.3569295862785054,0.6564320945381784,0.6055960054162826,0.6737139680959948,True,iid,True
10037,46,0.5363424221173513,2.05,False,True,True,True,1.2364716510872245,1.6105153151737428,1.6105153151737428,1.7206301028651716,8,9,5,True,True,1.854342250933396,2.1817513622391047,0.6308644705143689,0.9206787800321298,1.0832370246154115,True,iid,True
10038,46,2.5244538245378325,2.05,True,True,True,True,0.93924977310711,1.2233811774272167,1.2233811774272167,1.0478995392194184,8,9,5,True,True,1.4739035377915153,1.7023826986337498,0.479217869872666,0.7317913995519875,0.8452310383031992,True,iid,False
10039,46,1.55827654326428,2.05,True,True,True,True,1.650326178483105,2.149564515403274,2.149564515403274,2.714600653984347,8,9,5,True,True,1.872436925097802,2.224248387319462,0.8420186179353829,0.9296627647989004,1.1043367483510291,True,iid,True
10040,46,2.4592229600426743,2.05,True,True,True,True,1.0784917085158456,1.4047450358650695,1.4047450358650695,1.5924195061410649,8,9,5,True,True,1.4162815620658653,1.638831199263859,0.5502609785260574,0.7031821553375343,0.8136777924664976,True,iid,True
10041,46,1.7616663850386367,2.05,True,True,True,True,0.9889001475256696,1.2880512313948027,1.2880512313948027,1.3097951944364117,8,9,5,True,True,1.4464985691527714,1.6469503046791456,0.5045501588425448,0.718184864361174,0.8177089189022654,True,iid,True
10042,46,3.4039147140996766,2.05,True,True,True,True,1.6814654061654664,2.1901236362217973,2.1901236362217973,2.226356143164209,8,9,5,True,True,1.88891260756071,2.1544551531480867,0.8579062708118447,0.9378429220608684,1.0696844884140868,True,iid,True
10043,46,0.9254650048504474,2.05,False,True,True,False,0.8816353740408482,1.1483379105725684,1.1483379105725684,1.075006803532729,8,9,5,False,True,1.0792836437134807,1.2661700576047146,0.4498222283883011,0.5358630791605956,0.6286519672201499,True,iid,True
10044,46,2.3087663289451363,2.05,True,True,True,True,1.0408991370938736,1.3557803774690498,1.3557803774690498,1.5922003465219077,8,9,5,True,True,1.8646927755334937,2.1360672522333832,0.5310807428574573,0.9258178035088984,1.0605549169053865,True,iid,True
10045,46,2.5724565962695447,2.05,True,True,True,True,1.208247353683786,1.573752916951117,1.573752916951117,1.6617743970430274,8,9,5,True,True,1.8192821951292864,2.1085045101299933,0.6164640542804797,0.9032715029292444,1.046870047372097,True,iid,True
10046,46,-0.1833986332038006,2.05,False,False,False,False,0.7889944185916954,1.0276722427167804,1.0276722427167804,0.9635940995024124,8,9,5,False,False,0.960894149992332,1.111532989889164,0.4025555666286194,0.4770828326376338,0.5518748421881147,False,iid,False
10047,46,1.8512115058342211,2.05,True,True,True,True,0.98368212908301,1.2812547159960284,1.2812547159960284,1.4475730271750002,8,9,5,True,True,1.579050869347037,1.868210660563596,0.5018878556356188,0.7839969278957671,0.9275644293522008,True,iid,True
10048,46,3.229377557557714,2.05,True,True,True,True,1.3455332222302756,1.7525689809155736,1.7525689809155736,2.05149534495905,8,9,5,True,True,1.4384180309428436,1.6613801261675576,0.6865091513059809,0.7141728864982015,0.8248733085597546,True,iid,True
10049,46,1.3592482100524694,2.05,True,True,True,True,1.2836006089716565,1.6719012016955368,1.6719012016955368,1.691475487070721,8,9,5,True,True,1.597490203654878,1.8250291881432112,0.6549102988481709,0.7931520360245942,0.9061248783049336,True,iid,True
10050,46,1.8325391501018549,2.05,True,True,True,True,0.8528733122739957,1.1108750694870015,1.1108750694870015,1.0232069771632142,8,9,5,True,True,1.2416043220282698,1.423731323086033,0.4351474375417077,0.616455107956587,0.7068809530563083,True,iid,True
10051,46,-0.06201365633229,2.05,True,True,True,True,2.451789184754906,3.1934772043929143,3.1934772043929143,3.453394058670816,8,9,5,True,True,2.3229602143736594,2.6844907421538595,1.2509358257370573,1.1533470561630066,1.332846544509078,True,iid,True
10052,46,1.6211263071220785,2.05,True,True,True,True,1.513125173450096,1.970858986919384,1.970858986919384,2.0176712882338403,8,9,5,True,True,1.5606045914927609,1.9174370898193187,0.7720168194161198,0.7748383723041765,0.9520052944674102,True,iid,True
10053,46,1.5038080817963515,2.05,True,True,True,True,1.1004788650919235,1.4333835027249937,1.4333835027249937,1.7535011206900637,8,9,5,True,True,1.0144264059162418,1.1507102637665572,0.5614791216021946,0.5036615357069214,0.5713263132961408,True,iid,True
10054,46,1.5660307789989183,2.05,True,True,True,True,1.464991518330807,1.9081644733195435,1.9081644733195435,2.1296878031833457,8,9,5,True,True,1.3678599667017224,1.5864352789565537,0.7474583810370024,0.6791408893173977,0.787663278714838,True,iid,True
10055,46,0.4930959222586088,2.05,False,True,True,True,1.2226465190267148,1.5925079577885797,1.5925079577885797,1.955149682954356,8,9,5,False,True,1.4005039372442205,1.5927531421181056,0.6238107021489756,0.6953485828860169,0.7908000904576863,True,iid,True
10056,46,3.656705264823291,2.05,False,False,False,False,1.2038980310813552,1.5680878856051197,1.5680878856051197,1.448333308539089,8,9,5,True,True,1.6498379968158647,1.9096939576124017,0.6142449713777167,0.8191426547038438,0.948160838294175,True,iid,False
10057,46,0.862908177705783,2.05,True,True,True,True,2.074032709490795,2.7014460379007805,2.7014460379007805,2.72430596885338,8,9,5,True,True,2.12710366779168,2.390717508802622,1.0581993901371631,1.0561045076110136,1.1869884743757095,True,iid,True
10058,46,2.957385101826855,2.05,True,True,True,True,1.479957222988568,1.9276574366499175,1.9276574366499175,2.204761939187623,8,9,5,True,True,1.5696253804831533,1.7960414941380236,0.7550940848855224,0.7793171835907238,0.8917325218026715,True,iid,True
10059,46,1.7901416016105625,2.05,True,True,True,True,0.9833233442068144,1.2807873955059406,1.2807873955059406,1.2800039985587464,8,9,5,True,True,1.4204779001499188,1.6263136487651375,0.5017047987650867,0.7052656323363914,0.807462843140745,True,iid,True
10060,46,3.105408136559743,2.05,True,True,True,True,1.7072967726186694,2.223769220613617,2.223769220613617,2.062751992711714,8,9,5,True,True,2.0764082064201244,2.329165410205225,0.8710857814830626,1.030934269751613,1.1564279287069994,True,iid,True
10061,46,1.766045048214679,2.05,True,True,True,True,0.9490516387351492,1.2361481945257096,1.2361481945257096,1.3523316107516763,8,9,5,True,True,1.5479570423515767,1.823898939772309,0.4842189135796112,0.7685588788029954,0.9055637112977474,True,iid,True
10062,46,1.171651881211838,2.05,False,False,False,True,0.6540245610656734,0.8518728036909498,0.8518728036909498,1.079478327394093,8,9,5,False,True,0.817572837971121,0.9446812500927247,0.3336921295828257,0.405923967202802,0.4690331466140102,True,iid,True
10063,46,4.7799144583080215,2.05,False,True,True,True,2.2851128716983125,2.976379825234805,2.976379825234805,3.407898284801856,8,9,5,False,False,2.293227111648796,2.7030953676848477,1.1658953285357856,1.1385846050947004,1.3420837195387698,True,iid,True
10064,46,2.6103857217628423,2.05,True,True,True,True,1.089993743949799,1.4197265392467002,1.4197265392467002,1.9782196915827583,8,9,5,True,True,1.2475084090487667,1.4270437440306487,0.5561294717401948,0.6193864803246051,0.7085255662191193,True,iid,True
10065,46,1.5421012710900968,2.05,True,True,True,True,2.6653093369179186,3.4715891003303505,3.4715891003303505,3.5402117308916847,8,9,5,True,True,2.42128941323164,2.8361530180995507,1.3598766798359143,1.2021673895186928,1.408146688872553,True,iid,True
10066,46,2.5932338820817917,2.05,True,True,True,True,1.5767396069131925,2.053717351903597,2.053717351903597,1.990079410021669,8,9,5,True,True,2.5911311283517864,2.958749487526714,0.8044737591676134,1.286493604378259,1.4690156939613557,True,iid,True
10067,46,1.880458718699795,2.05,True,True,True,True,0.8390515978830553,1.0928721636468282,1.0928721636468282,1.28644589299545,8,9,5,True,True,1.225690375364933,1.3940100915715916,0.4280954129173062,0.608553851868547,0.6921243960302282,True,iid,True
10068,46,2.886367142531161,2.05,True,True,True,True,3.3313010100179627,4.339049173808527,4.339049173808527,4.603238284282494,8,9,5,True,True,2.77628343265741,3.1830940577977547,1.6996745909710396,1.37842150903687,1.5804025132823336,True,iid,True
10069,46,0.8617003258600019,2.05,True,True,True,True,1.3841410962501874,1.8028560799693152,1.8028560799693152,1.8497610753768297,8,9,5,True,True,1.8930432722396335,2.134435753555389,0.7062074080188143,0.9398937922901364,1.0597448797012388,True,iid,True
10070,46,2.1665618447269366,2.05,True,True,True,True,0.919936984354593,1.198226098426987,1.198226098426987,1.431477465285163,8,9,5,True,True,1.174081466798737,1.3540093052787114,0.469364225238113,0.5829300885348916,0.6722640519616415,True,iid,True
10071,46,0.5488862910290232,2.05,False,False,False,False,1.030887419252771,1.3427400259978974,1.3427400259978974,1.473694911863515,8,9,5,False,False,1.1815524069812648,1.3164149952689146,0.5259726297282864,0.5866394016832496,0.6535985205806103,False,iid,True
10072,46,1.13309315776327,2.05,True,True,True,True,1.3225826103676106,1.722675604981779,1.722675604981779,1.9503033368223897,8,9,5,True,True,1.852719717138808,2.102481087920534,0.6747994403813593,0.9198731938822106,1.0438794252209642,True,iid,True
10073,46,2.3959569118665964,2.05,True,True,True,True,1.3291378696521077,1.7312138884623052,1.7312138884623052,1.8910052188961,8,9,5,True,True,1.5499303000839568,1.8196392310057847,0.6781440218555582,0.7695385989818472,0.9034487708284344,True,iid,True
10074,46,1.3621775481510556,2.05,True,True,True,True,1.574997344555843,2.051448039698101,2.051448039698101,2.435395616888073,8,9,5,True,True,1.657454907880124,1.9580156219126768,0.8035848334744122,0.8229244422259291,0.9721524886568336,True,iid,True
10075,46,3.1334508841678224,2.05,False,True,True,True,1.074595530769105,1.399670229721114,1.399670229721114,1.4987181365016111,8,9,5,True,True,1.5078571529034264,1.6735965356842502,0.5482730962247802,0.7486493301325907,0.8309387417366884,True,iid,True
10076,46,1.938803603078656,2.05,True,True,True,True,1.5708046897121335,2.0459870695002857,2.0459870695002857,2.0688396334492354,8,9,5,True,True,2.319048156959661,2.6107357557514352,0.8014456845697848,1.1514047241875998,1.2962272791776162,True,iid,True
10077,46,1.107510868396354,2.05,False,True,True,True,0.8482691855486229,1.1048781535061996,1.1048781535061996,1.2854043589988484,8,9,5,True,True,1.140540708340828,1.3526714530875166,0.4327983501475654,0.5662771408048616,0.6715998098981106,True,iid,True
10078,46,3.4256259097467745,2.05,True,True,True,True,1.381646272442414,1.7996065497859532,1.7996065497859532,1.6733749223852226,8,9,5,True,True,2.071185331511108,2.323610772135904,0.7049345153494727,1.0283411184080178,1.153670057338535,True,iid,True
10079,46,3.188796654323864,2.05,False,True,True,True,0.95700499982744,1.2465075180370722,1.2465075180370722,1.2785708543028005,8,9,5,True,True,1.3653127267102714,1.5411711703939357,0.4882768254046706,0.6778761876116594,0.7651897012349006,True,iid,True
10080,46,1.293285671095458,2.05,False,False,False,True,0.5179629992906727,0.6746514101778697,0.6746514101778697,0.8507499904277255,8,9,5,True,True,0.8367118566977947,0.9520863208927602,0.2642716903426148,0.4154264678352588,0.4727097556902455,True,iid,True
10081,46,1.3094646340758973,2.05,True,True,True,True,1.3625880584536845,1.7747830566781908,1.7747830566781908,1.7620784805108558,8,9,5,True,True,1.5016542757751203,1.7392214215893664,0.695210758184173,0.7455696088220811,0.8635214215868927,True,iid,True
10082,46,2.441168147010408,2.05,True,True,True,True,1.4812695885308766,1.9293668044329444,1.9293668044329444,1.9679400672907943,8,9,5,True,True,1.7038373921991512,1.9370912251355064,0.7557636714403309,0.8459532919737071,0.9617635498899924,True,iid,True
10083,46,1.1648685183198737,2.05,True,True,True,True,1.3250237353247896,1.7258551919349716,1.7258551919349716,1.8414455106239456,8,9,5,True,True,1.468748283156129,1.7757433483471647,0.6760449351747223,0.7292318215959368,0.8816545159252583,True,iid,True
10084,46,1.6930795718526463,2.05,True,True,True,True,1.1779181896422726,1.5342489112245603,1.5342489112245603,1.5711960739583712,8,9,5,True,True,1.9155018934650825,2.1969980422393065,0.6009897067712838,0.9510444717187272,1.0908069835779817,True,iid,True
10085,46,1.6360072449511929,2.05,True,True,True,True,1.2646707413270235,1.6472448808416895,1.6472448808416895,2.004871609338576,8,9,5,True,True,1.298329924852086,1.5013442050307206,0.6452520257142599,0.6446193040633897,0.7454156590565867,True,iid,True
10086,46,2.567990853613063,2.05,True,True,True,True,1.9082324074577872,2.4854896708867877,2.4854896708867877,2.96527905575858,8,9,5,True,True,2.0368904173854823,2.264984793208184,0.9736058455450136,1.0113137332623714,1.1245623266970133,True,iid,True
10087,46,2.8857176955870987,2.05,True,True,True,True,1.7610341280425474,2.293762603665297,2.293762603665297,2.8871574892988057,8,9,5,True,True,2.068478926881574,2.503483762009252,0.8985033031436024,1.026997391643803,1.2429767884956164,True,iid,True
10088,46,0.9916626531581814,2.05,True,True,True,True,1.7512919519467387,2.2810733327130484,2.2810733327130484,2.6824542622583025,8,9,5,True,True,1.6902434015038923,1.9372839924117884,0.8935327138389983,0.8392038913370236,0.961859258619418,True,iid,True
10089,46,1.4205595490258456,2.05,True,True,True,True,1.1335926255677458,1.4765144700564432,1.4765144700564432,1.7060449593862026,8,9,5,True,True,1.7908091368400845,2.02628280446427,0.5783742076730725,0.8891346624639577,1.0060470657319094,True,iid,True
10090,46,2.0829732682623163,2.05,True,True,True,True,1.173889868365751,1.529001986958587,1.529001986958587,1.3457625463691512,8,9,5,True,True,1.6675963506689715,1.871965200515912,0.5989344030633986,0.8279596568255545,0.929428554090307,True,iid,True
10091,46,1.0898914776555733,2.05,True,True,True,True,1.2610425052801943,1.6425190711433062,1.6425190711433062,1.661009912691971,8,9,5,True,True,1.2556910818186546,1.4382414928417386,0.6434008508728702,0.6234491678783134,0.7140852355354558,True,iid,True
10092,46,2.7588418096013614,2.05,True,True,True,True,2.815868327692931,3.667693523967601,3.667693523967601,3.917924146587556,8,9,5,True,True,3.482860878649966,4.025670406240308,1.4366939023843963,1.7292363926686245,1.9987406944770627,True,iid,True
10093,46,3.02649189526486,2.05,False,True,True,False,0.9165825603185656,1.193856931306286,1.193856931306286,0.8989267785572902,8,9,5,True,True,1.823415994237515,2.0523063597180013,0.4676527529682002,0.9053239293990324,1.0189677307769107,True,iid,True
10094,46,1.2155059020289083,2.05,True,True,True,True,1.676780885934502,2.184022006985433,2.184022006985433,2.6412344316124994,8,9,5,True,True,1.5604094615705515,1.817613117664427,0.8555161655696236,0.7747414905237842,0.9024428079009388,True,iid,True
10095,46,2.511435326714847,2.05,True,True,True,True,1.37443440710413,1.790213031084522,1.790213031084522,1.6375225568631255,8,9,5,True,True,1.4312281914979912,1.6480401943104932,0.7012549246333758,0.7106031395405503,0.8182500478420032,True,iid,True
10096,46,2.881227161164824,2.05,True,True,True,True,1.006166823176075,1.31054122989389,1.31054122989389,1.0643100508387051,8,9,5,True,True,2.441626854275227,2.794689403581747,0.5133598490462452,1.212264905443577,1.3875600522844262,True,iid,True
10097,46,2.4418940867190067,2.05,True,True,True,True,1.218336597791717,1.5868942470738594,1.5868942470738594,1.5179159762108003,8,9,5,True,True,1.5175393163394826,1.813276514186149,0.6216117223539398,0.753456513065457,0.9002896892962937,True,iid,True
10098,46,-0.4171973985364374,2.05,False,False,False,False,1.5500086807021982,2.01890008293206,2.01890008293206,2.0624242273815563,8,9,5,False,False,1.998272138236928,2.307160303406833,0.7908352810062829,0.9921398023898292,1.145502418666217,True,iid,True
10099,46,2.770209017892759,2.05,True,True,True,True,2.1096141228093326,2.747791144992111,2.747791144992111,3.4691297304674897,8,9,5,True,True,2.279423601210819,2.5672231833741423,1.0763535058854818,1.131731178148407,1.2746233373851985,True,iid,True
10100,46,3.210741855493694,2.05,True,True,True,True,2.105424590598049,2.742334242050784,2.742334242050784,2.935512060056321,8,9,5,True,True,2.1070785814408635,2.4452402827103232,1.0742159501899264,1.0461620754293453,1.214058968476808,True,iid,True
10101,46,0.3642339483959147,2.05,False,False,False,False,0.9563707222348558,1.2456813658353374,1.2456813658353374,1.2393194800371752,8,9,5,False,False,1.2469576360497192,1.4610100112475537,0.4879532084440611,0.6191130221684409,0.7253897785551994,True,iid,False
10102,46,1.7449901516528583,2.05,True,True,True,True,0.3826012467715538,0.4983415244404081,0.4983415244404081,0.4284807285212531,8,9,5,True,True,0.6734036811242726,0.7589496142985369,0.1952083031992188,0.3343441477939497,0.3768176045422642,True,iid,True
10103,46,0.5564588657813512,2.05,False,False,False,False,1.1085828693152404,1.4439390402534185,1.4439390402534185,1.1914468604157145,8,9,5,True,True,1.7610120860821217,2.059417495551418,0.5656138935792905,0.8743404612712772,1.0224984014826324,True,iid,False
10104,46,2.6792375330596903,2.05,True,True,True,True,1.2263691268648291,1.5973566875838785,1.5973566875838785,1.4595209807744165,8,9,5,True,True,1.535383249010209,1.8000625974557076,0.625710026747853,0.7623160049710049,0.8937289949429695,True,iid,True
10105,46,1.631755348566646,2.05,True,True,True,True,1.1556260034302344,1.5052131405527267,1.5052131405527267,1.8999210144066696,8,9,5,True,True,1.0997258883714645,1.2415544938120278,0.5896159334713466,0.546012629958652,0.61643036830493,True,iid,True
10106,46,1.4996436693161703,2.05,True,True,True,True,1.2459984308711425,1.622924030515333,1.622924030515333,1.723800838873795,8,9,5,True,True,1.620380899562259,1.8454791150952945,0.635725161722941,0.8045172400323688,0.9162782433531134,True,iid,True
10107,46,2.4088231614189763,2.05,True,True,True,True,2.170132423792381,2.826616769902956,2.826616769902956,3.2439097552441183,8,9,5,True,True,2.004829714705844,2.3303731254785784,1.107230757193694,0.995395631512166,1.1570275579415366,True,iid,True
10108,46,1.1709871512501142,2.05,True,True,True,True,1.2068836141628885,1.5719766341043715,1.5719766341043715,1.791608953634643,8,9,5,True,True,1.2464111147022183,1.4428226252585383,0.6157682560306661,0.6188416749523455,0.7163597624748823,True,iid,True
10109,46,2.702708544220665,2.05,True,True,True,True,1.1607749979618671,1.5119197516939114,1.5119197516939114,2.109379754317249,8,9,5,True,True,1.4800493262523924,1.7211613853976528,0.592243019750295,0.7348427764052343,0.8545546345334492,True,iid,True
10110,46,1.7572030335603364,2.05,True,True,True,True,1.4388565594937297,1.8741234571494283,1.8741234571494283,2.0990659245619128,8,9,5,True,True,1.5359959658483628,1.797556407225224,0.7341239734473335,0.7626202181715469,0.8924846743960109,True,iid,True
10111,46,2.894782849651088,2.05,False,True,True,True,0.8222131136677874,1.070939888297729,1.070939888297729,1.0335031935300798,8,9,5,True,True,1.2206396626774576,1.3552284664805427,0.4195041917442296,0.6060461788685617,0.6728693640864122,True,iid,True
10112,46,3.4283203263831545,2.05,True,True,True,True,1.7693352915510947,2.3045749429150653,2.3045749429150653,2.1637898859022195,8,9,5,True,True,2.253387232540629,2.6748601986513934,0.902738668440387,1.1188041512569735,1.328064990813457,True,iid,True
10113,46,4.228793904019311,2.05,True,True,True,True,3.2937157616854544,4.29009405380162,4.29009405380162,4.774595258549737,8,9,5,True,True,2.6541331289539083,3.020849722111654,1.680498091641201,1.3177740247131504,1.499848388513072,True,iid,True
10114,46,3.453483496727729,2.05,False,False,False,False,1.025363759099727,1.3355454095548351,1.3355454095548351,1.3531647952500148,8,9,5,False,True,1.2724063384230415,1.5719866321961478,0.5231543840089548,0.6317482734240694,0.7804895423316057,True,iid,False
10115,46,3.1072260224361794,2.05,False,False,False,False,0.6948514658010893,0.9050502099741516,0.9050502099741516,0.7453836142992761,8,9,5,True,True,1.3857943989999708,1.567214726853452,0.3545225656191079,0.6880453141832006,0.7781202968554103,True,iid,False
10116,46,0.5686663415232202,2.05,True,True,True,True,1.5459463148852794,2.013608815349634,2.013608815349634,1.9056550717834424,8,9,5,True,True,1.9080852764040224,2.1816956928349374,0.7887626073158892,0.9473621299372652,1.0832093848207145,True,iid,True
10117,46,2.435924848413483,2.05,True,True,True,True,1.0952136502472978,1.4265255135931814,1.4265255135931814,1.6706335883386734,8,9,5,True,True,1.2527527963787883,1.4285416893621607,0.5587927381560568,0.6219903125603156,0.7092692943414103,True,iid,True
10118,46,1.4087197078812572,2.05,True,True,True,True,2.002261771806254,2.607963753673967,2.607963753673967,2.9676202718232587,8,9,5,True,True,2.516171790243656,2.945580050047051,1.0215808922032517,1.2492763798197015,1.4624770835045304,True,iid,True
10119,46,2.863676945813235,2.05,True,True,True,True,1.032451628021276,1.3447774218214017,1.3447774218214017,1.393790746920615,8,9,5,True,True,1.1192648583433786,1.2767925586520992,0.526770710085122,0.5557137059211781,0.6339260266880142,True,iid,True
10120,46,0.3355203816975076,2.05,True,True,True,True,1.8535640304619003,2.414283623962743,2.414283623962743,2.584028529434304,8,9,5,False,True,1.5506684975186114,1.796483275361803,0.945713304153495,0.7699051131532297,0.8919518656686409,True,iid,True
10121,46,0.8341397274096043,2.05,False,False,False,True,0.8459314482940822,1.1018332299545923,1.1018332299545923,1.2230810925639624,8,9,5,False,False,0.8669629787971939,0.992967312224322,0.4316056051509528,0.430446114923092,0.4930071205411519,False,iid,True
10122,46,1.2474496167461857,2.05,True,True,True,True,1.283716795293543,1.6720525354124467,1.6720525354124467,2.126403727762166,8,9,5,True,True,1.6313268414590758,1.8563665022230769,0.6549695786726406,0.8099518875073919,0.9216838184531244,True,iid,True
10123,46,3.380184799651871,2.05,True,True,True,True,2.051766377476396,2.672443942551161,2.672443942551161,3.2027308333740407,8,9,5,True,True,1.578447435364983,1.8226997307352348,1.0468388079966755,0.7836973236225281,0.9049683053996714,True,iid,True
10124,46,2.41456231491021,2.05,True,True,True,True,1.5464754217517538,2.014297981745864,2.014297981745864,1.825875783510768,8,9,5,True,True,1.7422953436541122,1.9985737312617355,0.7890325647571862,0.8650476203320593,0.9922895429773644,True,iid,True
10125,46,2.907266242185624,2.05,True,True,True,True,1.831523936089752,2.385576205152931,2.385576205152931,3.536405716872408,8,9,5,True,True,2.071567889050504,2.3788839759602234,0.9344681515016356,1.0285310577832791,1.1811131390241445,True,iid,True
10126,46,2.1233762067653488,2.05,True,True,True,True,1.2259228582074615,1.5967754186912675,1.5967754186912675,1.6448745274997187,8,9,5,True,True,1.2709829050424213,1.432467051789622,0.6254823344752566,0.6310415403991023,0.7112182322405926,True,iid,True
10127,46,1.453666604318968,2.05,True,True,True,True,0.9161270953611907,1.19326368415118,1.19326368415118,1.5152287471999275,8,9,5,True,True,0.8040918241632375,0.9370723357975004,0.467420368619623,0.3992306594598592,0.4652553294784894,True,iid,True
10128,46,1.5428220021208925,2.05,True,True,True,True,1.6869306562659565,2.197242173052265,2.197242173052265,2.0760762994668003,8,9,5,True,True,2.00257263118145,2.2461935186599677,0.8606947149365786,0.9942749921562848,1.11523248064643,True,iid,True
10129,46,1.1824055179985542,2.05,True,True,True,True,2.1434368195298314,2.7918455080832048,2.7918455080832048,3.369265476193953,8,9,5,True,True,2.4511801082761013,2.7366045524557228,1.0936103007656424,1.2170080849911684,1.3587209909697535,True,iid,True
10130,46,1.5993119302315506,2.05,True,True,True,True,1.434287418814299,1.8681721108044187,1.8681721108044187,2.1389667429770864,8,9,5,True,True,1.2651771774286311,1.5338946014480264,0.7317927364044947,0.6281590033626018,0.7615768931804181,True,iid,True
10131,46,2.3135007268966734,2.05,True,True,True,True,1.0450805171296715,1.3612266621293518,1.3612266621293518,1.26584002805652,8,9,5,True,True,1.5637944993395267,1.777881824729462,0.5332141392034097,0.7764221578557904,0.8827162669724504,True,iid,True
10132,46,1.7378090572828828,2.05,True,True,True,True,1.4535374262370284,1.893245416564606,1.893245416564606,2.2975595766987893,8,9,5,True,True,1.712506416624736,1.922738861363168,0.741614349159999,0.8502574525612138,0.9546376178988282,True,iid,True
10133,46,3.968139323861553,2.05,False,False,False,True,1.4558156653583287,1.8962128432688543,1.8962128432688543,2.9444601033078928,8,9,5,True,True,1.9336916452300617,2.232126353314972,0.7427767374086099,0.9600756624040704,1.1082481493441465,True,iid,False
10134,46,3.5317737013142936,2.05,False,True,True,True,1.4158782108888162,1.844193953862334,1.844193953862334,2.232416440037684,8,9,5,True,True,1.9732521729362225,2.253241969414173,0.7224001108636772,0.9797174185942248,1.1187320282829207,True,iid,True
10135,46,1.7489550889039798,2.05,True,True,True,True,0.9369364415437712,1.2203680425053154,1.2203680425053154,1.0858707709991218,8,9,5,True,True,1.8659918608688857,2.095557885828358,0.478037576988032,0.92646279787342,1.040442063400118,True,iid,True
10136,46,4.103685237648029,2.05,False,False,False,False,1.3523881999168383,1.761497650278657,1.761497650278657,2.048453439363944,8,9,5,False,False,1.4860983489887882,1.70691291186784,0.6900066531409956,0.7378461091883429,0.8474802839273811,False,iid,True
10137,46,3.0093147062773027,2.05,True,True,True,True,1.0649348130071916,1.3870870589727575,1.3870870589727575,1.0231585895178577,8,9,5,True,True,1.872632097711172,2.185425697846639,0.5433440680579804,0.9297596677754044,1.0850613279892198,True,iid,True
10138,46,3.403389288351885,2.05,False,True,True,True,1.2534406489372651,1.632617585692125,1.632617585692125,1.7375074989800792,8,9,5,True,True,1.804350984989408,2.0756391677907877,0.6395222814996934,0.8958581743869718,1.0305524429627886,True,iid,True
10139,46,1.5175066719436303,2.05,True,True,True,True,1.2316143434992763,1.604188628869191,1.604188628869191,1.7277087924395271,8,9,5,True,True,1.6930806291472589,1.8952169378233183,0.6283862068381237,0.8406125715760964,0.9409730147350638,True,iid,True
10140,46,2.9859565254081617,2.05,True,True,True,True,1.588516581818623,2.0690569663904603,2.0690569663904603,2.544142828905841,8,9,5,True,True,1.374370242678116,1.5782598025274388,0.8104825301988318,0.6823732337999773,0.7836041641359893,True,iid,True
10141,46,0.7711569351478921,2.05,True,True,True,True,1.3820643031914526,1.8001510385519903,1.8001510385519903,2.068216284719728,8,9,5,True,True,1.4016133103850683,1.570992105767462,0.7051478002613581,0.6958993853656574,0.7799957611115471,True,iid,True
10142,46,2.163671987181432,2.05,True,True,True,True,1.1444229515240516,1.4906210658733527,1.4906210658733527,1.687352338670565,8,9,5,True,True,1.1781886926369651,1.3867216783925054,0.5838999856752735,0.5849693214068995,0.6885057073276905,True,iid,True
10143,46,1.94393632054666,2.05,True,True,True,True,0.6226464019540995,0.8110024725622798,0.8110024725622798,0.8688975167787768,8,9,5,True,True,1.1387811512358283,1.2765571924633203,0.3176825706768591,0.5654035227400128,0.6338091676478685,True,iid,True
10144,46,1.4284067286030453,2.05,False,True,True,False,0.5535899158844679,0.7210557856896517,0.7210557856896517,0.5431028064136604,8,9,5,True,True,0.8294389834709254,1.0366662297808316,0.2824490224741209,0.4118154947009995,0.5147035824992401,True,iid,True
10145,46,2.625427928840282,2.05,True,True,True,True,1.0496993983266063,1.3672427959404994,1.3672427959404994,1.796642869093961,8,9,5,True,True,1.4266440244843244,1.6087793011867069,0.5355707545274333,0.7083271059272938,0.7987570598749844,True,iid,True
10146,46,0.8866074032609222,2.05,False,True,True,True,0.9445457836207342,1.230279278191608,1.230279278191608,1.1645326045311752,8,9,5,False,False,0.954980976000727,1.0758177662881527,0.4819199656834177,0.4741469485989844,0.5341422750328324,False,iid,True
10147,46,2.9784638805812573,2.05,True,True,True,True,1.4531928543868249,1.8927966086671968,1.8927966086671968,1.9983325743953395,8,9,5,True,True,1.2121973208674124,1.3853415027273823,0.7414385439665344,0.601854565937144,0.68782045170837,True,iid,True
10148,46,1.5493508521074602,2.05,True,True,True,True,0.6859408497424604,0.8934440533611501,0.8934440533611501,0.9976254984442904,8,9,5,True,True,1.1847659197852776,1.400932416865186,0.3499762494323673,0.588234907068799,0.6955613225215942,True,iid,True
10149,46,3.418304318908949,2.05,True,True,True,True,2.808095824401171,3.6575697693488753,3.6575697693488753,4.411786507870834,8,9,5,True,True,2.2607723462351577,2.5715308081010093,1.4327282666422296,1.1224708516534374,1.276762068073329,True,iid,True
10150,46,3.4623402752550727,2.05,True,True,True,True,1.5203475038140488,1.980266136409761,1.980266136409761,2.532731703414741,8,9,5,True,True,1.738855403578967,1.994700569620505,0.7757017495290979,0.8633396940686232,0.9903665227080908,True,iid,True
10151,46,2.088630482468054,2.05,True,True,True,True,0.8835901619571046,1.150884039207446,1.150884039207446,1.4078518635930686,8,9,5,True,True,1.2562823163633996,1.4955570718829123,0.4508195874807418,0.623742715145057,0.7425423541509115,True,iid,True
10152,46,1.385178953746428,2.05,True,True,True,True,1.1074598829259037,1.4424763405003198,1.4424763405003198,1.7832041850662947,8,9,5,True,True,1.144484723830315,1.299740006486902,0.565040930816027,0.5682353399277372,0.645319407962028,True,iid,True
10153,46,2.4583963358872083,2.05,True,True,True,True,0.9648227211805154,1.2566901695825548,1.2566901695825548,1.160372240237976,8,9,5,True,True,1.0406873026759078,1.1703847059109,0.4922655320100345,0.5167000405347486,0.5810946510353842,True,iid,True
10154,46,-0.3623568222016432,2.05,False,False,False,False,1.3209197791789675,1.720509752579499,1.720509752579499,2.160097814820495,8,9,5,False,False,1.3068970400412177,1.5026624377701228,0.6739510415390116,0.648872866833021,0.7460701600850242,False,iid,False
10155,46,1.67916394846612,2.05,True,True,True,True,1.8564496342220875,2.418042148507335,2.418042148507335,2.9779841392381763,8,9,5,True,True,2.159339297135864,2.4553324199928857,0.9471855780116816,1.0721094602475791,1.2190697029496644,True,iid,True
10156,46,2.2200832278964784,2.05,True,True,True,True,0.8242447646625263,1.0735861317754811,1.0735861317754811,0.7647561816019658,8,9,5,True,True,1.14165582444949,1.310400779928529,0.4205407674133434,0.5668307946613709,0.6506124696293096,True,iid,True
10157,46,2.878633270092957,2.05,True,True,True,True,1.0290564460252312,1.3403551670955254,1.3403551670955254,1.3144270896148336,8,9,5,True,True,1.6002646883148153,1.787622395753725,0.5250384425556955,0.7945295644450586,0.8875524492052181,True,iid,True
10158,46,0.3951480532110797,2.05,False,False,False,False,0.3283034482263519,0.4276181592420438,0.4276181592420438,0.5095265126100531,8,9,5,False,False,0.5485045162320059,0.6186764694347606,0.1675048359185943,0.2723318570735275,0.3071721505709464,False,iid,False
10159,46,2.248231176383612,2.05,True,True,True,True,1.8580925491279792,2.4201820597743176,2.4201820597743176,2.582909114819752,8,9,5,True,True,1.8505791980478328,2.1207545570735604,0.9480238152986376,0.9188104286325256,1.052952181492518,True,iid,False
10160,46,0.2978023535074821,2.05,False,False,False,False,0.8877771226835374,1.1563375927669002,1.1563375927669002,0.9851727706624732,8,9,5,False,False,1.2118918622051238,1.3608950150296335,0.4529558311701324,0.6017029060650764,0.675682798878476,False,iid,False
10161,46,1.573922547933975,2.05,True,True,True,True,1.2519789543219473,1.6307137154642823,1.6307137154642823,1.5700886143701298,8,9,5,True,True,2.0502441192120973,2.3154584493347588,0.6387765052429265,1.0179438307540574,1.149622438509159,True,iid,True
10162,46,1.3330184445017756,2.05,True,True,True,True,1.7373466591377256,2.2629094648849835,2.2629094648849835,2.3532160724082423,8,9,5,True,True,2.1229651688389057,2.449389181618657,0.8864176378432082,1.0540497476738515,1.216118891979861,True,iid,True
10163,46,-0.3925607413188365,2.05,False,False,False,False,0.7532950422211973,0.9811734877018276,0.9811734877018276,1.065486474786264,8,9,5,False,False,1.1040778177473398,1.2970117359143405,0.3843412645442453,0.5481733578537049,0.643964824782424,False,iid,False
10164,46,1.7396859149037205,2.05,True,True,True,True,1.8121846713611447,2.360386640958529,2.360386640958529,2.7735098523031616,8,9,5,True,True,1.5796505321310133,1.8218482964995888,0.924600998467903,0.7842946597735281,0.9045455692877388,True,iid,True
10165,46,1.27249957339316,2.05,True,True,True,True,1.5153323928734872,1.97373390983589,1.97373390983589,2.506986253037764,8,9,5,True,True,1.3966362305274105,1.6572377843715271,0.7731429724594366,0.6934282709804005,0.8228166406553665,True,iid,True
10166,46,1.3889497629371872,2.05,True,True,True,True,0.9733488246528648,1.2677954951344192,1.2677954951344192,1.4601816759860236,8,9,5,True,True,1.1762050141795848,1.3314824707962931,0.4966156647024459,0.5839844273501537,0.6610795047299647,True,iid,True
10167,46,1.2871734764977762,2.05,True,True,True,True,1.158575496787641,1.5090548818655418,1.5090548818655418,1.5437007974201271,8,9,5,True,True,1.1010258907979618,1.251438499796453,0.591120804661535,0.5466580796578453,0.6213377658293031,True,iid,True
10168,46,2.00879348833088,2.05,True,True,True,True,1.0086050758129268,1.3137170756243275,1.3137170756243275,1.3490186914275468,8,9,5,True,True,1.78342647309138,2.0412970729946376,0.5146038783431363,0.8854691784627582,1.013501632668868,True,iid,True
10169,46,0.0948508634148787,2.05,False,False,False,False,1.1890284150371278,1.548720078547898,1.548720078547898,1.8255779195843287,8,9,5,False,False,1.623949479666793,1.8094453579834415,0.6066582932324919,0.8062890359214154,0.8983875246785994,True,iid,False
10170,46,1.1530768555834452,2.05,True,True,True,True,1.4928923137006005,1.9445055072680932,1.9445055072680932,1.996854919533882,8,9,5,True,True,2.1323069582469323,2.4062940044214933,0.7616937421812852,1.0586879352959964,1.1947221864109825,True,iid,False
10171,46,1.0938573125985984,2.05,True,True,True,True,1.1462409084654526,1.4929889709473414,1.4929889709473414,1.807027262552908,8,9,5,True,True,1.5608894375129,1.832910589529304,0.5848275317635694,0.774979798023289,0.9100379849654968,True,iid,True
10172,46,2.473885524482889,2.05,True,True,True,True,1.3305053959102158,1.732995103567924,1.732995103567924,1.975439276871235,8,9,5,True,True,1.6401998297399614,1.882246082431848,0.6788417521496394,0.8143573159128402,0.934533000055044,True,iid,True
10173,46,4.387648361106469,2.05,False,False,False,False,1.4480438756856808,1.8860900181453644,1.8860900181453644,2.191559170654022,8,9,5,False,False,1.4130553674030903,1.5694727654108076,0.7388114657645144,0.7015803534237965,0.7792414103840511,False,iid,True
10174,46,1.6410077452602254,2.05,True,True,True,True,2.5666965166511817,3.34314502547234,3.34314502547234,3.643642213108882,8,9,5,True,True,1.876151650450651,2.1727066427898074,1.3095630923074004,0.9315071216344812,1.0787463318837325,True,iid,True
10175,46,3.1431109821674235,2.05,True,True,True,True,2.201464984517491,2.8674277087279827,2.8674277087279827,3.296425446611143,8,9,5,True,True,1.716380862470866,1.9174871981682235,1.123217051189456,0.8521811104367326,0.9520301732046098,True,iid,True
10176,46,2.073571187920475,2.05,True,True,True,True,1.4072211967166992,1.8329181159605012,1.8329181159605012,1.8850794214855895,8,9,5,True,True,1.285392747701143,1.43641805306055,0.7179831857711158,0.6381960105907883,0.7131798997958629,True,iid,True
10177,46,2.1081459861530427,2.05,True,True,True,True,0.6503409082796995,0.8470748131972924,0.8470748131972924,0.7591616521787368,8,9,5,True,True,1.1999124792055542,1.3568414161435816,0.3318126803756087,0.5957551562793884,0.673670191726117,True,iid,False
10178,46,2.5382309642056757,2.05,True,True,True,True,1.313652188363622,1.711043650948913,1.711043650948913,1.8269877734316973,8,9,5,True,True,1.547756623645263,1.8520559777228007,0.6702430189348487,0.76845937114742,0.9195436480308548,True,iid,True
10179,46,2.7496137268143563,2.05,True,True,True,True,1.7671196262976148,2.301689019229803,2.301689019229803,2.406969624835793,8,9,5,True,True,2.1432377217255025,2.449915414751155,0.901608206220938,1.0641150467039386,1.2163801661207032,True,iid,True
10180,46,3.852275233371565,2.05,False,False,False,False,1.1970353626795205,1.5591491990170403,1.5591491990170403,1.7872927513050274,8,9,5,False,False,1.3822328119534453,1.5781524436783907,0.6107435456363078,0.6862769903393563,0.7835508605917716,False,iid,False
10181,46,2.012567143803881,2.05,True,True,True,True,1.5811098742671608,2.059409663974627,2.059409663974627,1.9567703922301167,8,9,5,True,True,2.1140426416342013,2.393284988538801,0.8067035283643785,1.0496197232500994,1.1882632250912653,True,iid,True
10182,46,0.8009262080273516,2.05,False,True,True,True,1.0781460680921866,1.4042948361412375,1.4042948361412375,1.3483478157297266,8,9,5,True,True,1.4287561023532764,1.6120152889212571,0.5500846281320405,0.7093757501431825,0.8003637240375169,True,iid,True
10183,46,1.3970941180359775,2.05,True,True,True,True,1.277809376965292,1.664358070535374,1.664358070535374,1.678825181739878,8,9,5,True,True,1.415769780305986,1.5726102112446745,0.6519555343696578,0.7029280562864603,0.780799148607018,True,iid,True
10184,46,3.550176274687219,2.05,True,True,True,True,2.658223135041737,3.462359259405192,3.462359259405192,4.210486730767292,8,9,5,True,True,2.122706765690181,2.4297656917362134,1.3562612043087203,1.0539214508097725,1.2063758519796413,True,iid,True
10185,46,2.523594550423212,2.05,True,True,True,True,2.01491128923726,2.6244398625554592,2.6244398625554592,3.324964987694265,8,9,5,True,True,1.7276898391951088,1.9615207882856116,1.0280348461692457,0.8577960042831339,0.973892799701582,True,iid,True
10186,46,2.062924690944327,2.05,True,True,True,True,2.163752794102344,2.818307245530191,2.818307245530191,3.999325031933525,8,9,5,True,True,2.555863304100178,3.083981632829091,1.1039757843013158,1.268983170481812,1.5311933090697651,True,iid,True
10187,46,1.6549218602019478,2.05,True,True,True,True,1.502452354975056,1.9569575459967332,1.9569575459967332,2.1145153983920637,8,9,5,True,True,1.4568241524072,1.635977903664867,0.766571403849793,0.723311504488703,0.8122611345060653,True,iid,True
10188,46,2.2972227543374752,2.05,True,True,True,True,2.160909502910653,2.814603833482134,2.814603833482134,2.862082552262009,8,9,5,True,True,2.321796807524548,2.6629266952982835,1.1025250988848023,1.1527694260097912,1.3221400202191018,True,iid,True
10189,46,1.9294099767555029,2.05,True,True,True,True,0.9457548204442064,1.2318540593999754,1.2318540593999754,1.4975064535811666,8,9,5,True,True,1.634808590437694,1.822844479331563,0.4825368325358049,0.8116805718429824,0.9050401729101116,True,iid,True
10190,46,1.0408031246868474,2.05,True,True,True,True,1.7829168292372275,2.322265016462561,2.322265016462561,2.409255850035213,8,9,5,True,True,2.380686924312545,2.80023226939549,0.9096681516789225,1.1820083007930364,1.3903120787416297,True,iid,True
10191,46,1.9068800060017503,2.05,True,True,True,True,1.0846778160735422,1.412802495940456,1.412802495940456,1.5427318032240878,8,9,5,True,True,1.1533031866421088,1.399614934635709,0.5534172138230815,0.5726136965009287,0.6949071941204652,True,iid,True
10192,46,1.882380605937005,2.05,True,True,True,True,2.5189025917242,3.2808930134674665,3.2808930134674665,3.6107317311628,8,9,5,True,True,2.485918248841835,2.823366705131742,1.2851779888427544,1.2342555315510175,1.4017982992921578,True,iid,True
10193,46,1.830397767247528,2.05,True,True,True,True,1.0248071230676108,1.33482038617568,1.33482038617568,1.2677906296768744,8,9,5,True,True,1.4740914126268705,1.6788429691336548,0.5228703808170001,0.7318846791901591,0.8335435898683028,True,iid,True
10194,46,2.325206687233544,2.05,True,True,True,True,1.180139895050722,1.537142702265355,1.537142702265355,1.6533920089553238,8,9,5,True,True,1.697668705252103,1.9720864624712435,0.6021232507590558,0.8428905460485953,0.9791386446983984,True,iid,True
10195,46,2.8565924775946865,2.05,True,True,True,True,2.694550351517448,3.5096757817373625,3.5096757817373625,3.780788150965236,8,9,5,True,True,2.257499103158707,2.5334299358656702,1.3747958388610444,1.1208456902567976,1.257845029133977,True,iid,False
10196,46,1.7366787279592923,2.05,True,True,True,True,1.94053508502331,2.5275641955187504,2.5275641955187504,2.708766859101193,8,9,5,True,True,2.678609786314605,3.166000594679087,0.9900871062036396,1.3299266567457582,1.5719156286402467,True,iid,True
10197,46,1.4493599682673408,2.05,True,True,True,True,1.815442628308504,2.364630158838849,2.364630158838849,2.8109610079185314,8,9,5,True,True,1.6747167357643322,1.9171991046680907,0.926263251931415,0.8314949197791196,0.9518871351154417,True,iid,True
10198,46,1.7667096340738402,2.05,True,True,True,True,0.8039247129329364,1.0471190837951645,1.0471190837951645,0.8960311683091575,8,9,5,True,True,1.3012744329885582,1.583525573069971,0.4101732036572796,0.6460812489430457,0.786218613111947,True,iid,True
10199,46,1.0813091797438623,2.05,False,False,False,False,0.6074980743573811,0.7912716412307792,0.7912716412307792,0.8120496812964262,8,9,5,False,False,0.7949994628420334,0.9061288128416852,0.3099536901480747,0.3947163125939536,0.4498919061673311,False,iid,True
10200,46,2.132692767093167,2.05,True,True,True,True,1.322843513470752,1.723015433592501,1.723015433592501,1.8697685514120912,8,9,5,True,True,1.4879227845087593,1.7107952127966537,0.6749325566544856,0.7387519393110878,0.8494078418423552,True,iid,
10201,46,1.4326134950264795,2.05,True,True,True,True,1.45502131689256,1.8951781973321031,1.8951781973321031,2.3291880864115813,8,9,5,True,True,1.2775320762262974,1.4676829707433388,0.7423714501350841,0.6342931963071514,0.7287028952167492,True,iid,
10202,46,4.165433351225872,2.05,False,False,False,False,0.893819623037269,1.1642080031827562,1.1642080031827562,1.1454243910937003,8,9,5,False,False,1.627178392008518,1.851037886587984,0.4560387961397602,0.8078921871596044,0.919038166961493,False,iid,
10203,46,-0.6984043319814288,2.05,False,False,False,False,1.2234186152206905,1.5935136199435442,1.5935136199435442,1.459062382853949,8,9,5,False,False,1.7628805871579702,2.033785944312036,0.6242046360140749,0.875268169891482,1.0097723659767668,False,iid,
10204,46,0.4729805600253843,2.05,False,False,False,False,0.8344568406384268,1.086887451497971,1.086887451497971,1.002447885260255,8,9,5,False,False,1.3344390263611987,1.5645752759527949,0.4257511059582864,0.6625474311438854,0.7768098125400428,True,iid,
10205,46,3.0225736749175005,2.05,True,True,True,True,1.4161856646066735,1.84459441506246,1.84459441506246,1.92565068457974,8,9,5,True,True,1.4690728271989475,1.717474590224661,0.7225569778866722,0.7293929573373344,0.8527241449998207,True,iid,
10206,46,1.0448915393340836,2.05,True,True,True,True,1.2508222378899128,1.6292070820307811,1.6292070820307811,1.7502318611075065,8,9,5,True,True,1.5184764561208306,1.6792361583881674,0.6381863329581119,0.7539218018815732,0.8337388078778069,True,iid,
10207,46,2.0452051151320325,2.05,True,True,True,True,1.2770883545010512,1.6634189323673267,1.6634189323673267,1.7268328206802204,8,9,5,True,True,1.499009881492932,1.6762878317153491,0.6515876590085589,0.7442566701235083,0.8322749670992773,True,iid,
10208,46,2.7412332294231745,2.05,True,True,True,True,1.0541833740857334,1.373083214219877,1.373083214219877,1.391099280785442,8,9,5,True,True,1.2142092840089425,1.4021516393791682,0.5378585392822182,0.602853503306813,0.6961666650877767,True,iid,
10209,46,0.2883372824479207,2.05,False,True,True,True,1.3911009799250362,1.8119213903145344,1.8119213903145344,1.9710061093541904,8,9,5,False,False,1.2109568934303958,1.3736571231048489,0.7097584343003424,0.6012386951512327,0.6820191707577302,True,iid,
10210,46,2.1552929562333296,2.05,True,True,True,True,1.0753332797981243,1.4006311543884489,1.4006311543884489,1.5309251086063282,8,9,5,True,True,1.5763778990400752,1.7599688094972945,0.5486495057042499,0.7826698012339889,0.873822475655153,True,iid,
10211,46,2.0984673648604018,2.05,True,True,True,True,1.3836036308378052,1.80215602649275,1.80215602649275,2.115203394479212,8,9,5,True,True,2.0287029431621946,2.3480160409125093,0.7059331859349484,1.0072486617926106,1.165787245021818,True,iid,
10212,46,0.986669523233644,2.05,True,True,True,True,1.2262570863312108,1.5972107537930358,1.5972107537930358,1.6193574080685431,8,9,5,True,True,1.7445712601405476,1.978187465974808,0.6256528621603309,0.8661776102317834,0.9821677858722064,True,iid,
10213,46,2.6973785424931385,2.05,True,True,True,True,1.7975289074385754,2.341297378190462,2.341297378190462,2.6706069075543515,8,9,5,True,True,1.7507107784450957,2.0030467785147468,0.9171234305520792,0.8692258739596744,0.994510405758146,True,iid,
10214,46,2.21249585436384,2.05,True,True,True,True,1.197232648686008,1.5594061657939478,1.5594061657939478,2.0231229043004872,8,9,5,True,True,1.58246434921329,1.8299330126418256,0.6108442036108866,0.7856917166961324,0.908559621489264,True,iid,
10215,46,1.6029280382141744,2.05,True,True,True,True,1.5647361579535837,2.038082752948289,2.038082752948289,1.578618469501856,8,9,5,True,True,1.8724890719821072,2.1816340224844906,0.7983494380272207,0.9296886556665652,1.0831787655631393,True,iid,
10216,46,1.1409853320172323,2.05,False,False,False,False,0.4509955820239218,0.5874257539884221,0.5874257539884221,0.6743763098490285,8,9,5,False,False,0.571513269626472,0.6460093420869513,0.2301040131471403,0.2837556764869147,0.3207428901879322,False,iid,
10217,46,1.3920543892377697,2.05,True,True,True,True,1.5304685221652934,1.993448852766825,1.993448852766825,2.336262347366712,8,9,5,True,True,1.8515000617740471,2.103825900243685,0.7808656292489522,0.9192676364061176,1.0445471229819507,True,iid,
10218,46,0.2731917418903695,2.05,False,False,False,False,0.6100796011231326,0.7946341027875145,0.7946341027875145,0.4404788422263212,8,9,5,False,False,1.365306055016738,1.5615929091672345,0.311270819832983,0.6778728751235467,0.7753290708849594,True,iid,
10219,46,2.699250102073232,2.05,False,True,True,True,0.5906303215487968,0.769301243278749,0.769301243278749,0.8721522392940807,8,9,5,True,True,1.1271612123202903,1.289245801105224,0.3013475357449406,0.5596342365257662,0.640109047143605,True,iid,
10220,46,3.1628725456502638,2.05,True,True,True,True,1.2962438036973567,1.6883690751971734,1.6883690751971734,2.5177681677100625,8,9,5,True,True,1.307110743783295,1.493842172448446,0.6613610268848594,0.6489789704934672,0.7416909085677633,True,iid,
10221,46,1.4739844980242034,2.05,True,True,True,True,1.7598099709770376,2.2921681282072885,2.2921681282072885,2.594634373137971,8,9,5,True,True,1.534969751186467,1.7819251132433025,0.8978787217403165,0.7621107037803984,0.8847237550369469,True,iid,
10222,46,1.7852916547365416,2.05,True,True,True,True,1.6488361042381343,2.147623680455574,2.147623680455574,2.1037461481913247,8,9,5,True,True,1.741728183000444,1.9661358418434645,0.841258362009779,0.8647660257243548,0.9761841684482566,True,iid,
10223,46,1.0688889146904812,2.05,False,True,True,True,0.9554926122689396,1.2445376198001807,1.2445376198001807,1.158799672783792,8,9,5,True,True,1.385154538135316,1.5917538452206743,0.487505184926325,0.6877276240049369,0.7903039407054203,True,iid,
10224,46,2.4774060222941943,2.05,True,True,True,True,1.0927472044390478,1.4233129460064198,1.4233129460064198,1.8507542057321995,8,9,5,True,True,0.9981295454804258,1.1643154401834666,0.5575343243238385,0.4955701633743067,0.5780812676306694,True,iid,
10225,46,-0.2198143426046606,2.05,False,False,False,False,0.4318898889593833,0.5625404189624293,0.5625404189624293,0.5070473614453151,8,9,5,False,False,0.8041271870655916,0.9139872734612992,0.2203560315186316,0.3992482170999234,0.4537936227639059,False,iid,
10226,46,1.5445245451180138,2.05,True,True,True,True,0.6861910670696546,0.8937699636537263,0.8937699636537263,0.9212909644126164,8,9,5,True,True,0.7757480856147866,0.9012903409579508,0.3501039136788505,0.3851580260960872,0.4474896104806022,True,iid,
10227,46,4.110349992760793,2.05,False,True,True,True,1.8263675573060756,2.378859975957829,2.378859975957829,2.830511609530734,8,9,5,True,True,2.38392982161145,2.822242370550294,0.931837297677955,1.183618395546269,1.4012400684745867,True,iid,
10228,46,1.1668248770559306,2.05,True,True,True,True,1.321291903326371,1.7209944475888932,1.7209944475888932,1.879562180766652,8,9,5,True,True,1.5328173244655563,1.7163835321120025,0.6741409042851659,0.7610420264062411,0.8521824359104652,True,iid,
10229,46,2.362740485014652,2.05,True,True,True,True,1.3165567652483063,1.7148268881567947,1.7148268881567947,1.4550489466320615,8,9,5,True,True,1.8651738978984465,2.1367069491221,0.6717249731363976,0.9260566802058986,1.0608725256697864,True,iid,
10230,46,1.627600154144651,2.05,True,True,True,True,2.302363111355988,2.9988484157072803,2.9988484157072803,3.0805499252966824,8,9,5,True,True,2.452813444602157,2.838582659458179,1.1746966328748836,1.2178190345854507,1.409353002993288,True,iid,
10231,46,0.2295843292714947,2.05,False,False,False,False,0.6816844539410857,0.8879000599994521,0.8879000599994521,0.8334093064064706,8,9,5,False,False,1.1813463390455845,1.3392782344874803,0.3478045790336382,0.5865370891918362,0.6649500923741863,False,iid,
10232,46,-0.0297484419196581,2.05,False,False,False,True,1.5809543430245097,2.059207083148728,2.059207083148728,2.744324881695057,8,9,5,True,True,2.1466829617372545,2.383930411270591,0.8066241742320316,1.0658256043797618,1.1836186883113493,True,iid,
10233,46,-0.2293167354180227,2.05,False,False,False,False,1.147384151321998,1.4944780549290166,1.4944780549290166,1.6480952230596797,8,9,5,False,False,1.3871167731019167,1.5450317153848812,0.5854108296489109,0.6887018713933449,0.7671064573519194,False,iid,
10234,46,0.2382787172504218,2.05,True,True,True,True,2.8415141652096536,3.701097455270694,3.701097455270694,3.2968673836939955,8,9,5,True,True,3.551879358552594,4.098279973349562,1.4497787536963198,1.7635039880083945,2.034791260456002,True,iid,
10235,46,1.5936378051454616,2.05,True,True,True,True,1.55180512855633,2.021239972228709,2.021239972228709,2.03470827689915,8,9,5,True,True,2.055160169918689,2.527591065867503,0.7917518528688946,1.020384644236489,1.254946036942017,True,iid,
10236,46,0.0851874800694863,2.05,False,False,False,True,1.4527025240177478,1.892157949003468,1.892157949003468,2.0502311555556183,8,9,5,False,False,1.3882768500695928,1.6084952780658983,0.7411883708158659,0.6892778482642844,0.7986160427244366,False,iid,
10237,46,2.143452634798942,2.05,True,True,True,True,1.3359924425524876,1.7401420305877882,1.7401420305877882,2.030835690015879,8,9,5,True,True,1.5286519385089128,1.6997096587004898,0.6816413171632171,0.7589739171027965,0.8439038770720445,True,iid,
10238,46,2.348571062663765,2.05,True,True,True,True,1.178502793007986,1.5350103623042968,1.5350103623042968,1.4764086691554146,8,9,5,True,True,1.7969074764551909,2.116498516477661,0.6012879792730815,0.892162481020231,1.0508390622656725,True,iid,
10239,46,2.059333089672175,2.05,True,True,True,True,0.7343710949978679,0.956524878249348,0.956524878249348,0.877521027403013,8,9,5,True,True,1.4568091880200946,1.661400394121341,0.3746860120889301,0.7233040746878358,0.8248833715753354,True,iid,
10240,46,1.985162193434805,2.05,True,True,True,True,0.8011416966186862,1.0434941803106912,1.0434941803106912,1.0857702185365312,8,9,5,True,True,0.908426501962908,1.0441389726609973,0.4087532712941085,0.4510327061550117,0.5184137906848874,True,iid,
10241,46,3.08970169773537,2.05,True,True,True,True,1.4494682448262368,1.887945271610585,1.887945271610585,2.441661063665148,8,9,5,True,True,1.6310126928274455,1.8938008838491984,0.7395381980619219,0.8097959130756102,0.940269945576878,True,iid,
10242,46,1.7485383932095715,2.05,True,True,True,True,0.8911119399427255,1.1606812218865048,1.1606812218865048,0.8972109497624731,8,9,5,True,True,1.6731709681946825,1.904861360375069,0.4546572997987338,0.8307274479709773,0.9457614593625808,True,iid,
10243,46,1.985111011308175,2.05,True,True,True,True,1.5677001277694895,2.041943349976965,2.041943349976965,2.352546656857524,8,9,5,True,True,2.247725265636274,2.5309346449028003,0.7998616953012859,1.1159929912462148,1.256606120060766,True,iid,
10244,46,5.182469435203636,2.05,False,True,True,True,2.577526256247132,3.357250857549675,3.357250857549675,3.700180594255903,8,9,5,False,False,2.559836509448324,2.916243250381899,1.3150885711406597,1.2709558623357062,1.4479113964464032,False,iid,
10245,46,2.0755519864803627,2.05,True,True,True,True,1.564941208661078,2.03834983331727,2.03834983331727,2.235200264125521,8,9,5,True,True,1.879875511856652,2.101486717453733,0.7984540576567111,0.9333560145098714,1.0433857214358009,True,iid,
10246,46,0.9746706545403608,2.05,False,True,True,False,0.9753133852885754,1.2703543528232446,1.2703543528232446,0.7269512551805605,8,9,5,True,True,2.218016366205436,2.5049760595494672,0.4976180099678235,1.1012425570853617,1.2437177124960694,True,iid,
10247,46,1.0888670929402768,2.05,False,False,False,True,0.6299567435586566,0.8205242574757782,0.8205242574757782,0.963338301249119,8,9,5,False,False,0.8356034417109703,0.9555417983858134,0.3214124053087998,0.4148761410779814,0.4744253962636786,True,iid,
10248,46,3.0026660779431342,2.05,True,True,True,False,1.089766408637963,1.4194304329825007,1.4194304329825007,0.8020938528166923,8,9,5,True,True,2.158018570506902,2.513363006241102,0.5560134822057767,1.0714537210058632,1.247881821815351,True,iid,
10249,46,0.9199590225836816,2.05,True,True,True,True,2.4984076108869067,3.2541981187696134,3.2541981187696134,3.4223387426761005,8,9,5,True,True,2.673463866479904,3.079759531868428,1.2747211739026365,1.3273717135074363,1.5290970408325075,True,iid,
10250,46,0.4661617992196262,2.05,False,True,True,True,1.5416302306143823,2.007987077225878,2.007987077225878,1.9788475233109644,8,9,5,True,True,1.862421394362985,2.1630578593909795,0.7865604830570267,0.9246900653882796,1.0739557221006917,True,iid,
10251,46,2.4161173686696653,2.05,True,True,True,True,1.0906923051147628,1.4206364213728049,1.4206364213728049,1.3259460256571225,8,9,5,True,True,1.5886255585700286,1.769756471675574,0.5564858870442329,0.7887507500063152,0.8786820385913527,True,iid,
10252,46,-0.2484384514874112,2.05,False,False,False,True,1.7122173698443677,2.2301783422338506,2.2301783422338506,2.326513816957383,8,9,5,False,True,2.247865210667093,2.509828167848372,0.873596336383917,1.1160624737919431,1.2461267786471373,True,iid,
10253,46,1.7233059191442293,2.05,True,True,True,True,1.049178671434812,1.3665645445357706,1.3665645445357706,1.4468570953179152,8,9,5,True,True,0.9720847378578664,1.1481656488113376,0.535305072661953,0.4826389465527952,0.5700629149178512,True,iid,
10254,46,1.2558159564638642,2.05,True,True,True,True,1.3997012388604662,1.8231233040161476,1.8231233040161476,2.4053795712830084,8,9,5,True,True,1.978029036933168,2.2980345283253736,0.7141464021076235,0.9820891260365124,1.1409714819070416,True,iid,
10255,46,1.9187798051828973,2.05,True,True,True,True,0.9676810664704484,1.2604131897273712,1.2604131897273712,1.3265727318199385,8,9,5,True,True,1.3256578157870933,1.4923443566614203,0.4937238982299922,0.6581875702635634,0.7409472447641601,True,iid,
10256,46,2.649890387593796,2.05,True,True,True,True,0.947057119790756,1.2335503158735588,1.2335503158735588,1.3071814200406324,8,9,5,True,True,1.079880488368677,1.248853451188376,0.4832012831821177,0.536159411840681,0.6200542921891969,True,iid,
10257,46,1.571817122052117,2.05,True,True,True,True,1.0971811182143223,1.4290881581068835,1.4290881581068835,1.526267336352634,8,9,5,True,True,1.8039368617413167,2.0544876632823046,0.559796566780983,0.8956525626739004,1.0200507454703696,True,iid,
10258,46,1.509126738931274,2.05,True,True,True,True,1.3671331160760218,1.7807030346272892,1.7807030346272892,1.5869205196071203,8,9,5,True,True,2.25384876037581,2.8107822732262586,0.697529707727296,1.1190332992926348,1.3955501434254047,True,iid,
10259,46,0.4525097270230367,2.05,False,False,False,False,1.1002876927809222,1.4331344990907944,1.4331344990907944,1.5281931157158706,8,9,5,False,False,1.2404985475045218,1.4083492208223958,0.5613815829172996,0.615906092186169,0.699243757096778,True,iid,
10260,46,0.6890258120185591,2.05,False,False,False,False,1.0238453136831611,1.333567620903972,1.333567620903972,1.0066101056410115,8,9,5,True,True,1.683449266382099,1.8731789746126957,0.5223796527299284,0.8358306111174968,0.9300311915236604,True,iid,
10261,46,0.8391930468837331,2.05,True,True,True,True,1.9741580456293764,2.571358400545561,2.571358400545561,2.3635213488974216,8,9,5,True,True,2.618489827600908,2.9438890349989424,1.0072419930311864,1.300077166870711,1.4616374964915475,True,iid,
10262,46,1.9899744255525575,2.05,True,True,True,True,1.6658736472825038,2.169815231698792,2.169815231698792,2.402137298372215,8,9,5,True,True,1.2933732036645806,1.4855781128876444,0.8499511456753817,0.6421582977342859,0.7375878125666223,True,iid,
10263,46,1.835530574460985,2.05,True,True,True,True,1.7838019229917552,2.323417858944456,2.323417858944456,2.3565908270243745,8,9,5,True,True,1.8227272867589448,2.115204807337798,0.9101197384195604,0.90498198693353,1.0501967371760044,True,iid,
10264,46,2.9251090603631336,2.05,True,True,True,True,1.786744818719781,2.327251006786363,2.327251006786363,2.376815941022354,8,9,5,True,True,1.5510020919420362,1.757406659533711,0.9116212434104816,0.7700707423981168,0.8725503711655185,True,iid,
10265,46,1.2455890529960694,2.05,True,True,True,True,1.2257961781161772,1.59661041674645,1.59661041674645,1.6334310878277534,8,9,5,True,True,1.4437518865829622,1.6320209696914598,0.6254177005884686,0.7168211396462598,0.8102965213708847,True,iid,
10266,46,1.219939659166464,2.05,True,True,True,True,1.11715944116671,1.4551101013176444,1.4551101013176444,1.0342350057287135,8,9,5,True,True,2.1527003607839856,2.415777045860154,0.5699897759176751,1.068813236037576,1.1994305055027494,True,iid,
10267,46,3.2900138844108597,2.05,True,True,True,True,1.7268579238529822,2.2492477939538067,2.2492477939538067,2.242151198894988,8,9,5,True,True,2.095507683570497,2.349413035499313,0.8810661439970235,1.0404171380372305,1.1664808512162748,True,iid,
10268,46,1.5783966986675813,2.05,True,True,True,True,1.1772676532460926,1.5334015817866358,1.5334015817866358,1.409386950841215,8,9,5,True,True,1.1155940642410538,1.2490778992961151,0.6006577943503516,0.5538911609006046,0.620165730414751,True,iid,
10269,46,1.3748240506618163,2.05,True,True,True,True,0.8582115975897535,1.117828233556906,1.117828233556906,1.241210699078905,8,9,5,True,True,1.1013171319906263,1.2189846509688416,0.4378711025252267,0.5468026805727102,0.6052244674719409,True,iid,
10270,46,3.215729545730135,2.05,False,True,True,False,0.958264652679889,1.248148227073052,1.248148227073052,0.9665949695708828,8,9,5,True,True,1.6674248704154526,1.9398966328167344,0.4889195172359742,0.8278745170782775,0.9631564315547152,True,iid,
10271,46,2.235158452257147,2.05,True,True,True,True,1.411914278220856,1.8390308963312905,1.8390308963312905,2.5357493286034813,8,9,5,True,True,1.728511939070992,1.9721783563790976,0.7203776590900934,0.8582041759194171,0.9791842699172236,True,iid,
10272,46,4.376404427670001,2.05,False,True,True,True,2.016562644683252,2.626590767700941,2.626590767700941,3.026709502404587,8,9,5,True,True,2.461404731506517,2.863491915849979,1.0288773899333108,1.2220845985836994,1.4217204199438356,True,iid,
10273,46,3.0401354851916413,2.05,True,True,True,True,1.7227154975798566,2.2438522469156026,2.2438522469156026,3.23701020902763,8,9,5,True,True,1.2505968594251,1.457849071954159,0.8789526223848277,0.6209198923596494,0.7238203758567853,True,iid,
10274,46,1.3288171775706106,2.05,True,True,True,True,1.663291104322575,2.166451446540109,2.166451446540109,2.627980683158511,8,9,5,True,True,1.813580744559231,2.0284208229593026,0.8486334975145335,0.9004407393241924,1.0071085894386047,True,iid,
10275,46,2.24341838206689,2.05,True,True,True,True,2.126563330377901,2.769867638492982,2.769867638492982,3.277507885041894,8,9,5,True,True,2.1622853923093803,2.4141410211529943,1.0850012196029626,1.0735721930892896,1.1986182211303624,True,iid,
10276,46,1.0009782088243162,2.05,False,False,False,False,0.8052147966260015,1.0487994292715126,1.0487994292715126,0.9917161525605206,8,9,5,True,True,1.225024760884463,1.377124536987713,0.4108314217128485,0.6082233750498571,0.6837407377348806,True,iid,
10277,46,3.17040559671698,2.05,True,True,True,True,1.656883090432091,2.1581049514939865,2.1581049514939865,2.091830691315054,8,9,5,True,True,1.6981610637844309,1.966922989308842,0.8453640426212374,0.8431350014896846,0.976574986253203,True,iid,
10278,46,1.8909581544941003,2.05,True,True,True,True,0.8268522892296662,1.0769824556995908,1.0769824556995908,1.1679105510016965,8,9,5,True,True,1.0799123127924966,1.217574517663067,0.4218711615262659,0.5361752126302509,0.6045243379187315,True,iid,
10279,46,1.6409915387200469,2.05,True,True,True,True,0.6044937525691888,0.7873584853995561,0.7873584853995561,1.1468882724235518,8,9,5,True,True,0.8289871295400492,0.9826486343858056,0.3084208447548979,0.4115911497476219,0.4878839089446262,True,iid,
10280,46,1.4142368492158046,2.05,True,True,True,True,1.300378945980368,1.6937551347735145,1.6937551347735145,1.6773815216181716,8,9,5,True,True,1.718931440668941,1.951485334176966,0.6634708321073082,0.8534474695581938,0.9689102083589292,True,iid,
10281,46,2.076165117789404,2.05,True,True,True,True,0.9732038946259444,1.2676067224862322,1.2676067224862322,1.2996229114184803,8,9,5,True,True,1.5875937320077482,1.8081153377436725,0.496541719452982,0.788238449313125,0.8977271711698808,True,iid,
10282,46,1.03310798333099,2.05,True,True,True,True,1.0233376108040648,1.332906333391538,1.332906333391538,1.3428249754668862,8,9,5,False,False,0.8652223197285643,1.0033363166096465,0.5221206158909372,0.4295818797114147,0.4981553192098837,True,iid,
10283,46,2.5304587983651783,2.05,True,True,True,True,0.850883709088162,1.1082835936540651,1.1082835936540651,1.0867103065170258,8,9,5,True,True,1.530874189660404,1.6984623754694788,0.4341323152303624,0.7600772622258719,0.8432846023923548,True,iid,
10284,46,2.352572545315674,2.05,True,True,True,True,1.0823796091015525,1.409809060933213,1.409809060933213,1.436912078149173,8,9,5,True,True,1.6467964200397387,1.901493219209114,0.5522446377084235,0.8176325153570171,0.944089181174406,True,iid,
10285,46,2.446594830195828,2.05,True,True,True,True,1.0646374668072067,1.3866997629044948,1.3866997629044948,1.527225127106817,8,9,5,True,True,1.6627255494908997,1.878419065836922,0.5431923580265794,0.8255413096816283,0.9326328907478189,True,iid,
10286,46,1.997311842879737,2.05,True,True,True,True,1.2344583320383826,1.607892949218454,1.607892949218454,2.045395360652525,8,9,5,True,True,1.703472944480903,1.9541631981732237,0.6298372480506697,0.845772344103672,0.9702397647317752,True,iid,
10287,46,3.9536855301777183,2.05,False,False,False,False,1.2552394947780376,1.6349605983876878,1.6349605983876878,1.5801987205799468,8,9,5,False,False,1.381414058371503,1.586487266768396,0.640440076847349,0.6858704801341394,0.7876890906032095,False,iid,
10288,46,-0.1740794572116921,2.05,False,False,False,False,1.3498108141446326,1.7581405824028198,1.7581405824028198,2.176272272386881,8,9,5,False,False,1.707878236428254,1.9465199167102376,0.6886916362467027,0.8479595664536621,0.9664448843372624,True,iid,
10289,46,3.9505945326160687,2.05,True,True,True,True,3.045463126045332,3.966742789436514,3.966742789436514,4.25871702657167,8,9,5,True,True,2.6245701117654927,2.9676494995845983,1.5538362572196895,1.3030960209167106,1.4734345396407869,True,iid,
10290,46,2.5622958261042474,2.05,True,True,True,True,1.141852699189218,1.4872732893630938,1.4872732893630938,1.780696090341379,8,9,5,True,True,1.344702316254614,1.5799747845543335,0.5825886083566932,0.6676431426898146,0.7844556507261825,True,iid,
10291,46,3.755755635358871,2.05,True,True,True,True,1.851121552857788,2.4111022751748967,2.4111022751748967,2.45340425094512,8,9,5,True,True,2.2569805191919845,2.656655402955346,0.9444671192214692,1.1205882139179038,1.3190263308337613,True,iid,
10292,46,0.861776116047622,2.05,False,False,False,False,0.6037836340092902,0.7864335496638277,0.7864335496638277,0.5624562675329956,8,9,5,False,True,1.1879545241737823,1.4107369227601634,0.3080585327124836,0.5898180454548957,0.7004292483436272,True,iid,
10293,46,2.9276722355619254,2.05,True,True,True,True,2.095606435508348,2.7295460077836973,2.7295460077836973,3.70850084688531,8,9,5,True,True,1.4325801108981142,1.6592293520456982,1.0692065953805008,0.7112743659570225,0.8238054516991122,True,iid,
10294,46,2.2633838059687914,2.05,True,True,True,True,1.684610310973233,2.194219902685504,2.194219902685504,2.395213402117495,8,9,5,True,True,1.6746828841713668,1.855266684854244,0.8595108435528578,0.8314781125024167,0.9211377604032228,True,iid,
10295,46,1.869242638083353,2.05,True,True,True,True,2.006776056293756,2.6138436493414337,2.6138436493414337,2.974583069354769,8,9,5,True,True,1.695607176608014,1.8945764053850511,1.0238841408789936,0.8418669994643089,0.9406549911212794,True,iid,
10296,46,2.093502743885758,2.05,True,True,True,True,0.9319313298846246,1.2138488400843603,1.2138488400843603,1.3604564212616717,8,9,5,True,True,1.149093704862233,1.310515906902697,0.475483901686268,0.5705236936723177,0.6506696300386529,True,iid,
10297,46,4.283431453524745,2.05,False,False,False,False,1.514220886848568,1.9722861633594817,1.9722861633594817,2.040244396470402,8,9,5,False,False,1.8386726457303053,2.1092898699026086,0.7725758671325432,0.9128988391961248,1.0472599775896576,False,iid,
10298,46,1.925233389566937,2.05,True,True,True,True,1.0536636153647383,1.3724062238662191,1.3724062238662191,1.3964045888042045,8,9,5,True,True,1.6189155896939105,1.8406316613469504,0.5375933513905043,0.8037897153797426,0.913871488181008,True,iid,
10299,46,4.546976538774774,2.05,False,False,False,True,1.886674877827716,2.457410796942517,2.457410796942517,2.972665840145169,8,9,5,False,False,1.386089363610548,1.575569458127294,0.9626069039164576,0.6881917637707469,0.782268411257067,False,iid,
10300,46,0.7156082748323325,2.05,True,True,True,True,2.272623408072714,2.9601121878573973,2.9601121878573973,3.617456044474809,8,9,5,True,True,3.1273906606347937,3.681977207429288,1.159523036174498,1.5527458411023056,1.8280974193063693,True,iid,
10301,46,3.8867444721060695,2.05,False,False,False,False,1.0132774516380705,1.319802886664172,1.319802886664172,1.4528983813208525,8,9,5,True,True,1.857149441180956,2.1117140092159805,0.51698778734613,0.922072546738972,1.0484635599512957,True,iid,
10302,46,1.223225404409029,2.05,False,False,False,False,0.5368393879840007,0.699238074222327,0.699238074222327,0.6536433855625868,8,9,5,True,True,1.063590853179928,1.2402483244230578,0.2739026777961231,0.5280716268348673,0.6157818567160112,True,iid,
10303,46,3.228418965107881,2.05,True,True,True,True,1.235817034491335,1.609662671239432,1.609662671239432,1.932970314705918,8,9,5,True,True,1.588291186957253,1.8120541924271012,0.6305304763206544,0.7885847348878156,0.8996828079585254,True,iid,
10304,46,3.329014711997321,2.05,True,True,True,True,1.947443412169232,2.536562353026813,2.536562353026813,2.7572952646058195,8,9,5,True,True,2.190379179834799,2.549821952628152,0.993611827650524,1.0875207260596005,1.2659836464725789,True,iid,
10305,46,3.3468126888007874,2.05,True,True,True,True,2.221758970156616,2.893860805393796,2.893860805393796,3.6018518281569167,8,9,5,True,True,2.2846008206318253,2.5520580692387296,1.1335713156755,1.13430166159508,1.2670938757800323,True,iid,
10306,46,0.5318831039140618,2.05,False,False,False,False,1.0680095087711097,1.39109187753284,1.39109187753284,1.3534754072083977,8,9,5,False,False,1.1985050980929348,1.3378010950986905,0.5449128192003065,0.5950563931868932,0.6642166943783611,False,iid,
10307,46,4.040461652195702,2.05,True,True,True,True,2.827367533413764,3.6826713416227417,3.6826713416227417,4.008229479361051,8,9,5,True,True,2.563824716261589,2.996605766476054,1.4425609518408318,1.2729360023996583,1.4878112926174776,True,iid,
10308,46,4.461008575606685,2.05,False,False,False,True,1.790121821503908,2.3316495829271413,2.3316495829271413,2.537514133307216,8,9,5,False,False,1.633290167788908,1.897140995096976,0.9133442356614244,0.8109266767563803,0.94192830694314,False,iid,
10309,46,1.4288172505169057,2.05,True,True,True,True,0.7237290495088206,0.94266351941446,0.94266351941446,0.9537656108014704,8,9,5,True,True,1.08319346059927,1.2189703131150085,0.3692562973140428,0.5378042987163413,0.6052173487441176,True,iid,
10310,46,0.9794481723812868,2.05,True,True,True,True,1.5634567873617629,2.0364163613815287,2.0364163613815287,2.413395207639593,8,9,5,True,True,1.4430061009078623,1.6764755875459847,0.797696685940029,0.7164508579222844,0.8323681876517435,True,iid,
10311,46,1.3392136606331693,2.05,True,True,True,True,1.903168928120112,2.478894444045782,2.478894444045782,2.710100627371024,8,9,5,True,True,2.3171025652185997,2.6675861928739524,0.9710223902684496,1.1504387401413971,1.3244534553691505,True,iid,
10312,46,1.591047340178794,2.05,True,True,True,True,1.3507283397572478,1.7593356676681242,1.7593356676681242,2.04121573835146,8,9,5,True,True,1.5738141828928909,1.7931353450495104,0.6891597701576395,0.7813969191360103,0.8902896221459026,True,iid,
10313,46,1.905126469423147,2.05,True,True,True,True,1.032960403329268,1.3454401061820032,1.3454401061820032,1.1729503411515054,8,9,5,True,True,1.0321194471447528,1.2128382061426513,0.5270302940917628,0.5124461101861603,0.6021727647340761,True,iid,
10314,46,0.9604625712752944,2.05,False,False,False,False,0.74128582057409,0.965531369769746,0.965531369769746,1.0821328520989364,8,9,5,True,True,1.2660829829479423,1.4923088550061303,0.3782139981010314,0.6286087347539058,0.7409296182334238,True,iid,
10315,46,1.394883913572699,2.05,False,True,True,True,0.6338258170591079,0.8255637600980426,0.8255637600980426,0.7598434919672348,8,9,5,True,True,1.076692683084381,1.2302492222701298,0.3233864586589896,0.5345766702088985,0.610817314077272,True,iid,
10316,46,2.0887612998908387,2.05,True,True,True,True,1.3086286707894577,1.7045004746600576,1.7045004746600576,2.1708170192684992,8,9,5,True,True,1.3369565553843936,1.5254239777093344,0.6676799526876298,0.6637973813882936,0.7573712383041812,True,iid,
10317,46,2.2584162714175413,2.05,True,True,True,True,0.809069994647348,1.0538208589589193,1.0538208589589193,1.0891298440353658,8,9,5,True,True,0.9309022274893204,1.0363880767197011,0.4127983956069336,0.462191877849222,0.5145654798265242,True,iid,
10318,46,3.2838040041217,2.05,True,True,True,True,1.3918526811960503,1.8129004879010735,1.8129004879010735,1.868410165770913,8,9,5,True,True,1.8199034894721264,2.0560432456348448,0.7101419624013758,0.9035799748509292,1.02082309030685,True,iid,
10319,46,3.222326015499537,2.05,True,True,True,True,1.4930373544120337,1.944694424083842,1.944694424083842,2.561726368375539,8,9,5,True,True,1.817059810232662,2.047321355997909,0.7617677439034766,0.9021680914018654,1.0164926822031322,True,iid,
10320,46,3.439732523137581,2.05,False,False,False,False,0.7505360924354336,0.977579931084609,0.977579931084609,0.8548387268923077,8,9,5,True,True,1.5034237662800816,1.7125792248105185,0.3829336112476727,0.7464481588085068,0.850293601741134,True,iid,
10321,46,1.9715466380819335,2.05,True,True,True,True,0.8567974299512621,1.1159862676387946,1.1159862676387946,0.8371967153749612,8,9,5,True,True,1.4555075046082278,1.645300532354814,0.4371495751714123,0.7226577903813532,0.8168898088538739,True,iid,
10322,46,-0.2110218714136341,2.05,False,False,False,False,0.8472128791898059,1.1035023050854984,1.1035023050854984,0.9554246802129234,8,9,5,False,False,1.5718338057824517,1.7761795528048394,0.432259408432913,0.7804136641941973,0.8818710909333154,False,iid,
10323,46,0.9097606166876484,2.05,True,True,True,True,1.3676437698401518,1.7813681656937066,1.7813681656937066,1.791603235479904,8,9,5,True,True,2.076155690927422,2.413619859636593,0.6977902501475292,1.0308088961019304,1.1983594650410383,True,iid,
10324,46,1.901010196337312,2.05,True,True,True,True,0.9197265527142796,1.197952009345184,1.197952009345184,1.1578907287102171,8,9,5,True,True,1.8236884573401964,2.0541180134897763,0.4692568601843093,0.905459207013968,1.0198672147764791,True,iid,
10325,46,2.0362822840168997,2.05,True,True,True,True,1.1853580097202303,1.5439393430004549,1.5439393430004549,1.6408282241280967,8,9,5,True,True,1.230680105009896,1.391410224827632,0.6047856030622145,0.6110312468585507,0.6908335652028176,True,iid,
10326,46,1.497165423321769,2.05,True,True,True,True,1.7321976121893223,2.256202785470489,2.256202785470489,2.889558221577732,8,9,5,True,True,1.388014069360877,1.6125598606465077,0.8837905248205182,0.6891473779467393,0.8006341032684228,True,iid,
10327,46,0.3689228305780012,2.05,False,False,False,False,0.4355108046699755,0.5672566938578013,0.5672566938578013,0.3197146031273851,8,9,5,False,False,0.8300956083844809,0.934341621140072,0.2222034714259932,0.4121415082101275,0.4638995328135797,False,iid,
10328,46,2.2401442050748,2.05,True,True,True,True,1.4238369253511625,1.854560250185774,1.854560250185774,2.295564583724609,8,9,5,True,True,1.2753993122201368,1.4246861467953211,0.7264607540501573,0.6332342814480956,0.7073550219221667,True,iid,
10329,46,2.326013020586368,2.05,True,True,True,True,1.817116771218617,2.3668107448588813,2.3668107448588813,2.347822080245382,8,9,5,True,True,2.448224997021047,2.72613262919248,0.927117422166232,1.215540875675416,1.3535216931973282,True,iid,
10330,46,1.5251891429129365,2.05,True,True,True,True,0.6036987528269088,0.7863229911693606,0.7863229911693606,0.7581365363509571,8,9,5,True,True,1.0186432592653514,1.203364708062599,0.3080152251913345,0.5057551985111197,0.5974691839088058,True,iid,
10331,46,1.748495952833209,2.05,True,True,True,True,0.974094908147686,1.268767275517537,1.268767275517537,1.0997360655029855,8,9,5,True,True,1.616645347492956,1.867985530978437,0.4969963265384904,0.8026625427561883,0.9274526527738972,True,iid,
10332,46,3.246416115775465,2.05,True,True,True,True,1.5728095000855389,2.048598352830194,2.048598352830194,2.109868422012179,8,9,5,True,True,1.8324305338693163,2.1277862764150037,0.8024685657928099,0.9097996378862768,1.056443422001949,True,iid,
10333,46,1.5555775314410285,2.05,True,True,True,True,1.792615211924667,2.334897246111177,2.334897246111177,2.371333755400945,8,9,5,True,True,2.045976823287798,2.36914976965162,0.914616396997428,1.015825123269696,1.1762801168653303,True,iid,
10334,46,0.9383656055248591,2.05,True,True,True,True,1.408478223002576,1.8345554038701763,1.8345554038701763,1.7250231428787703,8,9,5,True,True,1.4518518167508556,1.705511862021596,0.7186245374928193,0.7208427455939039,0.8467846643013088,True,iid,
10335,46,2.186811123507629,2.05,True,True,True,True,1.7104861221339924,2.227923376703936,2.227923376703936,2.9576323733531846,8,9,5,True,True,1.841455982363456,2.07493088203126,0.8727130305117811,0.914280762611038,1.0302007799034654,True,iid,
10336,46,2.7377735870704365,2.05,True,True,True,True,1.860611538337705,2.423463065608503,2.423463065608503,3.2110608548283914,8,9,5,True,True,1.5951201270288105,1.8251563330940992,0.9493090374811504,0.7919752957245917,0.9061880056258,True,iid,
10337,46,4.217721054002501,2.05,False,False,False,False,1.4563763920619095,1.8969431947839492,1.8969431947839492,1.828336771872292,8,9,5,False,False,1.4480548603935013,1.6440010190458978,0.7430628277161772,0.7189575611598198,0.8162446020009931,False,iid,
10338,46,3.429183110577676,2.05,False,True,True,True,1.2592471769000684,1.6401806399714989,1.6401806399714989,2.1895593796694683,8,9,5,False,False,0.977794897751664,1.0952341474912504,0.6424848501809566,0.4854740343269985,0.5437824858136139,False,iid,
10339,46,1.8953475408644889,2.05,True,True,True,True,1.820568227444416,2.371306297269172,2.371306297269172,2.765472206781684,8,9,5,True,True,2.0148311028786554,2.285952840670428,0.9288784015647308,1.00036130915713,1.1349729379784408,True,iid,
10340,46,2.139082657560716,2.05,True,True,True,True,1.614042774139472,2.102305058762533,2.102305058762533,1.810596381207474,8,9,5,True,True,2.000931501314521,2.33645571818303,0.8235063369222455,0.9934601730779848,1.1600475581749066,True,iid,
10341,46,2.32692183787944,2.05,True,True,True,True,1.2504807760841206,1.6287623249938592,1.6287623249938592,1.946139870859445,8,9,5,True,True,1.2936566406278258,1.4668087467180482,0.638012114551145,0.6422990238582823,0.7282688440006514,True,iid,
10342,46,1.16317003838444,2.05,True,True,True,True,1.0558681772479852,1.3752776853130666,1.3752776853130666,1.4091238201706338,8,9,5,True,True,1.3816424911874776,1.5668361015497758,0.5387181485210877,0.6859838967627174,0.7779323098306298,True,iid,
10343,46,1.3127283567339407,2.05,True,True,True,True,1.6148646355652931,2.1033755405742847,2.1033755405742847,2.3839633435734044,8,9,5,True,True,2.1769451098394894,2.5029103865399533,0.8239256616781191,1.0808507258652336,1.242692108239149,True,iid,
10344,46,0.4564025260355931,2.05,False,True,True,True,1.3532487137486706,1.7626184771927769,1.7626184771927769,2.400495526614872,8,9,5,True,True,1.7353247168020642,1.9980376897291805,0.6904456988744031,0.8615867121728603,0.9920233989772528,True,iid,
10345,46,3.098557843159232,2.05,True,True,True,True,1.620967011325392,2.1113239392391003,2.1113239392391003,2.592360795716004,8,9,5,True,True,1.9132791301812289,2.214450407026828,0.8270391758855734,0.949940872322527,1.099472062483002,True,iid,
10346,46,1.773693471955576,2.05,True,True,True,True,1.3911212220153082,1.8119477558170236,1.8119477558170236,1.7293133087107797,8,9,5,True,True,1.6815774707276232,1.930003505683165,0.7097687620871139,0.8349012667428191,0.9582445053903552,True,iid,
10347,46,3.916083091842711,2.05,True,True,True,True,2.541673318016861,3.3105520868475264,3.3105520868475264,3.824426774380287,8,9,5,True,True,2.1573375759794557,2.4453881721257344,1.2967959197295773,1.0711156080116615,1.2141323954002854,True,iid,
10348,46,1.1468012845915108,2.05,True,True,True,True,1.268414252603505,1.652120837551249,1.652120837551249,1.80245575901036,8,9,5,True,True,1.089778202620754,1.2392787368637934,0.6471620155286041,0.5410736155040674,0.615300457615738,True,iid,
10349,46,2.2959112364802263,2.05,True,True,True,True,1.185409713749378,1.54400668795796,1.54400668795796,0.865326436683924,8,9,5,True,True,1.8459515678631608,2.0819704676098145,0.6048119831534549,0.9165128156052008,1.033695925990512,True,iid,
10350,46,2.4696467282928616,2.05,True,True,True,True,1.1520882690575605,1.5006052100893004,1.5006052100893004,1.4111720234961516,8,9,5,True,True,1.3726715208426936,1.518060198039263,0.5878109338016211,0.6815298203760187,0.753715130226153,True,iid,
10351,46,1.355316102055934,2.05,True,True,True,True,1.4005873367674422,1.8242774544155305,1.8242774544155305,1.9800037261626116,8,9,5,True,True,1.3743222409193925,1.5641168099256693,0.7145985011803493,0.6823494009823627,0.7765821846885349,True,iid,
10352,46,1.4451044091805465,2.05,True,True,True,True,1.2544446187607727,1.633925265310424,1.633925265310424,1.7423180746328757,8,9,5,True,True,1.4305403418825866,1.6112158150169715,0.6400345204099528,0.7102616230031163,0.7999667861699281,True,iid,
10353,46,1.9994568336881453,2.05,True,True,True,True,2.1888871427178134,2.851044957993341,2.851044957993341,2.28605311340453,8,9,5,True,True,2.3383880848259624,2.679217500714743,1.1167996670948106,1.1610069759752044,1.3302283862416184,True,iid,
10354,46,1.3736655432595617,2.05,True,True,True,True,0.8857739111339943,1.1537283919192824,1.1537283919192824,0.8839329343755199,8,9,5,True,True,1.2741364691255692,1.4982090472523772,0.4519337656885505,0.6326072813141703,0.7438590568505373,True,iid,
10355,46,2.455450764903332,2.05,True,True,True,True,1.3429848183249211,1.7492496621788982,1.7492496621788982,1.6473242806418318,8,9,5,True,True,1.5614952531810424,1.7817902449309944,0.6852089213500457,0.7752805848009127,0.88465679307608,True,iid,
10356,46,2.5566053942447087,2.05,True,True,True,True,0.8909468142595444,1.1604661442165414,1.1604661442165414,0.6330615571292302,8,9,5,True,True,1.3968797799980106,1.5791045149595264,0.4545730504537554,0.6935491930104933,0.7840235628802399,True,iid,
10357,46,2.6599122345685693,2.05,True,True,True,True,2.492732459710364,3.2468061839220077,3.2468061839220077,3.341826499984788,8,9,5,True,True,2.351175504867685,2.8361787878042826,1.2718256354251218,1.1673559152165152,1.4081594835011075,True,iid,
10358,46,2.704818698741761,2.05,True,True,True,True,0.96315130066982,1.254513129511961,1.254513129511961,1.3088610025960865,8,9,5,True,True,1.8359303796815445,2.080483162108492,0.4914127507800245,0.911537307278796,1.0329574805315878,True,iid,
10359,46,3.487076033308615,2.05,False,False,False,False,0.803804381760916,1.0469623513741166,1.0469623513741166,1.004193651224928,8,9,5,True,True,1.551363842923679,1.7543344144454538,0.4101118090745115,0.7702503513415502,0.8710250050372363,True,iid,
10360,46,2.991701460789882,2.05,True,True,True,True,1.4641037956423515,1.907008206627842,1.907008206627842,1.6774292584145158,8,9,5,True,True,1.1667760963228502,1.333651956991861,0.7470054529789075,0.579302980554131,0.6621566521135324,True,iid,
10361,46,1.924137779451324,2.05,True,True,True,True,2.116852112901834,2.7572186914181045,2.7572186914181045,2.761390576533854,8,9,5,True,True,2.0737021901591906,2.4720654685672865,1.080046425802634,1.029590735811959,1.227377642187927,True,iid,
10362,46,1.8535902218449936,2.05,True,True,True,True,1.136835402699168,1.4807382160915896,1.4807382160915896,1.4899598439735318,8,9,5,True,True,1.5579508907042807,1.758191127207713,0.5800287161902811,0.7735208129360079,0.8729398584571505,True,iid,
10363,46,3.857369444555349,2.05,False,False,False,False,1.1770815260378609,1.5331591494436343,1.5331591494436343,1.2819941917277349,8,9,5,True,True,2.3133585275556507,2.5941087193064645,0.600562829744761,1.1485798297777992,1.2879719748388403,True,iid,
10364,46,1.7807022582863985,2.05,True,True,True,True,0.8646940920458691,1.1262717402017393,1.1262717402017393,1.1904489552071174,8,9,5,True,True,1.1500161281557422,1.311628144790244,0.4411785584050876,0.5709816757692655,0.6512218548617117,True,iid,
10365,46,1.370936609726206,2.05,True,True,True,True,1.0046685330247234,1.308589693655106,1.308589693655106,0.978978572280418,8,9,5,True,True,1.3026426245639815,1.5246332550895298,0.5125954012546778,0.6467605544757096,0.7569786454392023,True,iid,
10366,46,3.2314747350966626,2.05,True,True,True,True,1.5821126816471474,2.060715829499908,2.060715829499908,2.3580371316846214,8,9,5,True,True,2.474605986846942,2.8168342253206324,0.8072151741803152,1.2286390065715431,1.3985549306313567,True,iid,
10367,46,1.8258495473173275,2.05,True,True,True,True,1.3438711396607932,1.7504041035964044,1.7504041035964044,1.796967237038359,8,9,5,True,True,2.222859288204383,2.6438728578959965,0.6856611344192002,1.10364706224914,1.3126798120155525,True,iid,
10368,46,1.6125072652666226,2.05,True,True,True,True,1.4010826407186248,1.8249225922141563,1.8249225922141563,2.44309761217852,8,9,5,True,True,1.735217406126914,2.010422585524501,0.7148512119195173,0.8615334325469272,0.9981724853963976,True,iid,
10369,46,2.149614217787359,2.05,True,True,True,True,0.8217730792244636,1.0703667395243193,1.0703667395243193,1.055615148437241,8,9,5,True,True,1.1302190512882866,1.3022530381093471,0.4192796802515064,0.5611524500320227,0.6465671252521725,True,iid,
10370,46,2.3163824026195137,2.05,True,True,True,True,1.0354360843642965,1.3486647027337255,1.3486647027337255,1.1695594884113405,8,9,5,True,True,1.348766071001777,1.5696705568930254,0.5282934198609242,0.6696607922154535,0.7793396136259054,True,iid,
10371,46,3.2954509450682297,2.05,False,True,True,True,1.1460106437285569,1.4926890490809654,1.4926890490809654,1.5141014183022043,8,9,5,True,True,1.8265932514268504,2.1066656120681846,0.5847100475970767,0.9069014339138828,1.0459570366140791,True,iid,
10372,46,3.679203723204184,2.05,True,True,True,True,1.804046789693713,2.349786977758045,2.349786977758045,2.2052861759599955,8,9,5,True,True,2.4694492020238923,2.903755771371468,0.9204489417630696,1.22607866887909,1.44171137757976,True,iid,
10373,46,1.977330552275224,2.05,True,True,True,True,1.3940849693636368,1.8158080630797024,1.8158080630797024,2.03957843286589,8,9,5,True,True,1.6048313134740682,1.8646174864827207,0.7112809058552283,0.7967968885479143,0.9257804225823836,True,iid,
10374,46,1.364657474604356,2.05,True,True,True,True,1.214093742926343,1.5813678909016524,1.5813678909016524,2.32313345647422,8,9,5,True,True,1.2067905986562175,1.3387800245383252,0.6194469607229229,0.5991701346209348,0.6647027317114191,True,iid,
10375,46,2.2531457987199,2.05,True,True,True,True,1.0388209152385504,1.3530734750314697,1.3530734750314697,1.3204346974261816,8,9,5,True,True,1.7689544803639978,2.0132561352455283,0.5300204061087603,0.8782838508339597,0.9995793395512884,True,iid,
10376,46,1.3559349251009367,2.05,True,True,True,True,0.9694789137412,1.2627549017766064,1.2627549017766064,1.5946087103138693,8,9,5,True,True,1.1524696274846926,1.3207689311717743,0.4946411840937895,0.5721998353446356,0.6557602447139872,True,iid,
10377,46,2.0438402640472844,2.05,True,True,True,True,1.587928306307505,2.0682907323086965,2.0682907323086965,2.417482158889299,8,9,5,True,True,1.6485196858205526,1.896147274868691,0.8101823841190475,0.8184881148214376,0.9414349260006466,True,iid,
10378,46,0.097531010708524,2.05,False,False,False,False,1.1401760090996864,1.4850893856192302,1.4850893856192302,1.443407160244121,8,9,5,False,False,1.4243877505803109,1.6362242137461904,0.5817331385166699,0.7072068685469936,0.8123834271761851,False,iid,
10379,46,3.2675113603840296,2.05,True,True,True,True,2.2506163362623672,2.931447781227833,2.931447781227833,3.605831877017326,8,9,5,True,True,2.3086704094972803,2.65190416929413,1.148294732077919,1.1462521845912352,1.3166673488234797,True,iid,
10380,46,3.17340337666882,2.05,True,True,True,True,1.8562409635900936,2.4177703531545207,2.4177703531545207,2.674172146050254,8,9,5,True,True,1.8155645782647525,2.080638171989876,0.9470791114480132,0.9014257104614608,1.0330344427581744,True,iid,
10381,46,2.3387384803520472,2.05,True,True,True,True,0.6661382029568574,0.8676509299190179,0.8676509299190179,0.8411532316296991,8,9,5,True,True,1.2876072381936186,1.483527998806999,0.3398726726393227,0.6392955025556502,0.736569933299866,True,iid,
10382,46,2.6061587843021923,2.05,True,True,True,True,1.8052771178518805,2.351389491119088,2.351389491119088,2.9032017159258734,8,9,5,True,True,2.5551926827317426,2.983457607661954,0.9210766717408484,1.2686502077490458,1.4812832469934614,True,iid,
10383,46,2.036240577471522,2.05,True,True,True,True,1.8462180307631344,2.404715394064612,2.404715394064612,2.316155806032487,8,9,5,True,True,1.6665180499138832,1.9464766386979635,0.941965276282184,0.8274242817494579,0.9664233968542896,True,iid,
10384,46,-0.7162600435298485,2.05,False,False,False,False,1.21327966029705,1.5803075410415162,1.5803075410415162,1.7134178031768343,8,9,5,False,False,1.309134799902418,1.5134811002201718,0.6190316048136855,0.6499839120125059,0.7514416134621325,False,iid,
10385,46,3.02672960801223,2.05,True,True,True,True,1.030054690392127,1.3416553892557002,1.3416553892557002,1.544225532343008,8,9,5,True,True,1.610409453986848,1.824153650299131,0.5255477602609676,0.7995664288523371,0.9056901747793282,True,iid,
10386,46,1.1652235544050455,2.05,True,True,True,True,1.174086840370658,1.529258544745645,1.529258544745645,1.487237660616939,8,9,5,True,True,1.6144518796830931,1.887578802857114,0.5990349008301469,0.8015734885288969,0.9371806895702428,True,iid,
10387,46,1.1918662527779629,2.05,True,True,True,True,1.3298382969968954,1.7321262013042176,1.7321262013042176,1.7310518957304533,8,9,5,True,True,1.4252232488484906,1.6319734172817504,0.6785013893096482,0.7076216924695351,0.8102729116545355,True,iid,
10388,46,2.8555363470063235,2.05,True,True,True,True,1.3871669021137167,1.8067972189996129,1.8067972189996129,2.130868257091953,8,9,5,True,True,1.743342214070709,2.066524051115582,0.7077512148762511,0.865567390281495,1.0260267980899749,True,iid,
10389,46,1.3839666451839838,2.05,True,True,True,True,0.93278415160426,1.214959647953977,1.214959647953977,1.37802746711884,8,9,5,True,True,0.7037294591013,0.8240761859333744,0.4759190228005515,0.3494008614385646,0.4091528719343844,True,iid,
10390,46,1.3408244294867022,2.05,True,True,True,True,1.3458827283742905,1.7530242157745275,1.7530242157745275,1.8345095016689803,8,9,5,True,True,1.7013251558027265,1.952759783104817,0.6866874740425285,0.8447059695123608,0.9695429707756388,True,iid,
10391,46,2.0308716535918343,2.05,True,True,True,True,1.338784571588961,1.74377880347395,1.74377880347395,1.9578413414054197,8,9,5,True,True,1.3806291516214244,1.6131392793819193,0.6830658989598589,0.6854807748417437,0.8009217839995165,True,iid,
10392,46,1.9300904536441787,2.05,True,True,True,True,1.0937225424937669,1.424583332491395,1.424583332491395,1.4168260379570927,8,9,5,True,True,1.4445130578491208,1.6578741280160638,0.5580319549204815,0.7171990602983777,0.8231325845379148,True,iid,
10393,46,2.730501206516688,2.05,True,True,True,True,1.1535881956601088,1.5025588778203127,1.5025588778203127,1.7400781170749704,8,9,5,True,True,1.4935891245375892,1.710091629491726,0.5885762165326041,0.7415652705730835,0.8490585135462947,True,iid,
10394,46,2.518425384046418,2.05,True,True,True,True,0.7769184847557177,1.0119432315657635,1.0119432315657635,0.956946098754742,8,9,5,True,True,1.3695290775046816,1.5638443693645765,0.3963942627291714,0.6799696008980314,0.7764469182654719,True,iid,
10395,46,2.5357769871723934,2.05,True,True,True,True,0.9033323636467426,1.1765984323748535,1.1765984323748535,1.3869942146524463,8,9,5,True,True,1.4788383628869188,1.6709560156867953,0.4608923243726632,0.7342415344967211,0.8296277266159988,True,iid,
10396,46,1.020792774971513,2.05,False,False,False,False,0.6950895223802525,0.905360280784334,0.905360280784334,0.5310509783890294,8,9,5,True,True,1.5901072984200957,1.767249468508178,0.3546440252883484,0.7894864321258365,0.8774373144221586,True,iid,
10397,46,3.697797715387909,2.05,False,True,True,True,1.391275809554062,1.8121491074602083,1.8121491074602083,1.7185387517057231,8,9,5,False,False,1.4289483701685517,1.6041681007214652,0.7098476347290369,0.7094712108907969,0.7964676041843288,True,iid,
10398,46,3.416507456282428,2.05,True,True,True,True,1.5599090861403355,2.0317954490090164,2.0317954490090164,2.674297364948008,8,9,5,True,True,1.8335893800644767,2.096656400439053,0.7958866010499863,0.9103750036800876,1.040987474632113,True,iid,
10399,46,3.7775557649496494,2.05,True,True,True,True,1.9998002571791085,2.6047576089944213,2.6047576089944213,2.85006747968034,8,9,5,True,True,1.8063564521488369,2.041110894635458,1.0203249943259711,0.8968538865090506,1.0134091953291526,True,iid,
10400,46,3.667332713200967,2.05,False,True,True,True,1.563345810876002,2.036271813522477,2.036271813522477,2.0146488380249084,8,9,5,True,True,1.6309148120680896,1.844796814682847,0.7976400642440382,0.8097473153919479,0.915939481988521,True,iid,
10401,46,2.884225167001469,2.05,True,True,True,True,1.4673801087989948,1.911275633633904,1.911275633633904,2.2356919709858825,8,9,5,True,True,1.6305742174991809,1.8284178401463036,0.7486770720273407,0.8095782105829351,0.9078073400999932,True,iid,
10402,46,2.8821556474739585,2.05,True,True,True,True,2.171074204638392,2.827843447825336,2.827843447825336,3.2065544327205875,8,9,5,True,True,2.6535914557352265,3.030670998814088,1.1077112664510125,1.3175050845873992,1.5047246410215842,True,iid,
10403,46,1.969899507902144,2.05,True,True,True,True,0.8072333860162862,1.0514286598933729,1.0514286598933729,1.066567871711512,8,9,5,True,True,1.4886881592854269,1.7201534026934486,0.4118613331756533,0.7391319470013052,0.8540541722881796,True,iid,
10404,46,2.46980872197977,2.05,True,True,True,True,1.0765237851343954,1.4021817981700309,1.4021817981700309,1.4160470018133855,8,9,5,True,True,1.5532052480499514,1.7644415135192812,0.5492569175425648,0.7711646068541711,0.8760431680221283,True,iid,
10405,46,1.403313937525837,2.05,True,True,True,True,1.1203467508100236,1.4592616004565395,1.4592616004565395,1.6833063225945533,8,9,5,True,True,1.7158331924166677,1.964988442749369,0.5716159841762519,0.8519091928890925,0.9756144861268674,True,iid,
10406,46,2.7090472631841336,2.05,True,True,True,True,1.1418011102340966,1.487206094290531,1.487206094290531,1.4977966953046715,8,9,5,True,True,1.0595961285335738,1.2211784239813204,0.5825622869777692,0.5260882506743347,0.6063136732319777,True,iid,
10407,46,2.0508775255549385,2.05,True,True,True,True,1.816562930373542,2.3660893622356904,2.3660893622356904,2.7324943860268,8,9,5,True,True,1.7608257731096582,1.993523633718231,0.9268348451163092,0.8742479570962224,0.989782175395648,True,iid,
10408,46,0.6247547483724653,2.05,False,False,False,False,0.8496182064866087,1.106635265267885,1.106635265267885,1.2398770436337458,8,9,5,False,False,1.1153145747095885,1.2875296398844251,0.4334866387783697,0.5537523946719153,0.639256975085004,True,iid,
10409,46,1.3651106378420348,2.05,True,True,True,True,1.2257658895573336,1.5965709656293543,1.5965709656293543,1.4997040461492686,8,9,5,True,True,1.6789659424800158,1.945437737315304,0.6254022469582776,0.8336046459923528,0.9659075835209744,True,iid,
10410,46,1.684358169150057,2.05,True,True,True,True,1.7618853589126309,2.2948713394392324,2.2948713394392324,2.38302016013486,8,9,5,True,True,1.6291558715333454,1.8637667754494864,0.8989376125850427,0.8088740034535168,0.9253580455396108,True,iid,
10411,46,1.1518409380636143,2.05,True,True,True,True,2.150773505170796,2.801401606338267,2.801401606338267,3.2919180935371863,8,9,5,True,True,2.1750522283139824,2.556564505432951,1.0973535764793618,1.0799109123800088,1.2693313161314563,True,iid,
10412,46,1.800605660018669,2.05,True,True,True,True,1.3614138286306985,1.7732536118973174,1.7732536118973174,1.694483681791943,8,9,5,True,True,1.9145335936354968,2.2184819800177347,0.6946116503316888,0.950563711974748,1.1014737338039302,True,iid,
10413,46,3.1096473745163733,2.05,True,True,True,True,1.3324040043710568,1.7354680579628057,1.7354680579628057,1.6240821853226166,8,9,5,True,True,1.4542313379160667,1.6585260702842168,0.6798104477281505,0.7220241750966533,0.8234562731190235,True,iid,
10414,46,0.4067611434893647,2.05,False,False,False,False,0.9039282902068276,1.1773746320158982,1.1773746320158982,1.292548581756797,8,9,5,False,False,1.3299626623108338,1.5066545389438746,0.4611963741205591,0.6603249215770591,0.7480522336944481,True,iid,
10415,46,1.9547486567934085,2.05,True,True,True,True,0.9707006020457624,1.2643461616515388,1.2643461616515388,1.5877461921279417,8,9,5,True,True,1.051304871469875,1.2134870301811262,0.495264505902028,0.5219716511445033,0.6024949051177609,True,iid,
10416,46,0.8877068291508659,2.05,False,True,True,False,1.046345045225431,1.362873721213074,1.362873721213074,1.110019911733908,8,9,5,True,True,1.431420343333953,1.623237770555778,0.5338593184494363,0.7106985427045699,0.8059356731720432,True,iid,
10417,46,2.457610833341489,2.05,True,True,True,True,1.9667466421303716,2.561704981616317,2.561704981616317,2.8071388413580616,8,9,5,True,True,1.938444101443746,2.2748911827570444,1.0034605952611229,0.9624352514102362,1.1294808376352057,True,iid,
10418,46,4.845302484101342,2.05,False,False,False,False,1.4356591986400706,1.869958866219724,1.869958866219724,1.7681511268080232,8,9,5,False,False,1.6333290284639017,1.8158266889233052,0.7324926369260204,0.8109459710365092,0.901555848099876,False,iid,
10419,46,1.3937925512590283,2.05,True,True,True,True,1.2060574430123272,1.5709005388378414,1.5709005388378414,1.664889180438676,8,9,5,True,True,1.7472210411703923,2.0062167159877107,0.6153467323952517,0.8674932234443291,0.996084276042295,True,iid,
10420,46,1.6775364266152706,2.05,True,True,True,True,1.088499731894212,1.4177805752656727,1.4177805752656727,1.6056192884758762,8,9,5,True,True,1.3937432355587225,1.5679352166669591,0.5553672066906392,0.6919919023288907,0.778478019213401,True,iid,
10421,46,2.712487743591978,2.05,True,True,True,True,1.4553082879124573,1.895551979636088,1.895551979636088,1.9261943893658435,8,9,5,True,True,1.8472607027102852,2.067625034987513,0.7425178666100282,0.9171627995406588,1.026573435307314,True,iid,
10422,46,2.438183358313024,2.05,True,True,True,True,2.015377249004079,2.625046779293144,2.625046779293144,3.767046129686508,8,9,5,True,True,1.9197873014791345,2.156167641051213,1.0282725851107872,0.9531721718346746,1.0705347366747175,True,iid,
10423,46,2.42620331866939,2.05,True,True,True,True,1.1280138209708517,1.4692480274851478,1.4692480274851478,1.5093965060425072,8,9,5,True,True,1.18506022124993,1.385476615886777,0.5755278265166357,0.5883810274051615,0.6878875352355318,True,iid,
10424,46,1.6272889988499646,2.05,True,True,True,True,2.044622244181177,2.663138645437818,2.663138645437818,2.850212912543405,8,9,5,True,True,1.7681653732114893,2.017736426869999,1.0431937750801428,0.8778920600466223,1.0018037991541098,True,iid,
10425,46,3.82267964960955,2.05,False,True,True,True,1.4641637922058963,1.907086352685102,1.907086352685102,2.1312531561453496,8,9,5,True,True,1.8727956453703,2.2078575728270686,0.7470360640327558,0.9298408689987532,1.0961987279381342,True,iid,
10426,46,1.4847577672831165,2.05,True,True,True,True,2.8454501532922083,3.706224114730877,3.706224114730877,4.345748865265317,8,9,5,True,True,2.019530306498439,2.3362427990725205,1.4517869477664938,1.0026944583120971,1.1599418440831253,True,iid,
10427,46,3.758656064687797,2.05,True,True,True,True,2.225024800182563,2.898114578028953,2.898114578028953,3.495766332741009,8,9,5,True,True,2.2010075229258064,2.4770041919444825,1.1352375860896238,1.0927976860953574,1.229829712625056,True,iid,
10428,46,2.3242933493923,2.05,True,True,True,True,1.7039910625737675,2.2194635038993225,2.2194635038993225,2.852462363874329,8,9,5,True,True,1.880340374670666,2.143250774512349,0.8693991637467665,0.933586818358661,1.0641215273974909,True,iid,
10429,46,0.6823981729283242,2.05,False,False,False,True,0.9651357645176676,1.2570979113114926,1.2570979113114926,1.457676996227691,8,9,5,False,False,0.8322713868584877,0.9691958097317034,0.4924252509319903,0.4132217797026529,0.4812045970838892,False,iid,
10430,46,0.6978361877033255,2.05,False,False,False,False,0.8294931634152883,1.0804222177981813,1.0804222177981813,1.1108169024462105,8,9,5,False,True,1.2824090785155915,1.5070723762404292,0.423218571063187,0.6367146222956177,0.7482596894282805,True,iid,
10431,46,1.0404259523785948,2.05,True,True,True,True,2.4053665429486064,3.133011300840552,3.133011300840552,3.5448973420938814,8,9,5,True,True,1.97639675715448,2.274555287745275,1.227250369368318,0.9812787010167744,1.1293140661508698,True,iid,
10432,46,0.8525858451249927,2.05,False,False,False,False,0.916558274802791,1.1938252992061424,1.1938252992061424,1.055075664027344,8,9,5,True,True,1.4150738366194555,1.6361355535871993,0.4676403621713413,0.7025825210520863,0.8123394075099253,True,iid,
10433,46,1.6908169364122625,2.05,True,True,True,True,1.238231413912758,1.612807421894591,1.612807421894591,1.490464902773705,8,9,5,True,True,1.3642872081845268,1.5348583329092629,0.6317623251818697,0.6773670188513037,0.7620553847348026,True,iid,
10434,46,2.341551156314689,2.05,True,True,True,True,1.322474401744477,1.7225346622884006,1.7225346622884006,1.2235146250366715,8,9,5,True,True,1.9345936283517189,2.3106308699035445,0.6747442308861168,0.960523495979366,1.1472255509124911,True,iid,
10435,46,3.628310998664993,2.05,True,True,True,True,2.1533416517289905,2.804746640055737,2.804746640055737,3.35491865569722,8,9,5,True,True,1.820323005026632,2.0562234361363685,1.098663879402372,0.9037882638378906,1.0209125546821738,True,iid,
10436,46,1.0359808679165954,2.05,True,True,True,True,1.8528217950565349,2.413316855750342,2.413316855750342,2.783742412295681,8,9,5,True,True,1.643443660438087,1.8607863749330928,0.9453346056644584,0.815967874097705,0.9238782801348916,True,iid,
10437,46,4.107254262069057,2.05,False,False,False,False,1.085417145953381,1.413765479680034,1.413765479680034,1.6116766459778349,8,9,5,False,True,2.0255053320915866,2.313986378194837,0.5537944298739064,1.0056610515992803,1.1488915568930271,True,iid,
10438,46,1.761698502053722,2.05,True,True,True,True,0.9279030414904004,1.208601958647871,1.208601958647871,1.2091078887857256,8,9,5,True,True,0.958493766232107,1.0894862916622488,0.4734286147553732,0.4758910448806217,0.5409286820512382,True,iid,
10439,46,3.0444543443626904,2.05,True,True,True,True,1.24150195092573,1.6170673254221826,1.6170673254221826,1.4074600063498992,8,9,5,True,True,1.9788045880486476,2.260642269218168,0.6334309971640958,0.9824741862671644,1.122406268565147,True,iid,
10440,46,1.366608511395892,2.05,True,True,True,True,0.7608622395880905,0.9910298295286766,0.9910298295286766,0.7529269554392071,8,9,5,True,True,1.2999892586477957,1.4862730320937474,0.3882021504415849,0.6454431613712471,0.7379328391476506,True,iid,
10441,46,0.7611856197385718,2.05,False,True,True,True,1.0592741023118106,1.3797139329802106,1.3797139329802106,1.4879459060641695,8,9,5,False,False,1.0448411328839715,1.2099808684077875,0.5404558973082213,0.5187624124224062,0.6007540998578647,True,iid,
10442,46,2.7499788256977538,2.05,True,True,True,True,1.3468835309867178,1.7543277700722448,1.7543277700722448,1.6802624480719477,8,9,5,True,True,1.5491857558156577,1.807598179355938,0.6871980969990866,0.7691689336149105,0.8974704026293038,True,iid,
10443,46,1.1762508697035652,2.05,True,True,True,True,1.7155510475756783,2.234520487108267,2.234520487108267,2.674826455733154,8,9,5,True,True,2.038375327083457,2.2696056065748347,0.8752972236100655,1.012050989207708,1.1268565551820855,True,iid,
10444,46,1.1514758142161463,2.05,True,True,True,True,0.97007723626148,1.2635342221771002,1.2635342221771002,1.3466922242074475,8,9,5,True,True,1.2763157090050177,1.4737325678724955,0.4949464562928095,0.6336892713904887,0.7317065131851983,True,iid,
10445,46,1.890221244172194,2.05,True,True,True,True,1.800015295646003,2.3445359209293986,2.3445359209293986,2.360472338637834,8,9,5,True,True,2.1696793179510667,2.509129569275396,0.918392019264641,1.077243268607312,1.245779925264718,True,iid,
10446,46,1.7277605013180866,2.05,True,True,True,True,1.9439110807555515,2.531961459965497,2.531961459965497,2.6246569345751323,8,9,5,True,True,1.9638741262154695,2.259191242295514,0.9918095846431626,0.975061229258302,1.1216858353785168,True,iid,
10447,46,2.012735525705708,2.05,True,True,True,True,1.0301952978746651,1.3418385317514108,1.3418385317514108,1.473197225357684,8,9,5,True,True,1.3462338789784254,1.5523576592124824,0.5256195000901369,0.6684035618084491,0.7707437799779798,True,iid,
10448,46,3.962162216695376,2.05,False,True,True,True,1.805396069096094,2.3515444261719023,2.3515444261719023,2.827987048169758,8,9,5,False,True,1.6630426620660748,1.9356267585849365,0.9211373622658856,0.8256987557079474,0.9610364439436668,True,iid,
10449,46,2.1103539472551485,2.05,True,True,True,True,1.902487617591892,2.4780070310273583,2.4780070310273583,2.740058500938686,8,9,5,True,True,1.5721768418793494,1.8475470013871973,0.9706747764713496,0.7805839812190292,0.9173049465021766,True,iid,
10450,46,2.65378911998275,2.05,True,True,True,True,1.204748650315476,1.5691958247177782,1.5691958247177782,2.094180491915377,8,9,5,True,True,1.3520084175483695,1.5416512712720227,0.6146789687542609,0.6712706135208008,0.7654280707648551,True,iid,
10451,46,2.498544512412884,2.05,True,True,True,True,2.7488405299958494,3.5803892217309925,3.5803892217309925,3.903266980148649,8,9,5,True,True,3.2807331463110434,3.8830140198682273,1.4024954182810752,1.628880207651113,1.9279119638569584,True,iid,
10452,46,1.157142499420639,2.05,True,True,True,True,1.5753983609185376,2.051970367074703,2.051970367074703,2.3263699679270817,8,9,5,True,True,1.4198790457382993,1.6167511563931252,0.8037894374174921,0.7049683018145694,0.8027150767525826,True,iid,
10453,46,2.2897886251280166,2.05,True,True,True,True,0.9883626587701884,1.2873511475136437,1.2873511475136437,1.403135078463271,8,9,5,True,True,1.4525749976404276,1.6646181001640823,0.5042759248487158,0.7212018040680441,0.8264809588990571,True,iid,
10454,46,3.401810648585096,2.05,True,True,True,True,1.7979230179284724,2.3418107106063664,2.3418107106063664,2.525368337116098,8,9,5,True,True,1.6197083639212704,1.9197508402146053,0.9173245110259536,0.8041833268654969,0.9531540688590624,True,iid,
10455,46,1.7475937285648346,2.05,True,True,True,True,0.8633041615737003,1.1244613434081805,1.1244613434081805,1.3770411974715109,8,9,5,True,True,1.3199344660285497,1.4791139839141003,0.4404693971795911,0.6553459337367892,0.7343783800175139,True,iid,
10456,46,1.4179601274580256,2.05,True,True,True,True,0.9374208179642884,1.2209989470981268,1.2209989470981268,1.453167248188122,8,9,5,True,True,1.6228445347202125,1.8826508321886908,0.4782847123540475,0.8057404320351003,0.9347339578405665,True,iid,
10457,46,1.07556086709638,2.05,True,True,True,True,1.0049554442211863,1.308963398038536,1.308963398038536,1.6310442727182874,8,9,5,True,True,1.1488004596280414,1.3163206299071026,0.5127417872069009,0.5703780977531557,0.6535516682877573,True,iid,
10458,46,2.705757366899824,2.05,True,True,True,True,0.9434799614195012,1.228891035301584,1.228891035301584,1.5592307429512997,8,9,5,True,True,1.3892275536121343,1.597561243449223,0.481376168857949,0.6897498714721246,0.7931873072002136,True,iid,
10459,46,1.6411707791502212,2.05,True,True,True,True,1.2091505029496592,1.5749292768970145,1.5749292768970145,1.8782454089422749,8,9,5,True,True,1.5711946491191562,1.7918325427607216,0.6169248531859051,0.7800963236510932,0.8896427823183242,True,iid,
10460,46,1.8920440349541516,2.05,True,True,True,True,1.0153976487321048,1.322564462223245,1.322564462223245,1.5858234215607678,8,9,5,True,True,1.123284109715821,1.275811229745819,0.5180695404263062,0.5577092595728085,0.6334387980225457,True,iid,
10461,46,0.9792809424119198,2.05,False,False,False,True,0.6988430607932683,0.9102492979283496,0.9102492979283496,1.27656831367723,8,9,5,False,True,0.952056033362715,1.078530794979859,0.3565591310826466,0.4726947179666547,0.5354892906362438,True,iid,
10462,46,3.310464906951779,2.05,True,True,True,True,1.6008621594098602,2.085137190929268,2.085137190929268,2.506010048188624,8,9,5,True,True,1.9412192219604905,2.2430411732769486,0.8167814099697036,0.963813095532869,1.1136673448145646,True,iid,
10463,46,3.12889052749239,2.05,True,True,True,True,1.258460581225182,1.6391560921137776,1.6391560921137776,1.589295106933367,8,9,5,True,True,1.6882017498344504,1.8948303729988167,0.6420835184856364,0.8381902136476291,0.9407810857473884,True,iid,
10464,46,0.595781561476883,2.05,False,False,False,False,0.8559602246987132,1.1148958003563558,1.1148958003563558,1.2454279390098468,8,9,5,False,False,1.140931824543663,1.2857393603995222,0.4367224217887233,0.5664713295466086,0.6383681033941134,True,iid,
10465,46,1.0782764245840994,2.05,True,True,True,True,1.084226900990828,1.4122151750375342,1.4122151750375342,1.4215919148574392,8,9,5,True,True,1.3648423384346435,1.5780032974202205,0.5531871508817652,0.6776426403775776,0.7834768096473198,True,iid,
10466,46,-0.6432783242017295,2.05,False,False,False,False,1.6123879122501334,2.100149586443428,2.100149586443428,2.3421741761946917,8,9,5,False,False,1.81159443496036,2.049927813092572,0.8226620041236132,0.8994545389087437,1.017786785132034,False,iid,
10467,46,2.7895106510286407,2.05,True,True,True,True,1.456997607885523,1.897752333915508,1.897752333915508,1.8904350698611985,8,9,5,True,True,1.418787819719327,1.597980249518489,0.7433797803865392,0.7044265093599236,0.7933953432283436,True,iid,
10468,46,3.105936623898457,2.05,True,True,True,True,2.1572896428343045,2.809888933559747,2.809888933559747,3.394108418513357,8,9,5,True,True,2.29592021144448,2.6452762699638,1.1006781975762332,1.1399217260243169,1.3133766044818933,True,iid,
10469,46,2.133360601251582,2.05,True,True,True,True,1.520103990223461,1.979948957793696,1.979948957793696,2.2237006205937986,8,9,5,True,True,1.7499471682691206,1.9708753753179011,0.7755775056192159,0.8688467423916573,0.978537341329352,True,iid,
10470,46,2.0734077901204144,2.05,True,True,True,True,0.8930819493464113,1.1632471766440462,1.1632471766440462,1.0963797314582715,8,9,5,True,True,1.7094043771912788,1.9996280323278224,0.4556624250988341,0.8487172935750453,0.992813002235666,True,iid,
10471,46,2.997460250459685,2.05,True,True,True,True,2.300015678171452,2.995790863120677,2.995790863120677,3.6941408412611354,8,9,5,True,True,2.48218679638558,2.901304563043728,1.1734989408843488,1.2324028697279676,1.4404943554838376,True,iid,
10472,46,3.531613481973356,2.05,True,True,True,True,1.533804325826161,1.997793766683385,1.997793766683385,2.524628714530411,8,9,5,True,True,2.017412051956455,2.2787804561163,0.7825676011529606,1.0016427473852012,1.1314118573538192,True,iid,
10473,46,0.7595941813129778,2.05,False,False,False,True,0.9863281295509392,1.2847011551228855,1.2847011551228855,1.5046281431711577,8,9,5,False,False,1.100284390659012,1.2492480936564974,0.5032378806707364,0.546289925697605,0.6202502317175748,False,iid,
10474,46,1.423337348994172,2.05,True,True,True,True,1.2757557578209395,1.6616832133474997,1.6616832133474997,1.7649695449129126,8,9,5,True,True,1.6566508308227577,1.8653684074278,0.6509077502550759,0.8225252188981669,0.9261532539619568,True,iid,
10475,46,2.9489048292767315,2.05,True,True,True,True,2.530800620812345,3.296390302103232,3.296390302103232,3.979481824096592,8,9,5,True,True,1.891120153353952,2.152437754126008,1.2912485233465234,0.9389389659906036,1.0686828521360203,True,iid,
10476,46,2.580454027129442,2.05,True,True,True,True,0.7416157216372079,0.9659610688365836,0.9659610688365836,0.73540035038794,8,9,5,True,True,1.326547479097477,1.4919894836634315,0.3783823180615602,0.6586292870668294,0.7407710507316451,True,iid,
10477,46,1.9007829123479636,2.05,True,True,True,True,1.2511364426351024,1.62961633650401,1.62961633650401,2.345974052587272,8,9,5,True,True,1.2289707738106088,1.3723480621942643,0.6383466444460727,0.6101825658977204,0.6813692235316784,True,iid,
10478,46,1.8961590893922848,2.05,True,True,True,True,1.6570135854118322,2.158274922364925,2.158274922364925,2.399684030986676,8,9,5,True,True,1.8410575192954808,2.0468927082125488,0.8454306229154372,0.9140829261592572,1.016279859074127,True,iid,
10479,46,1.5003159080884485,2.05,True,True,True,True,1.093921787652824,1.4248428510819375,1.4248428510819375,1.6528163201196668,8,9,5,True,True,1.1230851124485532,1.2929941552766508,0.5581336124810578,0.5576104576600733,0.6419701006486634,True,iid,
10480,46,2.775469850688473,2.05,True,True,True,True,2.6063190458728864,3.394753721944568,3.394753721944568,4.275921792795603,8,9,5,True,True,2.2890861697617404,2.63470089086947,1.3297790397542435,1.136528632243497,1.3081259410091477,True,iid,
10481,46,2.367040388265025,2.05,True,True,True,True,1.9902362754157688,2.592300437743987,2.592300437743987,2.7268020763299865,8,9,5,True,True,2.2743147693369514,2.580895074723236,1.015445322167024,1.1291946490396871,1.2814114156062923,True,iid,
10482,46,3.788737225891512,2.05,True,True,True,True,1.903442499528485,2.479250773236663,2.479250773236663,3.010099733896123,8,9,5,True,True,1.9143591438695955,2.198973186230141,0.9711619700813306,0.9504770978680124,1.0917876402819715,True,iid,
10483,46,0.7219210506514109,2.05,False,True,True,True,1.0903370076742818,1.4201736432987315,1.4201736432987315,1.4594559374504823,8,9,5,True,True,1.4500560916755638,1.6827137310336808,0.5563046095103185,0.719951170173692,0.8354654186688476,True,iid,
10484,46,-0.8044231683869969,2.05,False,False,False,True,2.0518412388502134,2.6725414501559186,2.6725414501559186,3.828455827812023,8,9,5,False,False,2.0231545768452617,2.276162327814869,1.0468770032766996,1.004493904341944,1.1301119596842732,False,iid,
10485,46,2.145844129860222,2.05,True,True,True,True,0.8822512891447037,1.1491401454695302,1.1491401454695302,1.033715555767286,8,9,5,True,True,1.2725459477542034,1.428296912848588,0.4501364765601326,0.6318175892953065,0.7091477630859027,True,iid,
10486,46,4.2510928542914295,2.05,False,False,False,False,1.4818732590774608,1.930153090685232,1.930153090685232,2.0396806260489417,8,9,5,False,False,1.3336786606000717,1.507474664206369,0.7560716722743177,0.6621699104240829,0.7484594249374706,False,iid,
10487,46,1.95365998184849,2.05,True,True,True,True,1.2823024732477994,1.670210368377517,1.670210368377517,1.995578118408386,8,9,5,True,True,1.6949347434769135,1.978282597972003,0.6542479725381688,0.8415331371934778,0.982215018798639,True,iid,
10488,46,1.319734253079067,2.05,True,True,True,True,2.784549256677304,3.62690015560907,3.62690015560907,3.931933244741237,8,9,5,True,True,2.361077231605613,2.6996814411136443,1.420714491019888,1.1722721110744794,1.3403887089499142,True,iid,
10489,46,1.5028641843184978,2.05,True,True,True,True,0.9549784655217114,1.2438679390922327,1.2438679390922327,1.2376994853442065,8,9,5,True,True,1.1842459143968491,1.332933208857049,0.4872428603391243,0.5879767249956744,0.6617997944969969,True,iid,
10490,46,3.100446795872964,2.05,True,True,True,True,2.4250293569175887,3.1586222907962163,3.1586222907962163,3.516462426682042,8,9,5,True,True,2.144672314596466,2.4010096710405726,1.237282601577166,1.064827320402937,1.1920985210072628,True,iid,
10491,46,2.342136931500536,2.05,True,True,True,True,1.226527056422599,1.5975623922365354,1.5975623922365354,1.726606299615347,8,9,5,True,True,1.3971830381224657,1.574266762741848,0.6257906045328379,0.693699760318075,0.7816216245068744,True,iid,
10492,46,0.376810495303531,2.05,False,False,False,False,0.906285073946555,1.1804443637837445,1.1804443637837445,0.9262722252118496,8,9,5,True,True,1.885968469567276,2.123854111449192,0.4623988368901444,0.9363811609568018,1.0544911066503542,True,iid,
10493,46,1.9117671770775528,2.05,True,True,True,True,0.9325774881440344,1.2146904669602296,1.2146904669602296,0.757054999242177,8,9,5,True,True,1.5964623543616745,1.9058053404749424,0.4758135803229214,0.7926417100408943,0.9462301443889232,True,iid,
10494,46,2.887857883625,2.05,True,True,True,True,1.6560811642350972,2.1570604354949645,2.1570604354949645,2.390831286033796,8,9,5,True,True,2.239843944617669,2.480567036290816,0.8449548890872981,1.1120799244880162,1.2315986607167988,True,iid,
10495,46,3.562022553259493,2.05,False,True,True,True,1.502653904622015,1.9572200662032504,1.9572200662032504,1.9712990897781917,8,9,5,True,True,2.503231002262271,2.972296365041601,0.766674237191099,1.2428512935739673,1.4757417029585471,True,iid,
10496,46,3.277556191190423,2.05,True,True,True,True,2.0382289970908385,2.654811384280131,2.654811384280131,2.781539461338338,8,9,5,True,True,2.2172308473303857,2.510176722376497,1.0399318544069374,1.1008525478736269,1.2462998355666826,True,iid,
10497,46,1.4625141071467245,2.05,True,True,True,True,0.9118487734637112,1.1876911318544283,1.1876911318544283,1.0919940632412817,8,9,5,True,True,1.2274547674215757,1.4149815728408732,0.4652375112316916,0.6094298704812872,0.7025367121928731,True,iid,
10498,46,3.4057946306652136,2.05,True,True,True,True,3.4505795484618464,4.494410530267046,4.494410530267046,4.842764739284636,8,9,5,True,True,3.070211015029131,3.5369815525978243,1.7605321059273775,1.5243562132801534,1.756107244605342,True,iid,
10499,46,-0.1586349576443795,2.05,False,False,False,False,1.0126087050727872,1.31893183831914,1.31893183831914,1.3620891252883824,8,9,5,False,False,1.2573327852395195,1.4095579261378277,0.5166465838519417,0.6242642717254786,0.6998438778860606,False,iid,
10500,46,1.744520027585719,2.05,True,True,True,True,0.5263137572915817,0.6855283466947303,0.6855283466947303,0.6433382908539744,8,9,5,True,True,0.8787832249241163,0.9947949530191632,0.2685323594165922,0.4363148534358108,0.4939145420791579,True,iid,
10501,46,3.9167413434863065,2.05,False,True,True,True,1.7190614665574304,2.2390928390322413,2.2390928390322413,2.657620256647628,8,9,5,True,True,2.5859198932969414,3.024601229883902,0.8770882865998714,1.2839062322087795,1.5017110077772855,True,iid,
10502,46,1.1576800127926443,2.05,True,True,True,True,1.0574473101588244,1.3773345199646054,1.3773345199646054,1.7729821818761418,8,9,5,True,True,1.2001818629475909,1.3608792605984852,0.5395238433761153,0.59588890499533,0.6756749768216563,True,iid,
10503,46,2.577871225355317,2.05,True,True,True,True,1.619176380964248,2.1089916272787725,2.1089916272787725,2.4169014561724853,8,9,5,True,True,1.55974113682181,1.769203790209939,0.8261255721861464,0.7744096680600362,0.8784076328837379,True,iid,
10504,46,1.2798463853562765,2.05,True,True,True,True,0.9981439653151986,1.3000913862237642,1.3000913862237642,1.4647739437461529,8,9,5,True,True,1.0702897421006143,1.222900097007395,0.5092664790349203,0.5313976174258512,0.607168481895515,True,iid,
10505,46,4.28369277987678,2.05,True,True,True,True,2.5493789802987323,3.320588780456796,3.320588780456796,3.575555255822031,8,9,5,False,True,2.197042443738262,2.5918157383793594,1.300727452289293,1.0908290288707907,1.2868335124640866,True,iid,
10506,46,0.3557282360975958,2.05,False,False,False,False,0.5914622080589422,0.7703847828519351,0.7703847828519351,0.481850863688728,8,9,5,False,False,1.1616207896434425,1.4509774451236943,0.301771975433703,0.5767433767582839,0.7204086210936482,False,iid,
10507,46,1.7490974820636276,2.05,True,True,True,True,1.3299193487922545,1.732231771988053,1.732231771988053,1.6816435203850586,8,9,5,True,True,1.990449802350518,2.3010426466184626,0.6785427430260221,0.9882560216814532,1.1424650091557895,True,iid,
10508,46,1.6542123826638628,2.05,True,True,True,True,0.8755910956141729,1.1404651842009,1.1404651842009,1.231350636146348,8,9,5,True,True,1.3067901489904163,1.499818707181996,0.4467383562219372,0.6488197955500912,0.7446582511414089,True,iid,
10509,46,2.035280957735587,2.05,True,True,True,True,1.616668055966266,2.1057245116751666,2.1057245116751666,1.717948229356718,8,9,5,True,True,2.293946352757213,2.7210947181469165,0.8248457910279301,1.1389417074720598,1.3510203761977264,True,iid,
10510,46,4.269251505532521,2.05,False,True,True,True,1.9127092557221064,2.491320805540829,2.491320805540829,2.684612210515311,8,9,5,True,True,2.641869627482914,3.0107284002825283,0.975889993756062,1.3116852104354442,1.494823163946646,True,iid,
10511,46,0.3658429828527224,2.05,False,False,False,False,0.7344956157208323,0.9566870675977366,0.9566870675977366,0.940423331008582,8,9,5,False,False,0.999771507818746,1.1409448286193329,0.3747495442369514,0.4963853957736884,0.5664777860551183,False,iid,
10512,46,2.688717634073928,2.05,True,True,True,True,0.9904130319478348,1.2900217768010338,1.2900217768010338,1.3593483077709791,8,9,5,True,True,1.2769305969289917,1.497064536679234,0.5053220528274166,0.633994562532626,0.7432908086764556,True,iid,
10513,46,3.087725953176097,2.05,True,True,True,True,2.256267248955905,2.9388081452358965,2.9388081452358965,3.15424750780645,8,9,5,True,True,1.899878113561112,2.160281647661921,1.1511779037553267,0.9432872830906638,1.0725773361924087,True,iid,
10514,46,1.5530387523767886,2.05,True,True,True,True,1.1381750886147992,1.4824831689036897,1.4824831689036897,2.145057392956541,8,9,5,True,True,1.115011705356702,1.2635273542806813,0.5807122419670969,0.5536020203889672,0.6273398680803427,True,iid,
10515,46,1.5842208181294537,2.05,True,True,True,True,1.8032047491538012,2.3486902124708404,2.3486902124708404,2.021005473401221,8,9,5,True,True,2.8050391925300144,3.177932913328292,0.9200193213517196,1.392698710510913,1.577840011030485,True,iid,
10516,46,2.7180189911537083,2.05,True,True,True,True,0.764285131411209,0.9954881765505982,0.9954881765505982,0.9510912192421888,8,9,5,True,True,0.9928492228037124,1.1299102067793825,0.3899485558975619,0.4929484892805813,0.5609991090910317,True,iid,
10517,46,1.8091360206920293,2.05,True,True,True,True,1.241146701482396,1.61660460986482,1.61660460986482,1.969971292580652,8,9,5,True,True,1.6897512871984095,1.9729271165757345,0.6332497441189716,0.8389595571542802,0.9795560284876976,True,iid,
10518,46,2.48973366103732,2.05,True,True,True,True,1.5777024753957878,2.0549714966600536,2.0549714966600536,2.6735547913482978,8,9,5,True,True,1.5303992506392092,1.7177345554081915,0.8049650276208072,0.7598414555518864,0.852853217412372,True,iid,
10519,46,3.0328492724289284,2.05,True,True,True,True,1.7735256082948767,2.310032867716945,2.310032867716945,2.67630488532845,8,9,5,True,True,1.5908446420901616,1.884590203187864,0.9048766244149774,0.7898525224040898,0.9356968532956256,True,iid,
10520,46,-1.4977826288283962,2.05,False,False,False,False,1.662281954485274,2.165137019907805,2.165137019907805,2.308629754028378,8,9,5,False,False,1.6880156501165329,1.9218887664582205,0.8481186156915504,0.8380978153532095,0.954215546763036,False,iid,
10521,46,1.8993400031199423,2.05,True,True,True,True,2.043895147004848,2.6621915949032844,2.6621915949032844,2.721372398326224,8,9,5,True,True,2.2185513335184583,2.5552765007660407,1.042822800319214,1.1015081677367196,1.2686918233060032,True,iid,
10522,46,2.3925747133615287,2.05,True,True,True,True,1.596293392442988,2.079186331348187,2.079186331348187,2.771389761667662,8,9,5,True,True,1.1173806205783692,1.3159030450695672,0.8144503636000396,0.5547781840530298,0.6533443378995356,True,iid,
10523,46,2.703402174085102,2.05,True,True,True,True,0.9548999756755924,1.243765705370053,1.243765705370053,1.3265691512379107,8,9,5,True,True,1.0711451924991855,1.2565452828050458,0.4872028137637182,0.531822347558025,0.6238732776787869,True,iid,
10524,46,0.1057169962714821,2.05,False,False,False,False,1.078536381974462,1.4048032234419707,1.4048032234419707,1.2543115583918918,8,9,5,False,False,1.5107434055325053,1.728207368463797,0.550283771525631,0.750082351220293,0.8580529569656751,True,iid,
10525,46,3.5959479098645573,2.05,True,True,True,True,1.7228653950858328,2.2440474897494105,2.2440474897494105,2.3377554449276,8,9,5,True,True,2.040778435970992,2.3653751663261904,0.879029102108933,1.0132441299872734,1.1744060306857094,True,iid,
10526,46,1.7848586959246135,2.05,True,True,True,True,1.7624699339962644,2.2956327536813084,2.2956327536813084,2.509552835332508,8,9,5,True,True,1.5686481824866656,1.7942783945392398,0.8992358706569429,0.778832005917183,0.8908571448937613,True,iid,
10527,46,0.9503449496861504,2.05,True,True,True,True,1.3143345223009557,1.711932396966804,1.711932396966804,2.032851921867487,8,9,5,True,True,1.4387794358899404,1.6620022955550589,0.6705911548890466,0.7143523236358837,0.8251822149401004,True,iid,
10528,46,3.5966159068082963,2.05,False,False,False,False,0.7309264884521975,0.9520382476083044,0.9520382476083044,0.7334673213051386,8,9,5,False,False,1.362355644615115,1.5343382948535913,0.3729285274893812,0.6764079997760788,0.7617971864424297,True,iid,
10529,46,2.729470208489545,2.05,True,True,True,True,1.1355724249282106,1.4790931763197013,1.4790931763197013,1.267296600759359,8,9,5,True,True,1.6491324409318189,1.8568678916910344,0.5793843279408247,0.8187923470245354,0.9219327577432948,True,iid,
10530,46,1.1768485626475227,2.05,True,True,True,True,1.1806684617783136,1.5378311651258896,1.5378311651258896,1.5009073956743813,8,9,5,True,True,1.691640645983984,1.921033171454172,0.6023929326142284,0.8398976216032081,0.9537907448344102,True,iid,
10531,46,2.310413042178016,2.05,True,True,True,True,1.2988583119057375,1.6917744953760692,1.6917744953760692,1.1547237455256834,8,9,5,True,True,2.294399776414683,2.607895996899464,0.6626949841454932,1.1391668317928734,1.2948173421964022,True,iid,
10532,46,2.773266889015083,2.05,True,True,True,True,1.8438805857284215,2.401670851131928,2.401670851131928,2.807910593916385,8,9,5,True,True,1.7654540735155098,1.9873445990001315,0.9407726803800588,0.8765459028875868,0.9867142918141936,True,iid,
10533,46,2.036546894641844,2.05,True,True,True,True,0.7602012336459338,0.9901688634140648,0.9901688634140648,1.0101093975312752,8,9,5,True,True,1.2617933886299588,1.3844744663158994,0.3878648963174496,0.6264789561429044,0.6873899691342035,True,iid,
10534,46,0.5213792483377165,2.05,False,True,True,True,1.4541233646342673,1.8940086065347697,1.8940086065347697,1.7257987988136618,8,9,5,True,True,1.863129316661928,2.085996096669833,0.7419133028128411,0.9250415479898436,1.035694646156638,True,iid,
10535,46,2.65947653960422,2.05,True,True,True,True,1.8063967663979896,2.352847843301716,2.352847843301716,2.8401338813150465,8,9,5,True,True,1.7025845952893786,2.03266119706498,0.9216479314915936,0.8453312797588978,1.009213930271199,True,iid,
10536,46,0.4065680922328866,2.05,False,True,True,False,1.269897190633121,1.6540523775150242,1.6540523775150242,0.9503636265906024,8,9,5,True,True,1.7403783954959269,1.9915955575559168,0.6479186304611314,0.8640958577915819,0.9888248878140082,True,iid,
10537,46,1.0551865175719448,2.05,False,True,True,True,0.8001851408599476,1.0422482579331651,1.0422482579331651,1.0354907956629478,8,9,5,True,True,1.1157435241506892,1.280481881678664,0.408265223677551,0.5539653675726457,0.635757771298014,True,iid,
10538,46,2.6838098932121333,2.05,True,True,True,True,1.3029312837600475,1.6970795774164622,1.6970795774164622,2.158336576882289,8,9,5,True,True,1.2891205461251325,1.4507135120010204,0.6647730691788459,0.6400468581910501,0.7202775786039076,True,iid,
10539,46,1.9430078458252151,2.05,True,True,True,True,1.0863426531180456,1.4149709609878218,1.4149709609878218,0.911585672719946,8,9,5,True,True,1.4672965294949551,1.7417431340903082,0.5542666360800736,0.7285110275844733,0.8647734489231572,True,iid,
10540,46,3.3102409611220858,2.05,True,True,True,True,2.505984187192213,3.2640666767471047,3.2640666767471047,3.344813338007345,8,9,5,True,True,1.9852708852553345,2.2796819768356102,1.2785868450605282,0.9856846953415171,1.131859461346885,True,iid,
10541,46,1.8260843479968707,2.05,True,True,True,True,0.7589869376838938,0.9885872321309702,0.9885872321309702,0.992291342416656,8,9,5,True,True,1.391447645541204,1.5821438178441989,0.3872453461818144,0.6908521445437683,0.7855325732425933,True,iid,
10542,46,4.51361836200473,2.05,False,True,True,True,2.1900089090192187,2.8525060685710644,2.8525060685710644,4.240605867686069,8,9,5,False,False,1.957418080844683,2.1976836786748803,1.1173720073527975,0.9718558102086008,1.0911474012741929,False,iid,
10543,46,1.3531000345756243,2.05,True,True,True,True,1.3072973735966225,1.7027664482339575,1.7027664482339575,1.8640901391059277,8,9,5,True,True,1.7939744239181423,2.167854291589601,0.6670007069500371,0.8907062238324218,1.0763371451324493,True,iid,
10544,46,0.0862967389030388,2.05,False,False,False,False,0.8530238240371473,1.1110711123962396,1.1110711123962396,1.2855949870935492,8,9,5,False,False,1.1728791529955216,1.305507994586431,0.4352242306680874,0.5823331411240225,0.6481832073734048,False,iid,
10545,46,1.0085343607608177,2.05,False,True,True,True,0.8836248489794952,1.1509292193624043,1.1509292193624043,1.2483783996163926,8,9,5,False,True,1.013232218853578,1.1584996863189978,0.4508372852662065,0.5030686232133244,0.5751937525723186,True,iid,
10546,46,3.228792900128077,2.05,False,True,True,False,0.9133159322125064,1.1896021191646902,1.1896021191646902,1.0430000942331898,8,9,5,True,True,1.6613577078110504,1.901917244633923,0.4659860753628671,0.824862177871712,0.94429970930675,True,iid,
10547,46,1.5424244267920193,2.05,True,True,True,True,1.8657359019624356,2.4301375947745294,2.4301375947745294,2.6099681996750106,8,9,5,True,True,1.999148873544146,2.246756013077561,0.9519235567400398,0.9925751004544956,1.1155117584733276,True,iid,
10548,46,3.8098116211416846,2.05,False,True,True,True,1.6562329734040906,2.1572581682868424,2.1572581682868424,2.5151103099578918,8,9,5,True,True,1.8817737803310917,2.1203854715870856,0.8450323441675921,0.9342985026090022,1.0527689309759296,True,iid,
10549,46,2.9217673206307686,2.05,True,True,True,True,1.312064758259355,1.7089760091291903,1.7089760091291903,1.6628076223322996,8,9,5,True,True,2.116745620507945,2.403561590084008,0.669433090740113,1.0509617491305314,1.1933655458568926,True,iid,
10550,46,1.677406085182771,2.05,True,True,True,True,1.4625647864084883,1.90500363342218,1.90500363342218,2.2807488861504632,8,9,5,True,True,1.5217513434691394,1.7969872818569987,0.746220229763653,0.7555477796572864,0.8922021043098042,True,iid,
10551,46,2.4260699793493887,2.05,True,True,True,True,1.1000369696148484,1.4328079299385816,1.4328079299385816,1.514986817292393,8,9,5,True,True,1.5901232751197931,1.8025268500863032,0.561253660585015,0.7894943645387335,0.8949524935201527,True,iid,
10552,46,2.208356699095947,2.05,True,True,True,True,0.7755685857434382,1.0101849761045063,1.0101849761045063,0.503246470130944,8,9,5,True,True,1.573210907436985,1.8493722853252177,0.3957055260930497,0.7810973935708203,0.9182111978635006,True,iid,
10553,46,2.087116730436256,2.05,True,True,True,True,1.5700048324009468,2.0449452482434154,2.0449452482434154,2.58703389180527,8,9,5,True,True,1.6860617309257058,1.9985779904738603,0.8010375866092166,0.8371276967378425,0.9922916576712516,True,iid,
10554,46,3.0892175698455278,2.05,True,True,True,True,1.6202489111792058,2.1103886074162927,2.1103886074162927,2.476978173508149,8,9,5,True,True,2.0242867698804874,2.4141001242928724,0.8266727915304596,1.0050560368727146,1.1985979158866753,True,iid,
10555,46,1.7440959874874602,2.05,True,True,True,True,1.5359964356919205,2.0006490092667826,2.0006490092667826,2.196856214421474,8,9,5,True,True,1.5986186592096594,1.824379948616878,0.783686045096706,0.7937123129006528,0.9058025316320084,True,iid,
10556,46,0.6824361402267285,2.05,False,True,True,True,1.2298793302539066,1.601928758696478,1.601928758696478,1.721495014439843,8,9,5,False,False,1.194421546022525,1.3152787087902973,0.6275009797393761,0.59302891431319,0.6530343556599362,True,iid,
10557,46,1.558248229673003,2.05,True,True,True,True,0.8539197424840023,1.112238054136099,1.112238054136099,1.4091868751352168,8,9,5,True,True,0.7854245436468917,0.8566380789142789,0.4356813403123742,0.3899623763024993,0.4253198140887282,True,iid,
10558,46,2.138379098852618,2.05,True,True,True,True,1.0157473026817188,1.3230198896003054,1.3230198896003054,1.6386409696932542,8,9,5,True,True,1.1256033339949854,1.2591899956094317,0.5182479385752589,0.5588607517414668,0.6251863745232619,True,iid,
10559,46,3.4838450805412084,2.05,True,True,True,True,2.4696998407957107,3.216805993074128,3.216805993074128,3.5143011158901034,8,9,5,True,True,2.338385435049064,2.6968215182411166,1.2600740833993431,1.161005660364043,1.3389687605558465,True,iid,
10560,46,3.342773844113273,2.05,False,True,True,True,1.020471723453067,1.3291734896451517,1.3291734896451517,1.4738899544077126,8,9,5,True,True,1.846243004704544,2.142488405036616,0.5206584016099617,0.9166575136594276,1.0637430118357072,True,iid,
10561,46,1.4143884529448008,2.05,True,True,True,True,1.588898945227004,2.069554998128283,2.069554998128283,1.8964676493159487,8,9,5,True,True,1.4983128174366684,1.7354308048230551,0.8106776171536844,0.7439105786268593,0.8616393847524193,True,iid,
10562,46,3.4016648995786247,2.05,True,True,True,True,2.367878174946668,3.084182368325276,3.084182368325276,3.6501461403025055,8,9,5,True,True,1.9380465438429135,2.24475263962778,1.2081232996864577,0.9622378645218436,1.114517085875664,True,iid,
10563,46,3.1100797851400266,2.05,True,True,True,True,1.878526111793705,2.4467969567578254,2.4467969567578254,2.4981845396527693,8,9,5,True,True,2.111282751772616,2.4514201145701144,0.9584492938613696,1.048249441130114,1.2171272478381892,True,iid,
10564,46,1.0262594858611886,2.05,False,True,True,True,0.8241092752325,1.073409655588656,1.073409655588656,1.1597514317791766,8,9,5,True,True,1.385738186808564,1.5599095708052904,0.4204716388834182,0.6880174048952676,0.7744932953377669,True,iid,
10565,46,1.5417864013710536,2.05,True,True,True,True,1.9411389468659108,2.5283507309358,2.5283507309358,2.66056954294535,8,9,5,True,True,1.6820537428685207,1.876731597627176,0.9903952046394274,0.835137735309193,0.9317950647359756,True,iid,
10566,46,2.339970343273018,2.05,True,True,True,True,0.8707055783809865,1.1341017545827008,1.1341017545827008,1.1640691155710796,8,9,5,True,True,1.4643129198299218,1.6701089148850163,0.4442456996051899,0.727029668841171,0.8292071420489624,True,iid,
10567,46,2.655866139139516,2.05,True,True,True,True,1.2445366556969644,1.621020055358859,1.621020055358859,1.7911470129236082,8,9,5,True,True,1.2470077603364431,1.3923343807726762,0.63497934436396,0.6191379088187493,0.6912924075592459,True,iid,
10568,46,1.1466788951021103,2.05,True,True,True,True,2.5975162636674343,3.383288019883745,3.383288019883745,3.565051733901126,8,9,5,True,True,2.0291514602741003,2.254977705255304,1.325287741850072,1.007471350019234,1.1195938191178465,True,iid,
10569,46,3.513034811182349,2.05,True,True,True,True,1.681459596236204,2.1901160687372947,2.1901160687372947,2.0607471441994885,8,9,5,True,True,1.865475077952033,2.1317480565821723,0.8579033065077746,0.9262062157537008,1.05841044126672,True,iid,
10570,46,1.7075310817799385,2.05,True,True,True,True,1.1345786281594508,1.4777987471956282,1.4777987471956282,1.4106867934310674,8,9,5,True,True,1.311808429951533,1.538768663772219,0.5788772794599547,0.6513113662354992,0.7639968594796166,True,iid,
10571,46,3.9107025265103377,2.05,False,False,False,False,0.7482954363658147,0.9746614566392102,0.9746614566392102,0.7363431108178895,8,9,5,False,False,1.4052786189436317,1.5539293460115555,0.3817903983776308,0.697719206820106,0.7715241206535132,False,iid,
10572,46,2.6444279019016457,2.05,True,True,True,True,0.8642464654215674,1.125688702545127,1.125688702545127,1.610128831726095,8,9,5,True,True,1.277490999592783,1.485928272462155,0.4409501732794925,0.6342728018061833,0.737761666389839,True,iid,
10573,46,4.00261555850617,2.05,False,True,True,True,1.780496025888176,2.3191118985845707,2.3191118985845707,2.424302427432313,8,9,5,True,True,1.9548578699795292,2.2306710366973346,0.9084330252434104,0.9705846684790908,1.1075255863289253,True,iid,
10574,46,2.36838874175921,2.05,True,True,True,True,1.6357019133559634,2.1305162800962107,2.1305162800962107,2.128367426866446,8,9,5,True,True,2.6139189966180907,2.962733101556337,0.8345571211287367,1.2978077545813262,1.4709935537135486,True,iid,
10575,46,4.081546821138071,2.05,True,True,True,True,2.290069448045607,2.9828358099806964,2.9828358099806964,4.122567566646389,8,9,5,True,True,2.245116822678636,2.506881524856458,1.168424240468502,1.1146979023386452,1.2446637738142272,True,iid,
10576,46,3.384776614892832,2.05,True,True,True,True,2.0985697176971523,2.733405709171961,2.733405709171961,2.8537957501069737,8,9,5,True,True,2.073994313658362,2.314890694305721,1.070718501817968,1.0297357747909823,1.149340548794772,True,iid,
10577,46,3.8519805097289703,2.05,True,True,True,True,1.8794480053437408,2.447997731300441,2.447997731300441,2.5216026760937726,8,9,5,True,True,2.2148690153309034,2.515214878131288,0.9589196563527392,1.0996799010211755,1.2488012740641328,True,iid,
10578,46,2.732588508759663,2.05,True,True,True,True,1.8453148254739775,2.403538961147889,2.403538961147889,2.7415092732229014,8,9,5,True,True,2.5529227848425635,2.9267680555520665,0.9415044487929256,1.2675232060758892,1.453136950024373,True,iid,
10579,46,0.5009595828236113,2.05,False,True,True,True,1.4419224115945577,1.8781167567597343,1.8781167567597343,2.2210667890222826,8,9,5,False,False,1.2951280693036966,1.529046002844101,0.7356882124337782,0.6430295864917568,0.7591695695888425,True,iid,
10580,46,2.5323437948428,2.05,True,True,True,True,1.760333316269343,2.2928497901019558,2.2928497901019558,1.969815826937464,8,9,5,True,True,2.3546276741917582,2.831418188487671,0.8981457395489627,1.169069913287881,1.4057958514537692,True,iid,
10581,46,2.4285946883444334,2.05,True,True,True,True,1.5561122674257457,2.02685005888753,2.02685005888753,2.089186736063389,8,9,5,True,True,1.2708356473637956,1.4717047015579623,0.7939494130635796,0.6309684271322071,0.7306996799085511,True,iid,
10582,46,0.516399574938968,2.05,False,True,True,True,1.3640234445277497,1.7766526597972243,1.7766526597972243,2.115482159325553,8,9,5,True,True,1.6923420608551023,1.917051035400806,0.6959431114692666,0.8402458732743937,0.951813618895717,True,iid,
10583,46,3.621017523440544,2.05,True,True,True,True,2.041216553884696,2.6587027035572266,2.6587027035572266,3.0051239129965954,8,9,5,True,True,1.887529190257957,2.2047129610472243,1.0414561460744665,0.9371560569722188,1.0946374318312884,True,iid,
10584,46,0.7862657213555859,2.05,True,True,True,True,1.9561469239248408,2.5478987544444096,2.5478987544444096,3.0151009880572337,8,9,5,True,True,2.1661182935900203,2.451027745930765,0.9980524764357104,1.0754752241361565,1.2169324372631631,True,iid,
10585,46,0.4649568364007806,2.05,False,False,False,False,0.6559858738197047,0.8544274309850213,0.8544274309850213,0.8975808767013508,8,9,5,False,False,1.0601889195826353,1.1913189409521496,0.3346928177352771,0.5263825707436689,0.5914884744889468,False,iid,
10586,46,1.640634989585118,2.05,True,True,True,True,1.053120773433181,1.3716991674256422,1.3716991674256422,1.3127394647537378,8,9,5,True,True,1.2560262635580115,1.382988480788229,0.5373163861342254,0.6236155852237225,0.686652179040669,True,iid,
10587,46,0.2363719175214948,2.05,False,False,False,False,0.6947780097211927,0.9049545327772162,0.9049545327772162,0.6410874571977662,8,9,5,False,False,1.0843869782979052,1.2193144317487574,0.3544850873389474,0.5383968788714735,0.6053882032472424,False,iid,
10588,46,3.532043259948206,2.05,True,True,True,True,1.943613837490164,2.531574297970462,2.531574297970462,2.995242948143456,8,9,5,True,True,2.237438759085905,2.5465511190855445,0.9916579271303776,1.110885752656996,1.2643596814067015,True,iid,
10589,46,1.4619763143594655,2.05,True,True,True,True,1.6735877744123768,2.1798629508478187,2.1798629508478187,2.667604947111164,8,9,5,True,True,2.144421081242086,2.4123472416470766,0.853886997114425,1.0647025833334465,1.1977276116830915,True,iid,
10590,46,2.604720597163052,2.05,True,True,True,True,1.038236564306716,1.3523123527491046,1.3523123527491046,1.426951094392457,8,9,5,True,True,1.30960021219558,1.468880324759862,0.5297222624021237,0.6502149886770563,0.7292973800992699,True,iid,
10591,46,3.1043670290411893,2.05,True,True,True,True,1.1085194355959394,1.4438564172702364,1.4438564172702364,1.610238109996679,8,9,5,True,True,1.7338877882718078,1.961999170470894,0.5655815288423356,0.8608732788217279,0.9741303159025494,True,iid,
10592,46,1.475730424640722,2.05,True,True,True,True,1.4065902872616376,1.8320963507878256,1.8320963507878256,2.3300292002888647,8,9,5,True,True,1.595177515815691,1.8642260960016688,0.7176612872795815,0.7920037891908145,0.92558609766182,True,iid,
10593,46,1.9524486690153813,2.05,True,True,True,True,1.3575563910063284,1.7682292651070677,1.7682292651070677,1.7935745018023312,8,9,5,True,True,1.425884324622905,1.6588639624969677,0.6926435337620122,0.7079499158259248,0.8236240362113335,True,iid,
10594,46,2.6434138004446184,2.05,True,True,True,True,1.3073305930154746,1.7028097168222631,1.7028097168222631,1.9417133658074224,8,9,5,True,True,1.3731268044067677,1.6218653049811294,0.667017655944433,0.681755868138307,0.8052542456037138,True,iid,
10595,46,3.4906685008823826,2.05,False,False,False,False,0.9157021610667851,1.1927102034559445,1.1927102034559445,1.2740990588039507,8,9,5,True,True,1.7637537329799575,2.110911409001711,0.4672035614260186,0.8757016857808886,1.0480650698744205,True,iid,
10596,46,1.2024119974971397,2.05,True,True,True,True,1.6405190828708722,2.1367906862038857,2.1367906862038857,2.3638606601983976,8,9,5,True,True,1.7800016318696676,2.009884785811319,0.8370149058201437,0.8837687487625652,0.9979054684616409,True,iid,
10597,46,0.5092912656575109,2.05,False,True,True,False,1.4497054749528229,1.88825426595894,1.88825426595894,1.4725594644544406,8,9,5,True,True,1.6753640764152902,2.0051811695012187,0.7396592360639394,0.8318163236626203,0.995570128411042,True,iid,
10598,46,0.8687597477689835,2.05,True,True,True,True,2.0364032122335245,2.652433283276092,2.652433283276092,2.8670069782005707,8,9,5,True,True,1.93506265582735,2.204210780114965,1.0390003144106343,0.9607563675778252,1.0943880995800088,True,iid,
10599,46,3.0156524689719277,2.05,True,True,True,True,1.1149840436297662,1.4522766266910658,1.4522766266910658,1.5795534806681248,8,9,5,True,True,1.9103755484516232,2.2325007499986143,0.5688798588289204,0.9484992473564824,1.1084340368639778,True,iid,
10600,46,2.399026701302231,2.05,True,True,True,True,1.399833937368293,1.8232961450020029,1.8232961450020029,1.780128261467829,8,9,5,True,True,2.213212984343459,2.550978837275822,0.7142141066714967,1.098857683553797,1.2665580383603323,True,iid,
10601,46,2.9972403212864527,2.05,True,True,True,True,1.6631536173232926,2.166272368501573,2.166272368501573,2.702410750325139,8,9,5,True,True,2.167094832177137,2.502136197108637,0.8485633497979006,1.0759600744137083,1.2423077240831073,True,iid,
10602,46,2.083254908581321,2.05,True,True,True,True,0.9555799642501772,1.2446513965321182,1.2446513965321182,1.252679723866588,8,9,5,True,True,1.878189575074023,2.0948887334425894,0.4875497530822899,0.932518948849818,1.0401098300155447,True,iid,
10603,46,1.4085983814606455,2.05,True,True,True,True,1.1058003249387212,1.4403147514720342,1.4403147514720342,1.4373355729453086,8,9,5,True,True,1.3514355191684224,1.5183092478429838,0.5641942020050986,0.6709861701386438,0.7538387831652701,True,iid,
10604,46,1.3990343306137547,2.05,True,True,True,True,0.9249889055107644,1.204806270633855,1.204806270633855,1.0546608222201166,8,9,5,True,True,1.5214850965119224,1.7358915400325123,0.4719417833749826,0.7554155883513749,0.8618681392503269,True,iid,
10605,46,1.9871610311203405,2.05,True,True,True,True,1.0605539155637165,1.3813809011156657,1.3813809011156657,1.5601796201125162,8,9,5,True,True,1.521194292923111,1.7335803598678732,0.5411088752465434,0.7552712047063164,0.8607206409752143,True,iid,
10606,46,2.91415827546164,2.05,True,True,True,True,1.7435055131942547,2.2709314270328727,2.2709314270328727,2.4086773599373754,8,9,5,True,True,2.0946631108723897,2.505913756141681,0.889559968037298,1.039997808670739,1.2441832777681354,True,iid,
10607,46,1.7181774035429949,2.05,True,True,True,True,1.037151743173293,1.350899363581043,1.350899363581043,1.5623853171889657,8,9,5,True,True,1.497426969646773,1.7295445381701084,0.5291687720658609,0.7434707562250968,0.8587168601762518,True,iid,
10608,46,2.0821616147771,2.05,True,True,True,True,1.9950098603330888,2.598518074525928,2.598518074525928,3.0938419340229357,8,9,5,True,True,2.008864340845551,2.3533075483267645,1.017880869410402,0.9973988187179376,1.1684144723247798,True,iid,
10609,46,0.9603421536498488,2.05,True,True,True,True,1.4022863212191616,1.826490396764294,1.826490396764294,2.3461847971647747,8,9,5,True,True,1.4677000916808811,1.702543953399033,0.7154653459038848,0.7287113957424108,0.8453111011074095,True,iid,
10610,46,1.2394866252925143,2.05,True,True,True,True,0.8515274523239387,1.1091220749401878,1.1091220749401878,1.1975510523137705,8,9,5,True,True,1.163511296216408,1.3422753900863669,0.4344607616894691,0.5776820110823224,0.6664381766579588,True,iid,
10611,46,2.526245901103542,2.05,True,True,True,True,1.2142751944574774,1.5816042331336777,1.5816042331336777,1.3944706835159402,8,9,5,True,True,1.2041092606589674,1.3569417982159726,0.6195395397351571,0.5978388534106192,0.6737200313088043,True,iid,
10612,46,1.7830221608453385,2.05,True,True,True,True,1.815551117234487,2.364771466629181,2.364771466629181,2.6525539220185768,8,9,5,True,True,1.4863943039224796,1.7370757974926878,0.9263186044409424,0.7379930504701685,0.8624561217077883,True,iid,
10613,46,3.524548651809273,2.05,True,True,True,True,2.147693083117667,2.797389329235592,2.797389329235592,2.8889287635320664,8,9,5,True,True,2.143450258723753,2.450263941148576,1.095781903707245,1.064220571077426,1.2165532090733862,True,iid,
10614,46,1.7095896972602256,2.05,True,True,True,True,1.0372855461681691,1.351073643171096,1.351073643171096,0.7734718148190641,8,9,5,True,True,2.051118455748824,2.343149452461013,0.5292370401538851,1.018377937831953,1.163370989491758,True,iid,
10615,46,3.337386166379923,2.05,True,True,True,True,1.4652750917330075,1.90853383019628,1.90853383019628,2.353309451407806,8,9,5,True,True,1.5867232023083095,1.792999845708262,0.7476030640016895,0.7878062323255342,0.8902223468798975,True,iid,
10616,46,3.2745905260355364,2.05,False,True,True,True,1.0857651419966272,1.414218747619315,1.414218747619315,1.9297422309365235,8,9,5,True,True,1.3659191710856171,1.5319325812145677,0.5539719821367266,0.6781772865416814,0.7606027524067666,True,iid,
10617,46,1.151840932752672,2.05,True,True,True,True,2.0478698365997605,2.66736866342729,2.66736866342729,3.050047416335622,8,9,5,True,True,2.445843202883678,2.8694447495018918,1.0448507404216407,1.2143583176446229,1.4246759949578969,True,iid,
10618,46,3.251564676223308,2.05,True,True,True,True,1.205736073331699,1.5704819519725226,1.5704819519725226,1.6602141988607575,8,9,5,True,True,2.1067683169887923,2.367176936004413,0.615182765260841,1.046008029488216,1.175300607244276,True,iid,
10619,46,2.298592093982331,2.05,True,True,True,True,2.96354573313548,3.8600446570980846,3.8600446570980846,4.8043076610367,8,9,5,True,True,2.3447614981074048,2.70626894315812,1.5120409013305756,1.1641713682882444,1.343659396085859,True,iid,
10620,46,1.099939490252924,2.05,True,True,True,True,1.2187609379893305,1.5874469539527425,1.5874469539527425,1.173447936489428,8,9,5,True,True,1.9977787392231707,2.267082487165617,0.6218282264313683,0.9918948303509154,1.1256038293174917,True,iid,
10621,46,0.3148443241882135,2.05,False,True,True,True,1.7171769721195729,2.2366382682777397,2.2366382682777397,2.8081363512587005,8,9,5,False,True,1.6735291151183227,2.172922449690179,0.8761267921857608,0.8309052675037867,1.078853479759836,True,iid,
10622,46,1.7346214510316922,2.05,True,True,True,True,1.6278123849426644,2.120240099216573,2.120240099216573,2.5826615720330373,8,9,5,True,True,1.9820245416709728,2.223941487175628,0.8305317775952336,0.9840728895115468,1.1041843727850431,True,iid,
10623,46,2.266041965605895,2.05,True,True,True,True,2.499579994207438,3.255725158464628,3.255725158464628,3.8195363154688304,8,9,5,True,True,2.943825084209622,3.357491378218159,1.275319339644727,1.461605744998713,1.6669905808975267,True,iid,
10624,46,1.5587441130827735,2.05,True,True,True,True,0.9099482442659204,1.1852156756825982,1.1852156756825982,1.31237135041844,8,9,5,True,True,1.3237776650446635,1.5032522510029478,0.4642678356673492,0.6572540775973928,0.7463630016720456,True,iid,
10625,46,2.4205934595055005,2.05,True,True,True,True,1.0455645912991802,1.3618571730375382,1.3618571730375382,1.6427746238058625,8,9,5,True,True,1.5423025199158311,1.7880978910575842,0.5334611203568944,0.76575141496228,0.8877885320729022,True,iid,
10626,46,1.3641380418450155,2.05,True,True,True,True,1.23244135492365,1.60526581859983,1.60526581859983,1.6663634104240892,8,9,5,True,True,1.8310342934362287,2.124114085608474,0.6288081591925413,0.9091064061282668,1.0546201835193556,True,iid,
10627,46,2.8856803808115905,2.05,True,True,True,True,1.1406175171873083,1.4856644538274364,1.4856644538274364,1.866882473112285,8,9,5,True,True,1.3317816788383992,1.5137937979104987,0.5819584018825389,0.6612280611763506,0.7515968675032374,True,iid,
10628,46,4.140342415385689,2.05,False,False,False,False,1.5142663236743952,1.9723453452289597,1.9723453452289597,2.012571825184642,8,9,5,False,True,1.9332976205629064,2.28304291868368,0.7725990496123374,0.9598800296131568,1.1335281650820677,True,iid,
10629,46,2.1410577093758087,2.05,True,True,True,True,1.829437864888364,2.382859078872338,2.382859078872338,2.979969090464744,8,9,5,True,True,2.437896470060615,2.8217430949689666,0.93340380991098,1.2104127740012658,1.40099217872668,True,iid,
10630,46,3.1202231837755576,2.05,True,True,True,True,1.1048695824655497,1.4391024511283852,1.4391024511283852,2.0788002831702235,8,9,5,True,True,1.5240339679203012,1.7352897251201724,0.563719324674101,0.7566811000537285,0.8615693388433258,True,iid,
10631,46,2.7367534058593157,2.05,True,True,True,True,0.8630865646452297,1.1241779214748686,1.1241779214748686,1.0364047304316677,8,9,5,True,True,1.3273834954291284,1.5202671454849024,0.4403583762993757,0.6590443682072847,0.7548108770769965,True,iid,
10632,46,0.910947648729424,2.05,True,True,True,True,1.3525067646302051,1.7616520818716082,1.7616520818716082,2.030904966480853,8,9,5,True,True,1.2267540295347537,1.4397034587035251,0.6900671464527945,0.6090819549320207,0.7148110998926965,True,iid,
10633,46,0.2339733399262659,2.05,False,False,False,False,0.9796357152062088,1.2759842259573853,1.2759842259573853,1.5875283155409698,8,9,5,False,False,1.2169643073455991,1.4253303730184828,0.499823320839673,0.6042213692028073,0.7076748794958733,False,iid,
10634,46,2.891719778234056,2.05,True,True,True,True,1.2574142591699289,1.6377932483372075,1.6377932483372075,1.8782786501926303,8,9,5,True,True,1.284857906808224,1.4566464136355315,0.6415496708969801,0.6379304627068655,0.7232232573944128,True,iid,
10635,46,0.999327466081016,2.05,True,True,True,True,1.1500483077079606,1.4979481423004803,1.4979481423004803,1.4588028303522569,8,9,5,True,True,1.6998398629905875,1.946225013627776,0.5867701180776589,0.8439685233512855,0.966298465298354,True,iid,
10636,46,2.2006016315235173,2.05,True,True,True,True,0.9725099236403382,1.2667028191095375,1.2667028191095375,0.7834134597282489,8,9,5,True,True,1.9307116538391835,2.235954062842368,0.4961876461202033,0.958596100129696,1.1101486026915406,True,iid,
10637,46,1.4663067871682072,2.05,True,True,True,True,1.4855006908423272,1.93487785279921,1.93487785279921,2.342223412579781,8,9,5,True,True,1.5082127369968097,1.7133817164816882,0.7579224367602299,0.7488258772231454,0.8506920379264857,True,iid,
10638,46,1.4483277959417815,2.05,True,True,True,True,1.0827426975096577,1.410281986811862,1.410281986811862,1.7123727341288657,8,9,5,True,True,1.2182163859230464,1.376359817970034,0.5524298902988307,0.6048430247664489,0.6833610556282417,True,iid,
10639,46,3.9923223764616425,2.05,False,False,False,False,1.1930440678444372,1.553950502020127,1.553950502020127,1.7804829160574749,8,9,5,False,False,1.663030620981014,1.8824360370386544,0.6087071333169575,0.8256927773231597,0.9346273122973324,True,iid,
10640,46,2.8617495326991143,2.05,True,True,True,True,2.216215098408945,2.886639863169094,2.886639863169094,2.9244998322931046,8,9,5,True,True,2.6244007914119973,3.065711533369753,1.1307427577286857,1.303011953557294,1.5221222258472256,True,iid,
10641,46,0.4913695593424902,2.05,False,False,False,False,1.1091438644530418,1.4446697414064715,1.4446697414064715,1.4862859119832514,8,9,5,True,True,1.6025319869727772,1.8075389649818956,0.5659001208456083,0.7956552756029261,0.897441002761169,True,iid,
10642,46,1.2936084666873926,2.05,True,True,True,True,0.9441918451298936,1.2298182701615197,1.2298182701615197,1.262279868769015,8,9,5,True,True,1.3831437146692531,1.576377037958996,0.4817393815038917,0.6867292524828176,0.7826693737082303,True,iid,
10643,46,3.2444037566980874,2.05,True,True,True,True,1.5400586469335225,2.005940075513484,2.005940075513484,2.180574996653121,8,9,5,True,True,1.7200895197940806,1.955243298525487,0.7857586399206936,0.8540224545026277,0.9707760333057852,True,iid,
10644,46,2.851997039701124,2.05,True,True,True,True,2.400061899110192,3.1261019550938896,3.1261019550938896,4.097116232905741,8,9,5,True,True,2.21251823875492,2.533019406502361,1.2245438687191152,1.0985127431736883,1.2576412017805378,True,iid,
10645,46,1.3933328754200554,2.05,True,True,True,False,0.7296882850027671,0.9504254766103964,0.9504254766103964,0.5691589732077822,8,9,5,True,True,1.6038513380129344,1.8211691511703132,0.3722967794320543,0.7963103318663936,0.9042083744182872,True,iid,
10646,46,1.437689250202795,2.05,False,False,False,False,0.3467543209110966,0.4516505849033791,0.4516505849033791,0.4724730499393372,8,9,5,True,True,0.7129054204728081,0.8234000839141241,0.1769187193800991,0.353956715632627,0.4088171880648358,True,iid,
10647,46,2.9952608534579666,2.05,False,True,True,True,0.90568285742491,1.1796599714118634,1.1796599714118634,0.9961921867151192,8,9,5,True,True,1.691243677704846,1.930369392138879,0.4620915779192424,0.8397005273123542,0.9584261675918758,True,iid,
10648,46,1.803346190900804,2.05,True,True,True,True,1.6193081489415984,2.1091632562404112,2.1091632562404112,2.303926348672129,8,9,5,True,True,1.8397502770853045,2.0363220193967373,0.8261928019808519,0.913433881915852,1.0110315243192345,True,iid,
10649,46,1.9181900947836157,2.05,True,True,True,True,0.84177015088254,1.096413103090876,1.096413103090876,0.928499529029932,8,9,5,True,True,1.3324898836101275,1.5227889032304658,0.4294824552300654,0.6615796840253255,0.7560629268771631,True,iid,
10650,46,0.5466502850644336,2.05,False,False,False,True,1.0054702356145526,1.3096339184038086,1.3096339184038086,1.601374243093538,8,9,5,False,False,1.2629874207887406,1.4247439029918425,0.5130044407012336,0.6270717917269035,0.7073836978068506,False,iid,
10651,46,1.908340362350965,2.05,True,True,True,True,2.321595357632271,3.023898587416362,3.023898587416362,4.033715459410025,8,9,5,True,True,2.269309795110452,2.6807108293176185,1.184509183654532,1.1267096851326055,1.330969822163488,True,iid,
10652,46,2.365700675168579,2.05,True,True,True,True,1.2408335154463048,1.6161966822692455,1.6161966822692455,1.7028569525495738,8,9,5,True,True,1.4073146222352078,1.6271905530339543,0.6330899523900974,0.6987300800964314,0.8078982250946496,True,iid,
10653,46,2.519013472566988,2.05,True,True,True,True,1.086837837808276,1.4156159434479978,1.4156159434479978,1.5095799229516504,8,9,5,True,True,1.504754425905756,1.7275899789176254,0.5545192859706995,0.7471088297715867,0.8577464237710138,True,iid,
10654,46,1.7768224109855264,2.05,True,True,True,True,0.8961229539409034,1.1672081121565074,1.1672081121565074,1.3980232928743352,8,9,5,True,True,1.1581425801656504,1.3648957491144762,0.4572139865532751,0.5750164497807544,0.6776691587182584,True,iid,
10655,46,2.5645973539000626,2.05,True,True,True,True,1.2005725097251658,1.5637563644817918,1.5637563644817918,1.5929844833964344,8,9,5,True,True,1.7954331243876809,2.0654174716133284,0.6125482456438821,0.8914304669261931,1.025477382648661,True,iid,
10656,46,0.997583786606186,2.05,False,True,True,True,1.0312842199094474,1.3432568623799417,1.3432568623799417,1.6605911253863166,8,9,5,True,True,1.1917088179148725,1.4013524020361765,0.5261750827614422,0.5916820479494133,0.6957698446725965,True,iid,
10657,46,2.1453036996929176,2.05,True,True,True,True,1.2522541661047992,1.631072181257501,1.631072181257501,1.6902439702474792,8,9,5,True,True,1.2780399153952675,1.457008184462424,0.6389169219969343,0.634545337866405,0.72340287619099,True,iid,
10658,46,1.322813141932021,2.05,True,True,True,True,1.2184545497872132,1.587047880596338,1.587047880596338,1.6724222541021092,8,9,5,True,True,1.7344732282039717,2.028000328157027,0.6216719030488382,0.8611639490700359,1.0068998142562595,True,iid,
10659,46,1.3248038478192463,2.05,True,True,True,True,1.0773856341091177,1.4033043641196314,1.4033043641196314,1.7933101787035652,8,9,5,True,True,1.4768200638721192,1.6770626898054346,0.5496966444838363,0.7332394513733115,0.8326596832436238,True,iid,
10660,46,4.024763063713112,2.05,False,True,True,True,1.7253585523264128,2.24729484921419,2.24729484921419,2.351379107944862,8,9,5,True,True,2.0809071883937915,2.342830743716872,0.8803011444732723,1.0331680090911646,1.1632127509693957,True,iid,
10661,46,0.8681467260544483,2.05,False,False,False,False,0.5298398082521033,0.6901210594099872,0.6901210594099872,0.5377193210568155,8,9,5,False,False,0.7373206982619566,0.8350430493240195,0.2703313980522618,0.3660788727790459,0.4145979069068636,False,iid,
10662,46,2.197029719662725,2.05,True,True,True,True,2.653906948014621,3.456737387440548,3.456737387440548,4.258892251452078,8,9,5,True,True,2.4485176438701197,2.890790936220081,1.3540590276222528,1.2156861744970595,1.4352743519419695,True,iid,
10663,46,1.9971629863322016,2.05,True,True,True,True,1.2758812274527946,1.661846638658152,1.661846638658152,2.099111888077746,8,9,5,True,True,1.7416153099573402,1.9696379998219689,0.6509717665491788,0.8647099843891746,0.9779229858286544,True,iid,
10664,46,2.309726950430796,2.05,True,True,True,True,1.0014822913493586,1.3044395855539557,1.3044395855539557,1.0906446185312022,8,9,5,True,True,1.1976956303074968,1.3701800054925182,0.5109697378877156,0.5946544933688864,0.6802927858901376,True,iid,
10665,46,0.295026337027236,2.05,False,False,False,False,0.8067663768185582,1.0508203762626025,1.0508203762626025,1.092134358688195,8,9,5,False,False,1.391832649114773,1.660844738280696,0.4116230588003444,0.6910432983721638,0.8246074890939729,True,iid,
10666,46,2.561918055324006,2.05,True,True,True,True,1.1622787676574646,1.513878425087777,1.513878425087777,1.4003160219550594,8,9,5,True,True,1.8811499821298103,2.148334072407791,0.5930102632790524,0.9339887875245012,1.0666453789154942,True,iid,
10667,46,2.0834225758048306,2.05,True,True,True,True,2.354217971932397,3.0663898324887104,3.0663898324887104,3.1653408077880285,8,9,5,True,True,2.192527267972614,2.523945862774455,1.201153680339229,1.0885872493322752,1.2531361978279114,True,iid,
10668,46,3.024826834317285,2.05,True,True,True,True,1.154195907880912,1.5033504283891923,1.5033504283891923,1.7051368995746088,8,9,5,True,True,1.4620006665258194,1.6320662535453725,0.5888862794831496,0.7258816377535577,0.8103190047519081,True,iid,
10669,46,0.8930629568705654,2.05,False,False,False,False,0.7977814769904591,1.0391174643796397,1.0391174643796397,0.859175061827969,8,9,5,True,True,1.2882704930261053,1.4775457435396262,0.4070388420350879,0.6396248078118492,0.7335997504878025,True,iid,
10670,46,2.1175013211115434,2.05,True,True,True,True,1.245421025497667,1.6221719548844615,1.6221719548844615,1.6520190325403803,8,9,5,True,True,1.5491788840645606,1.794402644743608,0.635430561733617,0.7691655217984491,0.8909188349763332,True,iid,
10671,46,0.6267082556472019,2.05,False,True,True,True,1.368613261241887,1.7826309368612063,1.7826309368612063,1.6969733863921406,8,9,5,True,True,1.6874062489985682,1.923742174352473,0.6982848977031656,0.8377952484039014,0.9551357616360582,True,iid,
10672,46,2.164893375407858,2.05,True,True,True,True,0.9420884682177074,1.2270786030387997,1.2270786030387997,1.7269797413758203,8,9,5,True,True,1.2878284870370251,1.4696897327411993,0.4806662103067747,0.6394053523501683,0.7296992502246099,True,iid,
10673,46,1.5398273638280917,2.05,True,True,True,True,1.475057180039401,1.9212750871575508,1.9212750871575508,2.416094477582678,8,9,5,True,True,1.5836122362718337,1.86790894499756,0.7525940170530688,0.786261641291305,0.9274146279230876,True,iid,
10674,46,2.8415309978889924,2.05,True,True,True,True,1.485687430179923,1.9351210824461489,1.9351210824461489,2.436091006445126,8,9,5,True,True,2.332533513701037,2.6414745519174554,0.758017713682457,1.158100188191992,1.31148905587474,True,iid,
10675,46,1.8428550141247624,2.05,True,True,True,True,1.619491464113558,2.109402025881175,2.109402025881175,1.9893895454315424,8,9,5,True,True,2.2055934990432307,2.521780136983216,0.8262863318477064,1.0950746179265345,1.252060917480738,True,iid,
10676,46,0.8184203918401928,2.05,False,False,False,False,0.592733819752289,0.772041068384473,0.772041068384473,0.7945795676472646,8,9,5,False,False,0.7330905130290205,0.8296927255890516,0.3024207688265136,0.3639785907099677,0.4119414773687846,False,iid,
10677,46,4.347898400045494,2.05,False,False,False,False,1.2442086349394856,1.620592805406828,1.620592805406828,1.951481404678562,8,9,5,False,False,1.7936418669835834,1.9888523442265749,0.6348119837606637,0.8905411096995551,0.9874628855729684,False,iid,
10678,46,1.4443495404205549,2.05,True,True,True,True,1.503359415667315,1.9581390006102628,1.9581390006102628,2.228131471652373,8,9,5,True,True,1.4040033130246066,1.607048367069254,0.7670341984175806,0.6970860189082712,0.7978976530903035,True,iid,
10679,46,1.4425387373549197,2.05,True,True,True,True,1.1507767620619351,1.4988969605709594,1.4988969605709594,1.3597099637129269,8,9,5,True,True,1.7622638042084735,2.0516910572252582,0.5871417852888804,0.8749619378713676,1.0186622338018596,True,iid,
10680,46,1.5679268157942323,2.05,True,True,True,True,1.3417429903724396,1.747632170233552,1.747632170233552,2.01816757032009,8,9,5,True,True,1.8239787257849545,2.056050875904316,0.6845753240225022,0.9056033249606236,1.0208268787268058,True,iid,
10681,46,2.771843136231368,2.05,True,True,True,True,1.522614795182304,1.9832193035683647,1.9832193035683647,1.8740792559430255,8,9,5,True,True,2.557718084591343,2.8999846561562124,0.7768585520868261,1.2699040668476116,1.4398390232428009,True,iid,
10682,46,3.107856832307126,2.05,True,True,True,True,2.6560300696318326,3.459502772217052,3.459502772217052,3.6055653365804647,8,9,5,True,True,2.7257046858395517,3.098237746262775,1.3551422728334972,1.3533092198182102,1.5382714528792572,True,iid,
10683,46,2.7545027734873355,2.05,True,True,True,True,2.0423533453522857,2.660183384547448,2.660183384547448,2.7965131702078883,8,9,5,True,True,1.9229249768946743,2.180640214664121,1.042036152374373,0.9547300240446764,1.0826853411312778,True,iid,
10684,46,1.9050764011111696,2.05,True,True,True,True,1.2783848005290932,1.6651075648415303,1.6651075648415303,1.8781877518607493,8,9,5,True,True,1.58254093375638,1.792069223010622,0.652249123213025,0.7857297408330823,0.8897602937882949,True,iid,
10685,46,0.9553065651027588,2.05,False,True,True,False,0.9221621548156774,1.2011244027296353,1.2011244027296353,0.9048713484356552,8,9,5,True,True,1.6467487213541832,1.929626527543864,0.4704995371423544,0.8176088330148797,0.9580573361807796,True,iid,
10686,46,2.138700776282982,2.05,True,True,True,True,1.2205598290672837,1.5897900255701352,1.5897900255701352,1.8846840563485563,8,9,5,True,True,1.8625113630751156,2.085870441961428,0.6227460448596421,0.9247347347496574,1.0356322587394384,True,iid,
10687,46,2.0960372048599063,2.05,True,True,True,True,1.280631890142842,1.668034419035339,1.668034419035339,1.7376363946767652,8,9,5,True,True,1.2859869649254922,1.4550730461729822,0.6533956185638318,0.6384910387545011,0.7224420822714102,True,iid,
10688,46,2.477410118347767,2.05,True,True,True,True,2.334450930480943,3.040643085310764,3.040643085310764,2.4592599600734477,8,9,5,True,True,2.121830783162776,2.487778467227917,1.1910682698666624,1.053486526499411,1.235179127825346,True,iid,
10689,46,0.7944351566315856,2.05,False,True,True,True,1.0833147912143053,1.4110271439468758,1.4110271439468758,1.489422419244785,8,9,5,True,True,1.9449533706898643,2.4079230326970413,0.5527217802032616,0.9656670960524,1.195530997063177,True,iid,
10690,46,1.0050245551413874,2.05,True,True,True,True,1.8306478431273288,2.384435086282752,2.384435086282752,1.947833376610665,8,9,5,True,True,2.933399596538332,3.328263059573289,0.9340211570862164,1.456429502443914,1.6524787545403352,True,iid,
10691,46,2.3679200934860054,2.05,True,True,True,True,1.027755955894291,1.3386612671413534,1.3386612671413534,1.515087060285679,8,9,5,True,True,1.454731364087494,1.6482904837678705,0.5243749149955259,0.7222724375116751,0.818374316267725,True,iid,
10692,46,3.1993783830110103,2.05,True,True,True,True,2.1188286951005697,2.759793207299617,2.759793207299617,2.929148828007839,8,9,5,True,True,2.4494451069288083,2.810167379908263,1.081054904631192,1.2161466588315824,1.395244849605142,True,iid,
10693,46,1.173904136853045,2.05,True,True,True,True,1.511881585618816,1.9692392027162613,1.9692392027162613,2.2022901827489494,8,9,5,True,True,1.9474740662815604,2.298814971101926,0.7713823241747378,0.9669186184944016,1.1413589708417513,True,iid,
10694,46,3.707081373112145,2.05,False,False,False,False,1.0000899640794343,1.3026260669100178,1.3026260669100178,1.4352054382314814,8,9,5,True,True,1.7949599072039186,2.035983008843434,0.5102593537837604,0.891195515142499,1.010863205972135,True,iid,
10695,46,2.5348182485601045,2.05,True,True,True,True,0.6437883185948873,0.8385400068940825,0.8385400068940825,0.7126736387219975,8,9,5,True,True,1.0718340101497057,1.246117494400165,0.3284694609670827,0.5321643447237728,0.6186958928124245,True,iid,
10696,46,2.013695192928728,2.05,True,True,True,True,2.3039384411533046,3.000900296769654,3.000900296769654,3.2854289572625137,8,9,5,True,True,2.734031500552983,3.0112234511733207,1.1755003873302288,1.357443473679954,1.4950689561405943,True,iid,
10697,46,0.990512211546132,2.05,False,True,True,True,1.0103116426812095,1.3159398941380562,1.3159398941380562,1.566125322419012,8,9,5,True,True,1.1872105616241788,1.358825516934312,0.5154745917176078,0.5894486689106176,0.674655295470882,True,iid,
10698,46,1.5905154320546526,2.05,True,True,True,True,2.5557619995034013,3.3289027197024943,3.3289027197024943,3.078840961354682,8,9,5,True,True,3.1275186821403214,3.6284671657188183,1.3039841545576354,1.5528094036315354,1.8015297455683283,True,iid,
10699,46,0.5786165545620123,2.05,False,True,True,True,1.444821229255984,1.881892492528135,1.881892492528135,2.062412764233219,8,9,5,True,True,1.730929174718207,1.9410389851800571,0.7371672282021425,0.8594043306188034,0.9637236081801204,True,iid,
10700,46,4.345061802209209,2.05,False,True,True,True,2.022059846701383,2.633750922188122,2.633750922188122,3.214782844941534,8,9,5,False,False,1.89889318688999,2.144935531359277,1.0316821363562712,0.942798268139118,1.0649580072208351,True,iid,
10701,46,2.668800195562108,2.05,True,True,True,True,1.4072304833775957,1.8329302119188575,1.8329302119188575,1.971815894608948,8,9,5,True,True,1.131803626836575,1.2582399087690466,0.7179879239504375,0.5619391899566146,0.624714657507328,True,iid,
10702,46,1.5906499222395762,2.05,True,True,True,True,1.2283870238400407,1.5999850163289515,1.5999850163289515,1.7612022763394486,8,9,5,True,True,1.7454500558784634,1.9781585017986103,0.6267395849311725,0.8666139312979051,0.9821534051922683,True,iid,
10703,46,1.6442452810791297,2.05,True,True,True,True,1.5888878343323545,2.069540526089249,2.069540526089249,2.866932031933352,8,9,5,True,True,1.6679233020457118,1.9095313049449405,0.8106719482257604,0.8281219878054561,0.9480800814331524,True,iid,
10704,46,0.7690887276455208,2.05,False,False,False,True,0.9673192184230583,1.2599418794295774,1.2599418794295774,1.3880509069754503,8,9,5,False,False,1.0160679881037773,1.1544947808512966,0.4935392784883081,0.5044765793618788,0.5732053216457779,True,iid,
10705,46,1.7032587231183294,2.05,True,True,True,True,0.538779318862357,0.7017648514332919,0.7017648514332919,0.7503719297680845,8,9,5,True,True,1.0380162327838114,1.1894648818914422,0.2748924566279569,0.5153738574267501,0.5905679363125339,True,iid,
10706,46,2.7986185722942007,2.05,True,True,True,True,1.537857146239458,2.0030726012927538,2.0030726012927538,2.226458714100406,8,9,5,True,True,2.499746920579629,2.897515237615361,0.7846354046500129,1.2411214510535304,1.4386129597971584,True,iid,
10707,46,0.9311430405469272,2.05,False,False,False,True,0.7937346132261145,1.0338463883584728,1.0338463883584728,1.4833459780953595,8,9,5,True,True,1.1247802673274951,1.2850936984503358,0.4049740777004652,0.5584521000942703,0.6380475329840983,True,iid,
10708,46,0.7669032684509733,2.05,False,True,True,True,0.9878436506567604,1.2866751348330132,1.2866751348330132,1.4373350211774003,8,9,5,False,False,0.9864760455310246,1.1138650216197796,0.5040111199270805,0.4897842141456147,0.5530326932415859,True,iid,
10709,46,1.3550643083607856,2.05,True,True,True,True,1.8586285800700453,2.420880244840547,2.420880244840547,2.623549822216125,8,9,5,True,True,1.5186174951497935,1.73402145616346,0.9482973054964506,0.7539918275961128,0.8609396447751294,True,iid,
10710,46,1.4857510826162628,2.05,True,True,True,True,1.619550720324473,2.109479207622555,2.109479207622555,2.0623286031230736,8,9,5,True,True,1.7272963769970435,2.001984536170075,0.8263165651636831,0.8576006507574722,0.9939830036642237,True,iid,
10711,46,0.5048112832535899,2.05,False,False,False,False,1.0010617766805876,1.3038918614603905,1.3038918614603905,1.4539369346010595,8,9,5,False,False,1.266525568728816,1.4494678543934525,0.5107551856465667,0.6288284780815406,0.7196591110443749,True,iid,
10712,46,1.4875375617241295,2.05,True,True,True,True,0.7829959805638962,1.0198592238720727,1.0198592238720727,0.924777719777872,8,9,5,True,True,1.1925361121397433,1.3754246195988775,0.3994950828504484,0.5920927985739531,0.6828967307200373,True,iid,
10713,46,1.6681055504095978,2.05,True,True,True,True,1.0067673631937797,1.3113234386044876,1.3113234386044876,1.561121203596426,8,9,5,True,True,1.635603011961858,1.8635049566701247,0.5136662526422829,0.8120750012096921,0.925228052818876,True,iid,
10714,46,1.5987815931219669,2.05,True,True,True,True,0.7806770720709746,1.0168388249498226,1.0168388249498226,0.9485424533273764,8,9,5,True,True,1.6205622109605202,1.8438524870074455,0.3983119445413153,0.8046072609316245,0.915470624391332,True,iid,
10715,46,2.28022441186052,2.05,True,True,True,True,1.0383632175781865,1.352477319760876,1.352477319760876,1.5374955813918425,8,9,5,True,True,1.498089877591226,1.750890976301868,0.5297868826050817,0.743799889251789,0.8693153419868707,True,iid,
10716,46,1.049838537891555,2.05,True,True,True,True,1.031820522001507,1.343955400621447,1.343955400621447,1.257724169274028,8,9,5,True,True,1.4515769890710946,1.659210289313335,0.5264487113036296,0.7207062939691868,0.8237959870745709,True,iid,
10717,46,2.0208845651664182,2.05,True,True,True,True,1.907292849248412,2.484265887968379,2.484265887968379,3.102841961620742,8,9,5,True,True,1.905442323525241,2.2144743187959355,0.9731264703068074,0.9460499068938144,1.0994839346486711,True,iid,
10718,46,1.9015134911118103,2.05,True,True,True,True,1.5351441050037895,1.9995388409700647,1.9995388409700647,2.09555607820442,8,9,5,True,True,1.3816633614797726,1.6224895369242291,0.7832511745133022,0.6859942588386715,0.8055641760405255,True,iid,
10719,46,1.0031003563064451,2.05,True,True,True,True,1.0646104346164122,1.3866645532357256,1.3866645532357256,1.5704038808755911,8,9,5,True,True,1.6939996245242956,1.9413869928223344,0.5431785658391747,0.8410688517164856,0.9638963935714752,True,iid,
10720,46,2.40429519003118,2.05,True,True,True,True,1.053412195841473,1.372078747702575,1.372078747702575,1.4297056301589215,8,9,5,True,True,1.388358268092268,1.5704562563009707,0.5374650737674126,0.6893182722182505,0.7797297124720138,True,iid,
10721,46,3.1872912728880425,2.05,True,True,True,True,1.4405292727716783,1.87630218106086,1.87630218106086,2.53429235410172,8,9,5,True,True,1.7737120991953756,2.0186300568369777,0.7349774142645877,0.8806460030738312,1.0022474853977814,True,iid,
10722,46,2.412332092321828,2.05,True,True,True,True,1.4836242139297264,1.9324337249426145,1.9324337249426145,2.1553340154230667,8,9,5,True,True,2.032135820717065,2.3511912066247844,0.7569650329953644,1.0089530815229095,1.1673637111207305,True,iid,
10723,46,1.5628694265218075,2.05,True,True,True,True,1.1516793556080422,1.5000725966869224,1.5000725966869224,2.071589550684538,8,9,5,True,True,1.1074226438763235,1.2793043291572543,0.5876023006586051,0.5498340601530254,0.6351731178348847,True,iid,
10724,46,3.463085922625667,2.05,True,True,True,True,1.5616940920127051,2.0341204350227264,2.0341204350227264,2.2654254839617463,8,9,5,True,True,1.9938470338525367,2.251102003492215,0.7967973350595752,0.9899427431877938,1.117669537681012,True,iid,
10725,46,1.3385052843617151,2.05,True,True,True,True,0.8511016838330546,1.1085675076966248,1.1085675076966248,0.784799179851921,8,9,5,True,True,1.4247858674646985,1.651921275114521,0.4342435288775991,0.7074045331190236,0.8201769999664342,True,iid,
10726,46,4.129566551345528,2.05,True,True,True,True,2.8277757659103804,3.683203068077913,3.683203068077913,3.951005231857355,8,9,5,True,True,2.416040572293384,2.738889901455886,1.4427692375525163,1.199561346071652,1.3598556641016195,True,iid,
10727,46,-0.6442822959323893,2.05,False,False,False,False,1.2180339905671898,1.5865000984743702,1.5865000984743702,1.9254026332817653,8,9,5,False,False,2.1667527744903845,2.3813052285176046,0.621457328077041,1.0757902431683803,1.182315288114776,False,iid,
10728,46,0.7254493765371345,2.05,False,True,True,False,1.035651520533532,1.3489453102589295,1.3489453102589295,1.2106700033830442,8,9,5,True,True,1.4263231894340136,1.6700661431023964,0.5284033382927094,0.7081678116963809,0.8291859059084266,True,iid,
10729,46,3.7959518856116015,2.05,False,True,True,True,1.3698943712425091,1.7842995940233906,1.7842995940233906,2.129713445740767,8,9,5,False,True,1.6284626624204284,1.8092384628890343,0.6989385372601279,0.8085298259317748,0.898284801503836,True,iid,
10730,46,1.3279957495725718,2.05,True,True,True,True,1.328676812482131,1.7306133574005826,1.7306133574005826,2.075605906307526,8,9,5,True,True,1.5918905595161537,1.8441853569320652,0.6779087842848803,0.7903718191947938,0.9156358939234012,True,iid,
10731,46,1.6923209946058837,2.05,True,True,True,True,1.9332331052371756,2.518053301948066,2.518053301948066,2.425893761036455,8,9,5,True,True,2.320567146591576,2.716719385961621,0.9863615378839484,1.1521589007806687,1.3488480288348998,True,iid,
10732,46,4.220530267656151,2.05,False,True,True,True,2.025090949507081,2.637698960532673,2.637698960532673,2.6084780921295434,8,9,5,True,True,2.9505217206681147,3.380286810775315,1.0332286457848616,1.4649306172448264,1.678308486762241,True,iid,
10733,46,0.8787679704725669,2.05,True,True,True,True,1.4173694304233075,1.8461362805598145,1.8461362805598145,2.120277221305039,8,9,5,True,True,1.3932201228046277,1.5551980731237054,0.7231609511314022,0.6917321774523116,0.7721540421953536,True,iid,
10734,46,1.196094313726338,2.05,True,True,True,True,1.0105961886434294,1.316310517782863,1.316310517782863,1.6041134207801588,8,9,5,True,True,1.281734493933124,1.4546234170929553,0.5156197708955008,0.6363796918316744,0.7222188419539025,True,iid,
10735,46,1.8852611816344131,2.05,True,True,True,True,0.9915597093912434,1.2915153343626244,1.2915153343626244,1.58765216723031,8,9,5,True,True,1.1953462920979758,1.3852416791247584,0.5059071030851808,0.5934880496686817,0.6877708894052752,True,iid,
10736,46,2.8801360027854304,2.05,True,True,True,True,2.538049615592892,3.305832182233212,3.305832182233212,3.4097465740653163,8,9,5,True,True,1.9085093851771795,2.1021871780427883,1.2949470580035611,0.9475726994519676,1.0437334993070473,True,iid,
10737,46,1.597420687185082,2.05,True,True,True,True,1.1089510003618883,1.4444185342135882,1.4444185342135882,1.523815656016592,8,9,5,True,True,1.6939785047487064,1.9899192233977248,0.5658017189917205,0.8410583657723649,0.9879925898458672,True,iid,
10738,46,0.7209035546695661,2.05,True,True,True,True,1.5380035462446455,2.003263288600699,2.003263288600699,2.249286519004289,8,9,5,True,True,1.877555035866983,2.175390850306932,0.7847100999021642,0.9322039008683972,1.0800790378073424,True,iid,
10739,46,2.0110162278074446,2.05,True,True,True,True,0.7579273177660203,0.9872070677701472,0.9872070677701472,1.2722765011967954,8,9,5,True,True,1.018850918091366,1.148255634671001,0.3867047138447544,0.5058583008777415,0.5701075927929593,True,iid,
10740,46,0.7877557952183468,2.05,False,False,False,True,0.9368698600296448,1.2202813194913962,1.2202813194913962,1.2947491527797783,8,9,5,True,True,1.3688553057046775,1.560228358158943,0.4780036062038102,0.6796350739796401,0.7746515728896604,True,iid,
10741,46,1.3583040212772397,2.05,True,True,True,True,1.4535260308983478,1.893230574034694,1.893230574034694,2.270340731141607,8,9,5,True,True,1.5435341198064187,1.7345305701412137,0.7416085351049039,0.7663629028816126,0.8611924192754675,True,iid,
10742,46,1.876925841234412,2.05,True,True,True,True,2.0915352082836702,2.7242431981389066,2.7242431981389066,3.101697463815359,8,9,5,True,True,2.122946453447902,2.457718308298888,1.0671294004806569,1.0540404555038931,1.2202542937304424,True,iid,
10743,46,3.4087295604248884,2.05,False,True,True,True,1.2151360121657837,1.5827254558496056,1.5827254558496056,1.6257689304047065,8,9,5,True,True,1.6424005361894751,1.87345785026208,0.6199787405104296,0.8154499641163353,0.9301696529606076,True,iid,
10744,46,1.6484970619031771,2.05,True,True,True,True,0.7805416643063028,1.0166624551328471,1.0166624551328471,1.3801218174472782,8,9,5,True,True,0.9471413052248984,1.0527556253384178,0.3982428576781526,0.4702545611380881,0.5226919487600835,True,iid,
10745,46,0.67323232599362,2.05,True,True,True,True,1.6457888559706295,2.1436546125035205,2.1436546125035205,2.4550000058984973,8,9,5,True,True,1.45348121527552,1.671678627807698,0.8397036149493714,0.721651740074356,0.8299865026971533,True,iid,
10746,46,0.5654215847675148,2.05,False,False,False,False,0.8837499429181609,1.1510921553293385,1.1510921553293385,0.9624200339827048,8,9,5,False,True,1.4065777875345,1.604078165694564,0.45090110987659,0.6983642425208753,0.7964229515476282,True,iid,
10747,46,1.4558817761061271,2.05,True,True,True,True,0.9159023417873188,1.1929709406236249,1.1929709406236249,1.1215428403701435,8,9,5,True,True,1.371580012581834,1.6337551800907346,0.4673056963226461,0.6809878877886026,0.8111575548256957,True,iid,
10748,46,2.947169585279676,2.05,True,True,True,True,1.420292022472725,1.8499429826798772,1.8499429826798772,2.2401903930957467,8,9,5,True,True,1.5312000885479171,1.758715891819832,0.7246520969123539,0.7602390706460911,0.8732004034793257,True,iid,
10749,46,1.240689526246246,2.05,True,True,True,True,2.010560529788149,2.618772959703891,2.618772959703891,3.128145364925976,8,9,5,True,True,1.756749990988804,2.0187929862706846,1.025815030167977,0.8722243359934752,1.0023283796729243,True,iid,
10750,46,1.140559982647011,2.05,True,True,True,True,1.106870737971375,1.4417089739607865,1.4417089739607865,1.458247999458125,8,9,5,True,True,1.3848009883560728,1.571939590501632,0.5647403411345182,0.6875520869489968,0.7804661861847587,True,iid,
10751,46,1.6930269345161344,2.05,True,True,True,True,1.3526076513675176,1.7617834877436287,1.7617834877436287,1.9381623381337367,8,9,5,True,True,1.252417733533812,1.4297358346232802,0.6901186202233907,0.6218239542458288,0.709862186080589,True,iid,
10752,46,2.899115395944375,2.05,True,True,True,True,1.4661369368015862,1.9096563910580944,1.9096563910580944,2.265140060494031,8,9,5,True,True,1.4616497414672895,1.663843519053501,0.7480427889499941,0.725707403868412,0.8260963802747137,True,iid,
10753,46,3.3051284269791408,2.05,False,True,True,True,1.119095168220244,1.4576314030094148,1.4576314030094148,1.6934530460320056,8,9,5,True,True,1.5300323157756954,1.7529214084735818,0.5709774099015308,0.7596592728171074,0.8703234492086365,True,iid,
10754,46,0.9357062421222254,2.05,False,False,False,False,0.6174297231164745,0.804207702010969,0.804207702010969,0.7464650339371852,8,9,5,False,True,0.993990716496868,1.121786078068875,0.3150209509544432,0.4935152395772431,0.5569654885950047,True,iid,
10755,46,2.264468894993431,2.05,True,True,True,True,1.1553707795055352,1.5048807091224023,1.5048807091224023,1.8414837021014552,8,9,5,True,True,1.3572861948868973,1.5361685294350094,0.5894857147914632,0.6738910238570648,0.7627058957924671,True,iid,
10756,46,2.890553689960828,2.05,True,True,True,True,1.6654663607973337,2.169284737431937,2.169284737431937,2.9557788473283004,8,9,5,True,True,1.6762515908446918,1.976911613155941,0.8497433426314634,0.8322569735489673,0.9815343264252332,True,iid,
10757,46,3.21814047749499,2.05,False,False,False,False,0.8231126800364571,1.0721115814881743,1.0721115814881743,1.047404849784165,8,9,5,True,True,1.316741922353688,1.4708065360558185,0.4199631626073015,0.6537608394995785,0.7302537417769227,True,iid,
10758,46,1.8032896706160797,2.05,True,True,True,True,0.9613708117095702,1.252194026816433,1.252194026816433,1.3601778476527508,8,9,5,True,True,1.5500182255192838,1.7411910001919502,0.4905043213597648,0.7695822538586585,0.8644993150820613,True,iid,
10759,46,0.7848315700083095,2.05,True,True,True,True,1.311490613246404,1.70822818014688,1.70822818014688,1.5705978039079873,8,9,5,True,True,2.0118558513159903,2.3010640896030825,0.6691401542305899,0.998884100201974,1.1424756555728195,True,iid,
10760,46,1.360798098178566,2.05,True,True,True,True,1.641532364591781,2.138110494651313,2.138110494651313,2.827811783978444,8,9,5,True,True,1.3600410966018743,1.5607433242005049,0.8375318957857292,0.6752588293680359,0.7749072529329019,True,iid,
10761,46,3.074531957016469,2.05,True,True,True,True,1.9335954735777805,2.5185252899323967,2.5185252899323967,2.7618709062887703,8,9,5,True,True,1.8954196009928928,2.1224489866585667,0.9865464230862304,0.9410736367640488,1.053793463819116,True,iid,
10762,46,2.0390041885960626,2.05,True,True,True,True,1.284631124864531,1.6732434578051252,1.6732434578051252,1.7093686934048469,8,9,5,True,True,1.7774407838175903,2.020994298787171,0.6554360819201429,0.8824972906704857,1.0034213287879694,True,iid,
10763,46,2.7465457270041878,2.05,True,True,True,True,1.0519228302324977,1.3701388357595563,1.3701388357595563,1.5755287429888782,8,9,5,True,True,1.742346150567956,1.9390938884489988,0.5367051793974265,0.8650728459059421,0.962757869905811,True,iid,
10764,46,2.3995410514160387,2.05,True,True,True,True,1.1759066574355614,1.5316288726470284,1.5316288726470284,1.6570753334398427,8,9,5,True,True,1.6412441066821433,1.9210033888869624,0.5999633959784779,0.8148757982052325,0.9537759578242824,True,iid,
10765,46,3.7154724816119904,2.05,True,True,True,True,1.7940763919777267,2.336800446117105,2.336800446117105,2.9201209333045117,8,9,5,True,True,1.7585598215504283,1.9413260481056445,0.9153619107176084,0.8731229147713153,0.9638661345902204,True,iid,
10766,46,1.3520146754129547,2.05,True,True,True,True,1.9288570335359967,2.5123534296632064,2.5123534296632064,2.877678877514989,8,9,5,True,True,2.2383782716227216,2.5334171370821754,0.9841288072311516,1.1113522195434544,1.2578386745527943,True,iid,
10767,46,2.0105691573436277,2.05,True,True,True,True,0.9789382592691808,1.2750757834004898,1.2750757834004898,1.2028296429600411,8,9,5,True,True,1.3759680975156168,1.5756580171721697,0.4994674694377962,0.683166566876284,0.7823123807202853,True,iid,
10768,46,0.7421138059637808,2.05,True,True,True,True,1.93778901660859,2.5239874170018046,2.5239874170018046,2.321633841418251,8,9,5,True,True,2.08540244050661,2.5910141632369137,0.9886860251558652,1.0353998965591245,1.2864355313341849,True,iid,
10769,46,0.5901911223936355,2.05,False,True,True,True,1.2760484944130457,1.6620645053605303,1.6620645053605303,1.743289249331588,8,9,5,False,True,1.3995492154576743,1.5540611562512212,0.6510571084025246,0.6948745646246819,0.7715895642848546,True,iid,
10770,46,2.02967277829934,2.05,True,True,True,True,1.3354186635312697,1.7393946783129628,1.7393946783129628,2.1069269490862887,8,9,5,True,True,1.4111464618219267,1.5643023474663302,0.6813485673875997,0.7006325840134962,0.7766743038625977,True,iid,
10771,46,1.6393184959104723,2.05,True,True,True,True,1.6798863661252204,2.1880669225350315,2.1880669225350315,2.142561354342165,8,9,5,True,True,1.4174671906785052,1.632715249994286,0.8571006233406432,0.7037708185706063,0.810641230737176,True,iid,
10772,46,2.286853629478769,2.05,True,True,True,True,0.8698068081162139,1.132931098324657,1.132931098324657,1.0070192653125445,8,9,5,True,True,1.1246591545795417,1.2731433389196622,0.4437871349250363,0.5583919677551746,0.6321141933171044,True,iid,
10773,46,0.8827639061872705,2.05,False,True,True,True,1.002759662081795,1.306103372286093,1.306103372286093,1.652008378213102,8,9,5,True,True,1.1728998547114071,1.351627649630936,0.5116214696197454,0.5823434195019844,0.6710815626907711,True,iid,
10774,46,2.7738820090717624,2.05,True,True,True,True,1.884334381377294,2.4543622795137514,2.4543622795137514,2.5849412980007243,8,9,5,True,True,1.605300843556123,1.8109920658731236,0.9614127511409872,0.7970300096898809,0.8991554633545483,True,iid,
10775,46,1.923445753874097,2.05,True,True,True,True,2.05430543097836,2.675751082304316,2.675751082304316,3.0799484644691817,8,9,5,True,True,2.00671457180663,2.296930882434591,1.0481342672510108,0.9963314608798104,1.1404235230004256,True,iid,
10776,46,3.738782598883768,2.05,False,True,True,False,1.597916958710578,2.0813010408418124,2.0813010408418124,1.0748959672678642,8,9,5,True,True,3.002523815325294,3.634798852455433,0.8152787289514388,1.4907495970172973,1.804673420700185,True,iid,
10777,46,1.4948396766722218,2.05,True,True,True,True,1.103862516976894,1.437790739378717,1.437790739378717,1.661192686705694,8,9,5,True,True,1.782116090216319,2.1089035850038664,0.5632055063138375,0.8848185748828747,1.0470681875847976,True,iid,
10778,46,0.6874142439804196,2.05,False,True,True,True,1.1450781854434673,1.491474513877043,1.491474513877043,1.628732066958326,8,9,5,True,True,1.818536516438091,2.1122463893891004,0.5842342948357558,0.9029012743226535,1.048727886090688,True,iid,
10779,46,1.0978404887267936,2.05,True,True,True,True,1.3656516890711965,1.7787734627867335,1.7787734627867335,1.871079416752736,8,9,5,True,True,1.4770026179589328,1.649364868449151,0.6967738637399444,0.7333300892659944,0.8189077470177114,True,iid,
10780,46,2.337027748235758,2.05,True,True,True,True,1.1998423569204373,1.56280533396411,1.56280533396411,1.9898756221834664,8,9,5,True,True,1.237531291398554,1.3620028906333177,0.6121757118602369,0.6144328529660033,0.6762328578326489,True,iid,
10781,46,0.8303881112013717,2.05,False,True,True,True,1.167801214722721,1.521071461473214,1.521071461473214,1.5433742405121975,8,9,5,True,True,2.1612034818775685,2.5222561828295422,0.5958278900646752,1.0730350258128802,1.2522972736921194,True,iid,
10782,46,2.9496054123239306,2.05,True,True,True,True,1.2710299697188685,1.655527832342234,1.655527832342234,1.811789978207034,8,9,5,True,True,1.7183136845503686,1.9567396825995496,0.6484965895898437,0.8531407543607602,0.9715189862655604,True,iid,
10783,46,3.1125138929505733,2.05,True,True,True,True,1.3397993427028474,1.745100551868968,1.745100551868968,1.5557841286108,8,9,5,True,True,1.5892623681155504,1.8147595452872705,0.6835836488337782,0.7890669252081631,0.901026012520468,True,iid,
10784,46,3.0392646932246428,2.05,True,True,True,True,1.3309271888784169,1.733544492657858,1.733544492657858,1.6096154382223036,8,9,5,True,True,1.4163692293999235,1.6401342204756293,0.6790569565963541,0.7032256820673646,0.8143247409890829,True,iid,
10785,46,1.8456639411612543,2.05,True,True,True,True,1.6815726938806943,2.190263379424444,2.190263379424444,2.194679715037509,8,9,5,True,True,1.7418484566289951,1.9548410468220607,0.8579610104474849,0.8648257414416389,0.9705763158008912,True,iid,
10786,46,2.496092234325393,2.05,True,True,True,True,1.7407437426629595,2.267334196369529,2.267334196369529,2.2968482516513027,8,9,5,True,True,1.6176130269240552,1.9045135031671825,0.8881508755584081,0.8031429944730373,0.9455887486617268,True,iid,
10787,46,1.1663249094884658,2.05,False,False,False,False,0.5574718330938715,0.72611201735698,0.72611201735698,0.7702604178946691,8,9,5,True,True,1.119892895788985,1.261400073920968,0.2844296288574032,0.5560255257855771,0.6262836758453972,True,iid,
10788,46,1.1882730379593642,2.05,True,True,True,True,2.2999320945317376,2.9956819946870668,2.9956819946870668,3.5027898598318576,8,9,5,True,True,2.0064905314974357,2.3215456846827247,1.1734562953869243,0.9962202251257612,1.152644743809657,True,iid,
10789,46,2.353337321750089,2.05,True,True,True,True,1.2467158401020118,1.6238584624147996,1.6238584624147996,1.8385079265242208,8,9,5,True,True,1.6641652894294734,1.9572407473085505,0.6360911935637653,0.8262561388937343,0.9717677643132848,True,iid,
10790,46,0.5843133834388546,2.05,False,True,True,False,1.2483797873010856,1.6260257684305843,1.6260257684305843,1.2727482906106111,8,9,5,True,True,2.1757777421305766,2.4798116377222192,0.6369401618096483,1.0802711291497138,1.231223606202335,True,iid,
10791,46,2.425918932700303,2.05,True,True,True,True,1.2362936299083274,1.6102834410059952,1.6102834410059952,1.9322768801789325,8,9,5,True,True,1.6369558531480208,1.899194947066652,0.6307736417139944,0.8127466852918654,0.942948091717355,True,iid,
10792,46,3.449928448805143,2.05,True,True,True,True,1.946390141840996,2.535190459062928,2.535190459062928,2.819792973663741,8,9,5,True,True,1.6687390038871033,1.894187447110455,0.9930744349595174,0.8285269828250239,0.940461873788404,True,iid,
10793,46,2.6018005701408926,2.05,True,True,True,True,0.9721241900738604,1.26620039771084,1.26620039771084,1.2221560777512557,8,9,5,True,True,1.7349865255454984,2.035607129884223,0.4959908396653512,0.8614188006056425,1.0106765825042008,True,iid,
10794,46,4.480338550848858,2.05,False,False,False,True,1.754407329572278,2.2851311397594687,2.2851311397594687,2.695084504300903,8,9,5,False,False,1.5805131246036157,1.7936204179699475,0.8951222214144127,0.7847229359371871,0.8905304602891255,False,iid,
10795,46,1.5812484486564211,2.05,True,True,True,True,1.410321956556919,1.8369568832116216,1.8369568832116216,2.236305147553004,8,9,5,True,True,1.3725569072806338,1.6001190170770658,0.7195652351558084,0.6814729148751926,0.7944572388442213,True,iid,
10796,46,1.902373945687621,2.05,True,True,True,True,1.1932313043323803,1.5541943792098114,1.5541943792098114,1.944107611826932,8,9,5,True,True,1.155699028091303,1.2798517486300494,0.6088026638919798,0.5738032290057747,0.6354449109691483,True,iid,
10797,46,3.602989201647445,2.05,True,True,True,True,3.515721623536919,4.579258662028378,4.579258662028378,4.80177595260113,8,9,5,True,True,2.5822410635827264,3.000274459910204,1.7937684689805111,1.2820796975162088,1.489632794658735,True,iid,
10798,46,0.2138058983965166,2.05,False,False,False,False,0.4496580001000827,0.5856835416443313,0.5856835416443313,0.5159037104123069,8,9,5,False,False,1.1105319068976558,1.2534131555925805,0.2294215608552416,0.5513778056422081,0.6223181801451861,False,iid,
10799,46,2.0552347961833206,2.05,True,True,True,True,1.1470295542471536,1.4940161890874093,1.4940161890874093,1.498449518174203,8,9,5,True,True,2.043496224812703,2.3661919775175093,0.5852299094509662,1.0145935089996492,1.1748115764962317,True,iid,
10800,46,3.2360252478237777,2.05,True,True,True,True,1.2789663541635898,1.6658650436192508,1.6658650436192508,1.373498882709096,8,9,5,True,True,2.0110310696919376,2.379525458973786,0.652545839700928,0.9984745970808304,1.1814316345974625,True,iid,
10801,46,2.209725724798593,2.05,True,True,True,True,0.7548773060121379,0.9832344003525252,0.9832344003525252,1.1710854784158622,8,9,5,True,True,1.1596156970949687,1.3168929834474632,0.38514855681642,0.5757478506301105,0.6538358411576906,True,iid,
10802,46,3.58073434208994,2.05,True,True,True,True,1.851280636184797,2.411309482622243,2.411309482622243,2.5704592457872493,8,9,5,True,True,1.5968336767165874,1.817028508750436,0.9445482856750418,0.7928260711600718,0.9021525502521912,True,iid,
10803,46,2.991318925963842,2.05,True,True,True,True,1.7930491487921365,2.3354624527378425,2.3354624527378425,2.5065751380506303,8,9,5,True,True,2.25296867496223,2.659397328266803,0.9148377974249204,1.1185963379040398,1.3203876935754126,True,iid,
10804,46,2.083224177733288,2.05,True,True,True,True,0.8510329943197043,1.1084780389949809,1.1084780389949809,1.1648955039217723,8,9,5,True,True,0.8806430765044506,0.999186442409337,0.4342084825638145,0.43723826759151,0.4960949114754945,True,iid,
10805,46,2.2135672429454867,2.05,True,True,True,True,1.0708028690531457,1.3947302541272903,1.3947302541272903,1.830137241787258,8,9,5,True,True,1.3818870966588552,1.6064283908716608,0.5463380291949983,0.6861053430959732,0.7975898356262071,True,iid,
10806,46,1.3258581889055248,2.05,True,True,True,True,1.0754319725659822,1.400759702595755,1.400759702595755,1.599565739142794,8,9,5,True,True,1.051269882270334,1.1855408542839487,0.5486998600821149,0.5219542790474531,0.5886196611499197,True,iid,
10807,46,3.9579979884361856,2.05,False,False,False,False,0.9316854852122288,1.213528625213523,1.213528625213523,1.130538161146866,8,9,5,False,True,1.7083983497371198,1.914790881988028,0.4753584684270878,0.8482178021091589,0.9506914553438084,True,iid,
10808,46,1.862110844654851,2.05,True,True,True,True,1.864545164188269,2.428586648240523,2.428586648240523,2.737786463511513,8,9,5,True,True,1.5784743380038542,1.812034265556903,0.951316026308784,0.783710680751571,0.8996729142905496,True,iid,
10809,46,1.4751469981037877,2.05,True,True,True,True,1.3941204102684752,1.8158542251732497,1.8158542251732497,1.8685523930866887,8,9,5,True,True,1.8328693885558909,2.047357894151956,0.7112989882816598,0.910017528729913,1.0165108233543003,True,iid,
10810,46,0.4093079827539675,2.05,False,False,False,False,0.8315036529634148,1.08304089830364,1.08304089830364,1.1379572403245974,8,9,5,False,False,1.2878844598077692,1.476543863829463,0.4242443498775563,0.6394331427660193,0.7331023183720063,True,iid,
10811,46,1.5839038226209827,2.05,True,True,True,True,1.0827502613355682,1.410291838762337,1.410291838762337,1.731969716473803,8,9,5,True,True,1.4259483962918975,1.6439411471436058,0.5524337494645658,0.7079817273353768,0.8162148756708442,True,iid,
10812,46,3.0721794936744,2.05,True,True,True,True,1.4080386474354725,1.8339828527871211,1.8339828527871211,2.1147662849312767,8,9,5,True,True,1.2085453586622918,1.364265596015886,0.7184002601249168,0.6000413709317228,0.6773562884346032,True,iid,
10813,46,0.6027879956265467,2.05,True,True,True,True,1.5966337645562696,2.079629669050928,2.079629669050928,2.547490406290738,8,9,5,True,True,1.6535752737387812,1.865731329121307,0.8146240260312279,0.8209982083678458,0.926333444162475,True,iid,
10814,46,3.196842214939503,2.05,True,True,True,True,1.689975927430419,2.201208665810034,2.201208665810034,2.48720343830012,8,9,5,True,True,1.8552852016905244,2.1297014724929237,0.8622484532524163,0.9211469539909912,1.0573943146366038,True,iid,
10815,46,0.4334855288792847,2.05,False,True,True,True,1.3575663307780133,1.7682422117480308,1.7682422117480308,1.9623398069931504,8,9,5,True,True,1.6724357197540998,1.9725068771932104,0.6926486051672445,0.8303623979717362,0.9793473801209632,True,iid,
10816,46,1.4504493434806376,2.05,True,True,True,True,1.1856545045338285,1.5443255301303815,1.5443255301303815,1.399911218700018,8,9,5,True,True,1.7401122975624672,1.9626677594902988,0.6049368787048274,0.8639637404757933,0.9744622695763756,True,iid,
10817,46,1.8996409539136447,2.05,True,True,True,True,0.7787751806107125,1.014361594419016,1.014361594419016,1.1882981459256647,8,9,5,True,True,1.1463415501737877,1.3240838242302069,0.3973415739323337,0.5691572520568381,0.657406085278445,True,iid,
10818,46,1.6783371985853646,2.05,True,True,True,True,1.026819204709147,1.337441140396955,1.337441140396955,1.5539481814123424,8,9,5,True,True,1.673047135328001,1.8652237053231555,0.5238969719388452,0.8306659650960838,0.9260814095345834,True,iid,
10819,46,3.934794941874965,2.05,False,False,False,False,1.15390061782456,1.5029658104662866,1.5029658104662866,1.6104276293006157,8,9,5,False,False,1.5897391952638456,1.845172532058168,0.5887356185238913,0.7893036693350671,0.9161260252302412,True,iid,
10820,46,2.630206661927145,2.05,True,True,True,True,1.5216507645965918,1.9819636451622704,1.9819636451622704,2.134499937335666,8,9,5,True,True,1.7870953432693044,2.0379898802076,0.7763666907129885,0.887290768257095,1.0118596152802397,True,iid,
10821,46,2.107110824248385,2.05,True,True,True,True,0.9696487389357252,1.2629761006018645,1.2629761006018645,1.176869854767168,8,9,5,True,True,1.839827194418456,2.134830415373606,0.4947278311926776,0.913472071282682,1.0599408288369163,True,iid,
10822,46,2.54457005568182,2.05,True,True,True,True,1.651839785805214,2.151536002393108,2.151536002393108,2.424595281880867,8,9,5,True,True,1.776175330258707,2.014607898023441,0.8427908807535313,0.8818689944440511,1.0002504882050147,True,iid,
10823,46,0.7933488277920082,2.05,False,True,True,True,1.005794844925262,1.3100567249161017,1.3100567249161017,1.560386004562611,8,9,5,False,True,1.229309118825803,1.449977229416923,0.5131700607384942,0.6103505538059192,0.719912015153609,True,iid,
10824,46,1.4347260503225938,2.05,True,True,True,True,2.833543406617886,3.690715471361636,3.690715471361636,3.459166685680634,8,9,5,True,True,2.961527050925383,3.3920192775923748,1.4457119654329804,1.4703947509720343,1.6841336429492726,True,iid,
10825,46,1.4517204286381735,2.05,True,True,True,True,1.2037754472532822,1.567928219079542,1.567928219079542,1.78603588789227,8,9,5,True,True,1.1910223587178188,1.3992706484520032,0.6141824274595259,0.5913412217530802,0.6947362564289811,True,iid,
10826,46,3.7852359108347335,2.05,False,False,False,False,1.0070852921389082,1.3117375438812378,1.3117375438812378,1.5957999076004312,8,9,5,False,False,1.1983041422296608,1.350603143457284,0.513828464267154,0.5949566188335093,0.670572896562057,False,iid,
10827,46,2.5283119714493982,2.05,True,True,True,True,0.7932911010211918,1.0332687097696702,1.0332687097696702,1.0265197429884487,8,9,5,True,True,1.4004208072240238,1.5291283317678048,0.4047477918069882,0.695307308927264,0.7592104458041145,True,iid,
10828,46,-0.2434626190573808,2.05,False,False,False,False,1.4868235181742948,1.9366008471562508,1.9366008471562508,2.2933033994835457,8,9,5,False,False,1.556391968204675,1.757722610432228,0.7585973610608637,0.7727468097203776,0.8727072404207221,True,iid,
10829,46,2.619689039359302,2.05,True,True,True,True,1.6098321950356895,2.096820742056663,2.096820742056663,2.399047680443714,8,9,5,True,True,1.2166258805714294,1.385388553837628,0.8213580428189954,0.6040533407013718,0.687843812530116,True,iid,
10830,46,2.251976020210083,2.05,True,True,True,True,1.2304197830967527,1.602632703327774,1.602632703327774,1.9216840955932268,8,9,5,True,True,1.2440741714408372,1.4153028976127142,0.6277767260504543,0.6176813853295374,0.7026962495699585,True,iid,
10831,46,2.417265168078382,2.05,True,True,True,True,1.3129618480118947,1.7101444765051146,1.7101444765051146,1.9331361162930063,8,9,5,True,True,1.516881532267544,1.7710439427036977,0.6698907980003177,0.7531299240355344,0.8793212664657665,True,iid,
10832,46,0.0842070590617497,2.05,False,False,False,False,1.1454613764759785,1.4919736236026513,1.4919736236026513,1.584787423462278,8,9,5,False,False,1.0758974669055854,1.2532838193303435,0.5844298040555737,0.5341818462970847,0.622253964840773,False,iid,
10833,46,1.183068592850941,2.05,True,True,True,True,1.1886214566752735,1.5481900116645788,1.5481900116645788,1.6973552861125627,8,9,5,True,True,1.3161112323142408,1.492786823409901,0.6064506576015036,0.6534477026254095,0.7411669289923498,True,iid,
10834,46,1.2527440392678943,2.05,True,True,True,True,0.8904354182121063,1.159800046319518,1.159800046319518,1.1890528634502406,8,9,5,True,True,1.4437833652302856,1.5943104047318843,0.4543121293105925,0.7168367687581998,0.7915732695419259,True,iid,
10835,46,2.3960706556050426,2.05,True,True,True,True,2.163944846729545,2.8185573957840635,2.8185573957840635,3.33102491695708,8,9,5,True,True,2.457742102410082,2.791711527946469,1.1040737721353782,1.220266107479094,1.3860815404802571,True,iid,
10836,46,2.525168856003158,2.05,True,True,True,True,1.3753142117446986,1.791358984448476,1.791358984448476,2.2159957854516863,8,9,5,True,True,1.50941266851769,1.7154006661702124,0.701703812796918,0.7494216418335944,0.851694444108646,True,iid,
10837,46,1.924826674076241,2.05,True,True,True,True,1.0087648983332356,1.3139252458775157,1.3139252458775157,1.498832634857996,8,9,5,True,True,1.1110077442917017,1.3152876218632692,0.5146854219430742,0.5516140583572736,0.6530387809903443,True,iid,
10838,46,3.513049177536633,2.05,False,False,False,True,1.055849187811875,1.3752529514037573,1.3752529514037573,1.767450814462885,8,9,5,False,True,1.3147974065023214,1.471536107362966,0.5387084598553213,0.6527953896313634,0.7306159730859882,True,iid,
10839,46,3.6023005088548405,2.05,False,False,False,True,1.167905036932739,1.5212066908245236,1.5212066908245236,1.6153872741699695,8,9,5,False,False,1.277579405466056,1.4453622497848355,0.5958808615529362,0.6343166952198783,0.7176206831109915,False,iid,
10840,46,-0.8872519573510242,2.05,False,False,False,False,1.4976101169387444,1.950650487917125,1.950650487917125,1.94880352808946,8,9,5,False,False,1.7975776948291935,2.051268043156227,0.7641008288615221,0.8924952436667282,1.018452207806488,False,iid,
10841,46,2.4070776877272246,2.05,True,True,True,True,1.310329651308486,1.7067160169042317,1.7067160169042317,1.9501437490456484,8,9,5,True,True,2.089557421203231,2.339229851397467,0.6685478158315591,1.0374628396630183,1.1614249121030873,True,iid,
10842,46,1.7473826518624578,2.05,True,True,True,True,1.21882181710409,1.5875262495408038,1.5875262495408038,2.097693708856537,8,9,5,True,True,1.3938833221367728,1.633222336948338,0.6218592877747192,0.6920614551526553,0.8108929988225938,True,iid,
10843,46,2.327768215577049,2.05,True,True,True,True,1.5615932900026548,2.033989139508718,2.033989139508718,2.2191567665135072,8,9,5,True,True,1.550959044807637,1.7710252191070184,0.7967459045179681,0.7700493695457413,0.8793119702216994,True,iid,
10844,46,1.89145561838456,2.05,True,True,True,True,0.6721147473665758,0.8754354321315871,0.8754354321315871,0.9337424059921534,8,9,5,True,True,1.1289831971108997,1.281994882997923,0.3429219859990162,0.5605388498642211,0.6365089747007846,True,iid,
10845,46,1.8318533007551971,2.05,True,True,True,True,1.3219788187581856,1.7218891610440652,1.7218891610440652,1.7632584832714502,8,9,5,True,True,1.2083420845898205,1.3488498483752909,0.6744913777794824,0.5999404455901572,0.6697023875843786,True,iid,
10846,46,1.7021024149592878,2.05,True,True,True,True,0.9671436962477272,1.2597132602361854,1.2597132602361854,1.2289344961025213,8,9,5,True,True,1.6268472094648585,1.922819689707702,0.4934497247131718,0.8077277554102276,0.95467774907828,True,iid,
10847,46,2.142760824767933,2.05,True,True,True,True,1.2738616568979524,1.6592161300607349,1.6592161300607349,2.0788406027330324,8,9,5,True,True,1.4770015795573008,1.6973758861074233,0.6499413544830173,0.7333295737007868,0.8427451616823826,True,iid,
10848,46,1.0813562839702142,2.05,True,True,True,True,1.520054354764252,1.9798843071669217,1.9798843071669217,2.043543041017361,8,9,5,True,True,1.6145390788630043,1.8984675030482576,0.7755521809401866,0.8016167828207355,0.942586916604692,True,iid,
10849,46,2.271540147080689,2.05,True,True,True,True,0.917410849709198,1.1949357855993357,1.1949357855993357,1.093662559699036,8,9,5,True,True,1.304308816263762,1.4879601692851012,0.4680753573581954,0.6475878167249955,0.7387705008092454,True,iid,
10850,46,1.7391695967962577,2.05,True,True,True,True,0.8482881340691293,1.1049028341225715,1.1049028341225715,1.2525798329201063,8,9,5,True,True,1.3508116804380716,1.5662942050092004,0.4328080179376403,0.6706764349315065,0.7776632588258169,True,iid,
10851,46,1.4861122642549909,2.05,True,True,True,True,1.6337019162594089,2.1279112661021804,2.1279112661021804,2.979736217540545,8,9,5,True,True,1.6406399038107118,1.8253402903134504,0.8335366957043133,0.814575812179308,0.9062793401721628,True,iid,
10852,46,2.568979290356157,2.05,True,True,True,True,1.2883918519720468,1.6781418382876194,1.6781418382876194,1.6258662463906297,8,9,5,True,True,1.780133485513265,2.069587629512936,0.6573548554830837,0.8838342139439084,1.0275478612162603,True,iid,
10853,46,2.9268780858855457,2.05,True,True,True,True,2.1470010131977864,2.7964879020139017,2.7964879020139017,3.1887338376408496,8,9,5,True,True,1.9428106826242395,2.220829787548883,1.0954288003237744,0.9646032539093136,1.1026394175240957,True,iid,
10854,46,4.258513718865034,2.05,False,False,False,True,1.4338320604718289,1.867579002516173,1.867579002516173,2.21356232592256,8,9,5,False,False,1.8457322768757245,2.128037623230786,0.731560406452276,0.9164039378839044,1.0565682154048943,False,iid,
10855,46,1.887948193582282,2.05,True,True,True,True,0.7046260055060665,0.917781634814986,0.917781634814986,0.9258110555612834,8,9,5,True,True,0.9687359493476616,1.0927172794283802,0.359509667272494,0.4809762769357872,0.5425328637352415,True,iid,
10856,46,2.6335105062061768,2.05,True,True,True,True,1.18947885846407,1.549306785114985,1.549306785114985,1.314355756794637,8,9,5,True,True,1.7144347444909982,1.938749283077023,0.6068881155286883,0.8512148651135722,0.9625867737377204,True,iid,
10857,46,2.3942071717987594,2.05,True,True,True,True,1.2583811339275617,1.6390526113025077,1.6390526113025077,1.7734422064119608,8,9,5,True,True,1.5971380302054945,1.7857099250529451,0.6420429834055938,0.7929771823148353,0.8866029097171573,True,iid,
10858,46,3.2356451418901253,2.05,False,True,True,True,1.077088165490954,1.4029169086006026,1.4029169086006026,1.523972517248385,8,9,5,True,True,1.4191394609786925,1.6289120395564984,0.5495448719930335,0.7046010988379546,0.8087529411593997,True,iid,
10859,46,0.5786339194536666,2.05,False,False,False,False,0.7654064706171924,0.9969487308327388,0.9969487308327388,1.0598250830160263,8,9,5,False,True,1.3704171464741035,1.561957377292582,0.3905206782457189,0.6804105261128564,0.7755100288870955,True,iid,
10860,46,2.312557224882743,2.05,True,True,True,True,2.422376572726324,3.1551670158094214,3.1551670158094214,4.190425168803299,8,9,5,True,True,2.575882241158152,2.928448007130788,1.235929115395142,1.2789225495467056,1.4539710440376177,True,iid,
10861,46,0.6291642837771895,2.05,False,False,False,False,1.0223879340066655,1.3316693709222958,1.3316693709222958,1.2854557868451228,8,9,5,True,True,1.842553299258092,2.189179956319321,0.5216360780129969,0.9148255791783968,1.0869253129730134,True,iid,
10862,46,2.129509801811407,2.05,True,True,True,True,0.9720132694402156,1.2660559225996664,1.2660559225996664,1.111616441827706,8,9,5,True,True,1.498814175438246,1.7266880321735243,0.4959342464658614,0.7441595022940083,0.8572986082571329,True,iid,
10863,46,1.3423793728779312,2.05,True,True,True,True,1.2963355798326195,1.6884886144290503,1.6884886144290503,1.7875578582500808,8,9,5,True,True,1.391147913147161,1.6125662246847747,0.6614078523037258,0.690703327757253,0.800637263006052,True,iid,
10864,46,0.1213701935839227,2.05,False,False,False,False,0.7923155957082323,1.0319981054293494,1.0319981054293494,0.9920661930677028,8,9,5,False,False,1.2981740686959835,1.484158101808654,0.4042500758729406,0.6445419216623856,0.736882778710451,False,iid,
10865,46,2.457913833581895,2.05,True,True,True,True,1.5924852838893275,2.074226236110968,2.074226236110968,2.1973639912001994,8,9,5,True,True,1.943809696978101,2.194774566806061,0.8125074153858578,0.9650992633790242,1.0897030306004332,True,iid,
10866,46,3.244092712591553,2.05,True,True,True,True,1.4650148973395345,1.9081949246862004,1.9081949246862004,1.9660699190262072,8,9,5,True,True,1.697008469351898,1.862428625204981,0.7474703093217703,0.8425627396887779,0.9246936554929563,True,iid,
10867,46,0.0443108985315978,2.05,False,False,False,False,1.3019468482900236,1.695797341467195,1.695797341467195,1.917422006181455,8,9,5,False,False,1.6922239722528305,1.9183059613585849,0.6642707969585276,0.8401872424201269,0.9524366881803956,True,iid,
10868,46,-0.3017027027746117,2.05,False,False,False,False,1.2186719125394505,1.5873309975130248,1.5873309975130248,1.5660744453124409,8,9,5,False,False,1.954826232350264,2.232449802302238,0.6217828044491891,0.9705689604328008,1.1084087413917303,True,iid,
10869,46,1.8284749402493483,2.05,True,True,True,True,1.2591343502374084,1.640033682240592,1.640033682240592,1.6483257801255182,8,9,5,True,True,2.1339579523832306,2.5003837832198217,0.6424272844998216,1.0595076519726143,1.241437652616821,True,iid,
10870,46,4.0569355104295495,2.05,False,True,True,True,1.6145876120075622,2.1030147149281837,2.1030147149281837,2.1352661518368885,8,9,5,False,False,1.7131481097736696,1.968931132280687,0.8237843205321945,0.8505760524664998,0.9775720269130476,True,iid,
10871,46,1.337879015239791,2.05,True,True,True,True,1.2591896139456082,1.6401056637117004,1.6401056637117004,1.6118764255298703,8,9,5,True,True,1.1432416679580044,1.3165045236306143,0.6424554807872023,0.5676181641267465,0.6536429713085095,True,iid,
10872,46,2.5848704482820763,2.05,True,True,True,True,1.4817654204480557,1.9300126299119729,1.9300126299119729,1.9818789031297563,8,9,5,True,True,1.47514673874643,1.7150921451963597,0.7560166515548528,0.7324086473863232,0.8515412638024333,True,iid,
10873,46,0.3976598693971688,2.05,False,False,False,False,0.7989934581709048,1.040696080639134,1.040696080639134,1.000176984503777,8,9,5,False,False,1.256587389046549,1.402255117499115,0.4076572111380132,0.6238941833789291,0.6962180418544899,True,iid,
10874,46,0.8566765832047781,2.05,True,True,True,True,1.4534351556844975,1.8931122082609644,1.8931122082609644,2.294584912972315,8,9,5,True,True,1.2369464201099216,1.4218236673362186,0.7415621693482622,0.6141424650485502,0.7059338041858254,True,iid,
10875,46,2.131489719778325,2.05,True,True,True,True,1.0618760351011487,1.383102973564034,1.383102973564034,1.393790882201184,8,9,5,True,True,1.6472111152587314,1.8849306021121983,0.5417834384208836,0.8178384110529789,0.935865860967334,True,iid,
10876,46,1.986496759890665,2.05,True,True,True,True,0.9929955620483876,1.2933855452102652,1.2933855452102652,1.2251640523200888,8,9,5,True,True,1.2255500492749272,1.393926314246786,0.5066396944272382,0.6084841801273739,0.6920828006854867,True,iid,
10877,46,1.406341810501639,2.05,True,True,True,True,1.8117298853366688,2.359794278119557,2.359794278119557,2.6456583701894205,8,9,5,True,True,2.409880133795953,2.751110650497195,0.9243689605200244,1.1965026954922229,1.3659232518474995,True,iid,
10878,46,3.5042311841119496,2.05,True,True,True,True,1.5807715059292229,2.0589689362070795,2.0589689362070795,2.300558167215726,8,9,5,True,True,1.8110064758219129,2.1235472514171208,0.806530888286327,0.8991626178774339,1.0543387509998123,True,iid,
10879,46,2.3035702318945663,2.05,True,True,True,True,1.3192997704311085,1.718399676786942,1.718399676786942,1.6561997012052638,8,9,5,True,True,1.981895566058952,2.3081131788394567,0.6731244912820381,0.984008853269548,1.1459755202149675,True,iid,
10880,46,0.205205004671818,2.05,False,False,False,False,1.0080018662845338,1.3129313898523316,1.3129313898523316,1.5291220982866955,8,9,5,False,False,1.2873065624725435,1.4844972541854122,0.5142961127268326,0.6391462174083559,0.7370511674727314,False,iid,
10881,46,0.8329986332233713,2.05,False,True,True,False,1.0833713485419552,1.4111008103688152,1.4111008103688152,1.076966939679986,8,9,5,True,True,2.152829801240593,2.404681925356527,0.5527506365126885,1.0688775030743736,1.1939217910222122,True,iid,
10882,46,1.763145905982671,2.05,True,True,True,True,1.3649387247792624,1.7778448204597364,1.7778448204597364,2.399003466624015,8,9,5,True,True,1.5001683827383807,1.7077978821210325,0.6964100997667623,0.7448318646501867,0.8479196706331869,True,iid,
10883,46,3.1874105633989878,2.05,True,True,True,True,1.4603789854817757,1.902156608287963,1.902156608287963,2.2931055468887296,8,9,5,True,True,1.3624180416614668,1.5564659210424778,0.7451050047254826,0.676438979837329,0.7727835272187003,True,iid,
10884,46,1.0908372461316849,2.05,True,True,True,True,1.3959033881493008,1.8181765697099488,1.8181765697099488,1.9966278844147216,8,9,5,True,True,1.7981762327511417,2.0330851324057297,0.7122086875826805,0.8927924170517947,1.0094244136769122,True,iid,
10885,46,1.3996874987639276,2.05,True,True,True,True,0.9416232229123164,1.2264726168934754,1.2264726168934754,1.345146131304233,8,9,5,True,True,1.0420849062462745,1.2059856818100196,0.4804288358930655,0.5173939490888388,0.5987704943389902,True,iid,
10886,46,3.510788018798218,2.05,True,True,True,True,2.363543511120315,3.078536430165405,3.078536430165405,3.337417155433212,8,9,5,True,True,1.8069548035202176,2.0311285241173294,1.2059116958884524,0.8971509672719769,1.008452959927714,True,iid,
10887,46,2.143920084369261,2.05,True,True,True,True,1.4829464796632368,1.931550970036879,1.931550970036879,1.9886080372969417,8,9,5,True,True,1.505918351347681,1.6820462238247282,0.7566192438551099,0.7476867174055337,0.835134002112658,True,iid,
10888,46,1.5115699583299604,2.05,True,True,True,True,2.027799346263116,2.64122667137936,2.64122667137936,3.829402749861672,8,9,5,True,True,2.0483441167580008,2.361898867125133,1.034610506245582,1.0170004817360347,1.1726800521583662,True,iid,
10889,46,1.6317649385700086,2.05,True,True,True,True,1.528142372600311,1.9904190222838576,1.9904190222838576,2.220354005645265,8,9,5,True,True,1.5834157963180224,1.8044209844429588,0.7796787964474403,0.7861641090817394,0.8958929290345918,True,iid,
10890,46,3.286493526767919,2.05,True,True,True,True,2.086136140484485,2.71721086434411,2.71721086434411,2.903389855583479,8,9,5,True,True,1.8472404090670536,2.053257920968905,1.0643747234563927,0.9171527237702968,1.0194401798359596,True,iid,
10891,46,0.93697027341525,2.05,False,False,False,True,0.7658257476372305,0.9974948428778296,0.9974948428778296,1.1450999799623716,8,9,5,True,True,1.238246238743844,1.379230981061627,0.3907345990218343,0.6147878234949429,0.6847865847780578,True,iid,
10892,46,2.088168869856552,2.05,True,True,True,True,1.525505363794068,1.986984294876264,1.986984294876264,2.302214851239225,8,9,5,True,True,1.5219944650389534,1.7340778915537298,0.778333359079079,0.7556684892351344,0.8609676648810393,True,iid,
10893,46,3.473766163366866,2.05,True,True,True,True,1.6291714377993658,2.1220102776415484,2.1220102776415484,2.7430224830492103,8,9,5,True,True,1.6676380072053958,1.9149207096539695,0.831225184645925,0.8279803392476457,0.950755914629592,True,iid,
10894,46,2.506894274252979,2.05,True,True,True,True,1.190301795840884,1.5503786683624683,1.5503786683624683,1.4238084502552246,8,9,5,True,True,1.902385672731892,2.218680974529879,0.6073079892492332,0.9445322833148942,1.1015725343487497,True,iid,
10895,46,1.5274115642531148,2.05,True,True,True,True,0.9231527169849464,1.2024146187591225,1.2024146187591225,1.333384224382949,8,9,5,True,True,1.189722537205271,1.3957258724571215,0.4710049352870493,0.5906958618774535,0.6929762792528087,True,iid,
10896,46,0.558490745745465,2.05,False,True,True,True,1.3080555635876332,1.7037539974359637,1.7037539974359637,1.920315462205597,8,9,5,False,True,1.3542805712586734,1.5196731712954412,0.6673875456833049,0.6723987352065333,0.7545159695798241,True,iid,
10897,46,0.3898808104398059,2.05,False,True,True,True,1.309638357799498,1.7058156009646297,1.7058156009646297,1.8322472201898496,8,9,5,True,True,1.778382695344498,1.9931267211213728,0.668195108583371,0.8829649486527459,0.9895851087509818,True,iid,
10898,46,0.2699960003376633,2.05,False,False,False,False,0.8329081503964588,1.084870268693208,1.084870268693208,1.048817739010132,8,9,5,False,False,1.288092961178701,1.4270858567602678,0.4249609433624591,0.6395366634552166,0.7085464751406035,False,iid,
10899,46,-0.1837058471698717,2.05,False,False,False,False,0.8148373831012837,1.061332933680125,1.061332933680125,0.8451876660516737,8,9,5,False,False,1.2872206590564397,1.470868999151992,0.4157409947842326,0.6391035664617469,0.730284754631833,False,iid,
10900,46,1.6836552908964582,2.05,True,True,True,True,0.7134184698801916,0.9292338978088016,0.9292338978088016,1.086016094731018,8,9,5,True,True,0.97878261918346,1.110678175516771,0.363995700880318,0.4859644368739824,0.5514504278422017,True,iid,
10901,46,1.523929561389206,2.05,True,True,True,True,1.011839214003602,1.317929569362369,1.317929569362369,1.566146266388475,8,9,5,True,True,1.2388273526013145,1.4569274792578175,0.5162539791565569,0.6150763458521757,0.7233628061503695,True,iid,
10902,46,2.7570358199168057,2.05,True,True,True,True,1.505760693288927,1.9612666860547203,1.9612666860547203,1.9492314859930169,8,9,5,True,True,1.656924323521004,1.8812456662677757,0.7682593625642751,0.8226610077061081,0.9340362945881868,True,iid,
10903,46,1.1622695271114585,2.05,True,True,True,True,0.9282455478303144,1.20904807619977,1.20904807619977,1.4103874572798545,8,9,5,True,True,1.1111754965667593,1.2849535995039365,0.4736033660977009,0.551697347167562,0.6379779740194629,True,iid,
10904,46,1.8263493804058455,2.05,True,True,True,True,1.7382059129469676,2.264028650608481,2.264028650608481,2.640013401352109,8,9,5,True,True,1.8255717595655712,2.140721339117693,0.8868560406961391,0.9063942643877708,1.0628656656534416,True,iid,
10905,46,2.985225606069175,2.05,False,True,True,False,0.789212598277287,1.0279564236964218,1.0279564236964218,0.9330568738536604,8,9,5,True,True,1.4062581507636074,1.6228289759347363,0.4026668848393577,0.6982055432343057,0.8057327071161304,True,iid,
10906,46,1.5088278114726,2.05,True,True,True,True,1.5209889131439651,1.981101577762757,1.981101577762757,2.255743513671496,8,9,5,True,True,1.4039669181886367,1.612524233715289,0.776029005198037,0.6970679489143619,0.8006164145383331,True,iid,
10907,46,0.7642679638272197,2.05,True,True,True,True,2.030821592604724,2.6451631741007184,2.6451631741007184,2.7370097722107403,8,9,5,True,True,1.901569717494913,2.200862003621763,1.0361524969870486,0.9441271624847108,1.0927254359294292,True,iid,
10908,46,3.437985719204112,2.05,True,True,True,True,1.590474617366662,2.071607325094599,2.071607325094599,2.447194374077823,8,9,5,True,True,1.4792512265565152,1.6415278473444022,0.8114815462766979,0.7344465208305289,0.8150166751154374,True,iid,
10909,46,1.3531699744194128,2.05,True,True,True,True,1.3107324949608938,1.7072407243419256,1.7072407243419256,1.9316621927600208,8,9,5,True,True,1.9335237881067997,2.2068478467213946,0.668753352082433,0.95999232153677,1.095697400096054,True,iid,
10910,46,2.5398811895074624,2.05,True,True,True,True,1.6444533699078376,2.141915130037071,2.141915130037071,2.0775277643543197,8,9,5,True,True,1.7774226018796877,1.97094809935255,0.8390222319939742,0.8824882633593739,0.978573448728332,True,iid,
10911,46,1.8167429807323223,2.05,True,True,True,True,1.4297481954843192,1.8622597320729704,1.8622597320729704,1.9735544296825325,8,9,5,True,True,1.424899703489145,1.6741083530470566,0.7294767635958207,0.7074610525733254,0.8311928584645744,True,iid,
10912,46,3.361695310164225,2.05,True,True,True,True,1.8095042190526176,2.356895328003088,2.356895328003088,2.875990809838997,8,9,5,True,True,1.7254713661682808,1.9206159400411955,0.9232333956402352,0.8566945349945783,0.9535835899210724,True,iid,
10913,46,2.234014191645364,2.05,True,True,True,True,1.321388901013813,1.7211207879388914,1.7211207879388914,2.0781934445341843,8,9,5,True,True,1.6266499413190796,1.847098424456464,0.6741903938101989,0.8076298120043091,0.9170822285755748,True,iid,
10914,46,2.17043385715764,2.05,True,True,True,True,1.4174232449873423,1.846206374507768,1.846206374507768,1.7363647247390068,8,9,5,True,True,1.9340490306499056,2.199445142871366,0.7231884080459346,0.9602531038511268,1.092021966207756,True,iid,
10915,46,0.67668291707974,2.05,False,False,False,False,0.8101270000337968,1.0551976178693236,1.0551976178693236,0.7539929002895306,8,9,5,True,True,1.6393182873612668,1.8481458148406844,0.4133376939748877,0.8139196311427529,0.9176022566883334,True,iid,
10916,46,1.480772535513328,2.05,True,True,True,True,1.1321298922938732,1.4746092469666017,1.4746092469666017,1.7311593113588613,8,9,5,True,True,1.3952027140936047,1.5812928585805162,0.577627901478738,0.6927165317312043,0.7851100729536904,True,iid,
10917,46,2.017675068080812,2.05,True,True,True,True,1.2121062824034634,1.5787792059062575,1.5787792059062575,1.327007061932971,8,9,5,True,True,1.5708128392336906,1.803788589296499,0.6184329316270418,0.7799067554851423,0.8955789455767659,True,iid,
10918,46,1.0858117691109543,2.05,False,True,True,True,0.8241669180678092,1.0734847358939696,1.0734847358939696,1.1797916488624205,8,9,5,False,True,0.917485379481144,1.0225094018384595,0.4205010490334563,0.4555304283515221,0.5076747338211997,True,iid,
10919,46,1.6056567345099206,2.05,True,True,True,True,1.4247496866356748,1.85574912987138,1.85574912987138,2.0222037885551423,8,9,5,True,True,1.2678120455742994,1.4343133190043855,0.7269264571368019,0.6294672123454248,0.7121349017745181,True,iid,
10920,46,2.2742578663631603,2.05,True,True,True,True,1.2936844949675494,1.6850355528297272,1.6850355528297272,1.8088793395499168,8,9,5,True,True,1.8513868696567195,2.174611543563178,0.660055233140787,0.919211436650955,1.0796921129116015,True,iid,
10921,46,2.211784992645732,2.05,True,True,True,True,1.1417493153589486,1.4871386310053034,1.4871386310053034,1.771811708793594,8,9,5,True,True,1.6123536517478705,1.79533026438664,0.5825358605356775,0.8005317207890646,0.891379397054801,True,iid,
10922,46,0.7726167418849186,2.05,True,True,True,True,1.3106806308435843,1.707173170868167,1.707173170868167,1.641967147630779,8,9,5,True,True,1.4191976330776324,1.634066471552684,0.6687268903120589,0.7046299812177078,0.8113121106760399,True,iid,
10923,46,1.5522636368103278,2.05,True,True,True,True,1.9075378331823305,2.4845849817197,2.4845849817197,2.3066753193196847,8,9,5,True,True,2.770549689267745,3.074463217847808,0.9732514644056371,1.3755747120842814,1.526467427055053,True,iid,
10924,46,3.538187939038971,2.05,True,True,True,True,2.3425686332121782,3.051216465267504,3.051216465267504,4.6695890593721545,8,9,5,True,True,2.1842628828830177,2.497571044943709,1.1952100310067828,1.0844839917064646,1.2400411313202278,True,iid,
10925,46,3.574919707654692,2.05,True,True,True,True,2.4015853074059352,3.128086207938991,3.128086207938991,2.9714791228289226,8,9,5,True,True,2.3711329175593283,2.760230393538249,1.225321132125863,1.1772647475047786,1.3704511937055996,True,iid,
10926,46,0.2776667038471914,2.05,False,False,False,False,0.9347477354686566,1.2175172333894848,1.2175172333894848,1.5091141251990998,8,9,5,False,False,0.90533509384306,1.023083308887964,0.4769208697040643,0.4494978256037378,0.5079596780066237,False,iid,
10927,46,1.8989307120095944,2.05,True,True,True,True,2.5956958467531672,3.380916910673234,3.380916910673234,3.187970932901805,8,9,5,True,True,3.213557244020536,3.673165189497428,1.3243589406505258,1.5955274499618295,1.8237222626086007,True,iid,
10928,46,2.567100309494758,2.05,True,True,True,True,1.4191931402677145,1.8485116788411,1.8485116788411,1.8753557043716904,8,9,5,True,True,1.6694232366811668,1.9023352880377469,0.7240914324282051,0.8288667036148507,0.9445072673726028,True,iid,
10929,46,2.228910081658858,2.05,True,True,True,True,1.3669623106065476,1.7804805589851975,1.7804805589851975,2.2720365998242005,8,9,5,True,True,1.3299373904826206,1.5980606086372653,0.6974425604789413,0.6603123741436192,0.7934352414377503,True,iid,
10930,46,0.7101556007684343,2.05,False,False,False,False,0.7064682151024759,0.9201811291876786,0.9201811291876786,0.9007484949759784,8,9,5,False,False,1.1199038932127483,1.2549919442812274,0.3604495873916439,0.5560309859937391,0.6231020469006681,True,iid,
10931,46,2.765019819754788,2.05,True,True,True,True,1.5865387526548886,2.066480826325954,2.066480826325954,2.746376778075412,8,9,5,True,True,1.906612779670007,2.232227031730956,0.8094734151519561,0.9466310370141588,1.1082981360610846,True,iid,
10932,46,1.6556220346697472,2.05,True,True,True,True,0.990432643629164,1.290047321190272,1.290047321190272,1.49714045714398,8,9,5,True,True,1.28215913475731,1.4604758042509292,0.5053320589710648,0.6365905255090966,0.7251245454000527,True,iid,
10933,46,3.225947211458472,2.05,True,True,True,True,1.9360147816106943,2.521676460147828,2.521676460147828,2.9788932597179216,8,9,5,True,True,1.7223256182128022,1.9801955877796336,0.9877807865913324,0.855132674777846,0.9831648160226504,True,iid,
10934,46,1.8032621807866775,2.05,True,True,True,True,1.5395253130481483,2.005245403387568,2.005245403387568,2.4855616431398384,8,9,5,True,True,1.2534383967057698,1.433455873548765,0.7854865257974882,0.6223307123286524,0.7117091810988299,True,iid,
10935,46,1.5319950258010764,2.05,True,True,True,True,2.091960903292828,2.724797669671868,2.724797669671868,3.395408789819155,8,9,5,True,True,2.2269388459592947,2.49530159421053,1.0673465958011616,1.105672557949824,1.2389143516595074,True,iid,
10936,46,3.04780377261594,2.05,True,True,True,True,1.345979099931166,1.7531497405838985,1.7531497405838985,2.516922566830168,8,9,5,True,True,1.8436965639207632,2.096253132623768,0.6867366441073234,0.915393208759372,1.0407872526288575,True,iid,
10937,46,3.989851829158014,2.05,False,False,False,False,1.1567415428671357,1.50666614058409,1.50666614058409,1.4357614315792018,8,9,5,False,False,1.408966244460626,1.5833159690600578,0.5901850966992942,0.6995501086185701,0.7861145449637721,False,iid,
10938,46,2.4025032618332745,2.05,True,True,True,True,1.83380802663021,2.3885512533826394,2.3885512533826394,2.446217007124244,8,9,5,True,True,2.197447270497072,2.678806293876092,0.9356335252230192,1.0910300248877003,1.3300242225224563,True,iid,
10939,46,2.0382953949397145,2.05,True,True,True,True,1.064535497913747,1.3865669475144744,1.3865669475144744,1.4949631078997572,8,9,5,True,True,1.0226260687187474,1.1419180170590644,0.5431403321253588,0.5077326587921479,0.5669609729883732,True,iid,
10940,46,1.6418184934574351,2.05,True,True,True,True,1.644968020149162,2.1425854665505546,2.1425854665505546,2.0555709922011998,8,9,5,True,True,1.5974797080319307,1.84893510692456,0.8392848134706362,0.793146824959956,0.9179941392938802,True,iid,
10941,46,2.7280323618652806,2.05,True,True,True,True,1.3172506798093755,1.7157307180400283,1.7157307180400283,2.048276359161066,8,9,5,True,True,1.5525485209442598,1.7903025114085829,0.6720790176806184,0.7708385426067659,0.8888831235239517,True,iid,
10942,46,0.6586266994971279,2.05,False,True,True,True,1.193260201659348,1.554232018235023,1.554232018235023,2.117860227305747,8,9,5,False,True,1.3811591353763757,1.5421875803346763,0.6088174076969515,0.6857439111622907,0.7656943475933509,True,iid,
10943,46,1.5989909383693204,2.05,True,True,True,True,0.9718457148946872,1.265837681314908,1.265837681314908,1.40212440639286,8,9,5,True,True,1.2030477177396868,1.3881139462859993,0.4958487578826382,0.5973117985805935,0.6891969667243928,True,iid,
10944,46,2.923755636585607,2.05,True,True,True,True,1.5694848303644628,2.04426794096917,2.04426794096917,2.516609846411093,8,9,5,True,True,1.8894058934579143,2.183018316846884,0.800772274574667,0.9380878379375446,1.0838660661108843,True,iid,
10945,46,4.220815603488872,2.05,False,True,True,True,1.9280184756042795,2.511261200504128,2.511261200504128,2.934870927752976,8,9,5,False,True,1.969420885551364,2.239334204586782,0.9837009636933532,0.9778151888447442,1.1118268391530226,True,iid,
10946,46,2.0362529807863883,2.05,True,True,True,True,1.4359536940558617,1.870342449116236,1.870342449116236,2.0365510979896064,8,9,5,True,True,1.7714063640706124,2.050136785813782,0.7326428924489743,0.879501208254711,1.017890539846099,True,iid,
10947,46,0.5614418863520472,2.05,False,False,False,False,0.763628033126429,0.9946323001944504,0.9946323001944504,1.2413453254741535,8,9,5,False,False,0.95626013879202,1.077559408125181,0.3896132955127895,0.4747820514434336,0.5350069981878816,False,iid,
10948,46,1.7938777132349923,2.05,True,True,True,True,1.090386660305276,1.4202383162919088,1.4202383162919088,1.783190769851751,8,9,5,True,True,1.4496345468014629,1.6546131090612737,0.5563299429506235,0.7197418736319017,0.8215134924035222,True,iid,
10949,46,2.653742023630824,2.05,True,True,True,True,1.447717987528367,1.885665545924003,1.885665545924003,2.0068231586847745,8,9,5,True,True,1.748345813295524,1.9921690611867933,0.7386451932425121,0.8680516715018325,0.9891096317025508,True,iid,
10950,46,2.968860847749439,2.05,True,True,True,True,2.2027546788494305,2.8691075470580043,2.8691075470580043,3.854052098539024,8,9,5,True,True,2.098864581835965,2.402580492307709,1.1238750705877407,1.0420838341383347,1.192878431947192,True,iid,
10951,46,5.200430169584625,2.05,False,True,True,True,2.514529182574577,3.2751966091796723,3.2751966091796723,3.600463752930854,8,9,5,False,False,2.389522847649083,2.694073282189751,1.28294661665958,1.186395326496542,1.3376042645391386,True,iid,
10952,46,1.4450089227466512,2.05,True,True,True,True,1.1501289478602716,1.4980531768155867,1.4980531768155867,1.55483580103636,8,9,5,True,True,1.0797745833102783,1.224987036741718,0.5868112617682119,0.5361068301018374,0.6082046450566734,True,iid,
10953,46,2.3510073925124138,2.05,True,True,True,True,1.5799513100829916,2.0579006238275475,2.0579006238275475,2.193549998931025,8,9,5,True,True,1.4152780829392857,1.637039641297722,0.8061124133315671,0.7026839291133395,0.8127882860111552,True,iid,
10954,46,1.2371450533909818,2.05,True,True,True,True,1.1895410581272412,1.5493878007290898,1.5493878007290898,1.824940039733283,8,9,5,True,True,1.115021215393186,1.2656827535487742,0.6069198506336041,0.5536067421110676,0.6284100213207335,True,iid,
10955,46,1.676959167417741,2.05,True,True,True,True,1.5819388093190991,2.0604893592472657,2.0604893592472657,2.4955426585297524,8,9,5,True,True,2.040959716228546,2.361472814780671,0.8071264621794579,1.0133341354252043,1.1724685176627618,True,iid,
10956,46,2.7226803624337097,2.05,True,True,True,True,1.2400405017339726,1.615163774860709,1.615163774860709,1.3944781844488223,8,9,5,True,True,2.014706738057237,2.33293136757702,0.6326853461257312,1.0002995621673256,1.158297722180654,True,iid,
10957,46,2.3221374175783573,2.05,True,True,True,True,1.9932789003028988,2.5962634837020104,2.5962634837020104,3.127477837021299,8,9,5,True,True,2.089056402438678,2.3988142318664107,1.0169977103165664,1.0372140844266593,1.19100848799988,True,iid,
10958,46,2.0049298724493227,2.05,True,True,True,True,2.4104133820491187,3.1395848536247555,3.1395848536247555,3.3279491203569918,8,9,5,True,True,1.9570242974421832,2.268973810737734,1.229825334572022,0.9716602972053092,1.1265428692806625,True,iid,
10959,46,2.1091540307264323,2.05,True,True,True,True,0.9585528174463704,1.2485235642425727,1.2485235642425727,1.0375121145858226,8,9,5,True,True,1.4510861447626675,1.640563186966083,0.4890665427764848,0.7204625903385109,0.8145377223547973,True,iid,
10960,46,3.78887865014765,2.05,True,True,True,True,1.758253755045919,2.290141143125519,2.290141143125519,1.8962685602207368,8,9,5,True,True,2.0235378942988564,2.316914972115906,0.8970847194366421,1.004684221013725,1.150345600383166,True,iid,
10961,46,2.2805884888910333,2.05,True,True,True,True,1.2755626707687568,1.6614317157458935,1.6614317157458935,2.1631249322457813,8,9,5,True,True,1.1484068669068217,1.2955653159128495,0.6508092346434714,0.5701826794228989,0.643246678926816,True,iid,
10962,46,1.9002361861381585,2.05,True,True,True,True,1.2299958496966352,1.6020805263062443,1.6020805263062443,1.6738857346464942,8,9,5,True,True,1.6501049327462307,1.9029949922913227,0.6275604295265806,0.8192751880841259,0.9448348097704846,True,iid,
10963,46,1.3083595719337289,2.05,True,True,True,False,0.7912482190356404,1.0306078378265646,1.0306078378265646,0.6542115004046024,8,9,5,True,True,1.1590705077774588,1.332629009768974,0.4037054859352724,0.575477164765363,0.6616487600020675,True,iid,
10964,46,3.0560813904552533,2.05,True,True,True,True,1.1521746278183116,1.5007176931427266,1.5007176931427266,1.8013770107653415,8,9,5,True,True,1.231595371007199,1.4004115170788336,0.5878549952031321,0.6114856753662211,0.6953026963809362,True,iid,
10965,46,2.4203630432995444,2.05,True,True,True,True,0.8513182243340954,1.10884955362382,1.10884955362382,1.296917285434379,8,9,5,True,True,1.5166035384463714,1.7636663169348117,0.4343540107543278,0.7529919004252732,0.8756582838157122,True,iid,
10966,46,0.4321900557984136,2.05,False,False,False,False,1.0636190948758903,1.3853733244127706,1.3853733244127706,1.4444340681586532,8,9,5,False,False,0.9114093026346042,1.0523052759126297,0.5426727709671659,0.452513663234059,0.5224683507917396,False,iid,
10967,46,1.0999150175509906,2.05,True,True,True,True,1.0012875013786091,1.3041858698857816,1.3041858698857816,1.331656818981629,8,9,5,True,True,1.4640197487735127,1.6815417225681248,0.5108703534241493,0.726884109751192,0.8348835178230289,True,iid,
10968,46,2.3443865891290128,2.05,True,True,True,True,1.191930141717633,1.552499603339504,1.552499603339504,1.5946760462735896,8,9,5,True,True,1.8265472302955983,2.0883506358858406,0.608138793221525,0.9068785844755144,1.0368636721505398,True,iid,
10969,46,2.876855176391261,2.05,True,True,True,True,1.1792623350243958,1.5359996725314018,1.5359996725314018,1.6876008694081668,8,9,5,True,True,1.286003129853708,1.4959308107868137,0.6016755078278967,0.6384990646226392,0.7427279150838629,True,iid,
10970,46,2.0975974426659816,2.05,True,True,True,True,1.4621972665325806,1.904524935517331,1.904524935517331,1.724626447002986,8,9,5,True,True,2.127455679964462,2.408960342052248,0.7460327161787567,1.0562792812471264,1.1960460199567051,True,iid,
10971,46,2.844386697097457,2.05,True,True,True,True,1.3624178664843196,1.7745613801254445,1.7745613801254445,2.2547288409619424,8,9,5,True,True,1.6467132075704294,1.8604336422796264,0.6951239239518274,0.8175912004623753,0.9237031487809534,True,iid,
10972,46,1.7042172765411796,2.05,True,True,True,True,1.9807641501900952,2.5799629104502744,2.5799629104502744,3.1817557855185545,8,9,5,True,True,1.7631048074553186,2.026898490777741,1.0106125164493305,0.8753794950094409,1.0063527532735073,True,iid,
10973,46,3.64990766674841,2.05,True,True,True,True,1.656724098361127,2.157897862908451,2.157897862908451,1.8870609034239127,8,9,5,True,True,2.683559247068641,3.0785975101052125,0.8452829227277273,1.3323840582780528,1.5285200983728355,True,iid,
10974,46,0.8843280035556285,2.05,True,True,True,True,1.1774015404444595,1.5335759710524846,1.5335759710524846,1.819141879176887,8,9,5,True,True,1.5023502531921744,1.7129745772787015,0.6007261054001296,0.745915160803621,0.8504898937837201,True,iid,
10975,46,5.620353575714817,2.05,False,False,False,True,2.720523238115379,3.5435056973755072,3.5435056973755072,4.075579159187425,8,9,5,False,False,1.9568541642349488,2.317099727392373,1.3880475550139588,0.9715758262649524,1.1504373311639624,False,iid,
10976,46,0.9058446125185896,2.05,False,True,True,True,0.9256765131272816,1.2057018856657544,1.2057018856657544,1.3152866212013343,8,9,5,False,True,1.128067606487468,1.2686684949625482,0.4722926100312463,0.5600842601800539,0.6298924384748167,True,iid,
10977,46,1.4034165941675265,2.05,True,True,True,True,1.4562783354443336,1.89681547516804,1.89681547516804,2.412125642320414,8,9,5,True,True,1.0951058503661553,1.2264232266660755,0.743012797910744,0.543718786439588,0.6089177116908324,True,iid,
10978,46,2.857694049416921,2.05,True,True,True,True,0.9878989531655084,1.2867471668421804,1.2867471668421804,1.0040191308341964,8,9,5,True,True,1.429337605926028,1.6128722151906631,0.5040393360110228,0.709664465993601,0.8007891869378511,True,iid,
10979,46,0.2613372851910905,2.05,False,False,False,False,1.228949937639779,1.6007182165562306,1.6007182165562306,1.3551579287620217,8,9,5,True,True,1.930928536984128,2.165628787054687,0.6270267911246221,0.9587037823599835,1.0752321847082722,True,iid,
10980,46,1.582833473496488,2.05,True,True,True,True,1.830310318597785,2.383995457583137,2.383995457583137,2.756614487315058,8,9,5,True,True,2.013934931033453,2.290758605203809,0.9338489475305592,0.999916360873864,1.1373589945035985,True,iid,
10981,46,1.8868814271218328,2.05,True,True,True,True,1.6150814999982588,2.1036580084256915,2.1036580084256915,2.311613759710105,8,9,5,True,True,2.2950098310120097,2.622214148307052,0.8240363088292738,1.139469723193928,1.3019262877880902,True,iid,
10982,46,2.260219595998748,2.05,True,True,True,True,0.9685425881778286,1.2615353294083498,1.2615353294083498,1.253205105954022,8,9,5,True,True,1.7245594605287766,1.957638139808801,0.494163458195063,0.8562417749006633,0.9719650692294298,True,iid,
10983,46,1.422908107230796,2.05,True,True,True,True,1.2958160385260955,1.6878119072596731,1.6878119072596731,1.946058441863138,8,9,5,True,True,1.5766516767502308,1.7940443483948678,0.6611427753397999,0.7828057315500129,0.8907409412541349,True,iid,
10984,46,2.4236099659359205,2.05,True,True,True,True,1.3533562235752847,1.762758509697478,1.762758509697478,1.7565658957737849,8,9,5,True,True,1.4061907830905256,1.5654928320515753,0.6905005518342606,0.6981720952626407,0.7772653780804444,True,iid,
10985,46,2.339853934201516,2.05,True,True,True,True,0.7352682337494035,0.9576934094469,0.9576934094469,1.134405772204926,8,9,5,True,True,0.7828041027033108,0.8937327586176104,0.3751437443490816,0.3886613304088042,0.4437372796012327,True,iid,
10986,46,1.7774524441560426,2.05,True,True,True,True,2.215533218144889,2.8857517080646797,2.8857517080646797,2.907407730157281,8,9,5,True,True,1.6018754579436976,1.880538480588372,1.1303948532446968,0.7953293097003294,0.9336851777173708,True,iid,
10987,46,1.7156100332744009,2.05,True,True,True,True,1.3143183099887028,1.7119112802860017,1.7119112802860017,2.091664362014578,8,9,5,True,True,1.3138031854138843,1.4968041364970528,0.6705828831492328,0.6523017600123846,0.7431615202875781,True,iid,
10988,46,1.0209644502751258,2.05,True,True,True,True,2.3863403648779005,3.108229534800748,3.108229534800748,3.111059339949698,8,9,5,True,True,2.291051964534192,2.593466543226731,1.21754295735937,1.137504647071387,1.2876531351589715,True,iid,
10989,46,2.034255956210006,2.05,True,True,True,True,0.4969508711538875,0.6472829265260771,0.6472829265260771,0.7471807257754903,8,9,5,True,True,0.6945666728688499,0.8040092289750881,0.2535510198931651,0.3448515486857861,0.3991896510445984,True,iid,
10990,46,2.117039832888488,2.05,True,True,True,True,0.9738150188752204,1.2684027172525234,1.2684027172525234,1.2728517268481272,8,9,5,True,True,1.62916964800396,1.871950405957821,0.496853523266356,0.8088808434552222,0.9294212086093486,True,iid,
10991,46,0.3133485532977111,2.05,False,False,False,False,0.7486361037553412,0.975105178941885,0.975105178941885,1.102539228108158,8,9,5,False,False,0.7953938029478975,0.8992061637744057,0.3819642114627315,0.3949121019998208,0.4464548189227055,False,iid,
10992,46,1.3907961860227214,2.05,True,True,True,True,1.2793687907957207,1.6663892209094169,1.6663892209094169,1.5824379684682928,8,9,5,True,True,1.6502618049559674,1.8923585152492737,0.6527511682845811,0.8193530749545829,0.9395538112374554,True,iid,
10993,46,1.8793575538806444,2.05,True,True,True,True,0.8092449765102928,1.0540487743906255,1.0540487743906255,1.0396564050178996,8,9,5,True,True,1.0732503304675345,1.2107824677784402,0.4128876737074216,0.5328675461213017,0.6011520930170431,True,iid,
10994,46,1.5165898296506015,2.05,True,True,True,True,1.4541208148284948,1.8940052853900888,1.8940052853900888,2.6506827749077377,8,9,5,True,True,1.7530814542880755,2.0096604828454447,0.7419120018676336,0.87040291177018,0.9977941022988548,True,iid,
10995,46,2.392660716090742,2.05,True,True,True,True,2.389109389381792,3.111836213827871,3.111836213827871,3.418050007100951,8,9,5,True,True,2.2729021170218293,2.5982676645535907,1.2189557509126658,1.128493268801254,1.2900368863374687,True,iid,
10996,46,0.8052778729079025,2.05,True,True,True,True,3.2793341264019413,4.271361846022352,4.271361846022352,5.634606980497567,8,9,5,True,True,2.447671004723678,2.803106222686807,1.6731603878448489,1.2152658191413637,1.3917389932223772,True,iid,
10997,46,0.8113153015757107,2.05,False,True,True,True,1.1236979420037438,1.4636265567714026,1.4636265567714026,1.794542660250301,8,9,5,False,True,1.1569202602784774,1.4074700708520258,0.5733258070065286,0.5744095693723698,0.698807260154653,False,iid,
10998,46,3.305965705162045,2.05,True,True,True,True,1.4329417645277307,1.8664193841361267,1.8664193841361267,2.588181069299444,8,9,5,True,True,1.728777882529393,1.9723459364936071,0.7311061654845348,0.858336216538518,0.9792674732499994,True,iid,
10999,46,2.0556676514338315,2.05,True,True,True,True,2.2577424303650915,2.9407295821326223,2.9407295821326223,3.83503822850554,8,9,5,True,True,1.964687387101893,2.257557496260358,1.1519305611557618,0.9754650123465552,1.120874682364141,True,iid,
10000,46,1.6864010166246888,3.50703125,True,True,True,True,2.866043867685136,3.733047610762477,3.733047610762477,3.761972625889426,8,9,5,True,True,3.135863528302504,3.641577567529113,1.4622941378949488,1.5569526100867013,1.8080390448836825,True,persistent,True
10001,46,3.637764130636144,3.50703125,True,True,True,True,2.37653012667332,3.095451612346895,3.095451612346895,3.503909052522252,8,9,5,True,True,2.527858502679801,2.9000545883504523,1.212537641851238,1.2550788190095978,1.4398737444962508,True,persistent,True
10002,46,4.679651031492655,3.50703125,True,True,True,True,3.0175628686772247,3.9304024562399418,3.9304024562399418,3.903952749661181,8,9,5,True,True,3.689552248501916,4.194370405061736,1.5396011705711046,1.8318584184261009,2.0825000485165632,True,persistent,True
10003,46,3.885969533823652,3.50703125,True,True,True,True,3.223944864307338,4.199216839850076,4.199216839850076,5.424294917569821,8,9,5,True,True,3.0292940631219896,3.469316677514556,1.6449000411779695,1.5040409940451185,1.7225117124907432,True,persistent,True
10004,46,1.7344374243409697,3.50703125,False,False,False,False,1.0812767167012574,1.4083725337794346,1.4083725337794346,1.738668604918184,8,9,5,False,False,1.4656686357861866,1.676760883149112,0.5516819271686916,0.7277027802433707,0.8325098365882889,False,persistent,False
10005,46,0.9809913525919964,3.50703125,True,True,True,True,2.615763137758729,3.4070547355639933,3.4070547355639933,3.618333497052842,8,9,5,False,True,2.3249342582748453,2.6298880009446477,1.3345975424848258,1.15432716667376,1.3057363467353913,True,persistent,True
10006,46,2.4396114086782674,3.50703125,False,True,True,True,0.982771683411116,1.280068852416439,1.280068852416439,1.1209726765269423,8,9,5,True,True,1.5928598289322415,1.8614717533198253,0.5014233340056837,0.7908530603373483,0.924218569710152,True,persistent,True
10007,46,1.3973465061663315,3.50703125,False,False,False,False,0.9047087796139311,1.1783912264055605,1.1783912264055605,1.394223679605695,8,9,5,False,True,2.027473772944529,2.2303830209757627,0.4615945903159095,1.00663838020307,1.1073825868567224,True,persistent,False
10008,46,2.096775676633553,3.50703125,True,True,True,True,2.023045025437069,2.6350341262475205,2.6350341262475205,2.863348702682358,8,9,5,True,True,2.127581415011016,2.5005180138644207,1.0321847878007295,1.0563417085521238,1.2415042979764088,True,persistent,True
10009,46,3.0455072612907657,3.50703125,True,True,True,True,1.6853965911166942,2.195244039560738,2.195244039560738,2.628447552160712,8,9,5,True,True,1.692295357374762,1.894304442427804,0.8599120142597997,0.8402226850504931,0.9405199618279726,True,persistent,True
10010,46,3.41288173487335,3.50703125,True,True,True,True,1.5516167758056014,2.020994641096826,2.020994641096826,1.9818176240340728,8,9,5,True,True,2.613401854153794,2.973719388217339,0.7916557527615821,1.2975509939467176,1.4764482323172654,True,persistent,True
10011,46,4.326943226676858,3.50703125,True,True,True,True,2.609939742104548,3.399469710966681,3.399469710966681,3.90334560212135,8,9,5,True,True,2.136066665515429,2.407348901710418,1.331626367680502,1.060554625600602,1.1952459416932326,True,persistent,True
10012,46,4.275380983209765,3.50703125,True,True,True,True,1.6476608468387048,2.14609289724725,2.14609289724725,2.2285384353272035,8,9,5,True,True,2.5246211716186053,2.886059334123308,0.8406587298739695,1.2534714878869415,1.4329251169806985,True,persistent,True
10013,46,2.7631511040859507,3.50703125,True,True,True,True,1.456793678082996,1.8974867135352096,1.8974867135352096,2.3626584616981696,8,9,5,True,True,1.8586423403790155,2.1176944471747152,0.7432757326578426,0.9228137694618478,1.0514328404717248,True,persistent,True
10014,46,1.884078348144134,3.50703125,False,True,True,True,1.5929500872508229,2.07483164662044,2.07483164662044,2.0798096399902937,8,9,5,True,True,2.063667470230153,2.347340823255385,0.812744564313846,1.0246085089886312,1.165452000237041,True,persistent,True
10015,46,7.733317224811867,3.50703125,False,False,False,False,1.510335234839686,1.967225067082638,1.967225067082638,2.307386022534937,8,9,5,False,False,2.6624910406103,3.197124902310509,0.7705933552043231,1.3219237181710597,1.5873688113334732,False,persistent,False
10016,46,0.0978149651839514,3.50703125,False,False,False,False,1.2406799832854083,1.6159967052651003,1.6159967052651003,1.5119189816886558,8,9,5,False,False,1.9091342536399944,2.1093008677289378,0.6330116182161553,0.9478829459200806,1.0472654379976931,False,persistent,False
10017,46,1.8349710683843647,3.50703125,False,False,False,False,1.152946584993723,1.5017231742247756,1.5017231742247756,1.3191027800609372,8,9,5,True,True,2.1024113482230624,2.415080167859605,0.5882488581390898,1.0438447995419369,1.199084506382547,True,persistent,True
10018,46,3.2303467479286203,3.50703125,True,True,True,True,3.2179608335995606,4.191422586667748,4.191422586667748,5.059936939560815,8,9,5,True,True,3.82145930149296,4.256068550209979,1.6418469082082938,1.8973501174715697,2.113133106128628,True,persistent,True
10019,46,4.403335341646781,3.50703125,True,True,True,True,2.612252905149391,3.4024826263917443,3.4024826263917443,4.290298400107508,8,9,5,True,True,2.237362147756382,2.526861937494479,1.3328065745847326,1.110847715220613,1.2545840255492304,True,persistent,True
10020,46,4.577492836134401,3.50703125,True,True,True,True,3.564181200116749,4.642377691227331,4.642377691227331,5.385267531135618,8,9,5,True,True,2.8681927215643914,3.2989790127474574,1.8184931968733864,1.4240543645369304,1.6379392592058362,True,persistent,True
10021,46,4.850722057116392,3.50703125,True,True,True,True,3.0652390784310257,3.9925011431855073,3.9925011431855073,4.546354033468687,8,9,5,True,True,2.8339474717369963,3.197648571623337,1.5639262141707837,1.407051637657838,1.587628812540819,True,persistent,True
10022,46,5.603685808455379,3.50703125,True,True,True,True,5.654086359855459,7.364497736648722,7.364497736648722,8.272853755495841,8,9,5,True,True,4.246470147397839,4.789721301922947,2.884790924657524,2.1083675102485318,2.3780910793186227,True,persistent,True
10023,46,5.543119626156458,3.50703125,False,True,True,True,1.7292463484786638,2.2523587382568286,2.2523587382568286,2.417067807535465,8,9,5,False,True,2.0068806119289437,2.26825352801101,0.8822847503722843,0.996413899608244,1.12618524974102,True,persistent,False
10024,46,6.183183105166837,3.50703125,True,True,True,True,3.041284067481129,3.961299528513599,3.961299528513599,4.673780242398978,8,9,5,True,True,3.473411252812585,4.100751248410704,1.551704045319776,1.7245446643841933,2.0360182456618188,True,persistent,True
10025,46,3.5178307541777265,3.50703125,True,True,True,True,2.2031378480884234,2.869606628397361,2.869606628397361,3.316525882496441,8,9,5,True,True,1.7660579313272426,2.0270656659630006,1.1240705686882122,0.8768457175917707,1.0064357555593793,True,persistent,True
10026,46,3.958188050279267,3.50703125,True,True,True,True,2.754024040898164,3.5871407907517687,3.5871407907517687,4.15832824658956,8,9,5,True,True,3.230514711534274,3.71053054534006,1.405140115276691,1.6039468129435686,1.8422741185107925,True,persistent,True
10027,46,4.480474308874692,3.50703125,True,True,True,True,1.3750789934068737,1.7910526104728626,1.7910526104728626,1.9677756496846333,8,9,5,True,True,2.794744021918756,3.155688385297081,0.7015838012365909,1.387587170225496,1.5667956286248872,True,persistent,True
10028,46,5.608433880425756,3.50703125,False,True,True,True,2.096074188640652,2.7301552603958643,2.7301552603958643,3.2195633735265634,8,9,5,True,True,2.575941588868277,2.856170474954218,1.0694452493212383,1.278952015616051,1.4180853330182188,True,persistent,True
10029,46,3.925998809652518,3.50703125,True,True,True,True,1.8298822031486897,2.3834378334056447,2.3834378334056447,2.44778964465752,8,9,5,True,True,2.688977545732868,2.993187417785841,0.9336305172690365,1.3350742372897857,1.4861140864516549,True,persistent,True
10030,46,4.140109175456237,3.50703125,True,True,True,True,1.952741957188485,2.5434637550073127,2.5434637550073127,3.0524813693422423,8,9,5,True,True,2.950332960503163,3.3508443923711666,0.996315216600144,1.4648368980415356,1.663690360122522,True,persistent,True
10031,46,6.284601244809427,3.50703125,False,False,False,False,1.7610824382582606,2.2938255281506392,2.2938255281506392,2.3358122196587647,8,9,5,False,True,2.5092579895289204,2.8518660977328016,0.8985279516655716,1.2458436857718664,1.4159482147127838,True,persistent,False
10032,46,2.89426681428173,3.50703125,True,True,True,True,2.965666260936043,3.862806663405351,3.862806663405351,3.449603709080046,8,9,5,True,True,3.384233883101825,3.880668540740729,1.5131228231416716,1.6802682036011585,1.926747436186509,True,persistent,True
10033,46,2.335926681523392,3.50703125,True,True,True,True,2.3065954860454947,3.0043611213572725,3.0043611213572725,1.395191377563648,8,9,5,True,True,3.4812724275167928,4.0999280585628135,1.1768560473791838,1.7284477285206257,2.035609532855696,True,persistent,True
10034,46,5.19228337535472,3.50703125,False,True,True,True,1.4745036509077372,1.9205541105438488,1.9205541105438488,1.6963489283538375,8,9,5,True,True,2.3200213245363983,2.7712474987389384,0.7523115990435217,1.1518879007624023,1.3759211736785797,True,persistent,True
10035,46,0.1588121530521583,3.50703125,False,True,True,True,2.694199652898185,3.5092189936687994,3.5092189936687994,3.975189070128109,8,9,5,False,False,1.8674388909988324,2.2325913840663296,1.374616907707583,0.9271812466570998,1.108479036573633,False,persistent,True
10036,46,5.384693070433753,3.50703125,True,True,True,True,2.2646531277555617,2.949730826905276,2.949730826905276,3.2263063077650704,8,9,5,True,True,2.0150057577645817,2.3128106681000395,1.1554564919333017,1.0004480251057206,1.1483078181925768,True,persistent,True
10037,46,1.6451444558541315,3.50703125,False,True,True,True,1.5477332722087995,2.0159363431458117,2.0159363431458117,2.1788980344660707,8,9,5,True,True,2.443552576645732,2.8293583149086845,0.7896743369821076,1.2132210243703092,1.404773126607389,True,persistent,True
10038,46,5.039766611216168,3.50703125,False,True,True,False,1.3990447138914317,1.8222681744088536,1.8222681744088536,1.502234269275651,8,9,5,True,True,2.4917062965318864,2.889160564551476,0.7138114342362571,1.2371292905258575,1.434464874296678,True,persistent,True
10039,46,2.772631212838512,3.50703125,True,True,True,True,2.881326821730106,3.752953794239372,3.752953794239372,4.639490810210735,8,9,5,True,True,3.5163745329385674,4.200170310484339,1.4700917066487476,1.7458758832099832,2.085379694841881,True,persistent,True
10040,46,4.148397919767023,3.50703125,True,True,True,True,1.56713996844244,2.0412137374748447,2.0412137374748447,2.377367813661476,8,9,5,True,True,2.544302588472826,2.912302916471064,0.7995758944768577,1.2632432885615617,1.4459550252230646,True,persistent,True
10041,46,2.760756220611568,3.50703125,True,True,True,True,1.280358056557633,1.6676777483567995,1.6676777483567995,1.6732286324893628,8,9,5,True,True,1.8096986473942216,2.063919238510717,0.6532559049848022,0.8985132825777113,1.0247335116483525,True,persistent,True
10042,46,5.782950481344817,3.50703125,True,True,True,True,2.9468941224142737,3.8383557861359128,3.8383557861359128,4.0107033489090265,8,9,5,True,True,3.1018686346892603,3.529971681060056,1.5035450255281595,1.5400741847779922,1.7526268515051329,True,persistent,True
10043,46,1.5735729698654175,3.50703125,False,True,True,True,1.5687380184140836,2.043295211766213,2.043295211766213,1.9995750465375897,8,9,5,False,True,1.7804720147737072,2.111738100124809,0.800391241070797,0.8840022933296596,1.0484755210596286,True,persistent,True
10044,46,3.822167481784146,3.50703125,True,True,True,True,1.7771056245929076,2.3146958707639462,2.3146958707639462,2.5617211739581056,8,9,5,True,True,2.5173569662498463,2.888643350112269,0.9067031968918344,1.2498648183341954,1.4342080779266098,True,persistent,True
10045,46,5.012167485887549,3.50703125,True,True,True,True,2.086894032013518,2.718198024796737,2.718198024796737,2.612268906660743,8,9,5,True,True,3.1187339405030894,3.614575668373652,1.0647614099103444,1.5484477895824609,1.794632633224515,True,persistent,True
10046,46,0.2590367121920784,3.50703125,False,False,False,False,1.1361229362894096,1.4798102222605514,1.4798102222605514,1.3873576893170922,8,9,5,False,False,1.5111278401940529,1.7268186583259253,0.5796652062432829,0.7502732225845287,0.8573634639905189,False,persistent,False
10047,46,3.36877164407324,3.50703125,True,True,True,True,1.5981960755882023,2.0816645930556805,2.0816645930556805,2.012691879285063,8,9,5,True,True,2.7839324021323826,3.251927730316228,0.8154211381373343,1.382219213522747,1.6145783519699004,True,persistent,False
10048,46,5.0293702529107165,3.50703125,True,True,True,True,2.20395635642544,2.8706727427811423,2.8706727427811423,3.345658183905823,8,9,5,True,True,2.2449299985435927,2.546440910438342,1.1244881826530688,1.1146051443719616,1.2643049629410006,True,persistent,True
10049,46,2.503365740648441,3.50703125,True,True,True,True,1.9595189574199172,2.5522908580420336,2.5522908580420336,2.7308633178231903,8,9,5,True,True,2.5994700526633587,2.93401410370957,0.9997729332885285,1.2906338706414553,1.456734604542759,True,persistent,True
10050,46,2.7828331817752727,3.50703125,True,True,True,True,1.250740955694179,1.62910121124841,1.62910121124841,1.4228125204244275,8,9,5,True,True,1.7492293098855425,2.0328435171760617,0.6381448616883673,0.868490326535579,1.009304451995202,True,persistent,True
10051,46,0.5740299549034313,3.50703125,True,True,True,True,3.918054650879749,5.103301006036906,5.103301006036906,5.549690599830874,8,9,5,True,True,3.8750049169014247,4.465140153195692,1.999044192076869,1.9239354535094668,2.216936914880415,True,persistent,True
10052,46,1.5551910582271624,3.50703125,True,True,True,True,2.4705978529390733,3.217975661872297,3.217975661872297,3.284777140184135,8,9,5,True,True,2.925397736324553,3.4459252074560225,1.2605322612757546,1.4524565881149107,1.7108978746968797,True,persistent,True
10053,46,2.650385433425883,3.50703125,True,True,True,True,1.6845124370637363,2.1940924210484907,2.1940924210484907,2.788848491603881,8,9,5,True,True,1.752175924037613,2.029768546527241,0.8594609069675445,0.8699533170495406,1.0077777326292563,True,persistent,True
10054,46,2.460255401651631,3.50703125,True,True,True,True,2.0547138617271217,2.676283066984668,2.676283066984668,2.895644170737562,8,9,5,True,True,1.980695012370227,2.2734605958196727,1.048342654113607,0.9834127797534848,1.1287705528775962,True,persistent,True
10055,46,1.0713499637177029,3.50703125,False,True,True,True,2.0539798244874667,2.67532697695597,2.67532697695597,3.430013921830051,8,9,5,False,False,2.121249002951199,2.399077000663086,1.0479681384390054,1.0531976732981363,1.1911389524031106,True,persistent,True
10056,46,5.44933026193157,3.50703125,True,True,True,True,2.243227219492388,2.921823390961227,2.921823390961227,3.317219998027864,8,9,5,True,True,2.277496603986837,2.664659593530057,1.1445247052968257,1.1307744262583996,1.3230004021842685,True,persistent,True
10057,46,2.159131399287759,3.50703125,True,True,True,True,4.33030385290752,5.640259255706509,5.640259255706509,5.7583218358074415,8,9,5,True,True,3.8275561926941375,4.311662880492928,2.209379280898792,1.9003772168920048,2.140735626729043,True,persistent,True
10058,46,5.098622742341405,3.50703125,True,True,True,True,1.9174105278752904,2.497444254304774,2.497444254304774,2.7594921488693,8,9,5,True,True,2.1476316654103984,2.4842397991432223,0.9782886460543616,1.0662966346547624,1.2334221832195076,True,persistent,False
10059,46,3.06085947987008,3.50703125,True,True,True,True,1.350824860758868,1.7594613871306033,1.7594613871306033,1.6670702558704755,8,9,5,True,True,2.0222570753466123,2.3017059370413016,0.6892090164711535,1.0040482958872816,1.142794332082557,True,persistent,True
10060,46,5.2951757658330525,3.50703125,True,True,True,True,2.321755739088444,3.024107485688481,3.024107485688481,2.65544476089903,8,9,5,True,True,3.1707515498074463,3.580143573872688,1.184591012431067,1.5742744723592872,1.777537138181385,True,persistent,True
10061,46,3.117087936916747,3.50703125,True,True,True,True,1.2779864938084975,1.6645887667978454,1.6645887667978454,1.9299311863424928,8,9,5,True,True,2.3571464094916883,2.81950085910289,0.6520459017657965,1.1703204624472912,1.3998789112159578,True,persistent,True
10062,46,2.173728306529837,3.50703125,False,True,True,True,1.2194165590472454,1.588300906207769,1.588300906207769,1.979465179932235,8,9,5,True,True,1.471938653381306,1.706923704958327,0.6221627331151212,0.7308158367178963,0.8474856426843081,True,persistent,True
10063,46,8.326017777079112,3.50703125,False,False,False,True,3.413013483710486,4.445480397045086,4.445480397045086,4.950921024805119,8,9,5,False,False,3.609632781374051,4.118856427212399,1.7413653943187153,1.792178495553684,2.045007445968837,True,persistent,True
10064,46,4.067019598422378,3.50703125,True,True,True,True,2.027344094884913,2.6406337024130244,2.6406337024130244,3.484268302716755,8,9,5,True,True,1.99407759646636,2.250519045607423,1.034378230867972,0.9900572172585372,1.1173800997663497,True,persistent,True
10065,46,2.6939487691430544,3.50703125,True,True,True,True,5.156991198250292,6.717026870527416,6.717026870527416,6.958521337935297,8,9,5,True,True,4.0044524024306725,4.619801489333463,2.631166285834991,1.988205980158636,2.2937260891559768,True,persistent,True
10066,46,4.258302058425108,3.50703125,True,True,True,True,2.463933068772734,3.2092947212597256,3.2092947212597256,3.2542572229777504,8,9,5,True,True,4.080964622666122,4.667284675509928,1.2571317987334123,2.026194208894979,2.317301436101225,True,persistent,True
10067,46,2.631500641534944,3.50703125,True,True,True,True,1.282163577360177,1.670029455249396,1.670029455249396,1.8746016525039184,8,9,5,True,True,2.05598350963756,2.3432158461980874,0.6541771059877513,1.0207934314533795,1.1634039539053234,True,persistent,True
10068,46,4.373371300818205,3.50703125,True,True,True,True,4.334636876944626,5.645903058026311,5.645903058026311,6.066019401607313,8,9,5,True,True,3.894455717474661,4.446364327781155,2.2115900480542634,1.93359275346766,2.207614739306812,True,persistent,True
10069,46,1.5547548192323948,3.50703125,True,True,True,True,2.092758009749305,2.725835907916029,2.725835907916029,2.7816119342972048,8,9,5,True,True,3.199053026382653,3.607969843933763,1.0677532902386495,1.588326122702288,1.7913528490404669,True,persistent,True
10070,46,3.996865484169231,3.50703125,True,True,True,True,1.681704260852072,2.1904347465740166,2.1904347465740166,2.511693958641121,8,9,5,True,True,1.9963869116047976,2.352833548346178,0.8580281376862391,0.9912037895503006,1.1681791318833692,True,persistent,True
10071,46,1.0792524244975168,3.50703125,False,False,False,False,1.5914984363751246,2.072940858452719,2.072940858452719,2.167311357742348,8,9,5,False,True,2.2696956942961646,2.537881457804381,0.8120039125081504,1.1269012836313932,1.2600552046211375,True,persistent,True
10072,46,1.16940772196529,3.50703125,False,True,True,True,2.1497655797950648,2.80008877457804,2.80008877457804,2.783392218590775,8,9,5,True,True,2.86288637263479,3.21418178775364,1.0968393193931445,1.421419768438788,1.595837535202017,True,persistent,True
10073,46,3.678732716790325,3.50703125,True,True,True,True,2.281085021513072,2.9711335145694124,2.9711335145694124,3.439321334625735,8,9,5,True,True,2.53521260364449,2.9579665091247844,1.1638402651850095,1.258730121621613,1.4686269460915826,True,persistent,True
10074,46,1.3412957554148597,3.50703125,False,False,False,False,1.3579243603460562,1.7687085484425369,1.7687085484425369,1.9977705763040847,8,9,5,False,True,2.0283624115943395,2.3154959096076206,0.692831276669396,1.0070795882635482,1.1496410374912511,True,persistent,True
10075,46,5.665413248432112,3.50703125,True,True,True,True,2.2305528882925367,2.905314961925271,2.905314961925271,3.317978619465254,8,9,5,True,True,2.314075346179539,2.5721989880219054,1.1380580910121496,1.1489357293943956,1.2770938186302192,True,persistent,True
10076,46,3.033579030460196,3.50703125,True,True,True,True,2.595142346810843,3.3801959720789063,3.3801959720789063,3.841480206038754,8,9,5,True,True,3.0993106250182687,3.456168073969906,1.3240765375337726,1.5388041359388345,1.7159834460585242,True,persistent,True
10077,46,1.155253389489953,3.50703125,False,True,True,True,2.1783925393764814,2.8373756438663023,2.8373756438663023,3.303979903172821,8,9,5,False,True,2.318693441157252,2.7926865622392825,1.111445179287212,1.1512286082025085,1.3865656438774292,True,persistent,True
10078,46,5.061377764049231,3.50703125,True,True,True,True,2.504512250617842,3.262149466276566,3.262149466276566,3.557470245336445,8,9,5,True,True,3.7308890699306967,4.263128788103635,1.2778358432184684,1.8523821023923688,2.116638506066205,True,persistent,True
10079,46,4.815055223332472,3.50703125,True,True,True,True,1.749312110877462,2.278494572123692,2.278494572123692,2.405034404596148,8,9,5,True,True,2.2424184891409737,2.566588958639246,0.8925225722908491,1.113358182862198,1.2743084455388327,True,persistent,True
10080,46,1.9155926288837,3.50703125,False,False,False,True,1.184946331687082,1.543403128703327,1.543403128703327,1.9294486441422285,8,9,5,False,False,1.3684357783097425,1.550540062743525,0.6045755593914387,0.679426779113919,0.7698413454361427,True,persistent,True
10081,46,2.9363992531261007,3.50703125,True,True,True,True,1.480779254504457,1.9287281400054936,1.9287281400054936,1.636851949401329,8,9,5,True,True,2.335936704236901,2.686088554752025,0.7555134964236366,1.1597898683517356,1.3336398566136034,True,persistent,True
10082,46,4.120228871339546,3.50703125,True,True,True,True,2.252612996109616,2.934048448424982,2.934048448424982,2.969285728297356,8,9,5,True,True,2.747710323848935,3.1534599302278097,1.1493134547928512,1.364234993604635,1.565689203263819,True,persistent,True
10083,46,2.2245759375217653,3.50703125,True,True,True,True,1.9099381694568751,2.487711441051236,2.487711441051236,3.025547251304748,8,9,5,True,True,1.6796715403474642,2.0446367560575136,0.9744761482643942,0.8339549745163718,1.0151597814418225,True,persistent,True
10084,46,3.520233447536014,3.50703125,True,True,True,True,2.075903310592816,2.703882512461872,2.703882512461872,2.7218286974655403,8,9,5,True,True,3.3071789626018733,3.770052983174681,1.059153795984424,1.6420105248120036,1.8718269399613807,True,persistent,True
10085,46,2.999231274951407,3.50703125,True,True,True,True,2.2590207854893034,2.942394651043797,2.942394651043797,3.540503278949033,8,9,5,True,True,2.489696277375273,2.868531401654037,1.1525827951377186,1.236131318342448,1.4242225188092064,True,persistent,True
10086,46,4.456995725742229,3.50703125,True,True,True,True,2.798422311773872,3.644969933174634,3.644969933174634,4.43564177109677,8,9,5,True,True,3.156044241541678,3.4692317411660336,1.427792710362982,1.5669723108382043,1.7224695416920688,True,persistent,True
10087,46,3.807781570386423,3.50703125,True,True,True,True,1.947447200119396,2.536567286865569,2.536567286865569,2.855431964509138,8,9,5,True,True,3.137085959549696,3.724461176655167,0.9936137603136568,1.5575595457852065,1.849190660825359,True,persistent,True
10088,46,2.1403118629662137,3.50703125,True,True,True,True,2.699222686180618,3.5157615391633703,3.5157615391633703,4.0732850675306445,8,9,5,True,True,2.507950000979679,2.8407852923925696,1.3771797268626451,1.24519427097198,1.4104466076942934,True,persistent,True
10089,46,2.5208837186133035,3.50703125,True,True,True,True,2.122637686231652,2.7647544521017715,2.7647544521017715,3.188126490579326,8,9,5,True,True,3.0194182593454704,3.4473951299766745,1.0829983031482473,1.4991376689074716,1.7116276895260325,True,persistent,True
10090,46,4.345580235813386,3.50703125,True,True,True,True,1.9953972810962128,2.599022693513252,2.599022693513252,2.241053811027476,8,9,5,True,True,2.8504935933047646,3.1957935587013,1.0180785366956804,1.4152667678537922,1.5867078007733604,True,persistent,True
10091,46,0.554228208034241,3.50703125,False,False,False,False,1.9256035304382464,2.5081157129615868,2.5081157129615868,2.4826176743353474,8,9,5,False,False,2.081248141373521,2.3959034513602817,0.9824688261816272,1.0333372918507349,1.1895632888496286,True,persistent,True
10092,46,5.467784416348738,3.50703125,True,True,True,True,5.3543926352937605,6.974143996760166,6.974143996760166,7.750132607989621,8,9,5,True,True,5.521529628773628,6.375251907329161,2.7318831546363915,2.741433066075974,3.16530518866344,True,persistent,True
10093,46,5.155703053175376,3.50703125,True,True,True,True,1.666613064204303,2.1707783288112967,2.1707783288112967,1.812872145718732,8,9,5,True,True,2.952481834582383,3.312353110675012,0.8503284061361857,1.4659038115332077,1.6445794833380174,True,persistent,True
10094,46,1.0942893566463088,3.50703125,False,False,False,True,1.5442363935167929,2.011381627569575,2.011381627569575,2.4248049478847946,8,9,5,False,False,1.757943847676732,2.067815959590986,0.7878901824302859,0.8728170844563985,1.026668229151824,False,persistent,True
10095,46,4.054160707354963,3.50703125,True,True,True,True,2.1203547095684567,2.761780854707099,2.761780854707099,2.3989175381263825,8,9,5,True,True,2.2990050074651758,2.66508874023683,1.0818334977420283,1.141453323676019,1.3232134730271763,True,persistent,True
10096,46,5.646755606493008,3.50703125,False,True,True,True,1.9357314027894643,2.5213073567145337,2.5213073567145337,2.450779186249741,8,9,5,True,True,3.783589461869537,4.256172757943643,0.9876362029044738,1.8785477859564697,2.1131848451477078,True,persistent,True
10097,46,5.13473618717751,3.50703125,True,True,True,True,2.1718623938085906,2.828870071224864,2.828870071224864,2.7947569738758444,8,9,5,True,True,2.5680009629329112,3.0491842599859886,1.1081134111690778,1.2750095040353628,1.5139164537528007,True,persistent,True
10098,46,-0.5807728096477301,3.50703125,False,True,True,True,3.245448825419432,4.227225940323569,4.227225940323569,5.296040254064696,8,9,5,False,False,3.4152055853366794,3.886729095320577,1.6558716514280014,1.695645617891725,1.929756494516536,True,persistent,True
10099,46,5.334277843540212,3.50703125,True,True,True,True,3.447226094644072,4.490042626864241,4.490042626864241,5.4772246931904265,8,9,5,True,True,3.753759149762901,4.2365747694652285,1.7588211286758697,1.8637370705426937,2.1034544665650543,True,persistent,True
10100,46,5.033912920025375,3.50703125,True,True,True,True,3.5011739040857885,4.560310128144649,4.560310128144649,5.027701159768405,8,9,5,True,True,3.4431318513760534,3.9799149972601455,1.7863460268075273,1.7095109766382246,1.9760231869088012,True,persistent,True
10101,46,0.6983797755550157,3.50703125,False,False,False,False,1.3102863454855516,1.706659610684962,1.706659610684962,1.6958722285033363,8,9,5,False,False,1.79679072553358,2.117002061280287,0.6685257206181091,0.8921045143228631,1.0510890716770092,False,persistent,False
10102,46,2.944744022641534,3.50703125,True,True,True,True,0.7070539079155121,0.9209439992822356,0.9209439992822356,0.8702065186931105,8,9,5,True,True,0.9728997270250108,1.0984862639145343,0.3607484157441219,0.4830435877304247,0.5453971578514237,True,persistent,True
10103,46,0.8349704488171451,3.50703125,False,False,False,False,1.925234948589712,2.507635631827952,2.507635631827952,2.253120970799978,8,9,5,True,True,3.055113045493957,3.523504514743856,0.9822807707640095,1.516860088891245,1.7494159109189134,True,persistent,True
10104,46,4.49050696375779,3.50703125,True,True,True,True,1.9326331393621388,2.517271841063396,2.517271841063396,2.389705880159672,8,9,5,True,True,2.5841188508532484,3.0708860563122773,0.9860554272232238,1.2830120167213146,1.5246913704954548,True,persistent,True
10105,46,2.5738851616968788,3.50703125,True,True,True,True,1.6749526706708358,2.1816407403555185,2.1816407403555185,2.573402517930156,8,9,5,True,True,1.8395966712617944,2.110056605930617,0.8545833855473037,0.9133576168023738,1.0476406611395892,True,persistent,False
10106,46,2.8089796809391783,3.50703125,True,True,True,True,2.243120997803421,2.9216850362672595,2.9216850362672595,3.4013006897309075,8,9,5,True,True,2.552270536099748,2.889875342038285,1.1444705095621248,1.2671993653304656,1.4348197604910784,True,persistent,True
10107,46,4.564300991054554,3.50703125,True,True,True,True,3.297461244048136,4.294972577868474,4.294972577868474,4.6075948750788855,8,9,5,True,True,3.318452226831593,3.79253732063357,1.682409087130241,1.6476076874462338,1.882990387470092,True,persistent,True
10108,46,2.0749908766903404,3.50703125,True,True,True,True,2.135001842121804,2.780858875040039,2.780858875040039,3.161530107506914,8,9,5,True,True,2.251855758689429,2.578420081748393,1.089306661817158,1.1180437762634874,1.280182584460629,True,persistent,True
10109,46,4.443488862102814,3.50703125,True,True,True,True,1.6550435323751596,2.1557089107750307,2.1557089107750307,3.0426539475976173,8,9,5,True,True,2.151580194859767,2.516613471582824,0.8444254753532001,1.0682570749534914,1.2494956740930772,True,persistent,True
10110,46,2.7643444793626752,3.50703125,True,True,True,True,2.257999259267733,2.941064104060981,2.941064104060981,3.2160590190041582,8,9,5,True,True,2.399483473982368,2.8099711623696244,1.152061598716983,1.191340765935388,1.395147427824452,True,persistent,True
10111,46,4.417763901387248,3.50703125,True,True,True,True,1.239972829205784,1.615075630791277,1.615075630791277,1.790708205324223,8,9,5,True,True,1.8060169102478647,2.039279579508523,0.6326508186914577,0.8966853043484493,1.0124999494895175,True,persistent,True
10112,46,5.504143222746696,3.50703125,True,True,True,True,2.6100116402627607,3.3995633589567773,3.3995633589567773,3.329328991434142,8,9,5,True,True,3.2262272788978885,3.7875657061786474,1.3316630510880612,1.6018181076049771,1.8805219866509637,True,persistent,True
10113,46,7.055346374115992,3.50703125,True,True,True,True,5.512448947537975,7.180013748246473,7.180013748246473,8.05443445858262,8,9,5,True,True,4.370347151533882,4.9731351392036895,2.812525611459177,2.169872299337276,2.4691558371127384,True,persistent,True
10114,46,5.8055078654880905,3.50703125,False,False,False,False,1.705867461407716,2.22190753005778,2.22190753005778,2.1433952209202243,8,9,5,False,True,2.174777148964208,2.687706460060411,0.8703565276748533,1.0797743358014211,1.334443144725484,True,persistent,True
10115,46,4.912551447426811,3.50703125,False,True,True,False,1.134314605041471,1.4774548547378492,1.4774548547378492,1.250997868847192,8,9,5,True,True,2.294011559550845,2.5877798102681924,0.5787425713132848,1.1389740825695809,1.2848296788309932,True,persistent,True
10116,46,0.936805170922296,3.50703125,False,True,True,True,2.1800632637804456,2.8395517772516925,2.8395517772516925,2.7656637447835437,8,9,5,True,True,2.8228615636706125,3.229451263419326,1.1122976053542033,1.401547497141723,1.6034188121861004,True,persistent,False
10117,46,3.205020011656654,3.50703125,True,True,True,True,1.6358861585620004,2.1307562611146262,2.1307562611146262,2.396294409868988,8,9,5,True,True,2.394350464891083,2.801818015619389,0.8346511255114891,1.1887922328662206,1.3910993999053065,True,persistent,True
10118,46,1.350541745538464,3.50703125,True,True,True,True,3.003919476032258,3.9126318160588047,3.9126318160588047,4.343005735303139,8,9,5,True,True,3.629239469645474,4.218864309383568,1.5326401281004436,1.80191319357349,2.0946612436454,True,persistent,True
10119,46,4.118581388362303,3.50703125,True,True,True,True,1.2586320509573865,1.639379432963979,1.639379432963979,1.666683855763051,8,9,5,True,True,1.7070706074303177,1.928594133776024,0.6421710046497723,0.8475585795915204,0.9575447538706856,True,persistent,True
10120,46,0.5710733757527914,3.50703125,True,True,True,True,2.9605006152183284,3.8560783639463,3.8560783639463,4.405039378667011,8,9,5,False,False,2.481405607645621,2.8761464987874943,1.5104872412035777,1.2320150104232908,1.4280034057167492,True,persistent,True
10121,46,1.773404403962838,3.50703125,False,False,False,False,1.0323890045489923,1.344695854192161,1.344695854192161,1.3960545457175553,8,9,5,False,False,1.1425124957196826,1.293730306238205,0.5267387587470955,0.5672561309548908,0.6423355987485218,False,persistent,True
10122,46,1.835170543238671,3.50703125,True,True,True,True,1.8266977821516632,2.379290096754212,2.379290096754212,2.429911322187296,8,9,5,True,True,2.8251643019946022,3.247011042056286,0.9320057828366558,1.40269080405273,1.6121372219429686,True,persistent,True
10123,46,5.261778619004959,3.50703125,True,True,True,True,2.9380826371651665,3.8268787482833777,3.8268787482833777,4.425364922595929,8,9,5,True,True,2.4882549843568773,2.856492644004988,1.4990492872140335,1.2354157180280092,1.418245289578815,True,persistent,False
10124,46,4.1025453348680045,3.50703125,True,True,True,True,2.474137418013707,3.222585976841297,3.222585976841297,2.400107521165156,8,9,5,True,True,2.8015134806442843,3.1963888688103523,1.2623381949942485,1.3909481986428558,1.5870033715530627,True,persistent,True
10125,46,4.09410875353182,3.50703125,True,True,True,True,2.447229229012769,3.1875378215103645,3.1875378215103645,4.462142245210601,8,9,5,True,True,3.0084800630150106,3.5268418941717465,1.2486092749727895,1.4937068670971745,1.751072915939765,True,persistent,True
10126,46,4.109207214013062,3.50703125,True,True,True,True,1.7641791204670842,2.2978589842506243,2.2978589842506243,2.37347492073854,8,9,5,True,True,1.977651652052472,2.246630259454042,0.90010792058787,0.9819017548803048,1.1154493219448884,True,persistent,True
10127,46,2.798528289936346,3.50703125,True,True,True,True,1.5141769100082736,1.9722288831341368,1.9722288831341368,2.622307448982704,8,9,5,True,True,1.3336172661414865,1.5546731848877295,0.772553429557009,0.6621394281464976,0.7718934357940767,True,persistent,True
10128,46,2.2297695851547563,3.50703125,True,True,True,True,3.2440447201078144,4.225397080675645,4.225397080675645,4.344547628128569,8,9,5,True,True,3.762581183073676,4.2015144417694845,1.655155258008726,1.8681171998644948,2.0860470544682874,True,persistent,True
10129,46,1.459637746404189,3.50703125,True,True,True,True,4.292377635846138,5.59086002089975,5.59086002089975,7.082125500305635,8,9,5,True,True,4.477989951431926,5.051254126384818,2.1900288147364635,2.2233168248230597,2.507941823776778,True,persistent,True
10130,46,2.1104209750904888,3.50703125,True,True,True,True,1.844584124917352,2.402587217178493,2.402587217178493,2.714587154159456,8,9,5,True,True,1.6231934078915446,1.9378463012829863,0.9411316355388936,0.8059136471606286,0.9621384443227452,True,persistent,True
10131,46,4.195441316322453,3.50703125,True,True,True,True,1.9318238987412104,2.51621779796219,2.51621779796219,2.6164901560474787,8,9,5,True,True,2.8627058906568905,3.278884156888779,0.985642541771793,1.421330159345781,1.627962186544316,True,persistent,True
10132,46,2.90646794435624,3.50703125,True,True,True,True,2.3152226332211265,3.0155980572307284,3.0155980572307284,3.810106049087851,8,9,5,True,True,2.6525388549866658,2.946895706025032,1.1812577339283408,1.3169824695347798,1.4631303051739064,True,persistent,True
10133,46,6.594169950362706,3.50703125,False,False,False,True,2.2276892100144505,2.9015849955159867,2.9015849955159867,4.463966519826196,8,9,5,False,True,2.8718169514155405,3.3322483595595407,1.136597003829892,1.4258537904607222,1.6544574513680417,True,persistent,True
10134,46,5.565228070788771,3.50703125,False,True,True,True,1.808007556246896,2.3549459113964506,2.3549459113964506,2.5746689075895897,8,9,5,True,True,2.9081965227410254,3.331608112923557,0.9224697781423004,1.443916205491809,1.65413956965476,True,persistent,True
10135,46,2.7391955441985627,3.50703125,True,True,True,True,1.2924082360120766,1.6833732141969655,1.6833732141969655,1.505602166776587,8,9,5,True,True,2.7165129019228664,3.042688780717309,0.6594040686523204,1.348745509748792,1.5106914558184648,True,persistent,True
10136,46,6.974748129588907,3.50703125,False,False,False,True,2.46183138590095,3.206557260639686,3.206557260639686,3.8812380363565606,8,9,5,False,False,2.5393044110073517,2.928915985129292,1.2560594918584984,1.2607616992384574,1.4542033945718988,False,persistent,True
10137,46,5.087060162369745,3.50703125,True,True,True,False,1.5954541269469642,2.0780931805803107,2.0780931805803107,1.31558317324814,8,9,5,True,True,3.135496772244941,3.645689738793566,0.8140221590534134,1.55677051612887,1.8100807331540836,True,persistent,True
10138,46,4.738947858368348,3.50703125,True,True,True,True,2.056425254649032,2.6785121714761395,2.6785121714761395,3.1380814704666404,8,9,5,True,True,2.3566076956389463,2.718768710942813,1.0492158298055636,1.1700529916433018,1.349865516314691,True,persistent,True
10139,46,2.011511160622328,3.50703125,True,True,True,True,2.063986411498005,2.68836064547471,2.68836064547471,2.7710440932615747,8,9,5,True,True,2.659213173381961,2.956114299056943,1.0530736337493978,1.3202962608883626,1.4677073259379865,True,persistent,True
10140,46,4.795333341268398,3.50703125,True,True,True,True,2.0972317346384868,2.731662974346194,2.731662974346194,3.0017286900763795,8,9,5,True,True,2.432788719733928,2.823595006604093,1.0700358448616845,1.2078767818794685,1.401911650708779,True,persistent,True
10141,46,1.6989760329847692,3.50703125,True,True,True,True,2.2564083665939343,2.9389919522136685,2.9389919522136685,3.312439254113774,8,9,5,True,True,2.100960256590984,2.374714385187012,1.1512499038726909,1.043124334227152,1.1790429420341435,True,persistent,True
10142,46,3.201841659575753,3.50703125,True,True,True,True,1.6262076616711374,2.118149932892794,2.118149932892794,2.4564491203724965,8,9,5,True,True,1.6579946264474636,1.9199820690047409,0.8297130261939185,0.8231924118695528,0.9532688736855736,True,persistent,True
10143,46,3.1737212572676143,3.50703125,True,True,True,True,1.0474719709228113,1.3643415519499111,1.3643415519499111,1.4921946383225222,8,9,5,True,True,1.4869362660252676,1.6601440801313911,0.5344342911006587,0.738262134026544,0.8242596131342912,True,persistent,True
10144,46,2.5086314945378807,3.50703125,False,False,False,False,0.729418978257036,0.9500747021805112,0.9500747021805112,0.6144981709517209,8,9,5,True,True,1.578460126915433,1.9670698691951,0.3721593755074256,0.7837036249626281,0.9766479119466251,True,persistent,True
10145,46,3.636655607073493,3.50703125,True,True,True,True,1.7711376711659874,2.306922558382828,2.306922558382828,3.015641950476945,8,9,5,True,True,2.3747004459822514,2.6712134330764834,0.9036582667671382,1.1790360212351234,1.326254375928917,True,persistent,True
10146,46,1.4117600897044362,3.50703125,False,False,False,False,1.2709950480937506,1.6554823466151385,1.6554823466151385,1.7038339957760342,8,9,5,False,False,1.2243965778091157,1.3694300862978643,0.6484787721069114,0.6079114828804603,0.6799204518784907,False,persistent,False
10147,46,4.079133046239754,3.50703125,True,True,True,True,2.4079623797183625,3.136392401304689,3.136392401304689,3.3650259854155893,8,9,5,True,True,1.8265332273107973,2.107856777974145,1.2285748002097805,0.9068716320097778,1.0465484491068722,True,persistent,True
10148,46,4.015920110209137,3.50703125,True,True,True,True,1.6130085733169983,2.1009580029993904,2.1009580029993904,2.284922209347015,8,9,5,True,True,2.1519117432861923,2.533438427894726,0.822978673749619,1.0684216883632376,1.2578492454165686,True,persistent,True
10149,46,5.974029995231756,3.50703125,True,True,True,True,3.874093824125905,5.046041638470726,5.046041638470726,6.490665691385088,8,9,5,True,True,3.434694671142585,3.8723665753507217,1.976614786866445,1.7053219264235997,1.9226255199850664,True,persistent,True
10150,46,5.829759274166545,3.50703125,True,True,True,True,2.345478816812234,3.055007005271988,3.055007005271988,3.5725572481645758,8,9,5,True,True,2.9530857623207134,3.3318128374632363,1.196694845829941,1.4662036609558662,1.6542412151516148,True,persistent,False
10151,46,3.061107603582248,3.50703125,True,True,True,True,1.6160235758859334,2.1048850706424607,2.1048850706424607,2.570882414120656,8,9,5,True,True,2.088491365788427,2.497682714407281,0.8245169686208182,1.0369335443841914,1.2400965750795645,True,persistent,True
10152,46,2.471320327278864,3.50703125,True,True,True,True,2.1275483756172364,2.771150668672197,2.771150668672197,3.546488057344797,8,9,5,True,True,2.0466636153736326,2.3433426217818925,1.0855038029357869,1.0161661147449232,1.1634668978358609,True,persistent,True
10153,46,3.638666509777782,3.50703125,True,True,True,True,1.3875330341373997,1.807274109214604,1.807274109214604,1.390565224875876,8,9,5,True,True,1.794193794075844,1.9912270771838017,0.7079380203602718,0.890815140861663,0.9886419377359988,True,persistent,True
10154,46,-1.2483716792762305,3.50703125,False,False,False,False,2.740892471771421,3.570036805252152,3.570036805252152,4.388249131176048,8,9,5,False,False,2.517058420483397,2.8637951615497594,1.398440212050538,1.249716590706906,1.4218709810825807,False,persistent,False
10155,46,2.757900373133134,3.50703125,True,True,True,True,3.726386404996437,4.853651412246272,4.853651412246272,5.709452230590525,8,9,5,True,True,4.151358068657872,4.79227761437074,1.9012524745334287,2.0611444733056183,2.379360285488428,True,persistent,True
10156,46,3.62893778551544,3.50703125,True,True,True,True,1.1975113731419318,1.5597692068750628,1.5597692068750628,1.2114349129552997,8,9,5,True,True,1.978413649654808,2.2424625105746823,0.6109864125779513,0.9822800858073776,1.113380039453052,True,persistent,True
10157,46,5.035670174570027,3.50703125,True,True,True,True,2.052390518869493,2.6732568922629745,2.6732568922629745,2.7548812162857867,8,9,5,True,True,2.5395949352329974,2.8476377392031105,1.047157253331945,1.260905944180028,1.413848839599751,True,persistent,True
10158,46,0.6109210325127454,3.50703125,False,False,False,False,0.9089245766182468,1.1838823394732507,1.1838823394732507,1.3458546914095038,8,9,5,False,False,1.1809635035385264,1.3717547900502285,0.4637455466622074,0.5863470118059525,0.6810746645992466,False,persistent,False
10159,46,3.759461563016513,3.50703125,True,True,True,True,2.6848138483299184,3.496993899798568,3.496993899798568,3.467851133230437,8,9,5,True,True,3.019825017322417,3.481791412242058,1.3698281439505615,1.4993396237719496,1.7287054038356715,True,persistent,True
10160,46,0.1942341924175372,3.50703125,False,False,False,False,1.386970350878146,1.806541209268355,1.806541209268355,1.5837567996221522,8,9,5,False,False,1.905613323285328,2.155111530303631,0.7076509317916789,0.946134808076659,1.0700103789116493,False,persistent,False
10161,46,2.559224001465264,3.50703125,True,True,True,True,1.876766835881521,2.4445054842459424,2.4445054842459424,1.362284359045872,8,9,5,True,True,3.0236396108987504,3.3915864939418734,0.95755168762361,1.501233565064831,1.6839187663680153,True,persistent,True
10162,46,2.5514780957665595,3.50703125,True,True,True,True,2.4578231341933567,3.2013364771656176,3.2013364771656176,3.2514557785925806,8,9,5,True,True,3.4834537358749253,4.030522324756079,1.2540144279146743,1.729530745594215,2.001149666401025,True,persistent,True
10163,46,-1.3133044369959164,3.50703125,False,False,False,False,1.3754887477519504,1.7915863191491794,1.7915863191491794,2.361581905398888,8,9,5,False,False,1.7583311825437913,2.0838958330274715,0.7017928634158334,0.873009395769312,1.0346518676905687,False,persistent,False
10164,46,2.8750450992635663,3.50703125,True,True,True,True,2.664705611412934,3.4708027424942585,3.4708027424942585,4.037499140710833,8,9,5,True,True,2.4683886437902616,2.870198735595229,1.3595686509614129,1.2255521029443492,1.4250503481800303,True,persistent,True
10165,46,2.668854964482112,3.50703125,True,True,True,True,2.297784594995165,2.992884857453926,2.992884857453926,4.003648527812686,8,9,5,True,True,2.414199770632464,2.8802039920891627,1.1723606122332682,1.19864739017888,1.4300179464419511,True,persistent,True
10166,46,2.863799878578807,3.50703125,True,True,True,True,1.6179737451356735,2.107425183423151,2.107425183423151,2.427523639263105,8,9,5,True,True,2.065560669053784,2.327649701108977,0.8255119712074679,1.025548480012007,1.1556753808960898,True,persistent,True
10167,46,2.408955005175065,3.50703125,True,True,True,True,1.9881664417838776,2.5896044610419806,2.5896044610419806,2.7439114728893177,8,9,5,True,True,1.8137050920379856,2.03496244814462,1.0143892652027675,0.9005024777033848,1.0103564987671088,True,persistent,False
10168,46,2.708800555560007,3.50703125,True,True,True,True,1.5995594745503343,2.083440432321607,2.083440432321607,1.966881206887637,8,9,5,True,True,2.680568303178439,3.068258475018949,0.8161167626294842,1.3308990581004485,1.5233867794263796,True,persistent,True
10169,46,-0.2756297739356521,3.50703125,False,False,False,False,2.016387963682061,2.626363244144344,2.626363244144344,2.940493901848599,8,9,5,False,False,2.795111763559498,3.0987240688544566,1.0287882653365374,1.3877697535242353,1.5385129114828058,False,persistent,False
10170,46,1.175238348848442,3.50703125,False,True,True,True,2.302529689176839,2.9990653847994646,2.9990653847994646,2.880210470866539,8,9,5,True,True,3.5292256658997214,3.9765041332436777,1.1747816231200363,1.7522564558420042,1.9743296968748243,True,persistent,False
10171,46,2.0722304720366878,3.50703125,True,True,True,True,2.117897211371081,2.7585799414630263,2.7585799414630263,3.283122152876933,8,9,5,True,True,2.684291841122121,3.129149022951843,1.0805796491012494,1.3327477903771716,1.5536188659563208,True,persistent,True
10172,46,4.418115230091935,3.50703125,True,True,True,True,2.4601048062052886,3.204308375240424,3.204308375240424,3.579261603115858,8,9,5,True,True,2.7383637751190397,3.1099169078174462,1.2551785676702676,1.3595944429846945,1.5440701430652466,True,persistent,True
10173,46,7.124150396819288,3.50703125,False,False,False,False,2.102223947905767,2.738165376497104,2.738165376497104,3.1012754838584584,8,9,5,False,False,2.160266395739287,2.404759077215284,1.0725829392303976,1.0725697636304845,1.1939600968307336,False,persistent,False
10174,46,3.016367430388033,3.50703125,True,True,True,True,3.95147310466405,5.146828839110732,5.146828839110732,5.48616863258613,8,9,5,True,True,2.9024768560270844,3.317824383384392,2.0160947367727418,1.4410763975924148,1.647295963901818,True,persistent,True
10175,46,6.195374556249842,3.50703125,True,True,True,True,3.942741236573313,5.135455503314604,5.135455503314604,5.915992004700882,8,9,5,True,True,2.9353600095053505,3.2772966157372414,2.011639620203898,1.4574028452116394,1.6271739742011453,True,persistent,True
10176,46,3.1647738440437982,3.50703125,True,True,True,True,2.493347654249602,3.247607480277151,3.247607480277151,3.065262522144014,8,9,5,True,True,2.222035702243533,2.489013270715553,1.272139515955192,1.103238152773392,1.235792206326903,True,persistent,True
10177,46,3.2191072708884123,3.50703125,True,True,True,True,0.9324917828502028,1.2145788350532742,1.2145788350532742,1.119118127975321,8,9,5,True,True,1.7803069137219252,2.009809240342982,0.4757698523290238,0.8839203208486571,0.9978679602241024,True,persistent,True
10178,46,4.285529863293505,3.50703125,True,True,True,True,1.7305354815749674,2.2540378455724466,2.2540378455724466,2.566115057476593,8,9,5,True,True,2.182213061594886,2.520372637839091,0.8829424834205972,1.0834662578108525,1.251362095785737,True,persistent,True
10179,46,4.595718145990682,3.50703125,True,True,True,True,2.7116706696890347,3.531975148319478,3.531975148319478,3.81434755152878,8,9,5,True,True,3.734559330439872,4.194661360555994,1.383530855510119,1.854204382484561,2.0826445075825,True,persistent,True
10180,46,4.212661739803304,3.50703125,True,True,True,True,1.7555922152840773,2.286674463930229,2.286674463930229,2.514125833260277,8,9,5,True,True,2.330171489374063,2.680429333234235,0.8957267660447219,1.156927445849164,1.3308300596840952,True,persistent,True
10181,46,4.365267798570741,3.50703125,True,True,True,True,2.6503500119181025,3.452104446561151,3.452104446561151,3.3158346036049764,8,9,5,True,True,3.594402517111144,4.091730529342411,1.352244230974703,1.7846166869856686,2.0315394690915127,True,persistent,True
10182,46,2.0234370270981814,3.50703125,True,True,True,True,2.231552876873678,2.906617455940003,2.906617455940003,2.885452210537917,8,9,5,True,True,2.5031177149256254,2.800549435495433,1.1385682986389942,1.2427950465425237,1.390469551342934,True,persistent,True
10183,46,1.6332008700078644,3.50703125,True,True,True,True,2.498999276726174,3.254968768783924,3.254968768783924,3.586602027232131,8,9,5,True,True,2.378122050737048,2.7401877930376703,1.2750230497734518,1.1807348440332408,1.3605000657688575,True,persistent,True
10184,46,5.49682977296252,3.50703125,True,True,True,True,3.968076747992582,5.1684552321176165,5.1684552321176165,6.076942417716935,8,9,5,True,True,3.25832452550566,3.7434528965324634,2.0245661389661147,1.617754353373178,1.8586200277496896,True,persistent,True
10185,46,3.151313233239052,3.50703125,True,True,True,True,3.4816617350104115,4.534895354501822,4.534895354501822,5.181099520571372,8,9,5,True,True,3.221432605654002,3.701754367172418,1.7763906556500075,1.5994375578922089,1.8379167562144512,True,persistent,True
10186,46,4.684730892987011,3.50703125,True,True,True,True,2.923493497939321,3.807876264774949,3.807876264774949,5.032302244401716,8,9,5,True,True,3.1001889767729844,3.660331928750442,1.4916057121147743,1.5392402365678115,1.8173505635102165,True,persistent,True
10187,46,2.7003205858607435,3.50703125,True,True,True,True,2.8674157407945664,3.7348344876805775,3.7348344876805775,4.24106153734123,8,9,5,True,True,2.5444008599953345,2.9649139772073565,1.4629940860110524,1.263292080258677,1.4720763559485577,True,persistent,True
10188,46,3.9127334170637695,3.50703125,True,True,True,True,3.155898349237772,4.110585649181552,4.110585649181552,4.062598592896351,8,9,5,True,True,3.6968673842152135,4.224283205158396,1.610181793766504,1.835490374835926,2.0973517191218547,True,persistent,True
10189,46,3.4987210042032078,3.50703125,True,True,True,True,2.0467897772441925,2.665961876517206,2.665961876517206,3.4810194108303176,8,9,5,True,True,2.7227541897916625,3.061228536255669,1.0442996796084991,1.3518443019474706,1.5198964229719445,True,persistent,True
10190,46,0.5510155888988352,3.50703125,False,True,True,True,2.7965432395880745,3.6425224249516335,3.6425224249516335,3.389972483865295,8,9,5,True,True,4.017307209831939,4.811109684842539,1.4268339824548175,1.9945883771459167,2.388710386667823,True,persistent,True
10191,46,3.2232879202415443,3.50703125,True,True,True,True,1.414581167406907,1.8425045431991585,1.8425045431991585,1.9408665413867148,8,9,5,True,True,1.9376725632029383,2.2982662022491023,0.7217383418302107,0.9620521835672112,1.141086507741866,True,persistent,True
10192,46,3.891264250866466,3.50703125,True,True,True,True,3.810612354061104,4.963356459494557,4.963356459494557,5.756187178084218,8,9,5,True,True,3.706036754525973,4.178856057319821,1.944225686829505,1.84004295657596,2.074797192830224,True,persistent,True
10193,46,3.492210878377904,3.50703125,True,True,True,True,1.7264233271395917,2.248681727871965,2.248681727871965,2.247697832816818,8,9,5,True,True,2.0682924635252675,2.3681144266815863,0.8808444069072655,1.026904812803345,1.1757660702797632,True,persistent,True
10194,46,3.464964630720019,3.50703125,True,True,True,True,1.697655124525181,2.211210888277874,2.211210888277874,2.320170219742033,8,9,5,True,True,2.5424227782111264,2.92866756770789,0.8661664829176356,1.262309964943679,1.4540800556098707,True,persistent,True
10195,46,4.8915003466087,3.50703125,True,True,True,True,3.62464967843103,4.721138421669286,4.721138421669286,4.879844752410899,8,9,5,True,True,3.612780142085072,4.100541535232142,1.8493450279857333,1.793741156501675,2.035914123311536,True,persistent,True
10196,46,2.7950838477697224,3.50703125,True,True,True,True,3.735924376970464,4.866074705514953,4.866074705514953,5.42820105396375,8,9,5,True,True,4.50433134752262,5.2786191394619255,1.9061188761479615,2.236395297475513,2.620828289452924,True,persistent,True
10197,46,1.812071217749357,3.50703125,True,True,True,True,2.162966293878777,2.8172828219986616,2.8172828219986616,3.5293039417004723,8,9,5,True,True,1.9210918480299624,2.1863113307577327,1.1035745013065428,0.9538198776863356,1.085501043703906,True,persistent,True
10198,46,2.8159807738831266,3.50703125,True,True,True,True,1.38388838278249,1.802526918431548,1.802526918431548,1.5530591972573091,8,9,5,True,True,2.1066642865305463,2.5199812692220926,0.7060784702078661,1.0459563784861772,1.2511677817206504,True,persistent,True
10199,46,1.6151947372825624,3.50703125,False,False,False,False,0.8954539928612368,1.1663367844045849,1.1663367844045849,1.1533105755033626,8,9,5,False,False,1.48486450473915,1.7050896659653978,0.4568726736109627,0.7372335069473408,0.8465750444483615,False,persistent,False
10200,46,3.511847422355,3.50703125,True,True,True,True,2.2091962121976043,2.877497701495685,2.877497701495685,3.2057116345939063,8,9,5,True,True,2.3339079535725684,2.6583812538880345,1.127161627559284,1.158782595996437,1.3198832138230931,True,persistent,
10201,46,1.948665248204284,3.50703125,True,True,True,True,2.3224459923552736,3.0250065467034264,3.0250065467034264,3.949343552358907,8,9,5,True,True,2.078779958843568,2.4084606071026995,1.184943188933712,1.0321118420830715,1.1957979021330087,True,persistent,
10202,46,6.9015069510610925,3.50703125,False,False,False,False,1.9154398618538109,2.49487744429672,2.49487744429672,2.7447381006891107,8,9,5,False,False,2.7594141090958644,3.1250696698687386,0.9772831857390292,1.3700459094253132,1.551593471874952,False,persistent,
10203,46,-1.6431606039272568,3.50703125,False,False,False,False,2.7373157123064584,3.565378044259169,3.565378044259169,3.8460547116141455,8,9,5,False,False,2.9145626561708347,3.330322964530032,1.3966153012537263,1.4470769833669443,1.6535014949657347,False,persistent,
10204,46,1.1760817896468054,3.50703125,False,False,False,False,1.0250711175460214,1.3351642413301656,1.3351642413301656,1.147188966654317,8,9,5,False,True,2.179725013867307,2.528955758888879,0.5230050743513766,1.0822309449955745,1.2556236054466474,True,persistent,
10205,46,5.942479205467087,3.50703125,False,True,True,True,2.2262897331419422,2.899762164451138,2.899762164451138,2.863721255242229,8,9,5,True,True,2.579507940156518,3.0364930523726983,1.1358829719025156,1.2807227049003893,1.5076152838707806,True,persistent,
10206,46,1.1439177780511147,3.50703125,False,False,False,True,1.6926207065565797,2.2046535141283825,2.2046535141283825,2.372413269821489,8,9,5,False,False,1.9228202834763748,2.217968440908683,0.8635978551425331,0.9546780438837384,1.1012187622310272,False,persistent,
10207,46,2.6292315388897998,3.50703125,True,True,True,True,2.1231943975987893,2.7654795736054614,2.7654795736054614,2.941422005889802,8,9,5,True,True,2.258324602508414,2.5392962125888823,1.0832823447771434,1.121255549727897,1.2607576287331823,True,persistent,
10208,46,3.660267675383896,3.50703125,True,True,True,True,1.3402370823728758,1.745670711679765,1.745670711679765,1.7143573666652514,8,9,5,True,True,2.0042841534433338,2.223231900870346,0.6838069895022948,0.9951247609771569,1.103832064006259,True,persistent,
10209,46,1.6301519147496657,3.50703125,False,True,True,True,1.5312035588383943,1.9944062445664688,1.9944062445664688,2.2798916225012973,8,9,5,False,False,1.6104733027030032,1.8319549966258408,0.7812406548479432,0.7995981296659634,0.9095635341956214,True,persistent,
10210,46,3.769990071263866,3.50703125,True,True,True,True,2.5882532261373004,3.371222831171822,3.371222831171822,3.577782921426992,8,9,5,True,True,2.92192666563442,3.293079527111529,1.3205616154874784,1.450733205537186,1.6350101714199274,True,persistent,
10211,46,3.343879829294517,3.50703125,True,True,True,True,2.4000317646087024,3.126062704637867,3.126062704637867,3.596347033905957,8,9,5,True,True,3.158910221541741,3.654053902654728,1.2245284936910588,1.5683952665890784,1.81423353082442,True,persistent,
10212,46,1.9264043701713,3.50703125,True,True,True,True,1.6534436236179268,2.153625015398911,2.153625015398911,2.32441308548884,8,9,5,True,True,2.0222050885163174,2.2362896098218026,0.8436091803818472,1.004022484486247,1.1103152013782251,True,persistent,
10213,46,4.502349696059628,3.50703125,True,True,True,True,2.5715926149496298,3.3495222370220854,3.3495222370220854,3.50540869100036,8,9,5,True,True,2.6918511722863,3.082704241374136,1.31206114752599,1.3365009895455515,1.5305590856917564,True,persistent,
10214,46,3.566410935914709,3.50703125,True,True,True,True,1.914415365355033,2.493543028501443,2.493543028501443,3.1732147245285067,8,9,5,True,True,2.5823605534888845,2.9572730290525078,0.976760473842904,1.2821390241162325,1.4682826340388322,True,persistent,
10215,46,2.553350360093929,3.50703125,True,True,True,True,2.5242182591776574,3.2878167175706987,3.2878167175706987,2.6271077232462456,8,9,5,True,True,2.789162578781632,3.206591143690967,1.2878901138886516,1.3848159901719117,1.5920687892157994,True,persistent,
10216,46,1.5799172193324942,3.50703125,False,False,False,False,0.389651070907155,0.5075239830351392,0.5075239830351392,0.5459702554979121,8,9,5,False,False,0.5108510380862813,0.5843221204354733,0.1988052183137828,0.253636948781532,0.2901152560793599,False,persistent,
10217,46,2.3440036778775664,3.50703125,True,True,True,True,2.821581749803156,3.675135307046476,3.675135307046476,4.042209524116154,8,9,5,True,True,3.261087824510905,3.707987717630306,1.4396089672071302,1.6191263281290424,1.8410116074978065,True,persistent,
10218,46,0.4894570270499704,3.50703125,False,False,False,False,1.3064981289316209,1.7017254249541884,1.7017254249541884,1.1999000230684294,8,9,5,False,False,2.395538165065952,2.729650125838771,0.6665929215697944,1.18938192462754,1.3552681262085182,True,persistent,
10219,46,4.723141368034729,3.50703125,True,True,True,True,1.2869348650317014,1.6762440998482695,1.6762440998482695,1.86126945183074,8,9,5,True,True,2.0922820138257863,2.4364475720890275,0.6566114811454197,1.0388155967447037,1.2096933978363744,True,persistent,
10220,46,5.994404163886019,3.50703125,False,True,True,True,2.1603028942304268,2.813813720284664,2.813813720284664,4.243989060652986,8,9,5,False,False,2.1624151259697806,2.45925988006499,1.102215598975505,1.0736366057014308,1.2210196823269828,True,persistent,
10221,46,2.764451160014048,3.50703125,True,True,True,True,3.0017724545216087,3.9098353014586777,3.9098353014586777,4.363166566824202,8,9,5,True,True,2.6174673809771334,3.035533955392097,1.5315446888420443,1.2995695233061255,1.5071390933306643,True,persistent,
10222,46,3.0093265771957967,3.50703125,True,True,True,True,1.972517155551578,2.569221126635167,2.569221126635167,2.601873360738412,8,9,5,True,True,2.2678634324572684,2.5712275489340968,1.0064047888387633,1.1259915677503656,1.2766115002481682,True,persistent,
10223,46,1.940897934370682,3.50703125,False,True,True,True,1.5061643850015596,1.9617924980983947,1.9617924980983947,1.8154907037864605,8,9,5,True,True,2.291622608902705,2.636422928030988,0.7684653315068846,1.1377879713394776,1.308980930465511,True,persistent,
10224,46,3.221562384068807,3.50703125,True,True,True,True,1.3610619480741486,1.7727952843449335,1.7727952843449335,2.105594984650635,8,9,5,True,True,1.258608532452164,1.428422401614179,0.6944321161379232,0.6248976787390843,0.7092100681126874,True,persistent,
10225,46,-0.1254023911183808,3.50703125,False,False,False,False,0.8750190565394108,1.139720098221798,1.139720098221798,1.1603267925392922,8,9,5,False,False,1.360640076132123,1.592307004244551,0.446446494190409,0.6755562220111123,0.790578583520149,False,persistent,
10226,46,2.8482131372208483,3.50703125,True,True,True,True,1.127814697560931,1.468988667473938,1.468988667473938,1.607449808386327,8,9,5,True,True,1.533264056748108,1.7600590316927862,0.5754262310741068,0.7612638284671569,0.8738672708707264,True,persistent,
10227,46,7.548577464555679,3.50703125,False,False,False,True,2.985147203858509,3.888180764706476,3.888180764706476,4.460754045259843,8,9,5,True,True,4.05598906114886,4.72841658483835,1.5230622622958938,2.013793871526429,2.34765335828452,True,persistent,
10228,46,2.058228909690677,3.50703125,True,True,True,True,2.0386778224089865,2.655395983246132,2.655395983246132,2.920133451045046,8,9,5,True,True,2.297138925239819,2.5626097483324606,1.0401608511222586,1.140526816012282,1.2723327722299285,True,persistent,
10229,46,3.0774232030242232,3.50703125,True,True,True,True,1.8437039201877423,2.401440742695008,2.401440742695008,2.246733483610332,8,9,5,True,True,2.513263150708539,2.857011218123481,0.9406825432445404,1.247832243659078,1.4185027610280745,True,persistent,
10230,46,2.1344180021017816,3.50703125,True,True,True,True,3.2268947665019603,4.203059113676999,4.203059113676999,4.219486532019983,8,9,5,True,True,3.763039280544657,4.360811572929907,1.6464051209624055,1.868344644728304,2.1651378956037752,True,persistent,
10231,46,0.2235551230593307,3.50703125,False,False,False,False,1.1801948266477158,1.5372142511586655,1.5372142511586655,1.2904339413779842,8,9,5,False,False,2.18988213033206,2.489735840200151,0.6021512775988312,1.0872739415571346,1.2361509612391814,False,persistent,
10232,46,0.6943121059129489,3.50703125,True,True,True,True,3.119385272796194,4.063027042591936,4.063027042591936,5.763143434255134,8,9,5,True,True,3.478919381240319,3.8821476969633903,1.591552330959239,1.7272794437694734,1.9274818355380152,True,persistent,
10233,46,-0.5035079277838032,3.50703125,False,False,False,False,2.202119561641404,2.8682803012496936,2.8682803012496936,3.036155871268304,8,9,5,False,False,2.655390829520356,2.9821315597036917,1.1235510252440373,1.31839847158782,1.4806248657179104,False,persistent,
10234,46,-0.2388056907104696,3.50703125,True,True,True,True,3.928096724058079,5.116380895604593,5.116380895604593,4.087384771248433,8,9,5,True,True,5.38753761549443,6.247561207640972,2.004167792907461,2.6749061866620765,3.101906904149783,True,persistent,
10235,46,3.1687990575793075,3.50703125,True,True,True,True,2.138688499307195,2.78566077879064,2.78566077879064,2.769704214450049,8,9,5,True,True,2.9067193812414724,3.383188299945413,1.0911876439093753,1.4431828064479928,1.679749072774914,True,persistent,
10236,46,0.7713979640747478,3.50703125,False,True,True,True,2.668193740125059,3.475346061143929,3.475346061143929,3.821496597128572,8,9,5,False,True,2.455033581216425,2.913028241075657,1.361348341155786,1.218921329843244,1.44631514804923,True,persistent,
10237,46,3.317389580376534,3.50703125,True,True,True,True,1.632415741077775,2.12623601149671,2.12623601149671,2.4293639502875384,8,9,5,True,True,2.2853209487818624,2.5505180248871837,0.8328804718238575,1.1346592043875765,1.2663292455430506,True,persistent,
10238,46,4.036323588946248,3.50703125,True,True,True,True,1.9991603074270337,2.603924068754537,2.603924068754537,2.549569497993632,8,9,5,True,True,2.8235215933386124,3.293509485646161,1.019998483353283,1.4018752011074895,1.635223645334427,True,persistent,
10239,46,3.8184996890834144,3.50703125,True,True,True,True,1.1312772922930132,1.4734987278876606,1.4734987278876606,1.627612854509577,8,9,5,True,True,2.0320991219177755,2.317340462247514,0.5771928934883566,1.0089348606115642,1.1505568557407395,True,persistent,
10240,46,3.320490625851775,3.50703125,True,True,True,True,1.3334245612656392,1.7367973423886038,1.7367973423886038,1.8199260719761203,8,9,5,True,True,1.5759977525119593,1.8383520386418668,0.6803311495852165,0.7824810589230357,0.9127396581480174,True,persistent,
10241,46,4.700570159904637,3.50703125,True,True,True,True,2.1622074226027697,2.8162943854168927,2.8162943854168927,3.3124903335258478,8,9,5,True,True,2.5969269701098057,2.956083067164565,1.1031873149725044,1.2893712330988183,1.4676918193395911,True,persistent,
10242,46,3.4530318040185377,3.50703125,True,True,True,True,1.8155667985504813,2.3647918916826374,2.3647918916826374,2.5392410026194647,8,9,5,True,True,2.6549525961677984,3.007295049600629,0.926326605259322,1.3181808892358031,1.493118509309325,True,persistent,
10243,46,2.984050694182838,3.50703125,True,True,True,True,2.768467114797848,3.605953022874659,3.605953022874659,4.400015017451523,8,9,5,True,True,3.9347523151048,4.410549308208371,1.4125091658815403,1.95359996752261,2.18983262356712,True,persistent,
10244,46,7.279021415192572,3.50703125,True,True,True,True,4.503134244488642,5.865372376839633,5.865372376839633,6.756177302566038,8,9,5,True,True,4.154675882513406,4.779205371614054,2.2975596717534823,2.062791764042454,2.3728699320989977,True,persistent,
10245,46,3.6934240719037463,3.50703125,True,True,True,True,2.8607514657073807,3.726154210148128,3.726154210148128,3.732033879495172,8,9,5,True,True,3.2765378280767177,3.6550684940896,1.4595938832077429,1.6267972370064647,1.8147372742968124,True,persistent,
10246,46,1.5679698596101792,3.50703125,False,True,True,True,1.9094829562408224,2.4871185217914387,2.4871185217914387,2.28054152836698,8,9,5,True,True,3.472275598609419,3.9337440154616994,0.974243892357626,1.7239808133875485,1.9530993479175456,True,persistent,
10247,46,1.695592789381105,3.50703125,False,False,False,True,1.220541525902213,1.589766185534954,1.589766185534954,1.9963327028450684,8,9,5,False,True,1.6792524812473806,1.9112961334976188,0.6227367063385925,0.8337469121585023,0.9489563167656686,True,persistent,
10248,46,5.174197466730054,3.50703125,True,True,True,True,1.815895486522862,2.365220010688008,2.365220010688008,1.752911160431558,8,9,5,True,True,3.99157179810776,4.672977389820834,0.9264943062846368,1.981810775029633,2.3201278621637265,True,persistent,
10249,46,1.1672098585472503,3.50703125,True,True,True,True,2.9284784161086224,3.814369164995902,3.814369164995902,3.859573622016841,8,9,5,True,True,3.756446017432473,4.367398889196857,1.494149084426358,1.8650710972289135,2.1684084905013936,True,persistent,
10250,46,0.7759835537584177,3.50703125,True,True,True,True,2.9670863167777264,3.864656298760453,3.864656298760453,3.931297674458148,8,9,5,True,True,3.3315121090812507,3.863015702535288,1.5138473547359677,1.6540919038582391,1.917982822461664,True,persistent,
10251,46,3.3528695262528267,3.50703125,True,True,True,True,1.8415250457332015,2.398602739352357,2.398602739352357,2.5588173099398817,8,9,5,True,True,2.8079788310601863,3.118941816368408,0.9395708521856532,1.3941582376366806,1.5485509997088456,True,persistent,
10252,46,0.0985582206850879,3.50703125,False,False,False,False,2.5955266017573333,3.380696467561928,3.380696467561928,3.3654927826929435,8,9,5,True,True,3.547831516013107,4.037039674639631,1.3242725895768153,1.7614942388754382,2.004385523070316,True,persistent,
10253,46,2.820608599972777,3.50703125,True,True,True,True,1.8190796431964908,2.3693674030558656,2.3693674030558656,2.641444262143628,8,9,5,True,True,1.6274374911752896,1.850866166372363,0.928118905855664,0.8080208295958378,0.9189529080733102,True,persistent,
10254,46,1.5892948944144736,3.50703125,True,True,True,True,2.515651295342649,3.2766581710333087,3.2766581710333087,4.441572376388782,8,9,5,True,True,3.505528781820456,4.044502539129389,1.2835191336895213,1.740490980340554,2.008090826646566,True,persistent,
10255,46,2.8170418092183698,3.50703125,True,True,True,True,1.3824261271138396,1.800622317426753,1.800622317426753,1.7708799893329514,8,9,5,True,True,1.826696796902676,2.0561728448809173,0.7053324076941411,0.906952844122712,1.0208874361824332,True,persistent,
10256,46,4.762501807852053,3.50703125,True,True,True,True,1.855954645677544,2.4173974215286607,2.4173974215286607,2.407100514808237,8,9,5,True,True,2.0114456893299075,2.326693036761573,0.946933028197224,0.998680455250902,1.1552003981555383,True,persistent,
10257,46,2.89241397520331,3.50703125,True,True,True,True,2.065603347317988,2.6904667187513973,2.6904667187513973,2.882915269848437,8,9,5,True,True,3.0955448599254463,3.524609098691246,1.0538986161572297,1.5369344379314671,1.749964335569549,True,persistent,
10258,46,2.5085615753452046,3.50703125,True,True,True,True,2.5188578191437,3.280834696783431,3.280834696783431,3.195846297652446,8,9,5,True,True,3.492003551629649,4.298988158826965,1.2851551452698622,1.7337757192146976,2.1344426421007787,True,persistent,
10259,46,1.42141312924109,3.50703125,False,True,True,True,1.9650476768032343,2.559492064177492,2.559492064177492,2.811124591403937,8,9,5,True,True,2.120386750513813,2.42055504271694,1.0025937602952066,1.0527695659615688,1.2018027754086358,True,persistent,
10260,46,1.0199706215414657,3.50703125,False,True,True,False,2.0204927310219496,2.631709740087297,2.631709740087297,1.996511955180612,8,9,5,True,True,3.025254385625017,3.4079437442817384,1.0308825728543736,1.5020352988463148,1.6920401222180514,True,persistent,
10261,46,1.0941391325029,3.50703125,True,True,True,True,3.5248664607519884,4.591169893779377,4.591169893779377,3.818413775350197,8,9,5,True,True,4.19267373835395,4.707129522104884,1.7984342879522217,2.0816576554610955,2.337084356290389,True,persistent,
10262,46,3.419695655533725,3.50703125,True,True,True,True,2.890469052845591,3.764861631522499,3.764861631522499,4.191346159833274,8,9,5,True,True,2.2585937930742794,2.60518301562236,1.4747561959533904,1.1213892025320935,1.2934703501342857,True,persistent,
10263,46,2.56438587570183,3.50703125,True,True,True,True,3.3384692388020785,4.348385855510316,4.348385855510316,4.428226597321014,8,9,5,True,True,2.8428069810062384,3.3273031936098643,1.7033319177301616,1.411450373749616,1.6520021822011377,True,persistent,
10264,46,5.035710424076815,3.50703125,True,True,True,True,2.6683608053207637,3.4755636650461925,3.4755636650461925,3.541944448053334,8,9,5,True,True,2.390931401119217,2.751877020409317,1.3614335800661457,1.1870946716631856,1.3663037536213178,True,persistent,
10265,46,2.3438591442731647,3.50703125,True,True,True,True,1.6313437085807123,2.124839679641171,2.124839679641171,2.2397665858802447,8,9,5,True,True,2.3381773348762205,2.6402819255507675,0.83233350642191,1.160902338869232,1.3108969182648875,True,persistent,
10266,46,2.347640783460044,3.50703125,True,True,True,True,1.6895487978476351,2.2006523257321744,2.2006523257321744,1.477365746458008,8,9,5,True,True,3.5503833800883373,4.044435615873517,0.8620305259931484,1.7627612364334178,2.008057599327531,True,persistent,
10267,46,5.105340398505246,3.50703125,True,True,True,True,3.8387067993987367,4.99994972424736,4.99994972424736,5.319324935011972,8,9,5,True,True,3.9962087964005137,4.549132908537748,1.9585598507925333,1.9841130393117712,2.258639220633809,True,persistent,
10268,46,2.556241229021396,3.50703125,True,True,True,True,1.6999658681919174,2.21422065244145,2.21422065244145,2.0917735186937847,8,9,5,True,True,1.528343305875671,1.7132888926679808,0.8673454554226084,0.7588206813578264,0.8506459510104813,True,persistent,
10269,46,3.5658389278062783,3.50703125,True,True,True,True,1.31438012327097,1.7119917926355444,1.7119917926355444,1.8793660442681648,8,9,5,True,True,1.7356235849209671,1.965444638747932,0.6706144211174133,0.8617350998477696,0.9758409869118227,True,persistent,
10270,46,6.201295356327251,3.50703125,False,True,True,False,2.140300848924591,2.7877608784976955,2.7877608784976955,2.644692903163503,8,9,5,True,True,3.1360433002948374,3.727528624244784,1.0920102863749492,1.5570418666726968,1.850713645001122,True,persistent,
10271,46,4.09192563099979,3.50703125,True,True,True,True,2.1753735651075443,2.83344340304868,2.83344340304868,3.94477641144165,8,9,5,True,True,2.884828812631893,3.3748640778840286,1.109904858001241,1.4323141644853066,1.675616106161909,True,persistent,
10272,46,7.292609631004527,3.50703125,False,True,True,True,3.4040716565416456,4.433833587683632,4.433833587683632,5.176954199238313,8,9,5,True,True,3.91645182746858,4.608982427937908,1.7368031538036646,1.944513796605441,2.288354437702887,True,persistent,
10273,46,4.807200859299964,3.50703125,True,True,True,True,2.6947937162570232,3.50999276647366,3.50999276647366,4.705017609558013,8,9,5,True,True,1.9766846583314417,2.2772286888875173,1.3749200068251373,0.9814216436177108,1.130641406721866,True,persistent,
10274,46,3.314941879351224,3.50703125,True,True,True,True,2.7135812561266857,3.534463704135614,3.534463704135614,4.3708901619605625,8,9,5,True,True,2.577136662107557,2.915877093239144,1.384505662413537,1.279545368095312,1.4477295998490802,True,persistent,
10275,46,3.572201638487493,3.50703125,True,True,True,True,3.375719174143924,4.396904227366657,4.396904227366657,5.17034444460789,8,9,5,True,True,3.5189791201008727,3.9052514576540953,1.722337335861232,1.7471690577196357,1.938952825963955,True,persistent,
10276,46,2.0147236751227986,3.50703125,False,True,True,True,1.3413417385281,1.7471095361400146,1.7471095361400146,1.600455388148939,8,9,5,True,True,1.9867324179641128,2.2487278024371493,0.6843705999335191,0.9864103446387912,1.1164907496067886,True,persistent,
10277,46,5.663636360263705,3.50703125,True,True,True,True,3.0741729006319702,4.004137526005129,4.004137526005129,3.9228336770559142,8,9,5,True,True,2.966018822420703,3.424489831116825,1.5684843704435236,1.4726249103174376,1.7002552351692692,True,persistent,
10278,46,3.03412825372747,3.50703125,True,True,True,True,1.3508095836324046,1.759441488537603,1.759441488537603,2.021251975484473,8,9,5,True,True,1.6320326535941148,1.811253351908415,0.6892012218757102,0.8103023224150214,0.8992851915684693,True,persistent,
10279,46,3.0292427608627657,3.50703125,True,True,True,True,1.6507531542630178,2.1501206551515275,2.1501206551515275,2.966020840515206,8,9,5,True,True,1.7922404520932755,2.09485792117851,0.8422364667223571,0.8898453088295281,1.0400945317621135,True,persistent,
10280,46,1.4802949814830049,3.50703125,True,True,True,True,2.559183833875617,3.333359689385217,3.333359689385217,3.5099432089150957,8,9,5,True,True,2.84989921398966,3.2651427823125907,1.3057300204879363,1.414971659212207,1.6211396099814397,True,persistent,
10281,46,3.924102884990911,3.50703125,True,True,True,True,2.054090916044455,2.675471674696317,2.675471674696317,3.126548476152346,8,9,5,True,True,2.808513397912721,3.1960201796927814,1.0480248188458845,1.39442364945987,1.586820317833176,True,persistent,
10282,46,1.6417205719428412,3.50703125,False,False,False,False,1.414988036085954,1.843034493269824,1.843034493269824,1.7178663292760017,8,9,5,False,False,1.5672648203701909,1.8270868168841012,0.7219459317038242,0.7781451682284566,0.9071464885917986,True,persistent,
10283,46,4.202348007668923,3.50703125,True,True,True,True,1.3526394340116417,1.761824884920081,1.761824884920081,1.818075558878861,8,9,5,True,True,2.28544443226475,2.5211349622343886,0.6901348361559915,1.134720513793821,1.251740588965137,True,persistent,
10284,46,3.8084386132729855,3.50703125,True,True,True,True,1.3033740165799592,1.6976562408493607,1.6976562408493607,1.867521861149516,8,9,5,True,True,2.1707627400154044,2.502296653561528,0.6649989574196052,1.0777811864075195,1.2423873905261391,True,persistent,
10285,46,3.635933737031005,3.50703125,True,True,True,True,1.8761554052114615,2.4437090903638574,2.4437090903638574,2.7759010486072087,8,9,5,True,True,2.401097929818689,2.7342456429125144,0.95723972747023,1.1921423413883832,1.357549795113458,True,persistent,
10286,46,2.497992378916342,3.50703125,True,True,True,True,1.8469670220554264,2.40569096187978,2.40569096187978,2.8087126816730827,8,9,5,True,True,2.5974942544640887,2.9775005080067585,0.9423474217156164,1.2896528891237349,1.4783255539137106,True,persistent,
10287,46,5.951432256253138,3.50703125,False,False,False,False,1.7293478947629617,2.25249100319466,2.25249100319466,1.9267182648660135,8,9,5,False,True,2.1350177557008445,2.5155796861038686,0.8823365606526251,1.060033843092427,1.2489824008000263,True,persistent,
10288,46,-0.2140822656299904,3.50703125,False,False,False,False,2.088608430214661,2.720431043691121,2.720431043691121,3.341235851933426,8,9,5,False,False,2.776875954952826,3.165423046200424,1.0656361189361956,1.3787156956703306,1.5716288764894628,True,persistent,
10289,46,6.47156569158891,3.50703125,True,True,True,True,4.229374505796154,5.508797884044317,5.508797884044317,5.508304058602264,8,9,5,True,True,4.023405314155314,4.518054050525325,2.157883770210144,1.9976160788801185,2.243208603623779,True,persistent,
10290,46,3.804348514242011,3.50703125,True,True,True,True,1.650103843636479,2.1492749222894547,2.1492749222894547,2.516692217440713,8,9,5,True,True,1.7488482220822332,2.0029781394141626,0.8419051797055859,0.8683011168825826,0.9944763265241982,True,persistent,
10291,46,6.322795937807229,3.50703125,False,True,True,False,2.2226561551149704,2.89502939677614,2.89502939677614,2.524072599683889,8,9,5,True,True,3.679449275736848,4.262366484061078,1.1340290715109922,1.8268423041487285,2.1162600229919173,True,persistent,
10292,46,1.2481691697769035,3.50703125,False,False,False,False,1.4178562856966657,1.846770413880483,1.846770413880483,1.3774839627693096,8,9,5,False,True,2.205807338341152,2.6097106762168005,0.7234093512414849,1.0951807888903002,1.295718328375838,True,persistent,
10293,46,5.106022532022675,3.50703125,True,True,True,True,3.559632243471741,4.63645263476655,4.63645263476655,6.385640982299776,8,9,5,True,True,2.5590898297117706,2.9373986270555954,1.8161722579964432,1.2705851367112544,1.4584150164643663,True,persistent,
10294,46,4.7009415288351,3.50703125,True,True,True,True,2.722575350898834,3.5461785925149245,3.5461785925149245,4.113341259587564,8,9,5,True,True,2.606067699159011,2.8760800266754347,1.389094570562946,1.293909594485661,1.4279704023900943,True,persistent,
10295,46,3.34106517494722,3.50703125,True,True,True,True,2.5658243985279303,3.342009083865509,3.342009083865509,3.7938304491621095,8,9,5,True,True,2.376130235274423,2.650179810837852,1.3091181259083997,1.1797459099628147,1.3158112068469567,True,persistent,
10296,46,3.4908146540565514,3.50703125,True,True,True,True,1.7372411311779752,2.262772013779487,2.262772013779487,2.0215220477675464,8,9,5,True,True,2.09570745100826,2.353618792501386,0.8863637960584864,1.0405163223387246,1.1685690046970203,True,persistent,
10297,46,7.301292092532439,3.50703125,False,False,False,False,2.3640729164312964,3.079225985288258,3.079225985288258,3.39910878276619,8,9,5,False,True,3.3777194958890893,3.9119434079162088,1.206181805600152,1.6770338178944966,1.942275371518993,False,persistent,
10298,46,2.946392888594799,3.50703125,True,True,True,True,1.383309275154397,1.801772625598908,1.801772625598908,1.7745707346660995,8,9,5,True,True,2.205311648724092,2.5092761598630107,0.7057830017053359,1.094934679569499,1.245852707321699,True,persistent,
10299,46,8.274584618433947,3.50703125,False,True,True,True,3.778385930013223,4.921381255747056,4.921381255747056,5.943687789103662,8,9,5,False,False,2.50313897662817,2.901129580888876,1.927783331741411,1.2428056029532135,1.4404074770466044,False,persistent,
10300,46,1.4037102621810684,3.50703125,True,True,True,True,3.660157591097825,4.767387793508456,4.767387793508456,6.0582780925966695,8,9,5,True,True,4.974190091656416,5.777540886276625,1.867461642712736,2.4696796197837525,2.8685423589337016,True,persistent,
10301,46,6.569679938584087,3.50703125,False,False,False,False,1.8167921027640024,2.3663878613111256,2.3663878613111256,2.8288690294763805,8,9,5,True,True,3.165625367905058,3.6128874696297286,0.9269517719529552,1.5717293289815002,1.7937944445032985,True,persistent,
10302,46,1.6481260425302566,3.50703125,False,True,True,True,1.4533208254543757,1.892963292120076,1.892963292120076,1.910566639147241,8,9,5,True,True,2.3119803474214584,2.785594284130579,0.741503836526781,1.1478955649372746,1.3830443360101878,True,persistent,
10303,46,4.6249749500484825,3.50703125,True,True,True,True,1.244894126043428,1.6214856636622872,1.6214856636622872,1.9741412113282253,8,9,5,True,True,2.177216899810942,2.512558018478037,0.6351617305437385,1.0809856692712936,1.2474821463232637,True,persistent,
10304,46,6.454171966325662,3.50703125,True,True,True,True,3.874456321200919,5.046513794132768,5.046513794132768,5.335915455609678,8,9,5,True,True,3.78311585744242,4.390787086824052,1.9767997377507536,1.8783126419068987,2.180020703536888,True,persistent,
10305,46,5.796404401694265,3.50703125,True,True,True,True,3.366800331758035,4.385287355889284,4.385287355889284,5.4806913234559484,8,9,5,True,True,3.675609623630025,4.111085201367419,1.7177868224916553,1.82493592132448,2.04114904133684,True,persistent,
10306,46,1.2502806321396922,3.50703125,False,False,False,False,1.1112103973025296,1.4473614188100603,1.4473614188100603,1.6273653271267905,8,9,5,False,False,1.4290590433580237,1.5963255814843942,0.566954493706277,0.7095261600011965,0.7925738024657245,False,persistent,
10307,46,5.843176119813341,3.50703125,True,True,True,True,3.74047661990083,4.872004042391621,4.872004042391621,5.397522489953458,8,9,5,True,True,3.707759641087515,4.271882515145787,1.908441491731904,1.8408983677584512,2.1209847214047413,True,persistent,
10308,46,6.547964724630226,3.50703125,True,True,True,True,3.496495199576671,4.55421607393768,4.55421607393768,5.352621233771855,8,9,5,True,True,3.187632100399955,3.687596744733329,1.783958888824831,1.582655646178715,1.8308875130697104,True,persistent,
10309,46,1.8483521486283263,3.50703125,False,True,True,True,1.3785560980552474,1.7955815701815172,1.7955815701815172,1.9236382102570968,8,9,5,False,True,1.5530282812374727,1.7397913458774672,0.7033578668053329,0.7710767430367248,0.8638043883358923,True,persistent,
10310,46,1.7662053972738256,3.50703125,True,True,True,True,2.121665269768458,2.7634878710157245,2.7634878710157245,3.0357837340483416,8,9,5,True,True,2.1658286409536824,2.498905697668081,1.0825021631869045,1.075331411937668,1.2407037848521865,True,persistent,
10311,46,1.2066319092837283,3.50703125,True,True,True,True,3.1596455496253,4.115466410991039,4.115466410991039,4.056817238323256,8,9,5,True,True,3.5519592388482653,4.113786581154923,1.6120936658149334,1.763543648482684,2.042490273272805,True,persistent,
10312,46,1.5850224208299706,3.50703125,False,False,False,False,1.1301548092811218,1.4720366837881584,1.4720366837881584,1.4587028171024985,8,9,5,True,True,2.0658869732354765,2.323092428917897,0.5766201875550376,1.025710489660317,1.1534127005311,True,persistent,
10313,46,2.7804825643296502,3.50703125,True,True,True,True,1.896023930103315,2.4695880206248986,2.4695880206248986,2.3748655693807814,8,9,5,True,True,1.9177962532718584,2.237680426138879,0.9673769161593352,0.9521836187056408,1.1110057400689173,True,persistent,
10314,46,2.1467832810630347,3.50703125,True,True,True,True,1.3882866039415245,1.8082556405821264,1.8082556405821264,2.1044175732454886,8,9,5,True,True,2.450607433983667,2.8002908244248035,0.7083225018120355,1.216723752868202,1.39034115124587,True,persistent,
10315,46,2.7689435235539026,3.50703125,True,True,True,True,1.557861613783095,2.0291285980659874,2.0291285980659874,2.6287066040427383,8,9,5,True,True,1.9177493312989524,2.220096533218669,0.7948419531088811,0.9521603220004344,1.1022753575983428,True,persistent,
10316,46,3.80995917244698,3.50703125,True,True,True,True,2.055614737046056,2.6774564650944663,2.6774564650944663,3.3860712367747405,8,9,5,True,True,2.025276486128347,2.2662525363137904,1.0488022928207128,1.005547429843564,1.1251917596807446,True,persistent,
10317,46,2.8329817326593782,3.50703125,True,True,True,True,1.2372150348053892,1.61148357907377,1.61148357907377,1.7740987223359774,8,9,5,True,True,1.3291649192262065,1.4897375222268407,0.6312437548880434,0.6599288430594261,0.739652954486426,True,persistent,
10318,46,3.240047849498908,3.50703125,True,True,True,True,2.2488847852163416,2.929192420600538,2.929192420600538,2.521143272346499,8,9,5,True,True,2.904758813628323,3.298477594707005,1.1474112714398537,1.4422093868986423,1.6376903057294556,True,persistent,
10319,46,4.64866268880616,3.50703125,True,True,True,True,2.2423287422077878,2.9206531163124616,2.9206531163124616,3.8072613734672434,8,9,5,True,True,3.1029644322068983,3.5289065672682334,1.1440662900990974,1.5406182469764311,1.7520980237410255,True,persistent,
10320,46,5.174371882007275,3.50703125,True,True,True,True,1.9639167745468604,2.558019053937222,2.558019053937222,2.483518657691015,8,9,5,True,True,2.7574050936171948,3.14949787603833,1.0020167587500894,1.3690484355668409,1.5637220479472882,True,persistent,
10321,46,3.985046270811865,3.50703125,True,True,True,True,1.432819796693314,1.866260519947761,1.866260519947761,1.6036320820837895,8,9,5,True,True,2.336126506467479,2.659645055023694,0.7310439358545943,1.1598841049394033,1.320510689623311,True,persistent,
10322,46,-0.464276265110652,3.50703125,False,False,False,False,1.1927818779814987,1.5536089973933331,1.5536089973933331,1.363284815520948,8,9,5,False,False,2.292891145103425,2.581620515553993,0.6085733605216722,1.1384177980940142,1.2817715961386136,False,persistent,
10323,46,2.374479380279565,3.50703125,True,True,True,True,2.809878189015995,3.6598913151011567,3.6598913151011567,4.097620347932125,8,9,5,True,True,3.4218665722988506,3.9910216147410287,1.433637653046686,1.698952790204201,1.9815376096252308,True,persistent,
10324,46,3.2110243659877544,3.50703125,True,True,True,True,1.4923559935038808,1.9438069454451077,1.9438069454451077,1.37717551550367,8,9,5,True,True,3.0186739953299746,3.431789650287038,0.7614201044018568,1.4987681426857271,1.7038795869331922,True,persistent,
10325,46,2.7102105137999573,3.50703125,True,True,True,True,1.4228499052465904,1.853274647727036,1.853274647727036,1.4016660812306854,8,9,5,True,True,1.5962978209639556,1.8030891122794128,0.7259571631145216,0.7925600193994768,0.8952316560478629,True,persistent,
10326,46,3.002180501156805,3.50703125,True,True,True,True,3.032518981433173,3.949882926032954,3.949882926032954,5.237299786421626,8,9,5,True,True,2.4016906471064283,2.783619831507948,1.5472319805022812,1.1924366248353062,1.3820640225697105,True,persistent,
10327,46,-0.6417737145937354,3.50703125,False,False,False,False,0.9294549618079526,1.2106233486547908,1.2106233486547908,0.6585839444588769,8,9,5,False,False,1.4288225714457663,1.6041315535238685,0.4742204253792175,0.7094087519706245,0.7964494585430482,False,persistent,
10328,46,3.834159217802368,3.50703125,True,True,True,True,2.3149579251668886,3.015253272637385,3.015253272637385,3.554711580577053,8,9,5,True,True,2.258917747877837,2.5386928059809724,1.1811226763179776,1.1215500457168803,1.260458038051174,True,persistent,
10329,46,3.910801941959817,3.50703125,True,True,True,True,3.3500977559887244,4.3635321024989855,4.3635321024989855,4.447303861196189,8,9,5,True,True,4.466759023547914,4.951350093725247,1.709264943636069,2.2177406821354424,2.458339587262453,True,persistent,
10330,46,2.4055891984934514,3.50703125,False,True,True,False,0.9696870643896444,1.2630260198462269,1.2630260198462269,1.0964165417686302,8,9,5,True,True,1.952865599932757,2.306744758429887,0.4947473853548557,0.9695955087081622,1.145296101066415,True,persistent,
10331,46,2.970978968312048,3.50703125,True,True,True,True,1.621822132118988,2.1124377416729847,2.1124377416729847,1.875980526347984,8,9,5,True,True,2.71658276379063,3.1272845488126544,0.8274754700183208,1.348780196085228,1.552693156705504,True,persistent,
10332,46,5.451115610375702,3.50703125,True,True,True,True,2.4306813303606583,3.165984036439972,3.165984036439972,3.0612533498167904,8,9,5,True,True,2.623973316816482,2.993275637521033,1.2401663144632544,1.3027997129156883,1.4861578874480084,True,persistent,
10333,46,2.705463103424608,3.50703125,True,True,True,True,3.316185038481061,4.319360486532514,4.319360486532514,4.550550916851964,8,9,5,True,True,3.282428494273629,3.8498247254880655,1.6919622189392565,1.6297219459511156,1.911433517634492,True,persistent,
10334,46,1.9085602367920544,3.50703125,True,True,True,True,2.186062756510435,2.8473661698553765,2.8473661698553765,2.613707175258292,8,9,5,True,True,2.720177908743968,3.139572838134712,1.1153586272556204,1.3505651813909405,1.5587942781225557,True,persistent,
10335,46,3.662786335252232,3.50703125,True,True,True,True,2.6102948221136213,3.399932205834414,3.399932205834414,4.744495051145879,8,9,5,True,True,2.8577027275631286,3.2407110088804334,1.3318075342779874,1.418846094664006,1.6090092627673709,True,persistent,
10336,46,4.548825162037731,3.50703125,True,True,True,True,2.8835337895649245,3.7558283894595257,3.7558283894595257,5.156144940926298,8,9,5,True,True,2.7271463530603968,3.073628463424064,1.47121773132819,1.3540250059237322,1.5260529724504122,True,persistent,
10337,46,6.108604042954559,3.50703125,False,False,False,False,1.9364408422670971,2.522231407939576,2.522231407939576,2.300108240627338,8,9,5,False,True,2.493763810172249,2.8226141369644875,0.9879981684699808,1.2381508436654438,1.4014246500686824,True,persistent,
10338,46,5.149126760125406,3.50703125,True,True,True,True,1.990755328018973,2.5929765083729466,2.5929765083729466,3.652355830254925,8,9,5,False,True,1.527624385660867,1.749951043456324,1.0157101497879415,0.7584637383037742,0.8688486664176158,True,persistent,
10339,46,3.733683986579002,3.50703125,True,True,True,True,3.008570593427351,3.918689937804565,3.918689937804565,4.703266539013439,8,9,5,True,True,3.2550682257700863,3.661050733400217,1.535013190766438,1.6161376043256612,1.8177074491863647,True,persistent,
10340,46,3.944163755709226,3.50703125,True,True,True,True,2.5935240939528863,3.3780881833485528,3.3780881833485528,2.960238885426188,8,9,5,True,True,3.316237595798809,3.874520864962149,1.3232508831554488,1.6465081257032717,1.923695122282208,True,persistent,
10341,46,3.798458313450364,3.50703125,True,True,True,True,1.8083360828263209,2.355373820186061,2.355373820186061,2.6924749124332923,8,9,5,True,True,1.7782261604009668,2.0501160599329484,0.9226373968227582,0.8828872292345694,1.0178802494702683,True,persistent,
10342,46,1.9187849701875972,3.50703125,True,True,True,True,1.788359525809925,2.329354177122626,2.329354177122626,2.7421226141705923,8,9,5,True,True,2.074879768943735,2.329050107925939,0.9124450886903662,1.0301754023147045,1.156370681258868,True,persistent,
10343,46,3.095929902177045,3.50703125,True,True,True,True,2.502369613454273,3.259358662327478,3.259358662327478,4.009782590748559,8,9,5,True,True,3.5271459323220613,4.1071730496116645,1.2767426409129312,1.751223870529283,2.03920666252086,True,persistent,
10344,46,1.329504649700137,3.50703125,False,True,True,True,1.989067551424578,2.5907781643579626,2.5907781643579626,3.59351075873699,8,9,5,True,True,2.4967389827407858,2.921240339530569,1.014849023463991,1.2396280134001063,1.4503924454214745,True,persistent,
10345,46,4.157236993811729,3.50703125,True,True,True,True,2.071389833196881,2.698003668038346,2.698003668038346,3.162475034455113,8,9,5,True,True,2.8310451558442864,3.255834359228053,1.0568509590976576,1.4056106411783462,1.616517988700265,True,persistent,
10346,46,3.2273132772755058,3.50703125,True,True,True,True,1.96220550217662,2.555790106465371,2.555790106465371,2.6034836396264662,8,9,5,True,True,2.368395721141216,2.748272694228416,1.0011436445652164,1.175905732653196,1.364514209846753,True,persistent,
10347,46,7.370538692863915,3.50703125,True,True,True,True,4.215207808826796,5.490345635329586,5.490345635329586,6.538199493056821,8,9,5,False,True,3.503229655152073,3.936876867862525,2.150655730833217,1.7393494666123732,1.9546548055063275,True,persistent,
10348,46,1.9224750736362208,3.50703125,True,True,True,True,1.920808237563285,2.50186980137188,2.50186980137188,2.635098736709756,8,9,5,True,True,1.6606815954698606,1.889026565369528,0.9800222032462254,0.8245264888773325,0.9378995019809692,True,persistent,
10349,46,3.8248213112925584,3.50703125,True,True,True,True,1.936811089323664,2.522713658021471,2.522713658021471,1.3627917641780338,8,9,5,True,True,3.058935089020276,3.4796950355279503,0.9881870734991376,1.5187577290756653,1.7276645552249792,True,persistent,
10350,46,3.9937612061006087,3.50703125,True,True,True,True,1.888158112641946,2.45934272347089,2.45934272347089,2.180130368148934,8,9,5,True,True,2.011967516893494,2.248768992435778,0.9633636702724876,0.998939542031882,1.1165112003934048,True,persistent,
10351,46,2.0700869040578884,3.50703125,True,True,True,True,1.7670857036040677,2.3016448346199567,2.3016448346199567,2.24680507543242,8,9,5,True,True,2.046432842215505,2.329748556279149,0.9015908984063316,1.0160515361391766,1.1567174600573478,True,persistent,
10352,46,2.698543297681801,3.50703125,True,True,True,True,1.9160783591265973,2.4957090926694225,2.4957090926694225,2.6182090746619417,8,9,5,True,True,2.4843490876984786,2.8042185735602665,0.977608955637245,1.2334764448606228,1.3922912741428108,True,persistent,
10353,46,2.8070538721716454,3.50703125,True,True,True,True,3.133785751779523,4.081783794457696,4.081783794457696,3.521617688461396,8,9,5,True,True,3.727071891449407,4.269610622375287,1.5988996490647396,1.8504868776971704,2.119856729275319,True,persistent,
10354,46,2.599864254220978,3.50703125,True,True,True,True,1.0599742192552035,1.380625841521547,1.380625841521547,0.9892974299616504,8,9,5,True,True,1.6624145765000011,1.9660672494233455,0.5408131063913438,0.8253869119517921,0.9761501123911062,True,persistent,
10355,46,4.046921013226128,3.50703125,True,True,True,True,1.6198711316340135,2.109896546201014,2.109896546201014,2.017433305559729,8,9,5,True,True,2.1828438697728947,2.4541533853807334,0.826480043324272,1.0837794533406802,1.218484313630198,True,persistent,
10356,46,4.392412675242981,3.50703125,True,True,True,True,1.7699668261781625,2.305397522379836,2.305397522379836,1.628752634133028,8,9,5,True,True,2.433040767846114,2.76497341934758,0.9030608859030892,1.208001923475266,1.3728061005269252,True,persistent,
10357,46,4.6520416627901175,3.50703125,True,True,True,True,4.044148377492276,5.267539205657773,5.267539205657773,5.505535815202555,8,9,5,True,True,3.778081342221094,4.5407022674124295,2.063378907720895,1.875813010930098,2.2544534170788078,True,persistent,
10358,46,6.1885627668883485,3.50703125,False,False,False,False,1.1288734233483424,1.4703676672218873,1.4703676672218873,0.922832216866064,8,9,5,True,True,2.8897441971225195,3.279465653214023,0.5759664072137766,1.4347546471922827,1.628250898796355,True,persistent,
10359,46,5.51902387799154,3.50703125,False,False,False,True,1.5031473446347503,1.9578627762054817,1.9578627762054817,2.1950108366226,8,9,5,True,True,2.4929485026981406,2.7978803526510068,0.7669259969237957,1.2377460444487751,1.3891443548018023,True,persistent,
10360,46,5.6673803050420375,3.50703125,True,True,True,True,2.226734904783899,2.9003420044714265,2.9003420044714265,2.540317647643142,8,9,5,True,True,2.193484893877226,2.5120048374500987,1.1361101044630917,1.0890627094848664,1.247207492583544,True,persistent,
10361,46,2.608196573994667,3.50703125,True,True,True,True,3.2708921236651407,4.2603660624260185,4.2603660624260185,4.354327988726942,8,9,5,True,True,3.4346631862081884,4.0720365747389815,1.6688531644791131,1.7053062941901351,2.0217614434389306,True,persistent,
10362,46,3.106491641471452,3.50703125,True,True,True,True,2.714661639270294,3.5358709127824977,3.5358709127824977,4.206497055675414,8,9,5,True,True,2.8964309009370117,3.2698560817741016,1.3850568884276926,1.4380745878921528,1.6234797577054996,True,persistent,
10363,46,5.604460618233707,3.50703125,False,False,False,False,1.2727801458964767,1.6578074523689543,1.6578074523689543,1.1011257406571546,8,9,5,True,True,2.79914517619721,3.127012927581025,0.6493895530206049,1.3897723382276712,1.552558297078571,True,persistent,
10364,46,2.751591152934329,3.50703125,True,True,True,True,1.370597556222143,1.785215498709199,1.785215498709199,1.9722200196288169,8,9,5,True,True,1.931424623685516,2.178012485259021,0.6992973116966144,0.9589500888326932,1.081380676524879,True,persistent,
10365,46,2.2156586378718788,3.50703125,False,True,True,False,1.237933470669896,1.6124193481726743,1.6124193481726743,1.204441832222312,8,9,5,True,True,1.821012773478616,2.0745737963474418,0.6316103105311608,0.9041307330754642,1.0300234872749985,True,persistent,
10366,46,5.928702002267363,3.50703125,True,True,True,True,2.9991311588967453,3.90639499043173,3.90639499043173,4.501194099942001,8,9,5,True,True,4.2019114807956095,4.810310327582172,1.5301970642811529,2.086244183884938,2.3883135067138053,True,persistent,
10367,46,2.697084562672424,3.50703125,True,True,True,True,2.050161589304797,2.6703536916944617,2.6703536916944617,2.918081487226962,8,9,5,True,True,3.4258811108706104,4.065985148363365,1.0460200234824706,1.700946003955751,2.018756917251733,True,persistent,
10368,46,3.107282433897143,3.50703125,True,True,True,True,2.1390741894412604,2.786163143618234,2.786163143618234,3.535865870713685,8,9,5,True,True,2.764038954773136,3.2153835509606568,1.0913844282044265,1.3723421399479387,1.5964342092425117,True,persistent,
10369,46,4.005994442783698,3.50703125,True,True,True,True,1.6988991963181803,2.2128313028454376,2.2128313028454376,2.3301259165136896,8,9,5,True,True,2.129482909417335,2.414109404778499,0.8668012250827977,1.057285798322697,1.198602523637041,True,persistent,
10370,46,3.9253760306411416,3.50703125,True,True,True,True,1.766744713239957,2.301200691640016,2.301200691640016,2.337563589834928,8,9,5,True,True,2.3023938809430566,2.6740951002147275,0.9014169205352532,1.143135895433055,1.3276851203257305,True,persistent,
10371,46,4.535287500125534,3.50703125,True,True,True,True,1.5778944541080508,2.055221550639063,2.055221550639063,1.910600703922949,8,9,5,True,True,3.03706146818248,3.4402496694619438,0.8050629777424743,1.507897501662042,1.70807997665579,True,persistent,
10372,46,6.285081928167818,3.50703125,True,True,True,True,2.7988300202818337,3.645500977129926,3.645500977129926,3.924607780897048,8,9,5,True,True,3.80631948709522,4.445781570511091,1.428000728728606,1.889833217156858,2.2073254009971293,True,persistent,
10373,46,4.087380584210673,3.50703125,True,True,True,True,2.1480260501956066,2.797823021813986,2.797823021813986,3.054464841033943,8,9,5,True,True,2.3974091889974165,2.774539609970054,1.0959517879897829,1.1903108858426366,1.3775557030921588,True,persistent,
10374,46,2.900085025633141,3.50703125,True,True,True,True,2.0393439641634283,2.6562636388018914,2.6562636388018914,3.921325081801699,8,9,5,True,True,1.982717582642592,2.20620242038497,1.0405007256069134,0.9844169835513288,1.0953769466675023,True,persistent,
10375,46,2.9753598502482883,3.50703125,True,True,True,True,1.463544254251569,1.9062793989932012,1.9062793989932012,1.6376262299248638,8,9,5,True,True,2.775395956077318,3.145978538733801,0.7467199674338758,1.3779808779426612,1.561974701051415,True,persistent,
10376,46,2.139098746484182,3.50703125,True,True,True,True,1.972511075656829,2.5692132075182186,2.5692132075182186,3.249714998267975,8,9,5,True,True,2.1843452965657355,2.4887995556831557,1.00640168679467,1.0845249100044887,1.2356860970608257,True,persistent,
10377,46,3.0587860179616744,3.50703125,True,True,True,True,2.821281133156375,3.6747437511921945,3.6747437511921945,4.419482856624692,8,9,5,True,True,2.899580814070788,3.2677966051026304,1.439455588549777,1.4396385161150862,1.6224572299232412,True,persistent,
10378,46,0.3501242666160822,3.50703125,False,False,False,False,1.5330291882325633,1.99678414307838,1.99678414307838,2.1342886314110454,8,9,5,False,False,1.8440752403599123,2.115473556097336,0.7821721155248582,0.9155812211728558,1.050330170623871,False,persistent,
10379,46,5.38049797471588,3.50703125,True,True,True,True,3.6704547683657514,4.78079995842018,4.78079995842018,6.2125338971848,8,9,5,True,True,3.6968507755505526,4.266484678992437,1.8727154010817293,1.8354821286531569,2.1183047020059607,True,persistent,
10380,46,4.654012566569734,3.50703125,True,True,True,True,3.039971741058919,3.959590211684848,3.959590211684848,4.712343636589338,8,9,5,True,True,2.627648939206921,3.0261990474522014,1.551034478724568,1.304624655175719,1.5025043223494772,True,persistent,
10381,46,4.536576052053101,3.50703125,False,True,True,False,0.9136309039732768,1.19001237268253,1.19001237268253,0.8331206756275906,8,9,5,True,True,1.793318773321377,2.069453940124002,0.4661467781924958,0.8903806940704517,1.0274814845894835,True,persistent,
10382,46,3.736941757007718,3.50703125,True,True,True,True,2.858447437227245,3.723153192574784,3.723153192574784,4.556985425039577,8,9,5,True,True,3.951076916843944,4.629068389290033,1.4584183368813126,1.961705113380199,2.2983270942522047,True,persistent,
10383,46,3.474477142286186,3.50703125,True,True,True,True,3.068889899492745,3.997256370066519,3.997256370066519,3.79241427502465,8,9,5,True,True,3.0723446423193503,3.531817437404454,1.565788912190604,1.5254155567587446,1.7535432673925142,True,persistent,
10384,46,-1.022777639799098,3.50703125,False,False,False,False,1.7690013053343705,2.304139922899347,2.304139922899347,2.257545803797195,8,9,5,False,False,2.184701332662865,2.591114962449104,0.902568264179531,1.08470168151438,1.2864855780262996,False,persistent,
10385,46,4.383453175304807,3.50703125,True,True,True,True,1.5941930469386316,2.0764506126611084,2.0764506126611084,2.4261205134795656,8,9,5,True,True,2.4637278443464323,2.7822903709402427,0.8133787390679786,1.2232380214182668,1.3814039469375234,True,persistent,
10386,46,1.9984317663351971,3.50703125,True,True,True,True,1.93498558018558,2.52033591614418,2.52033591614418,2.6403257864594725,8,9,5,True,True,2.310327788176549,2.648292637275231,0.987255674178495,1.147075071186044,1.3148742273586946,True,persistent,
10387,46,2.1815124898524507,3.50703125,True,True,True,True,2.2059439234896976,2.87326156654763,2.87326156654763,2.807401491633285,8,9,5,True,True,2.5926645882283967,2.987973473644595,1.1255022661077947,1.2872549654310612,1.4835253692239143,True,persistent,
10388,46,4.56982729833573,3.50703125,True,True,True,True,2.473408442732118,3.2216364800579704,3.2216364800579704,3.5734093701371408,8,9,5,True,True,2.9647436570406835,3.413402533493434,1.26196626199875,1.471991792183056,1.6947504047397093,True,persistent,
10389,46,2.6871474676948304,3.50703125,True,True,True,True,2.408853119657681,3.137552597992457,3.137552597992457,3.4935760512350846,8,9,5,True,True,1.5519430828674643,1.782759804461266,1.2290292677098564,0.7705379433028087,0.8851381782599909,True,persistent,
10390,46,1.5412401274323615,3.50703125,True,True,True,True,3.0905834631519737,4.025512429542823,4.025512429542823,4.602782162834446,8,9,5,True,True,3.215562701672208,3.638337140779374,1.5768572602108883,1.5965231573633183,1.8064301767552493,True,persistent,
10391,46,3.490161901442211,3.50703125,True,True,True,True,1.6104018206705253,2.0975626845088104,2.0975626845088104,1.849086632651035,8,9,5,True,True,2.000561118543108,2.34137242284692,0.8216486734810053,0.9932762784609268,1.1624886963463794,True,persistent,
10392,46,3.659795582260679,3.50703125,True,True,True,True,1.67146951044336,2.177103893201262,2.177103893201262,2.350633136735606,8,9,5,True,True,2.0470703625907096,2.3420616683834314,0.8528062303406388,1.0163680642671389,1.1628309059570263,True,persistent,
10393,46,4.385156118236828,3.50703125,True,True,True,True,1.93699289132217,2.5229504567403627,2.5229504567403627,2.976214480518855,8,9,5,True,True,2.4676806786389296,2.825180343564162,0.9882798313245396,1.2252005990666237,1.4026987686734382,True,persistent,
10394,46,4.8713285231686925,3.50703125,True,True,True,True,1.5639164155129623,2.0370150311335937,2.0370150311335937,1.948391454982467,8,9,5,True,True,2.7470059368557225,3.103595394924178,0.7979311944061025,1.363885266278272,1.540931519234828,True,persistent,
10395,46,4.881536690959895,3.50703125,False,True,True,True,1.366517144180636,1.7799007257588542,1.7799007257588542,2.003758984384417,8,9,5,True,True,2.4155777448631626,2.764631258442209,0.6972154305796616,1.1993315527885582,1.372636218033673,True,persistent,
10396,46,1.7687125137900652,3.50703125,False,True,True,False,1.459925687697668,1.9015661838952984,1.9015661838952984,1.668758248471861,8,9,5,True,True,2.8376592265897256,3.1596861307052486,0.744873726097861,1.4088945196435498,1.5687805045901615,True,persistent,
10397,46,5.574990335173086,3.50703125,True,True,True,True,2.4796509120250114,3.229767351794388,3.229767351794388,3.4012859240458515,8,9,5,True,True,2.404928308192534,2.725025267552292,1.2651512538113003,1.194044119814948,1.352971889425436,True,persistent,
10398,46,6.715273589589277,3.50703125,False,True,True,True,2.519169564670222,3.281240748102488,3.281240748102488,4.4889250560202,8,9,5,False,True,2.791243410438784,3.230554984125332,1.285314202031375,1.385849120679829,1.6039668082383882,True,persistent,
10399,46,5.394781346210754,3.50703125,True,True,True,True,3.5786622155974306,4.661239342596692,4.661239342596692,5.192125412123295,8,9,5,True,True,2.8490618974807824,3.274008156400233,1.825881605783285,1.4145559325352648,1.625541257948761,True,persistent,
10400,46,4.726311213776302,3.50703125,True,True,True,True,1.7499759901838925,2.2793592808208083,2.2793592808208083,2.4135765965868985,8,9,5,True,True,2.467985953616707,2.79786085133425,0.892861292444092,1.2253521677395445,1.3891346724206175,True,persistent,
10401,46,4.817826547537069,3.50703125,True,True,True,True,2.3936307792488827,3.1177253643154037,3.1177253643154037,3.244923943527564,8,9,5,True,True,2.6961475795105705,3.0640499939815324,1.2212626248486618,1.3386341507566342,1.5212972734652406,True,persistent,
10402,46,4.15692815752026,3.50703125,True,True,True,True,3.2146249448013804,4.187077561859082,4.187077561859082,4.780605879855034,8,9,5,True,True,3.8608857329860617,4.439297100305233,1.6401448928660831,1.91692529504724,2.2041058690497346,True,persistent,
10403,46,3.4802007353683004,3.50703125,True,True,True,True,1.2942004959465738,1.68570764869107,1.68570764869107,1.6987969755678076,8,9,5,True,True,2.1148943534835767,2.446377800826089,0.6603185037819949,1.0500425971969274,1.2146237449039,True,persistent,
10404,46,3.51118846010226,3.50703125,True,True,True,True,1.843923710730496,2.4017270218304203,2.4017270218304203,2.3740474011066595,8,9,5,True,True,2.903707891116388,3.3311732142559247,0.9407946833362736,1.441687605088564,1.6539236429699469,True,persistent,
10405,46,2.311663865990862,3.50703125,True,True,True,True,2.157956175896612,2.8107570987974797,2.8107570987974797,3.081684735619237,8,9,5,True,True,2.8676213553760097,3.309233525099725,1.1010182717114252,1.4237706818861111,1.643030612712751,True,persistent,
10406,46,4.705447862458741,3.50703125,True,True,True,True,1.6457926549983568,2.1436595607709,2.1436595607709,2.1938441225607046,8,9,5,True,True,1.825392583903645,2.106567534950766,0.8397055532644256,0.906305303879132,1.0459083414388664,True,persistent,
10407,46,3.941504283787579,3.50703125,True,True,True,True,2.503296045851211,3.2605653487585267,3.2605653487585267,3.823455175614889,8,9,5,True,True,2.302531975157468,2.597596804856761,1.277215319185052,1.1432044590505803,1.2897038052749308,True,persistent,
10408,46,1.1488281725098606,3.50703125,False,False,False,True,1.66171534746046,2.1643990092220395,2.1643990092220395,2.654752851569224,8,9,5,False,False,1.6144947209837464,1.8807813946284213,0.8478295251649826,0.8015947591850556,0.9338057842569312,False,persistent,
10409,46,3.2391382452700603,3.50703125,True,True,True,True,2.2507022893927595,2.9315597359441123,2.9315597359441123,2.4273524701602334,8,9,5,True,True,2.939167269726401,3.3598640616385604,1.1483385865213644,1.459293145502116,1.668168615467897,True,persistent,
10410,46,2.8834195365642006,3.50703125,True,True,True,True,3.2161046335508847,4.1890048696066335,4.1890048696066335,4.352821309791951,8,9,5,True,True,2.7329845952634595,3.178765782139328,1.6408998499721856,1.356923686416151,1.5782535294306,True,persistent,
10411,46,2.873659909824953,3.50703125,True,True,True,True,4.124894993395196,5.372712390538928,5.372712390538928,6.349812447661764,8,9,5,True,True,3.3318795229155893,3.934151220942512,2.1045769174307263,1.654274324401478,1.9533015249671748,True,persistent,
10412,46,3.36901840256488,3.50703125,True,True,True,True,1.8250667343428235,2.377165642486613,2.377165642486613,2.179684529388884,8,9,5,True,True,3.163626626313783,3.660089914437695,0.9311736003022624,1.5707369560962203,1.81723040368422,True,persistent,
10413,46,5.001493418417429,3.50703125,True,True,True,True,1.9713519206393144,2.5677033978054555,2.5677033978054555,2.248327266926033,8,9,5,True,True,2.1793925203355564,2.4638179798462403,1.0058102703107374,1.0820658623421286,1.2232827735895335,True,persistent,
10414,46,1.1157500455570255,3.50703125,False,False,False,False,1.4549107519960451,1.8950341855717032,1.8950341855717032,2.140151004196173,8,9,5,False,True,2.343624517453424,2.708294742198769,0.7423150384374637,1.163606858710306,1.344665202963417,True,persistent,
10415,46,3.487529927437337,3.50703125,True,True,True,True,1.825025942026192,2.3771125101316426,2.3771125101316426,3.11080412844453,8,9,5,True,True,1.6933078771475192,1.8750173919828184,0.931152787513542,0.8407253999450447,0.9309439636188128,True,persistent,
10416,46,1.9145962313013711,3.50703125,True,True,True,True,2.083478792969339,2.713749645587401,2.713749645587401,2.4813564759888957,8,9,5,True,True,2.5424458421500917,2.8866514070885816,1.0630189090051343,1.2623214161626644,1.4332190805222638,True,persistent,
10417,46,2.974396955934255,3.50703125,True,True,True,True,3.205459272028964,4.175139191609455,4.175139191609455,4.343612285386503,8,9,5,True,True,3.5968922039937348,4.252321416621572,1.635468443312716,1.7858528136395118,2.1112726586416257,True,persistent,
10418,46,7.01418213980147,3.50703125,False,False,False,False,1.5321932066791324,1.9956952696749184,1.9956952696749184,1.4776220620713545,8,9,5,False,False,2.376814236364035,2.6921547060209625,0.7817455864899214,1.18008551571165,1.3366516936932822,False,persistent,
10419,46,2.0058689125400204,3.50703125,True,True,True,True,2.16824677687421,2.8241606980326024,2.8241606980326024,3.0452133189618253,8,9,5,True,True,3.051910409468877,3.4754249967635737,1.1062686747686237,1.5152699838138384,1.725544485923696,True,persistent,
10420,46,2.324265836048593,3.50703125,False,True,True,True,1.1496919922193547,1.4974840382096757,1.4974840382096757,1.5848732376814831,8,9,5,True,True,1.763634010678084,1.9863505832412165,0.5865883211218954,0.8756422437966614,0.9862207641410848,True,persistent,
10421,46,4.200966324100556,3.50703125,True,True,True,True,1.692049116508492,2.2039090130105152,2.2039090130105152,2.244814602127335,8,9,5,True,True,2.5654806683597027,2.9079847783729043,0.8633062222104549,1.2737581806985758,1.443811074658263,True,persistent,
10422,46,4.99529790728429,3.50703125,True,True,True,True,3.139314614637392,4.0889851874700325,4.0889851874700325,5.770061512996137,8,9,5,True,True,3.04073859224365,3.412968873814748,1.601720549274064,1.509723189499851,1.6945350932114729,True,persistent,
10423,46,3.782055412816927,3.50703125,True,True,True,True,1.4265251741736569,1.8580617181699512,1.8580617181699512,1.911188646854308,8,9,5,True,True,1.8462992002686904,2.125444556734132,0.7278323347641368,0.9166854146919452,1.0552807608923955,True,persistent,
10424,46,2.1001273260213607,3.50703125,True,True,True,True,3.124491306743124,4.069677697189715,4.069677697189715,4.205821499077585,8,9,5,True,True,3.1451421871689207,3.600148657872773,1.5941574981699274,1.5615594534680497,1.7874696392190803,True,persistent,
10425,46,6.457358179390444,3.50703125,False,False,False,False,2.0242994905682297,2.6366680782304144,2.6366680782304144,2.7016446486867878,8,9,5,False,True,2.7292404128637964,3.242722676033588,1.032824832786842,1.3550647041909414,1.610008053179154,True,persistent,
10426,46,2.643950365928564,3.50703125,True,True,True,True,3.7457581232802992,4.878883247484838,4.878883247484838,5.8032146930112125,8,9,5,True,True,2.8146451730237234,3.2064875345305084,1.911136185807647,1.3974680687011332,1.5920173473876238,True,persistent,
10427,46,6.10569580483277,3.50703125,True,True,True,True,4.140683587512428,5.393277174704021,5.393277174704021,6.981045532663527,8,9,5,True,True,4.209951021251688,4.789647932753703,2.1126324705517185,2.090235806410605,2.3780546516110634,True,persistent,
10428,46,2.922780420123805,3.50703125,True,True,True,True,2.510488702267368,3.26993384766816,3.26993384766816,4.537973589690775,8,9,5,True,True,3.2949492943057863,3.7400963685172246,1.2808851092506637,1.635938508666456,1.856953515477396,True,persistent,
10429,46,0.0850979075189379,3.50703125,False,False,False,False,1.2795513289877978,1.6666269785269776,1.6666269785269776,1.9341657067265272,8,9,5,False,False,1.5058880805004515,1.707212605594964,0.6528443017258468,0.7476716879649417,0.847629081515816,False,persistent,
10430,46,1.3207726985538628,3.50703125,False,False,False,False,1.4208289906654177,1.8506423885233776,1.8506423885233776,1.72589414180006,8,9,5,False,True,2.0659413013752395,2.4438794832744346,0.7249260653080453,1.0257374635187906,1.2133833331328625,True,persistent,
10431,46,1.7014049966198357,3.50703125,True,True,True,True,3.2769119935555877,4.268206996462308,4.268206996462308,4.609254614992944,8,9,5,True,True,3.030741312476315,3.4019680236389847,1.6719245830819276,1.5047595516734482,1.6890731838395432,True,persistent,
10432,46,0.6852842361030688,3.50703125,False,False,False,False,1.6950174671447924,2.207775316096691,2.207775316096691,2.094947091046884,8,9,5,False,False,2.31731826687221,2.717344242164621,0.86482071463802,1.150545835762606,1.349158269216029,True,persistent,
10433,46,3.465436865257104,3.50703125,True,True,True,True,2.2698053331585046,2.95644162023488,2.95644162023488,3.1008810412113044,8,9,5,True,True,2.330163250218552,2.6134859392926177,1.158085216441988,1.1569233551179947,1.2975927421207625,True,persistent,
10434,46,3.811625359498349,3.50703125,True,True,True,True,2.4785356403480425,3.2283147005227164,3.2283147005227164,2.7826010786013327,8,9,5,True,True,3.1366275026957977,3.735576719126037,1.2645822271980722,1.5573319224881954,1.854709514788981,True,persistent,
10435,46,4.483722480216171,3.50703125,True,True,True,True,2.858537338066349,3.723270289216746,3.723270289216746,4.344439135453484,8,9,5,True,True,2.843399556608601,3.211597695522312,1.4584642054988506,1.4117445868499137,1.5945545364018596,True,persistent,
10436,46,1.9064545181972707,3.50703125,True,True,True,True,3.382246399020452,4.405405995781637,4.405405995781637,5.064198199713172,8,9,5,True,True,2.8784600300848626,3.284487166356511,1.725667613803341,1.4291520713265389,1.6307440742560713,True,persistent,
10437,46,6.593687078575604,3.50703125,False,False,False,False,1.498324917427289,1.9515815219065276,1.9515815219065276,2.076068009083353,8,9,5,False,False,2.683859413664601,3.0467146685736863,0.7644655296869172,1.332533090645317,1.512690304476683,False,persistent,
10438,46,2.999638093584528,3.50703125,True,True,True,True,1.5259316955566515,1.9875395957862216,1.9875395957862216,2.104678711331015,8,9,5,True,True,1.34404318385208,1.5035724493729448,0.7785508792797478,0.667315884215313,0.74652197979192,True,persistent,
10439,46,5.197883368054323,3.50703125,True,True,True,True,2.768430461003131,3.6059052809812657,3.6059052809812657,3.4259462080149765,8,9,5,True,True,3.299426492814985,3.747553950565913,1.4124904646223764,1.638161432541127,1.860656196327773,True,persistent,
10440,46,2.4749092253055176,3.50703125,True,True,True,True,1.1620608204015448,1.5135945468498486,1.5135945468498486,1.3335986508908364,8,9,5,True,True,2.261795072748473,2.5486620342194417,0.5928990636570594,1.1229786341828554,1.2654077483259822,True,persistent,
10441,46,2.075298400090925,3.50703125,True,True,True,True,2.125681460225159,2.768718994781065,2.768718994781065,3.135433989807615,8,9,5,True,True,1.6214745611780297,1.8456967859857591,1.0845512775873225,0.8050602417580042,0.9163863166981396,True,persistent,
10442,46,4.505889809089714,3.50703125,True,True,True,True,1.879400759698413,2.447936193427488,2.447936193427488,2.217741984708749,8,9,5,True,True,2.455045089439805,2.812357291060433,0.9588955509889024,1.218927043662824,1.3963321379560083,True,persistent,
10443,46,1.819626941119519,3.50703125,True,True,True,True,2.259796816140625,2.943405437864423,2.943405437864423,3.1891730172552237,8,9,5,True,True,3.3074796898713767,3.732584116074811,1.1529787364158854,1.642159835553033,1.8532236908398496,True,persistent,
10444,46,1.8140584107189264,3.50703125,True,True,True,True,1.924660544828937,2.5068874658243017,2.5068874658243017,2.646263176554804,8,9,5,True,True,2.303795693916731,2.6506425940322056,0.981987702237866,1.1438318939510124,1.3160409781669935,True,persistent,
10445,46,2.4329910075951617,3.50703125,True,True,True,True,2.7481641484372785,3.5795082287393445,3.5795082287393445,3.65854334684788,8,9,5,True,True,3.196736119022748,3.6978032251509,1.4021503193105989,1.587175780881359,1.835955018776676,True,persistent,
10446,46,2.444805975773054,3.50703125,True,True,True,True,3.3352819684376955,4.344234407532577,4.344234407532577,4.724011249881546,8,9,5,True,True,3.0379397272749755,3.5333431913466047,1.701705729512223,1.508333556284334,1.754300802457781,True,persistent,
10447,46,3.451497362362001,3.50703125,True,True,True,True,1.242052945814648,1.6177850011621842,1.6177850011621842,1.6862669949704292,8,9,5,True,True,1.980863138534146,2.2706207921389647,0.633712122168901,0.98349625419916,1.1273605936389663,True,persistent,
10448,46,5.451900872159235,3.50703125,True,True,True,True,2.3785928230761013,3.098138292744551,3.098138292744551,3.708702706471618,8,9,5,True,True,2.525920111628944,2.932705208201671,1.213590057305186,1.2541164100977422,1.456084739438949,True,persistent,
10449,46,4.125399933113805,3.50703125,True,True,True,True,2.940240862118757,3.829689855467511,3.829689855467511,4.182328094282721,8,9,5,True,True,2.44974510293061,2.873971220300396,1.5001504426197405,1.216295606499045,1.4269233824671446,True,persistent,
10450,46,3.8898867426656887,3.50703125,True,True,True,True,2.278103659390529,2.96725026390676,2.96725026390676,4.100237977706881,8,9,5,True,True,2.329262312422606,2.6520189001067576,1.162319134122121,1.1564760405457044,1.316724312539077,True,persistent,
10451,46,3.535082709496206,3.50703125,True,True,True,True,5.020939591101798,6.539818443003836,6.539818443003836,7.03680397993181,8,9,5,True,True,5.622460638573491,6.627019412235362,2.561750925579142,2.7915451955510884,3.290307463271646,True,persistent,
10452,46,1.826843150984367,3.50703125,True,True,True,True,2.0752295337501363,2.7030049121358237,2.7030049121358237,3.349821031726212,8,9,5,True,True,1.8786198087572927,2.150985879109556,1.0588100259750364,0.932732559375298,1.0679619978718022,True,persistent,
10453,46,3.700779985787604,3.50703125,True,True,True,True,1.465992736820428,1.909468569301001,1.909468569301001,1.9567197211007303,8,9,5,True,True,2.0682521056556693,2.376429243359244,0.7479692161796991,1.0268847751678285,1.1798943671306406,True,persistent,
10454,46,5.075887672240636,3.50703125,True,True,True,True,3.168940157557893,4.127572720432759,4.127572720432759,4.838692361777983,8,9,5,True,True,2.607600128283366,3.057745356181032,1.6168358998215748,1.2946704437711618,1.5181670280988375,True,persistent,
10455,46,2.8863820258954105,3.50703125,True,True,True,True,1.4944046547304748,1.946475344901036,1.946475344901036,2.217841032769398,8,9,5,True,True,2.1015763479532024,2.357491971490749,0.7624653589200999,1.0434302228749843,1.1704920335796216,True,persistent,
10456,46,3.876896698171252,3.50703125,True,True,True,True,1.5093245105982456,1.965908589774949,1.965908589774949,2.137269925281478,8,9,5,True,True,2.9014395231675705,3.340552168412121,0.7700776700991679,1.4405613630290253,1.6585802828465164,True,persistent,
10457,46,2.3179039667765,3.50703125,True,True,True,True,2.175744384049252,2.8339263980160543,2.8339263980160543,3.712211224088441,8,9,5,True,True,2.177577281668103,2.4692030925606248,1.1100940548138905,1.0811645984460074,1.2259564758156027,True,persistent,
10458,46,4.037105561403773,3.50703125,True,True,True,True,1.3376632407093454,1.742318260036977,1.742318260036977,1.958295453060944,8,9,5,True,True,2.4172725415440097,2.793413870103032,0.6824937808599267,1.200173017377816,1.3869267513894687,True,persistent,
10459,46,2.7946581201124845,3.50703125,True,True,True,True,1.5145506637296429,1.9727157006781044,1.9727157006781044,1.9379128021202672,8,9,5,True,True,2.6661949911694984,2.979482372831232,0.772744123733723,1.3237627253340716,1.4793095475038185,True,persistent,
10460,46,3.510035647014353,3.50703125,True,True,True,True,1.5792136575662648,2.0569398248683317,2.0569398248683317,2.653850323671046,8,9,5,True,True,1.6565771452909297,1.850421198845176,0.8057360530939675,0.8224886341169511,0.9187319822113892,True,persistent,
10461,46,1.8858446969471157,3.50703125,False,False,False,True,1.0858559304326163,1.4143370003641096,1.4143370003641096,1.868528550382254,8,9,5,False,True,1.6078543120556823,1.815828175057163,0.5540183036181361,0.7982978038426819,0.9015565859636152,True,persistent,
10462,46,6.30023063787932,3.50703125,True,True,True,True,2.8525063697715187,3.715414899410104,3.715414899410104,4.25811682724817,8,9,5,True,True,3.3588054762317383,3.8819683544474257,1.4553871243408136,1.6676430290393818,1.9273927921865397,True,persistent,
10463,46,5.370345187781925,3.50703125,True,True,True,True,2.1838905617484405,2.8445368668716355,2.8445368668716355,2.7178595467814524,8,9,5,True,True,2.923802910874328,3.333136024605204,1.1142503442657317,1.4516647591258778,1.6548981760351884,True,persistent,
10464,46,0.2708558812963905,3.50703125,False,False,False,False,1.3532313281334531,1.7625958322744344,1.7625958322744344,1.7372780096537743,8,9,5,False,False,1.8742941327968383,2.1059006275652044,0.6904368284996322,0.930584866270597,1.045577222694296,False,persistent,
10465,46,2.3014560247916167,3.50703125,True,True,True,True,1.5383460708386816,2.003709429928754,2.003709429928754,2.07800980177416,8,9,5,True,True,2.052481418529972,2.3578489053222382,0.7848848605579907,1.0190546472743145,1.1706692508135828,True,persistent,
10466,46,-0.5091330153244484,3.50703125,False,False,False,False,2.730803648968137,3.556896023882457,3.556896023882457,3.6728845023825794,8,9,5,False,False,2.7229819720093618,3.059777424810057,1.3932927589323767,1.3519573955547586,1.5191759478197633,False,persistent,
10467,46,4.465567679447926,3.50703125,True,True,True,True,2.0835885699591765,2.713892631092351,2.713892631092351,2.5401779598953755,8,9,5,True,True,2.4032877375245163,2.6951993011944952,1.0630749187021682,1.1932295783782598,1.3381633316709258,True,persistent,
10468,46,4.452980210790887,3.50703125,True,True,True,True,3.092743789958047,4.028326274408495,4.028326274408495,4.766031115376205,8,9,5,True,True,3.8881373747447054,4.459822774360993,1.5779594880100078,1.930455703619655,2.2142968424471654,True,persistent,
10469,46,4.053025321366256,3.50703125,True,True,True,True,3.1043612815629054,4.043458160478891,4.043458160478891,4.932365055958592,8,9,5,True,True,3.0271895947681258,3.396627555840296,1.583886888515761,1.5029961279446582,1.6864216477624128,True,persistent,
10470,46,3.1790840841307126,3.50703125,True,True,True,True,1.818564534167291,2.368696468967097,2.368696468967097,2.5740269622870007,8,9,5,True,True,2.922554800103612,3.4526338409250394,0.927856090299256,1.4510450735736833,1.7142287034448245,True,persistent,
10471,46,5.4500680963500825,3.50703125,True,True,True,True,4.787563502552201,6.235844013445358,6.235844013445358,7.846332211588035,8,9,5,True,True,4.648761492677856,5.384609209990593,2.44267930561592,2.308104697277224,2.6734522367208755,True,persistent,
10472,46,4.853654950632652,3.50703125,True,True,True,True,1.866330306970482,2.43091181258052,2.43091181258052,2.926378000988516,8,9,5,True,True,2.674120830252764,3.031418748045695,0.9522268301716164,1.3276978952598169,1.5050958976490918,True,persistent,
10473,46,0.932092958592486,3.50703125,False,False,False,True,1.6292132132633108,2.122064690554633,2.122064690554633,2.586078121577425,8,9,5,False,False,1.767651472578437,1.9914958609982027,0.8312464990496309,0.8776369089774718,0.9887753885885642,False,persistent,
10474,46,3.0499386302675817,3.50703125,True,True,True,True,2.38279140770538,3.1036069865407736,3.1036069865407736,3.382599435111209,8,9,5,True,True,2.6877706736463374,3.0527610753511016,1.2157322316661836,1.3344750266965293,1.5156923384391874,True,persistent,
10475,46,4.982385528623359,3.50703125,True,True,True,True,3.575525794219317,4.6571541258755085,4.6571541258755085,5.948501400960878,8,9,5,True,True,3.022399551720897,3.4161719984272154,1.824281361402208,1.5006178771191678,1.6961254408719508,True,persistent,
10476,46,4.449596557915839,3.50703125,True,True,True,True,1.2447930591966048,1.6213540231960282,1.6213540231960282,1.4539595595291126,8,9,5,True,True,2.164518357042393,2.444960091959557,0.6351101648788471,1.0746808574931828,1.213919854093548,True,persistent,
10477,46,3.315131733161139,3.50703125,True,True,True,True,2.6670679626878,3.473879726026105,3.473879726026105,4.85210893799604,8,9,5,True,True,2.4075145304178607,2.7031462524531378,1.3607739543623247,1.1953281761546597,1.3421089837672953,True,persistent,
10478,46,3.040534261227749,3.50703125,True,True,True,True,3.1183337303216327,4.061657399172819,4.061657399172819,4.655166768553643,8,9,5,True,True,2.6872965300866327,2.96542315428948,1.591015819842422,1.3342396149682525,1.4723291617801422,True,persistent,
10479,46,2.890625022335603,3.50703125,True,True,True,True,1.6762134159483522,2.183282872284858,2.183282872284858,2.3661611253598505,8,9,5,True,True,1.997916836642088,2.309864743731697,0.855226634748573,0.991963395559474,1.1468451701554372,True,persistent,
10480,46,4.144809869706362,3.50703125,True,True,True,True,4.159039280532967,5.417185628006781,5.417185628006781,6.804126796725695,8,9,5,True,True,3.689546998653847,4.243504493004821,2.1219977920681026,1.8318558118826145,2.10689506627699,True,persistent,
10481,46,3.848549737580912,3.50703125,True,True,True,True,3.119258986200632,4.062862553178793,4.062862553178793,4.418559659722662,8,9,5,True,True,3.564658004220857,4.045677188437788,1.591487897839262,1.7698485707834444,2.008674038667798,True,persistent,
10482,46,5.564857744152409,3.50703125,True,True,True,True,2.8123544097453106,3.6631166146094847,3.6631166146094847,4.369157500872859,8,9,5,True,True,3.303661054324956,3.806272108055114,1.434901054175133,1.6402638874266844,1.889809693518316,True,persistent,
10483,46,1.0287451346129006,3.50703125,False,False,False,False,1.474053654748276,1.9199679865466317,1.9199679865466317,1.8610936103781728,8,9,5,False,True,2.3470888492155177,2.7130264006577454,0.7520820049492114,1.1653268954180638,1.3470144659084566,True,persistent,
10484,46,-0.2933950112156125,3.50703125,True,True,True,True,3.862500913411152,5.030941769228165,5.030941769228165,6.947766364013018,8,9,5,False,True,3.370350478890486,3.8283537081379033,1.970699927861508,1.6733751094889178,1.9007731823862133,True,persistent,
10485,46,4.548120304996885,3.50703125,True,True,True,True,1.6534214109197436,2.153596083162103,2.153596083162103,1.6986188356542091,8,9,5,True,True,2.620964228348074,2.9308681636139937,0.8435978471644089,1.3013057039760183,1.4551726489286907,True,persistent,
10486,46,5.515299221377807,3.50703125,False,True,True,True,1.972108165571852,2.5686884135515133,2.5686884135515133,3.0698392082052908,8,9,5,False,True,1.9253073742656308,2.2182272837006223,1.006196116649006,0.9559128815802472,1.1013472773774535,True,persistent,
10487,46,4.086608240296172,3.50703125,True,True,True,True,2.0453773155811072,2.664122132647224,2.664122132647224,3.273249706535064,8,9,5,True,True,2.5411033404558583,2.973158495271439,1.043579022666287,1.2616548656262596,1.476169749619209,True,persistent,
10488,46,3.944420836720403,3.50703125,True,True,True,True,4.215850382039316,5.491182592650016,5.491182592650016,6.335900362094487,8,9,5,True,True,3.3025655359455057,3.752385229907338,2.1509835803307182,1.6397199638200324,1.8630549209255751,True,persistent,
10489,46,3.053167389138973,3.50703125,True,True,True,True,1.835169234325015,2.3903242385033967,2.3903242385033967,3.102273332824115,8,9,5,True,True,1.8055326245899832,2.068878384874147,0.9363280317011,0.8964448570801735,1.0271957220744945,True,persistent,
10490,46,4.655582941843922,3.50703125,True,True,True,True,3.613824771044846,4.70703888358812,4.70703888358812,5.436373694898203,8,9,5,True,True,3.3785197631764032,3.7958718499700135,1.843822014610904,1.67743114967584,1.884645977423841,True,persistent,
10491,46,3.2457487697579483,3.50703125,True,True,True,True,1.606983808221843,2.0931106929154595,2.0931106929154595,2.4208604080271834,8,9,5,True,True,1.7401064739045569,1.971046719017873,0.8199047575475075,0.8639608490363854,0.9786224132779512,True,persistent,
10492,46,1.3241891924490907,3.50703125,False,True,True,True,1.887172090233239,2.458058420519884,2.458058420519884,2.394334246601,8,9,5,True,True,2.9958623170402285,3.346317655840784,0.9628605883747045,1.487442170833596,1.6614428406777042,True,persistent,
10493,46,2.791055984671882,3.50703125,True,True,True,True,1.775434256533528,2.312518899011657,2.312518899011657,1.9735590114909265,8,9,5,True,True,2.435538772935654,2.8461328355779183,0.9058504424231912,1.2092421801092257,1.4131016566927066,True,persistent,
10494,46,5.006523056871035,3.50703125,True,True,True,True,3.0923255456103385,4.027781507428291,4.027781507428291,4.146991239902814,8,9,5,True,True,3.6450131103912855,4.078786474348421,1.5777460941172077,1.80974478793597,2.025112760777804,True,persistent,
10495,46,6.4997253001104935,3.50703125,False,False,False,False,2.006639585270892,2.613665894621213,2.613665894621213,2.091707700989654,8,9,5,True,True,4.038928436878998,4.752513256641309,1.0238145115271973,2.0053232913347427,2.35961732792778,True,persistent,
10496,46,5.225546290587787,3.50703125,True,True,True,True,2.9614134327961072,3.8572673169543856,3.8572673169543856,4.270233105540305,8,9,5,True,True,3.1787566452411458,3.4998433960607698,1.510952973011804,1.5782489929712342,1.7376681928952455,True,persistent,
10497,46,2.9573544353924537,3.50703125,True,True,True,True,1.7880297046459568,2.3289245821251408,2.3289245821251408,2.11940236489216,8,9,5,True,True,2.6267376054055,3.0514493309009514,0.9122768094954584,1.30417217899875,1.515041058838849,True,persistent,
10498,46,6.859687565384426,3.50703125,True,True,True,True,5.596667830701022,7.289709592095097,7.289709592095097,7.741425833476249,8,9,5,True,True,4.590545751966665,5.190717106208504,2.85549521863719,2.279200649435102,2.5771850317439613,True,persistent,
10499,46,-0.7364544420439029,3.50703125,False,False,False,False,1.9334753629987815,2.51836884483572,2.51836884483572,2.5925281230547377,8,9,5,False,False,2.3273051397644395,2.6434920724426845,0.9864851410529896,1.1555043065875712,1.3124907524789795,False,persistent,
10500,46,2.819571187162638,3.50703125,True,True,True,True,0.960697593026916,1.2513171534987777,1.2513171534987777,1.3722904356031511,8,9,5,True,True,1.3748205629756016,1.552160929211415,0.490160836131131,0.6825968173061525,0.7706461037602873,True,persistent,
10501,46,6.948363503047232,3.50703125,False,False,False,True,2.3113324728494087,3.0105310887712213,3.0105310887712213,3.497024428067388,8,9,5,True,True,3.674449939642467,4.287575421359893,1.1792729217727511,1.8243601395677145,2.1287762311657303,True,persistent,
10502,46,1.927530239889518,3.50703125,False,True,True,True,1.4110527353447817,1.837908729077899,1.837908729077899,2.025877293841277,8,9,5,True,True,2.091592756322016,2.3930937202096003,0.7199380883244699,1.0384733811923266,1.1881682605873294,True,persistent,
10503,46,4.3632887189847525,3.50703125,True,True,True,True,2.076931503114804,2.705221742360231,2.705221742360231,3.3070563019227674,8,9,5,True,True,2.21286793298112,2.489561423175383,1.0596783936413137,1.0986863659520074,1.2360643633883803,True,persistent,
10504,46,1.8124301303578905,3.50703125,False,True,True,True,1.3377865248097194,1.7424788386734509,1.7424788386734509,1.8462094392400172,8,9,5,False,False,1.3590895555851714,1.5559410250303212,0.6825566820664662,0.6747863903552445,0.7725229169565586,True,persistent,
10505,46,8.017797457202747,3.50703125,False,True,True,True,3.836775250213533,4.997433864266221,4.997433864266221,5.289504852356392,8,9,5,False,False,3.4121717479565468,4.009286079553403,1.957574348413304,1.6941393211460456,1.9906058952520795,True,persistent,
10506,46,0.4749891357129077,3.50703125,False,False,False,False,0.7625311285477003,0.9932035722314814,0.9932035722314814,0.7568461138968331,8,9,5,False,False,1.6500940205258758,2.040144395735704,0.3890536400401743,0.8192697701793574,1.0129293297447497,False,persistent,
10507,46,2.841243578639734,3.50703125,True,True,True,True,2.14822353146239,2.798080242919164,2.798080242919164,2.614896036606906,8,9,5,True,True,3.2727901465809013,3.851177558917026,1.0960525455887913,1.6249365174840678,1.9121051978652224,True,persistent,
10508,46,3.246536486593859,3.50703125,True,True,True,True,1.495367191792511,1.947729057979269,1.947729057979269,1.9831460955419995,8,9,5,True,True,2.617694716589356,3.0005335219977645,0.762956458278066,1.2996823951743115,1.489761418685183,True,persistent,
10509,46,3.696320809632353,3.50703125,True,True,True,True,3.2569056114059967,4.242148505897804,4.242148505897804,4.015568269755733,8,9,5,True,True,4.1565990252573926,4.992551367700024,1.661717057765345,2.063746602187608,2.478795972074789,True,persistent,
10510,46,7.813818146399963,3.50703125,False,False,False,False,2.6803112997412524,3.491129290243643,3.491129290243643,3.58251503656412,8,9,5,False,True,3.9807796839478886,4.440917837169938,1.3675308830882875,1.976452502847852,2.204910563026048,True,persistent,
10511,46,-0.1156057679507546,3.50703125,False,False,False,False,0.980835936739134,1.2775475251714656,1.2775475251714656,1.1059867436497008,8,9,5,False,False,1.383853146536953,1.561615288114928,0.5004356900122319,0.6870814845835213,0.7753401820065716,False,persistent,
10512,46,4.351244547827429,3.50703125,True,True,True,True,1.475632963801128,1.9220250506247067,1.9220250506247067,1.9649269713293325,8,9,5,True,True,1.7647183404664857,2.034917988417704,0.7528877896742633,0.8761806122808157,1.0103344245641843,True,persistent,
10513,46,4.998720684810814,3.50703125,True,True,True,True,3.193849262068744,4.160017050447696,4.160017050447696,4.548584953194381,8,9,5,True,True,2.740618776649723,3.071137972428076,1.6295448600427067,1.36071404863311,1.5248164465551988,True,persistent,
10514,46,2.295840971069028,3.50703125,True,True,True,True,1.7620612063979573,2.2951003823517846,2.2951003823517846,3.132943172125506,8,9,5,True,True,1.9004963372644803,2.201196322326385,0.899027332337715,0.9435942304434072,1.0928914247790915,True,persistent,
10515,46,1.1640403283582714,3.50703125,True,True,True,True,3.2072635182337894,4.177489238327195,4.177489238327195,3.987815907535934,8,9,5,True,True,4.330042607358891,4.956407829440041,1.636388993998762,2.1498611398320104,2.460850747187368,True,persistent,
10516,46,4.515152778734285,3.50703125,True,True,True,True,1.4133385191320311,1.8408859827766024,1.8408859827766024,1.902198303624067,8,9,5,True,True,1.5624391984426416,1.7722868403326446,0.7211043259631458,0.775749252530092,0.8799383636991103,True,persistent,
10517,46,2.705323049150206,3.50703125,True,True,True,True,2.1567277020550955,2.8091570007003552,2.8091570007003552,3.3001616725047254,8,9,5,True,True,3.032086113802077,3.554881124985017,1.1003914878309475,1.505427243974244,1.7649943615656778,True,persistent,
10518,46,4.1239793477423206,3.50703125,True,True,True,True,2.475782099679733,3.224728189329058,3.224728189329058,4.291710201097403,8,9,5,True,True,2.772122424525169,3.1213596406448003,1.2631773337059933,1.3763555733181716,1.5497514466619366,True,persistent,
10519,46,5.5926959299984,3.50703125,True,True,True,True,2.152471355178352,2.8036130710634244,2.8036130710634244,3.2166569608216697,8,9,5,True,True,2.2641816602471847,2.599485890989074,1.0982198423942235,1.124163572112004,1.2906417343518302,True,persistent,
10520,46,-2.7801515478033982,3.50703125,False,False,False,False,2.3770854699847166,3.0961749519458235,3.0961749519458235,3.3767231920591154,8,9,5,False,False,2.3043788379751144,2.593506505740946,1.2128209854796907,1.1441214243006474,1.287672976500998,False,persistent,
10521,46,3.2817104873290024,3.50703125,True,True,True,True,3.059759793349686,3.985364325667742,3.985364325667742,4.093041443584645,8,9,5,True,True,3.245461542876717,3.7393661241020495,1.561130609210009,1.6113678973948231,1.8565909499709743,True,persistent,
10522,46,3.62832428268011,3.50703125,True,True,True,True,2.5601037351680502,3.3345578689945987,3.3345578689945987,4.397396513614739,8,9,5,True,True,1.940420400754664,2.2886785025914627,1.3061993665026757,0.9634164817293096,1.1363262259655829,True,persistent,
10523,46,3.981190081563215,3.50703125,True,True,True,True,2.288321121856238,2.9805585995801,2.9805585995801,3.660921599563782,8,9,5,True,True,1.9524023148635927,2.324082458810722,1.167532220926628,0.969365488207863,1.1539042492263112,True,persistent,
10524,46,0.0684173411449227,3.50703125,False,False,False,False,1.9435806076878253,2.531531015857573,2.531531015857573,2.302915956016721,8,9,5,False,False,2.674610841267559,3.037380651089276,0.9916409728381876,1.3279411851611698,1.5080559756056129,True,persistent,
10525,46,7.319287402092616,3.50703125,False,False,False,False,2.6001280724484963,3.3866899240345654,3.3866899240345654,3.5817258337370625,8,9,5,False,False,3.191729862469598,3.6841347504590383,1.3266203218265724,1.5846901803005804,1.8291686369219404,True,persistent,
10526,46,3.2495238889093145,3.50703125,True,True,True,True,2.980034231975201,3.8815210733849,3.8815210733849,4.401210859889577,8,9,5,True,True,2.450061715542663,2.798485726807706,1.5204535552567298,1.2164528042942526,1.3894449223695058,True,persistent,
10527,46,0.7467908349872264,3.50703125,False,True,True,True,2.420928974618628,3.1532815064080446,3.1532815064080446,4.011050076925328,8,9,5,False,False,2.358853391998234,2.7287914654679764,1.2351905313662026,1.1711679772848955,1.354841802328853,True,persistent,
10528,46,4.6111460436765,3.50703125,False,True,True,True,0.997631207139044,1.299423514141981,1.299423514141981,1.2709011861701855,8,9,5,True,True,1.9903293233995547,2.2450285507497183,0.5090048629153616,0.9881962040218294,1.1146540754281673,True,persistent,
10529,46,5.0086625980691535,3.50703125,True,True,True,True,2.220201181052004,2.89183177123957,2.89183177123957,2.3192642564222266,8,9,5,True,True,2.9907286332826137,3.387489677253348,1.1327765107175458,1.4848933027933773,1.6818847016267795,True,persistent,
10530,46,1.97837729298218,3.50703125,True,True,True,True,1.665840713854329,2.1697723356158853,2.1697723356158853,2.114921358908288,8,9,5,True,True,2.4240821049962222,2.7537756937156197,0.8499343425972767,1.203553957745528,1.367246442719,True,persistent,
10531,46,2.6084404395891068,3.50703125,True,True,True,True,2.346445282005433,3.056265834775973,3.056265834775973,2.9437364144497318,8,9,5,True,True,3.114817178297868,3.5433798200010487,1.1971879493732709,1.5465031216836604,1.7592839769610626,True,persistent,
10532,46,4.133209600560287,3.50703125,True,True,True,True,2.988044842301606,3.891954964532522,3.891954964532522,4.453507017565154,8,9,5,True,True,3.0582641720541277,3.460071737949445,1.5245406764112026,1.518424619578977,1.7179216107034423,True,persistent,
10533,46,3.202783846039197,3.50703125,True,True,True,True,1.5079876838930806,1.9641673611098935,1.9641673611098935,1.798965449444914,8,9,5,True,True,2.0492839383598995,2.272379330972993,0.7693956031299966,1.0174671020729489,1.1282337061334573,True,persistent,
10534,46,-0.0058724462585402,3.50703125,False,False,False,False,2.400434114878741,3.12658676944064,3.12658676944064,2.526025848392501,8,9,5,False,True,3.332133643692655,3.7311326171628902,1.2247337782116106,1.654400495072988,1.8525030233110955,True,persistent,
10535,46,4.264366141297422,3.50703125,True,True,True,True,2.1923423063235687,2.855545339298976,2.855545339298976,3.684053849807056,8,9,5,True,True,2.3797663510214675,2.811791512619285,1.118562538048438,1.181551237220153,1.3960512296152192,True,persistent,
10536,46,0.9055954407570116,3.50703125,False,False,False,False,1.8592425657924216,2.421679966700984,2.421679966700984,1.7764019650091012,8,9,5,True,True,2.9908583473776527,3.398142606776655,0.9486105692718956,1.4849577056913392,1.6871738687976998,True,persistent,
10537,46,1.826806058254104,3.50703125,False,True,True,False,1.5456637185437776,2.0132407311031404,2.0132407311031404,1.6219251072220533,8,9,5,True,True,1.9101107533471404,2.171709170412412,0.7886184228607146,0.948367776893772,1.0782510880035512,True,persistent,
10538,46,5.040019566068051,3.50703125,True,True,True,True,2.5904982798426333,3.374147033576824,3.374147033576824,4.090322357550493,8,9,5,True,True,2.216948059444932,2.475670408753988,1.3217070720904227,1.100712144016002,1.2291674908156602,True,persistent,
10539,46,3.3188148914401627,3.50703125,True,True,True,True,1.9991554231787456,2.603917706977731,2.603917706977731,2.0060862538802016,8,9,5,True,True,2.4351737122800348,2.871369136363935,1.019995991344099,1.209060927916496,1.4256314508062249,True,persistent,
10540,46,5.18184851096444,3.50703125,True,True,True,True,3.7097073114135326,4.831926744612473,4.831926744612473,4.968788067646069,8,9,5,True,True,3.184016384531554,3.678960177111482,1.89274257660525,1.5808604474374972,1.8265994672476709,True,persistent,
10541,46,3.056874023224081,3.50703125,True,True,True,True,1.4718757167388894,1.9171312029321164,1.9171312029321164,2.0261235511310205,8,9,5,True,True,2.3102566043515225,2.5938565684385444,0.7509707916772397,1.147039728499358,1.2878467822249398,True,persistent,
10542,46,8.322992338693773,3.50703125,False,True,True,True,4.25275933775987,5.5392568355190335,5.5392568355190335,8.355903208724866,8,9,5,False,False,3.4155535920983624,3.826554933701798,2.169815026071841,1.6958184028458658,1.899880092961889,False,persistent,
10543,46,2.984471989535497,3.50703125,True,True,True,True,1.9852950940238685,2.585864505064326,2.585864505064326,3.05770368157358,8,9,5,True,True,2.227713512355245,2.686344433025622,1.0129242649476564,1.1060571789182545,1.3337668998801062,True,persistent,
10544,46,-0.2620733437642315,3.50703125,False,False,False,False,1.5074541008698856,1.9634723644797512,1.9634723644797512,1.9953571082380812,8,9,5,False,False,2.206082766497833,2.468356823561133,0.7691233618933233,1.095317538651113,1.2255363042374388,False,persistent,
10545,46,2.064830048639285,3.50703125,True,True,True,True,1.8095004237376215,2.356890384571573,2.356890384571573,2.513547328272112,8,9,5,True,True,1.8384811856521088,2.07911872184257,0.923231459219466,0.9128037794890344,1.0322800375197472,True,persistent,
10546,46,5.502926481516161,3.50703125,False,False,False,False,1.309035848436141,1.7050308271638157,1.7050308271638157,1.6494817022469364,8,9,5,True,True,2.594199031426837,2.9425346154484098,0.6678877002006879,1.2880168147020128,1.4609650287532927,True,persistent,
10547,46,3.1019520818377107,3.50703125,True,True,True,True,3.177072645357811,4.1381653580728655,4.1381653580728655,4.430245436050202,8,9,5,True,True,3.119045661835158,3.5244376841123968,1.6209852045026394,1.5486025588628212,1.7498792284296691,True,persistent,
10548,46,5.995264299081909,3.50703125,True,True,True,True,2.9074165384164044,3.786935882105989,3.786935882105989,4.434944995550673,8,9,5,True,True,3.142537606469067,3.51032043903972,1.4834030310844506,1.5602662821669968,1.74287003260059,True,persistent,
10549,46,4.954196024598121,3.50703125,True,True,True,True,1.9656883656043225,2.560326567035285,2.560326567035285,2.706428076318206,8,9,5,True,True,3.337459811346148,3.801789876779037,1.002920648340644,1.6570449311445905,1.887584270880719,True,persistent,
10550,46,2.6939148497780367,3.50703125,True,True,True,True,2.294239588980946,2.9882674556127578,2.9882674556127578,3.22269195915338,8,9,5,True,True,2.691192913287474,3.1823776188217816,1.1705519024742017,1.3361741647149794,1.5800468021604874,True,persistent,
10551,46,4.210632593924446,3.50703125,True,True,True,True,2.653060211118368,3.455634505107468,3.455634505107468,3.969745042451158,8,9,5,True,True,3.108322707340661,3.5271466305241117,1.3536270110667177,1.543278624374803,1.7512242171857924,True,persistent,
10552,46,3.7147128325603336,3.50703125,True,True,True,True,1.6447784043597835,2.142338490299603,2.142338490299603,1.9381224938523225,8,9,5,True,True,2.5863489085526266,2.979617981376656,0.839188068944013,1.2841192377863748,1.4793768769895703,True,persistent,
10553,46,4.301620698047788,3.50703125,True,True,True,True,2.83540672121595,3.6931424551865617,3.6931424551865617,4.49573961921948,8,9,5,True,True,3.032107844455073,3.590886944105895,1.446662653607898,1.5054380332182895,1.7828712090600285,True,persistent,
10554,46,5.100964137737205,3.50703125,True,True,True,True,2.8175000325874806,3.6698188340951767,3.6698188340951767,4.410904143004568,8,9,5,True,True,3.058383283129592,3.589856949393564,1.4375264201727584,1.51848375809,1.7823598178782167,True,persistent,
10555,46,2.312852541238575,3.50703125,True,True,True,True,2.292562882345738,2.986083530318004,2.986083530318004,2.991987506565509,8,9,5,True,True,2.7255291172197085,3.1511902848579982,1.1696964241923515,1.3532220502017884,1.564562326966236,True,persistent,
10556,46,1.6098523650587646,3.50703125,False,True,True,True,1.7947318038596527,2.337654125918547,2.337654125918547,2.320496646096187,8,9,5,False,True,1.8630689383812136,2.049671836848757,0.9156963106769576,0.9250115702433944,1.0176596932234323,True,persistent,
10557,46,2.88977227153137,3.50703125,True,True,True,True,1.3310204303101898,1.7336659404514625,1.7336659404514625,2.2298862152005468,8,9,5,True,True,1.2419493307614378,1.3505908046500918,0.6791045296292124,0.6166264043930424,0.6705667703585759,True,persistent,
10558,46,3.845267930654208,3.50703125,True,True,True,True,1.4568556935240502,1.8975674891983696,1.8975674891983696,2.4572965620180693,8,9,5,True,True,1.548484503639558,1.755026189624623,0.7433073737701561,0.7688207627216131,0.8713684706125332,True,persistent,
10559,46,6.721812994216043,3.50703125,True,True,True,True,4.257972627856356,5.546047192204892,5.546047192204892,6.077540121934853,8,9,5,True,True,3.6334795359206,4.207947787337997,2.172474916812939,1.804018381568572,2.089241203092449,True,persistent,
10560,46,6.489295991631317,3.50703125,False,False,False,True,2.2579490491963967,2.940998704996804,2.940998704996804,3.229176450239976,8,9,5,True,True,3.483717055458547,4.018157009767912,1.1520359808631162,1.7296614834625268,1.9950103018299552,True,persistent,
10561,46,1.3829336753930097,3.50703125,False,True,True,False,1.9606201354099315,2.553725152161183,2.553725152161183,2.1043579815262854,8,9,5,True,True,2.299425035752367,2.6534781407105905,1.000334769113071,1.1416618672341654,1.3174488238089002,True,persistent,
10562,46,5.568925284739998,3.50703125,True,True,True,True,3.544046867359375,4.616152543858976,4.616152543858976,6.467633577072641,8,9,5,True,True,2.7450839357588546,3.237248044362156,1.8082203894354052,1.3629309949595905,1.6072899048945846,True,persistent,
10563,46,5.843092549406667,3.50703125,False,True,True,True,2.312496883769182,3.0120477443433904,3.0120477443433904,3.161345374704813,8,9,5,True,True,2.895549196515062,3.3332356411439013,1.1798670198887236,1.4376368226677771,1.654947635531283,True,persistent,
10564,46,1.9617392393079187,3.50703125,True,True,True,True,1.6986959696441168,2.212566598296212,2.212566598296212,2.728892860307546,8,9,5,True,True,2.46604478084837,2.77207538677349,0.8666975360997022,1.2243883777081817,1.3763322191289389,True,persistent,
10565,46,1.728883848570388,3.50703125,True,True,True,True,3.084179627442557,4.017171376614676,4.017171376614676,4.565610089351322,8,9,5,True,True,2.839095599584573,3.1724889672657457,1.5735899370817816,1.409607677171995,1.5751370981151898,True,persistent,
10566,46,3.735962945217633,3.50703125,True,True,True,True,1.6765192918350198,2.183681278345836,2.183681278345836,2.225074024822175,8,9,5,True,True,2.862590484057045,3.2347131750100484,0.8553826967408686,1.421272860102613,1.6060313451969537,True,persistent,
10567,46,4.313951770268512,3.50703125,True,True,True,True,2.272305831276849,2.959698541258193,2.959698541258193,3.189545632068264,8,9,5,True,True,2.238543351607624,2.5047359624283163,1.1593610042209188,1.1114341815647757,1.24359850455348,True,persistent,
10568,46,1.9501184120831647,3.50703125,True,True,True,True,4.5120613318327925,5.876999987448421,5.876999987448421,6.445754895477987,8,9,5,True,True,3.4422771641909087,3.874337146720668,2.302114391811682,1.7090866254406332,1.9236039063880808,True,persistent,
10569,46,5.31609783239627,3.50703125,True,True,True,True,2.2688334201469456,2.955175694899061,2.955175694899061,2.7587420264507565,8,9,5,True,True,2.6484571242957293,3.024446076067068,1.157589333348442,1.3149558949738758,1.501633974086915,True,persistent,
10570,46,2.82169271792936,3.50703125,True,True,True,True,1.4251501468251055,1.856270732827362,1.856270732827362,1.6697290232329116,8,9,5,True,True,1.8164326145887324,2.113938572445045,0.7271307773128004,0.901856689491024,1.0495680530182083,True,persistent,
10571,46,5.616825601228928,3.50703125,False,False,False,False,0.9350164213432448,1.217867199129188,1.217867199129188,0.580280796444634,8,9,5,True,True,2.114178652747472,2.3508849871558324,0.4770579568518833,1.0496872526103207,1.1672116735090357,True,persistent,
10572,46,3.582505108201232,3.50703125,True,True,True,True,1.737252841735091,2.2627872668842124,2.2627872668842124,2.9673912770651976,8,9,5,True,True,1.7388257788182022,1.9826032402719351,0.8863697709422678,0.8633249854092127,0.9843602126967204,True,persistent,
10573,46,7.357971205851675,3.50703125,False,False,False,False,2.485269199619655,3.237085221321173,3.237085221321173,3.293366874988488,8,9,5,False,False,2.971379505291814,3.4160065003189106,1.2680177797243497,1.4752864831546142,1.6960432712528446,True,persistent,
10574,46,3.813121016372128,3.50703125,True,True,True,True,2.443463011807804,3.182632290127147,3.182632290127147,3.043665857645283,8,9,5,True,True,4.335308543767417,4.919276615832476,1.2466877002882726,2.152475671160242,2.4424151426337226,True,persistent,
10575,46,5.465762413486731,3.50703125,True,True,True,True,2.925756604234614,3.810823980838823,3.810823980838823,5.103542796319809,8,9,5,True,True,3.205849480649392,3.637599579160416,1.4927603793919757,1.5917005543745943,1.806063978265624,True,persistent,
10576,46,5.663330954019919,3.50703125,True,True,True,True,2.9323789081913385,3.819449590600812,3.819449590600812,3.9101336744190855,8,9,5,True,True,3.183676476986245,3.5576217313587923,1.4961391679598903,1.580691683734906,1.7663550694562982,True,persistent,
10577,46,5.900205075375916,3.50703125,False,True,True,False,2.0002342459731617,2.605322883255924,2.605322883255924,2.1080787207568457,8,9,5,True,True,3.3131117273620725,3.784767741610275,1.0205464212471054,1.6449561356445717,1.8791328004831536,True,persistent,
10578,46,4.752378984886224,3.50703125,True,True,True,True,3.1788644924925857,4.140499254891663,4.140499254891663,4.512376890465605,8,9,5,True,True,3.719931646898357,4.280469075215286,1.621899429016342,1.8469417545468556,2.1252479385349554,True,persistent,
10579,46,-0.0420032979108795,3.50703125,False,False,False,True,2.4643794751192334,3.2098761694936546,3.2098761694936546,3.6823309630482783,8,9,5,False,False,2.3722908151458646,2.762803862652103,1.2573595612568564,1.1778396423155062,1.3717289181402343,False,persistent,
10580,46,3.99464779074144,3.50703125,True,True,True,True,2.79093353991405,3.635215741267784,3.635215741267784,3.467222331714218,8,9,5,True,True,3.7073539302875793,4.445870471266113,1.4239718382144009,1.8406969328161464,2.20736954011904,True,persistent,
10581,46,3.736873954430052,3.50703125,True,True,True,True,1.8736207716102125,2.440407707570668,2.440407707570668,2.4871326581620505,8,9,5,True,True,1.9825223066419948,2.268596545432799,0.9559465233086998,0.9843200292431862,1.1263555574936817,True,persistent,
10582,46,-0.0001885929040324,3.50703125,False,True,True,True,2.776700510377801,3.61667709379512,3.61667709379512,4.527656261863099,8,9,5,False,True,3.339599616199602,3.727942606666286,1.4167099550694813,1.6581073417761734,1.850919186793956,True,persistent,
10583,46,6.67589876028465,3.50703125,True,True,True,True,3.4964851138387822,4.55420293717444,4.55420293717444,5.27930291717774,8,9,5,True,True,3.2112837225441853,3.814370292126623,1.7839537429456778,1.594398649181839,1.893830432531128,True,persistent,
10584,46,0.2045579206156286,3.50703125,False,True,True,True,2.8362368739731743,3.6942237365311583,3.6942237365311583,4.444097231236607,8,9,5,True,True,3.63844914012808,4.113942803701592,1.4470862087125955,1.8064857843021729,2.0425678375863017,True,persistent,
10585,46,0.8879169803613589,3.50703125,False,False,False,False,0.9767136405644852,1.272178197765442,1.272178197765442,1.2187919195654655,8,9,5,False,False,1.5301067611883885,1.6966867971706567,0.4983324390470872,0.7596962348782926,0.8424030298233276,False,persistent,
10586,46,1.995846257690828,3.50703125,True,True,True,True,1.55348716951989,2.023430845533553,2.023430845533553,1.9638315799471104,8,9,5,True,True,1.8681661920447756,2.066276172120683,0.7926100527968319,0.9275423507841064,1.0259037264560815,True,persistent,
10587,46,0.2626647797143493,3.50703125,False,False,False,False,0.8954116932789313,1.1662816888226777,1.1662816888226777,0.9226962006488574,8,9,5,False,False,1.5776433459258703,1.7574567407411794,0.4568510917950183,0.783298094147243,0.8725752364270264,False,persistent,
10588,46,5.756656830692823,3.50703125,True,True,True,True,3.847340823355893,5.011195617189871,5.011195617189871,5.869725449685636,8,9,5,True,True,3.775886206280646,4.358988958916492,1.9629650459681365,1.874723128477903,2.1642329698569256,True,persistent,
10589,46,1.5947656545296234,3.50703125,True,True,True,True,2.621709960656597,3.414800525243215,3.414800525243215,4.217850118664778,8,9,5,True,True,3.3702358796784253,3.822456325766193,1.3376316915293327,1.6733182111128495,1.8978451388685529,True,persistent,
10590,46,4.24769461986669,3.50703125,True,True,True,True,1.1781263905357868,1.534520094738831,1.534520094738831,1.475899464765423,8,9,5,True,True,1.7031875133998364,1.9485523397852944,0.6010959336680607,0.8456306279024868,0.9674539800402322,True,persistent,
10591,46,4.822334069834064,3.50703125,True,True,True,True,1.477956766907662,1.9250518248246895,1.9250518248246895,2.214630866978461,8,9,5,True,True,2.4759201611781574,2.8149423309314257,0.7540734252811081,1.2292914926050165,1.3976156072581618,True,persistent,
10592,46,2.982681298270072,3.50703125,True,True,True,True,2.5776991065728003,3.357475996635134,3.357475996635134,4.494765619004519,8,9,5,True,True,2.468412398444451,2.7913896032305514,1.315176761702154,1.2255638971026437,1.3859217052316322,True,persistent,
10593,46,2.689960217258337,3.50703125,True,True,True,True,2.0561250864291454,2.678121199701873,2.678121199701873,2.605718875864813,8,9,5,True,True,2.610611379781132,2.9970595882735824,1.0490626799416445,1.296165526652403,1.488036614614369,True,persistent,
10594,46,4.594450491841208,3.50703125,True,True,True,True,1.736444962814517,2.2617349974098206,2.2617349974098206,2.46998819527704,8,9,5,True,True,2.0589663184025344,2.401572740062455,0.8859575802486767,1.0222743925507305,1.1923780841245244,True,persistent,
10595,46,5.154965597773878,3.50703125,False,True,True,False,1.3239708038378473,1.7244837393148829,1.7244837393148829,1.5320271847377411,8,9,5,True,True,2.6711718972479748,3.137440479829777,0.6755077153651022,1.326233753438166,1.557735564693689,True,persistent,
10596,46,2.459873338715528,3.50703125,True,True,True,True,2.874701345837707,3.744324053002975,3.744324053002975,3.953742781140377,8,9,5,True,True,3.3485258812680296,3.755278922853576,1.46671129971658,1.662539222044935,1.8644916361221304,True,persistent,
10597,46,0.3791442641722714,3.50703125,False,True,True,False,2.4902101501705096,3.24352085332832,3.24352085332832,2.71247650698733,8,9,5,False,True,2.8999652098617337,3.490244622941178,1.27053871916551,1.439829368180113,1.7329024131579274,True,persistent,
10598,46,1.6971387816988437,3.50703125,True,True,True,True,3.3124047906596115,4.314436680146623,4.314436680146623,4.773407439316214,8,9,5,True,True,3.234165395607124,3.675131901646361,1.6900334856454564,1.6057593733577975,1.824698732912852,True,persistent,
10599,46,5.024441212569196,3.50703125,True,True,True,True,1.6503864768328325,2.14964305453972,2.14964305453972,2.2879885663772788,8,9,5,True,True,2.701908752176064,3.0944408060920114,0.8420493829646016,1.3414945663129054,1.5363862764817968,True,persistent,
10600,46,3.5937504392377173,3.50703125,True,True,True,True,1.9972028870664784,2.6013745113375637,2.6013745113375637,2.628611413645599,8,9,5,True,True,2.9799575050218454,3.4429061952730304,1.018999781152347,1.4795454500861966,1.7093989386444113,True,persistent,
10601,46,5.096049867403313,3.50703125,True,True,True,True,1.9819661428251087,2.5815285165405664,2.5815285165405664,3.036181022441781,8,9,5,True,True,2.994181428941197,3.424353028190801,1.0112257892620011,1.4866076118391025,1.700187312674933,True,persistent,
10602,46,3.2330908767284066,3.50703125,True,True,True,True,1.6430079643746305,2.140032476483453,2.140032476483453,2.254639106516607,8,9,5,True,True,2.437362247924452,2.74653647253875,0.8382847666460355,1.2101475333293557,1.3636521777885924,True,persistent,
10603,46,2.133857832063571,3.50703125,True,True,True,True,1.841872070575238,2.3990547422934303,2.3990547422934303,2.6104854548601746,8,9,5,True,True,2.2764144945827383,2.544234318137124,0.9397479089285508,1.1302371601924803,1.263209392418951,True,persistent,
10604,46,2.4500103151404944,3.50703125,True,True,True,True,1.6841009589804832,2.1935564671878782,2.1935564671878782,2.1370331820187287,8,9,5,True,True,2.2278584884305404,2.5540288596392617,0.8592509653138951,1.1061291593717386,1.2680723709314792,True,persistent,
10605,46,2.9776120285548053,3.50703125,True,True,True,True,1.515707113690456,1.974221987030472,1.974221987030472,1.9056638755115896,8,9,5,True,True,2.4101728912787697,2.725162385155801,0.7733341600613358,1.196648049243392,1.353039968156779,True,persistent,
10606,46,4.410108258921911,3.50703125,True,True,True,True,2.1378297565640167,2.7845422587352333,2.7845422587352333,3.208839158521583,8,9,5,True,True,3.126120310181184,3.697413679443037,1.0907495018092257,1.5521151135733102,1.8357616097838636,True,persistent,
10607,46,2.992214244322541,3.50703125,True,True,True,True,1.9064435787766203,2.4831597056306425,2.4831597056306425,2.869064436117516,8,9,5,True,True,2.400130360588706,2.7873811457641606,0.9726931610869488,1.1916619443862606,1.3839315107418555,True,persistent,
10608,46,3.895529564219778,3.50703125,True,True,True,True,2.976136013921216,3.876443609722624,3.876443609722624,4.905068581888477,8,9,5,True,True,2.824666759462789,3.2453174912879392,1.5184646319632482,1.4024437747619,1.6112963759478245,True,persistent,
10609,46,1.4849457255452796,3.50703125,True,True,True,True,2.6064800936377464,3.3949634880896733,3.3949634880896733,4.195816153690954,8,9,5,True,True,2.424258895940698,2.807280387223633,1.3298612084904349,1.2036417342447143,1.3938114610807155,True,persistent,
10610,46,1.6673274300817498,3.50703125,True,True,True,True,2.0498957784015523,2.6700074706304857,2.6700074706304857,3.3194831803870426,8,9,5,True,True,1.880502855073784,2.1579018347208634,1.0458844031837076,0.9336674896906368,1.0713957618232894,True,persistent,
10611,46,3.9902774184156735,3.50703125,True,True,True,True,1.8501225605159783,2.409801078770749,2.409801078770749,2.0703306317519243,8,9,5,True,True,2.212364649987479,2.4963983011147386,0.943957419889334,1.0984364865285283,1.2394588653673255,True,persistent,
10612,46,2.2935216843407087,3.50703125,True,True,True,True,3.337925570100297,4.347677722194175,4.347677722194175,4.636521546956855,8,9,5,True,True,2.774703757188122,3.2790606890347824,1.703054530644592,1.3776372019958272,1.628049834550361,True,persistent,
10613,46,5.4757413996970445,3.50703125,True,True,True,True,3.0383892981593568,3.957529065743578,3.957529065743578,4.771952663763537,8,9,5,True,True,3.2963745586820794,3.759704086128168,1.5502270950687649,1.636646150778654,1.866688724563082,True,persistent,
10614,46,3.0450144835664146,3.50703125,True,True,True,True,1.8597263098448595,2.4223100476287507,2.4223100476287507,2.09360511595568,8,9,5,True,True,3.6666088582187912,4.13989749612049,0.9488573819952096,1.820467051721796,2.05545431231356,True,persistent,
10615,46,5.200286485553336,3.50703125,True,True,True,True,2.290688938645784,2.9836427019933947,2.9836427019933947,3.600427694038407,8,9,5,True,True,2.937271155424729,3.3517230078765303,1.1687403129066574,1.458351726947269,1.66412659170339,True,persistent,
10616,46,4.808663774965796,3.50703125,True,True,True,True,1.614836828609148,2.1033393217667604,2.1033393217667604,2.6691909687188664,8,9,5,True,True,1.650798842163111,1.814157135615436,0.8239114741950098,0.8196197133059746,0.9007269168160666,True,persistent,
10617,46,1.3854101433332098,3.50703125,True,True,True,True,3.920884522730043,5.106986939273524,5.106986939273524,5.893501838897599,8,9,5,True,True,4.581407589057603,5.300341249904989,2.0004880307648727,2.274663562133869,2.6316132921310307,True,persistent,
10618,46,5.693181487870488,3.50703125,False,True,True,True,1.8095928566730828,2.357010779291546,2.357010779291546,2.733999706065677,8,9,5,True,True,3.104681110733661,3.479402424858929,0.9232786197466294,1.541470575876844,1.7275192743666892,True,persistent,
10619,46,2.8592370510924225,3.50703125,True,True,True,True,3.470869231959067,4.520838023354791,4.520838023354791,5.606952531273675,8,9,5,True,True,2.980095096373078,3.4482592095425213,1.7708841754027456,1.4796137640327358,1.712056704029765,True,persistent,
10620,46,1.5869050249394427,3.50703125,True,True,True,True,2.281726707211534,2.971969315894895,2.971969315894895,2.3744446068464407,8,9,5,True,True,3.568532368198597,4.05035513598145,1.1641676618608985,1.7717721880114023,2.010996634205588,True,persistent,
10621,46,1.930689429509107,3.50703125,True,True,True,True,2.6004160470300106,3.387065013486476,3.387065013486476,4.327924294118295,8,9,5,True,True,2.8166906215380845,3.6698491673699913,1.3267672503321544,1.3984836315196325,1.8220758614626895,True,persistent,
10622,46,2.707697997224611,3.50703125,True,True,True,True,2.7800260068206244,3.621008582468567,3.621008582468567,4.388108952763735,8,9,5,True,True,2.8671419801918816,3.25235078314861,1.4184066680921814,1.423532672662367,1.614788397211231,True,persistent,
10623,46,2.507008040518329,3.50703125,True,True,True,True,4.114452362515113,5.359110771004593,5.359110771004593,6.278900584082408,8,9,5,True,True,5.124302626768484,5.770160039625933,2.099248946672037,2.544210319618124,2.864877777119561,True,persistent,
10624,46,2.1776000028431266,3.50703125,True,True,True,True,1.5326783820520071,1.9963272149102769,1.9963272149102769,2.104257791768529,8,9,5,True,True,1.9409131133388424,2.2194687403249684,0.781993129492178,0.9636611129567324,1.101963659153682,True,persistent,
10625,46,3.760131960063613,3.50703125,True,True,True,True,1.4707165017324069,1.9156213150831891,1.9156213150831891,2.176798045499628,8,9,5,True,True,2.5363468614051285,2.945335033374165,0.7503793445861285,1.25929327928616,1.462355433010202,True,persistent,
10626,46,2.877776498224224,3.50703125,True,True,True,True,1.751046589561832,2.280753746025952,2.280753746025952,2.28020230116087,8,9,5,True,True,3.349121055387133,3.903436705220503,0.8934075266493833,1.6628347253057851,1.9380518034823824,True,persistent,
10627,46,4.57279326199977,3.50703125,True,True,True,True,1.5281028307414604,1.9903675186612608,1.9903675186612608,2.4462750642504227,8,9,5,True,True,2.10301233777987,2.3778165497413366,0.779658621659102,1.044143190160872,1.180583163142678,True,persistent,
10628,46,6.472871312000743,3.50703125,False,False,False,False,2.111692788342038,2.7504986253234254,2.7504986253234254,2.7977141038490063,8,9,5,False,False,2.273963503403917,2.532396517855939,1.077414069004348,1.1290202459107446,1.2573319382889707,False,persistent,
10629,46,3.943107438565872,3.50703125,True,True,True,True,3.1431557376821857,4.093988284375383,4.093988284375383,5.135738559590756,8,9,5,True,True,3.7926819355899073,4.407475655712514,1.6036803419257628,1.883062188628432,2.1883065586625947,True,persistent,
10630,46,4.7102665828632855,3.50703125,True,True,True,True,2.282583397629609,2.9730851627786143,2.9730851627786143,4.345172108809342,8,9,5,True,True,2.326896806856983,2.6784768399662493,1.1646047568371711,1.155301569771919,1.3298606490377676,True,persistent,
10631,46,4.623210372295267,3.50703125,True,True,True,True,1.494642754748093,1.946785472290192,1.946785472290192,1.8875159368018823,8,9,5,True,True,2.143463190656067,2.429825240334354,0.7625868407522245,1.064226991766843,1.2064054177896533,True,persistent,
10632,46,1.4495248720985436,3.50703125,False,True,True,True,1.8633233702045409,2.4269952507175376,2.4269952507175376,2.7323930024914573,8,9,5,False,False,1.6926200347547795,1.967281530835563,0.950692650581613,0.8403838869936555,0.9767530017059848,True,persistent,
10633,46,0.139539977182307,3.50703125,False,False,False,False,1.6146795407109564,2.103134452881407,2.103134452881407,2.761120037408816,8,9,5,False,False,1.973775463663526,2.2922170449409576,0.8238312237933739,0.979977231834296,1.13808310814404,False,persistent,
10634,46,4.1109938808123605,3.50703125,True,True,True,True,2.0977905901278846,2.732390888588185,2.732390888588185,3.0102765015118136,8,9,5,True,True,2.4193001374064425,2.7561762808826256,1.0703209804506024,1.2011797163753084,1.3684383314672437,True,persistent,
10635,46,1.740509320312816,3.50703125,False,True,True,True,1.641773039001909,2.138423975209594,2.138423975209594,1.8443912696078129,8,9,5,True,True,2.4681117556754764,2.8444516295139235,0.8376546911075453,1.225414628316029,1.4122669398289764,True,persistent,
10636,46,4.408373323397623,3.50703125,True,True,True,True,1.6667327224029294,2.1709341846785173,2.1709341846785173,1.2010077821321548,8,9,5,True,True,3.266813891931765,3.7802039457145726,0.8503894573588746,1.6219693139720093,1.8768668811063745,True,persistent,
10637,46,2.6751972891250357,3.50703125,True,True,True,True,1.8756611567524824,2.4430653273532075,2.4430653273532075,2.885719411897053,8,9,5,True,True,2.251665374597788,2.55678631868192,0.9569875552573834,1.117949250782476,1.2694414461526826,True,persistent,
10638,46,2.1852052644518354,3.50703125,True,True,True,True,1.6154854382049089,2.1041841415300144,2.1041841415300144,2.502719961535344,8,9,5,True,True,2.1126100787495554,2.3938598365925534,0.8242424035364471,1.0489084574369567,1.1885486364842086,True,persistent,
10639,46,7.542017002360879,3.50703125,False,False,False,False,2.328972511530844,3.0335073959366365,3.0335073959366365,3.2691527012692143,8,9,5,False,False,2.3461749547155817,2.681166651932733,1.1882731068176986,1.1648731478572478,1.3311961375639938,False,persistent,
10640,46,5.227429638101711,3.50703125,True,True,True,True,4.063124906650455,5.292256303547737,5.292256303547737,5.60643902097863,8,9,5,True,True,4.413607625719291,5.113027828971458,2.07306098818675,2.1913510746693845,2.5386123955695026,True,persistent,
10641,46,0.5039234291820823,3.50703125,False,False,False,False,1.3580449525288782,1.7688656208324731,1.7688656208324731,1.5956417894746744,8,9,5,False,False,2.223162196164592,2.523586492880509,0.6928928044233864,1.103797455700579,1.252957771091762,True,persistent,
10642,46,2.6370592170833835,3.50703125,True,True,True,True,1.575175463580559,2.051680041310897,2.051680041310897,2.194907293256479,8,9,5,True,True,2.4029349791959085,2.703258489145713,0.8036757121970398,1.1930544342766436,1.342164709155175,True,persistent,
10643,46,5.600479234644933,3.50703125,True,True,True,True,2.1738507991778384,2.8314599868910517,2.8314599868910517,3.123939896312311,8,9,5,True,True,2.676063742292707,3.0506745492644467,1.109127922338287,1.3286625488375177,1.5146563806536169,True,persistent,
10644,46,4.667368608161003,3.50703125,True,True,True,True,3.1076954724736576,4.047800973774091,4.047800973774091,5.532860529735765,8,9,5,True,True,3.3088085368206848,3.787188430555337,1.5855880375729643,1.6428196065243963,1.8803346697409216,True,persistent,
10645,46,2.5238996815532144,3.50703125,True,True,True,True,1.252128605036291,1.6309086368497954,1.6309086368497954,1.170444630479546,8,9,5,True,True,2.559515611533767,2.948487408114918,0.6388528590506208,1.2707965368927678,1.4639205834181483,True,persistent,
10646,46,3.0199032676169324,3.50703125,True,True,True,True,0.7042724020004593,0.9173210631061413,0.9173210631061413,0.8486112530982536,8,9,5,True,True,1.3764698996097513,1.5830288048622267,0.3593292540069405,0.6834157110348732,0.7859719682721205,True,persistent,
10647,46,6.0544608036734,3.50703125,False,False,False,False,1.8715232533577544,2.437675671404315,2.437675671404315,2.2726625692494578,8,9,5,True,True,3.236822274088736,3.707494646217644,0.954876341278592,1.6070785104469258,1.840766798112457,True,persistent,
10648,46,3.3319645525319124,3.50703125,True,True,True,True,2.8452465547950423,3.7059589258787566,3.7059589258787566,3.9862447325091153,8,9,5,True,True,3.271912855940075,3.614210960298999,1.4516830690742497,1.624500943696908,1.7944515560878265,True,persistent,
10649,46,3.4348287292154382,3.50703125,True,True,True,True,1.512360795644733,1.9698633780341877,1.9698633780341877,1.7248324177856975,8,9,5,True,True,2.218026485496348,2.532161281898186,0.7716268235767253,1.1012475813015803,1.2572151439083783,True,persistent,
10650,46,0.8872821965302775,3.50703125,False,False,False,True,1.6791763983088448,2.187142183144082,2.187142183144082,2.7027146467384973,8,9,5,False,False,2.064431204100839,2.3094896909543445,0.8567383882096022,1.024987701970929,1.146658956885839,False,persistent,
10651,46,3.008577269478668,3.50703125,True,True,True,True,3.143973440746681,4.095053349884548,4.095053349884548,5.387370226133799,8,9,5,True,True,3.055746340153578,3.572307374197909,1.604097545029746,1.517174518956313,1.7736464741181397,True,persistent,
10652,46,4.072938036669979,3.50703125,True,True,True,True,1.08210652430555,1.4094533655592698,1.4094533655592698,1.4596266438484882,8,9,5,True,True,1.9334743167009645,2.246297764815846,0.5521053061717204,0.9599677590410668,1.1152842387420938,True,persistent,
10653,46,3.297417064077364,3.50703125,True,True,True,True,1.9819347255004585,2.581487595195975,2.581487595195975,3.015581125864968,8,9,5,True,True,2.722806770431368,3.085115204110269,1.0112097597203102,1.3518704081741897,1.5317561258980552,True,persistent,
10654,46,2.0935726115359947,3.50703125,False,True,True,True,1.1444214469959395,1.4906191062121146,1.4906191062121146,1.6386309264896808,8,9,5,True,True,1.7080491004799645,2.004648994110998,0.5838992180447904,0.8480444002574549,0.9953059039461218,True,persistent,
10655,46,4.70965116274064,3.50703125,True,True,True,True,1.8459925980984304,2.4044217660152127,2.4044217660152127,2.459489611752309,8,9,5,True,True,3.1017486121740605,3.582471582379971,0.9418502575039288,1.5400145937381962,1.7786929917091308,True,persistent,
10656,46,1.704939327181679,3.50703125,True,True,True,True,2.0345834795201725,2.6500630652433537,2.6500630652433537,3.1520687705488197,8,9,5,True,True,2.244639157884189,2.623363565481489,1.0380718622995997,1.114460742321397,1.3024969720840318,True,persistent,
10657,46,3.30542543007616,3.50703125,True,True,True,True,1.9578433465220757,2.550108359954937,2.550108359954937,2.749882529073336,8,9,5,True,True,2.02359124463608,2.314247702147161,0.9989180140666232,1.00471070939437,1.1490213039327104,True,persistent,
10658,46,1.7370570237334262,3.50703125,True,True,True,True,2.182901942672024,2.843249181737859,2.843249181737859,3.0220964313261662,8,9,5,True,True,3.1596060781113864,3.670580748055645,1.1137459375131504,1.56874075857002,1.822439090425857,True,persistent,
10659,46,1.7003819632197417,3.50703125,True,True,True,True,1.8664527190042777,2.4310712553425247,2.4310712553425247,2.897816606544767,8,9,5,True,True,2.325941929937799,2.6268446735395097,0.9522892864380558,1.1548274744874087,1.3042253382032878,True,persistent,
10660,46,5.689405643637524,3.50703125,True,True,True,True,2.616930727358912,3.408575531395647,3.408575531395647,3.3972388058856264,8,9,5,True,True,2.9615829940818768,3.384201492532748,1.3351932624063052,1.4704225266844448,1.680252121721124,True,persistent,
10661,46,0.9040953368978236,3.50703125,False,False,False,False,0.933703307136958,1.216156856204676,1.216156856204676,1.2185930076912437,8,9,5,False,False,1.1126296386363803,1.2769981808668835,0.4763879883186416,0.5524193270210536,0.6340281178795188,False,persistent,
10662,46,2.5356156908285032,3.50703125,True,True,True,True,4.031582620280676,5.251172195206508,5.251172195206508,5.856911037262233,8,9,5,True,True,4.199016346711819,4.869930709035413,2.0569676893456594,2.084806753165257,2.4179149570576075,True,persistent,
10663,46,2.6149164682589863,3.50703125,True,True,True,True,2.599310881705543,3.385625525828761,3.385625525828761,4.321300612662251,8,9,5,True,True,2.7189284277380623,3.0569389119249064,1.326203380115932,1.349944815518561,1.517766629459633,True,persistent,
10664,46,3.239146521813074,3.50703125,True,True,True,True,1.417858694921614,1.846773551917391,1.846773551917391,1.3594335757755247,8,9,5,True,True,2.3195522052563984,2.651707716649366,0.7234105804604645,1.1516549835831802,1.316569810312871,True,persistent,
10665,46,0.5832209543325129,3.50703125,False,False,False,False,1.2561017389558695,1.6360836790928512,1.6360836790928512,1.8532152020428316,8,9,5,False,False,2.071202299792392,2.444503525238911,0.6408800054265638,1.0283495431400236,1.2136931692455075,False,persistent,
10666,46,3.859388087675332,3.50703125,True,True,True,True,1.5262439759695496,1.9879463437995373,1.9879463437995373,2.1264807437832287,8,9,5,True,True,2.687911121254825,3.055159575284165,0.7787102089474855,1.3345447587714878,1.5168831908781957,True,persistent,
10667,46,3.879441841436288,3.50703125,True,True,True,True,3.8767285672900935,5.049473414859407,5.049473414859407,5.276964417155747,8,9,5,True,True,3.268326448025462,3.704633981776227,1.977959068273751,1.622720296320804,1.8393464815302945,True,persistent,
10668,46,3.9635098259181225,3.50703125,True,True,True,True,2.548722934268408,3.3197342746714287,3.3197342746714287,3.772800959397353,8,9,5,True,True,2.898800248314552,3.242144586435632,1.3003927287789,1.439250966121106,1.609721032363268,True,persistent,
10669,46,1.6390257412075575,3.50703125,False,False,False,False,1.336779474282524,1.7411671464112175,1.7411671464112175,1.5892760211006003,8,9,5,True,True,2.200176702236865,2.488882088564276,0.682042871339741,1.0923851845854906,1.235727074540719,True,persistent,
10670,46,3.703717504256741,3.50703125,True,True,True,True,1.6941642122110714,2.2066639439618774,2.2066639439618774,2.211639752375548,8,9,5,True,True,2.430771870836222,2.874968284995397,0.8643853724920821,1.2068754187375164,1.4274184239334895,True,persistent,
10671,46,1.1177890442741598,3.50703125,False,True,True,True,2.0329172591907736,2.6478927984551173,2.6478927984551173,2.507900371184066,8,9,5,True,True,2.6372169649027164,2.991286945950143,1.037221734272045,1.3093751688527313,1.4851705043862111,True,persistent,
10672,46,3.4076898384877707,3.50703125,True,True,True,True,1.67581532835088,2.1827643596509887,2.1827643596509887,2.746550860956714,8,9,5,True,True,2.1644886671326096,2.465645210530348,0.85502352510091,1.07466611648736,1.224189991508035,True,persistent,
10673,46,2.3382913774041394,3.50703125,True,True,True,True,2.6921904071085234,3.5066019331697955,3.5066019331697955,4.517372035903,8,9,5,True,True,3.3445261226794694,4.093655053491367,1.3735917634755146,1.6605533465379272,2.0324949931026337,True,persistent,
10674,46,4.95473482420749,3.50703125,True,True,True,True,2.6066779507718323,3.395221198765354,3.395221198765354,4.167277705036556,8,9,5,True,True,3.701527309262045,4.20426868451438,1.3299621578619976,1.837804022224912,2.087414532801376,True,persistent,
10675,46,3.048205147179233,3.50703125,True,True,True,True,3.0672413287145788,3.99510909197563,3.99510909197563,4.260120634536067,8,9,5,True,True,3.662638562974209,4.31186243241857,1.5649477892015256,1.8184958047309503,2.1408347040290185,True,persistent,
10676,46,1.2151254599285843,3.50703125,False,False,False,False,0.8830298032388181,1.1501541669964672,1.1501541669964672,1.1752244527040332,8,9,5,False,False,1.1737691937535768,1.355943070090718,0.4505336849242221,0.5827750453296202,0.6732241639512654,False,persistent,
10677,46,7.968680300375429,3.50703125,False,False,False,False,2.171439613954351,2.8283193967070925,2.8283193967070925,3.570192093203683,8,9,5,False,False,2.917400350646582,3.252022377094544,1.1078977031998296,1.448485895387754,1.614625343985722,False,persistent,
10678,46,2.126773461250365,3.50703125,True,True,True,True,1.774532539131611,2.311344404081289,2.311344404081289,2.68661324253677,8,9,5,True,True,1.9558334659469296,2.2210601513170665,0.9053903740740192,0.9710690507470452,1.102753792868209,True,persistent,
10679,46,2.5422652476383685,3.50703125,True,True,True,True,1.906149520897112,2.482776692629026,2.482776692629026,2.403082695080464,8,9,5,True,True,2.801623793923396,3.27042549153827,0.972543128800892,1.3910029690581784,1.6237624689939627,True,persistent,
10680,46,2.012727890443353,3.50703125,True,True,True,True,2.130438324543797,2.77491485283461,2.77491485283461,2.8833828615831885,8,9,5,True,True,2.7670077960716557,3.1172449585980564,1.0869782937563122,1.3738161662143704,1.547708511791036,True,persistent,
10681,46,3.775922335250134,3.50703125,True,True,True,True,2.6279409928845143,3.42291650010085,3.42291650010085,3.255930723492263,8,9,5,True,True,4.014693205998834,4.504981023739225,1.3408108479974703,1.9932905272701185,2.236717860964653,True,persistent,
10682,46,3.577699872027145,3.50703125,True,True,True,True,2.999768607678462,3.907225273135496,3.907225273135496,3.9911182528568463,8,9,5,True,True,3.7271770876853,4.233842131899151,1.5305222992251195,1.850539107506461,2.1020977151782274,True,persistent,
10683,46,4.198889091349865,3.50703125,True,True,True,True,3.836359969458503,4.996892957391823,4.996892957391823,5.132018567283965,8,9,5,True,True,3.597594057122858,4.268908846609758,1.957362466585357,1.7862012829052891,2.119508298420477,True,persistent,
10684,46,3.621690050301124,3.50703125,True,True,True,True,1.840535249807196,2.397313521361529,2.397313521361529,2.827761107081189,8,9,5,True,True,2.424827051273768,2.7096543520906478,0.9390658449885791,1.20392382270959,1.3453402477001393,True,persistent,
10685,46,1.069342972066057,3.50703125,False,False,False,False,1.549999857943864,2.018888591210913,2.018888591210913,1.489814955791101,8,9,5,True,True,2.707987911810533,3.1211348663637644,0.790830779516289,1.3445128620310052,1.5496398464917185,True,persistent,
10686,46,4.570608075309158,3.50703125,True,True,True,True,2.584598907256075,3.3664630483498166,3.3664630483498166,4.040488955517853,8,9,5,True,True,3.089057756090818,3.480575800345701,1.3186971328330903,1.5337135983904375,1.7281018539369586,True,persistent,
10687,46,3.2160375918620403,3.50703125,True,True,True,True,1.150604206332657,1.498672205199917,1.498672205199917,1.320033235976698,8,9,5,True,True,1.58969251381636,1.826428288228031,0.5870537450344276,0.7892804920504535,0.9068195298767168,True,persistent,
10688,46,4.679679799528335,3.50703125,True,True,True,True,3.786256556480244,4.931632816673668,4.931632816673668,3.900011407989582,8,9,5,True,True,3.5939654915574324,4.231319389861853,1.931799031247637,1.7843997043043804,2.1008451766783542,True,persistent,
10689,46,1.426701187204862,3.50703125,False,True,True,True,1.8439696317055725,2.4017868343085977,2.4017868343085977,2.9863913456506057,8,9,5,True,True,2.9724203853047664,3.55003064536685,0.9408181128355276,1.4758032788755782,1.7625861040527095,True,persistent,
10690,46,1.6024681349973613,3.50703125,True,True,True,True,2.8700921322883923,3.7383205113887774,3.7383205113887774,2.787669348074618,8,9,5,True,True,4.393389001173016,4.93009901447865,1.46435961695643,2.181312550997812,2.44778845102788,True,persistent,
10691,46,3.204435630502443,3.50703125,True,True,True,True,0.8168141608988128,1.0639077043308038,1.0639077043308038,0.9965586610696816,8,9,5,True,True,1.7186043209385056,1.956425753835067,0.4167495734099263,0.8532850549908775,0.971363120997563,True,persistent,
10692,46,5.58227459511925,3.50703125,True,True,True,True,3.499760379177387,4.558468999388192,4.558468999388192,4.985352469444007,8,9,5,True,True,3.808371638320133,4.398823561305747,1.7856248273832511,1.890852107863384,2.184010803809824,True,persistent,
10693,46,2.347126455285617,3.50703125,True,True,True,True,2.4674984902088624,3.2139387143693807,3.2139387143693807,3.2998390447461703,8,9,5,True,True,3.60099542568688,4.346411404591712,1.2589509247153836,1.7878900584581232,2.1579882287010266,True,persistent,
10694,46,6.426195374730816,3.50703125,False,True,True,True,2.4478685177371906,3.188370500755856,3.188370500755856,3.9013141672368503,8,9,5,True,True,3.1286946929961403,3.5967600702159874,1.248935448680277,1.5533932916594844,1.7857872093718874,True,persistent,
10695,46,4.286123205553208,3.50703125,True,True,True,True,1.3801561062735104,1.797665595106513,1.797665595106513,1.6724981530435987,8,9,5,True,True,2.040852904974403,2.3684625007069675,0.7041742125230415,1.0132811037612228,1.1759388886302524,True,persistent,
10696,46,4.307587768141436,3.50703125,True,True,True,True,2.900104642709178,3.777412072959952,3.777412072959952,4.115421860130401,8,9,5,True,True,3.785311121688229,4.228007721962904,1.479672403528421,1.879402588062557,2.0992009374018443,True,persistent,
10697,46,2.085420801739201,3.50703125,True,True,True,True,1.7933094359479609,2.3358014790717085,2.3358014790717085,2.9146315856814398,8,9,5,True,True,2.0521407382338253,2.3565245606313714,0.9149705994334388,1.0188854999018273,1.1700117152083214,True,persistent,
10698,46,2.1250056867336675,3.50703125,True,True,True,True,4.123190591720008,5.37049239220845,5.37049239220845,5.0598723971715405,8,9,5,True,True,4.9938530551150855,5.783589806815381,2.1037073087669,2.479442258368853,2.8715456409758,True,persistent,
10699,46,1.126766254617276,3.50703125,False,True,True,True,2.2981438053909145,2.993352732187015,2.993352732187015,3.409941198755785,8,9,5,True,True,2.6682110727768635,3.019127683636299,1.172543886209601,1.324763707517258,1.4989933984043902,True,persistent,
10700,46,8.040370474395681,3.50703125,False,True,True,True,3.8684103807040313,5.038638902899876,5.038638902899876,5.948016604439367,8,9,5,False,False,3.10084776125226,3.563490690147363,1.973715017573808,1.5395673222988182,1.7692690006978475,False,persistent,
10701,46,3.971945533037192,3.50703125,True,True,True,True,2.087605953434499,2.719125308775048,2.719125308775048,2.7498796139180963,8,9,5,True,True,1.581293135763328,1.7829451037766446,1.0651246417967364,0.7851102105746355,0.8852301791554769,True,persistent,
10702,46,2.9769013722285744,3.50703125,True,True,True,True,1.6287443270824424,2.12145396213664,2.12145396213664,2.2419676632697354,8,9,5,True,True,2.6751586361940696,3.019038673948613,0.8310072670122729,1.3282131647077682,1.4989492051975386,True,persistent,
10703,46,2.7797830034488387,3.50703125,True,True,True,True,1.9602643509017224,2.553261739677065,2.553261739677065,3.3970929476391536,8,9,5,True,True,2.338776481002124,2.6741391952101443,1.0001532430706497,1.161199814226858,1.3277070134398874,True,persistent,
10704,46,1.7301920044909982,3.50703125,False,True,True,True,1.5119061959269824,1.9692712578613816,1.9692712578613816,2.172850331929802,8,9,5,False,True,1.7288728589998956,1.9644370001778504,0.7713948806850444,0.8583833722461282,0.9753406955287468,True,persistent,
10705,46,2.349126025856113,3.50703125,False,True,True,True,1.0588873813725412,1.3792102255196763,1.3792102255196763,1.3513599690803442,8,9,5,True,True,1.2497163677222078,1.427947341041368,0.5402585870824879,0.620482729248881,0.708974201088465,True,persistent,
10706,46,5.343973136576047,3.50703125,True,True,True,True,2.682480120005305,3.4939541979138227,3.4939541979138227,3.7790133894428863,8,9,5,True,True,3.744672440258783,4.37536408165907,1.3686374443639298,1.8592255297974265,2.1723631993342103,True,persistent,
10707,46,1.2657028220590645,3.50703125,False,False,False,True,1.3346960385617217,1.7384534528675106,1.7384534528675106,2.553874434410296,8,9,5,False,False,1.5968612229651542,1.855708171858938,0.6809798744067349,0.7928397478405832,0.9213569581897572,False,persistent,
10708,46,1.9053822009138448,3.50703125,True,True,True,True,1.9245797600071264,2.5067822428758864,2.5067822428758864,2.835241571577289,8,9,5,True,True,1.75817413002599,1.9747089011178809,0.981946484734988,0.8729314193761099,0.9804406824493478,True,persistent,
10709,46,2.4528912169510706,3.50703125,True,True,True,True,3.724675923057589,4.851423494318335,4.851423494318335,5.235284225016113,8,9,5,True,True,3.1269949873982363,3.5618351951545977,1.9003797636372857,1.5525493897985931,1.7684470493512063,True,persistent,
10710,46,2.259959411452135,3.50703125,True,True,True,True,2.5385324586018325,3.3064610895438165,3.3064610895438165,3.2195111293282515,8,9,5,True,True,2.780604673943152,3.168603715939917,1.2951934110023615,1.380567000330712,1.5732080753315147,True,persistent,
10711,46,1.14280391581174,3.50703125,False,False,False,True,1.6386940519349555,2.1344135671891675,2.1344135671891675,2.421386194209373,8,9,5,False,False,1.9794974341799392,2.261816784869324,0.8360837504846801,0.9828181835689496,1.1229894142257122,True,persistent,
10712,46,2.9468627454123597,3.50703125,True,True,True,True,1.3084357480485511,1.7042491910753497,1.7042491910753497,1.4258194009080385,8,9,5,True,True,2.047267726254156,2.334115427740515,0.667581520909849,1.0164660550974685,1.158885606680542,True,persistent,
10713,46,2.345698930223837,3.50703125,True,True,True,True,1.6481646761002544,2.146749139338401,2.146749139338401,2.233694526173219,8,9,5,True,True,3.2927137441394927,3.783437114934292,0.8409157903411769,1.6348285605979331,1.8784721458795568,True,persistent,
10714,46,2.7009904562361955,3.50703125,True,True,True,True,1.686070915216619,2.196122352694213,2.196122352694213,2.3111264002105174,8,9,5,True,True,2.6421579676527425,2.9653369869703554,0.8602560634871961,1.3118283709958307,1.472286379805989,True,persistent,
10715,46,2.9791811478281627,3.50703125,True,True,True,True,1.880997863756599,2.450016435658171,2.450016435658171,2.684454938063124,8,9,5,True,True,2.7392111078364945,3.2097628378637046,0.9597104149650704,1.3600151426975955,1.5936435316993518,True,persistent,
10716,46,0.970555964490198,3.50703125,False,False,False,False,1.106758734553399,1.441563088513398,1.441563088513398,0.8743908763836374,8,9,5,False,False,2.0583689781105,2.375909788392839,0.5646831954838961,1.0219778137875286,1.179636458341413,True,persistent,
10717,46,3.079890431762941,3.50703125,True,True,True,True,3.2614733491317107,4.248098024883129,4.248098024883129,5.341806358863316,8,9,5,True,True,2.9443595742994466,3.375039722046929,1.664047579002324,1.461871118709306,1.6757033132853716,True,persistent,
10718,46,2.8036531620754266,3.50703125,True,True,True,True,2.1120164840289304,2.7509202418325764,2.7509202418325764,3.015472043562594,8,9,5,True,True,1.8170170127225047,2.112837433020075,1.0775792228984462,0.9021468424876372,1.0490213385689655,True,persistent,
10719,46,1.827767580042409,3.50703125,True,True,True,True,1.8074196910709863,2.354180211779944,2.354180211779944,2.71582798852599,8,9,5,True,True,2.772655383623708,3.16445111693718,0.92216984142106,1.376620186893364,1.5711463147358755,True,persistent,
10720,46,4.06325295394241,3.50703125,True,True,True,True,1.4932237428613804,1.9449371966957172,1.9449371966957172,1.8605801375731783,8,9,5,True,True,2.3269001292499256,2.628884986562525,0.7618628417977985,1.155303219336167,1.3052383512562815,True,persistent,
10721,46,5.469803020410818,3.50703125,True,True,True,True,2.375121673917971,3.09361709011487,3.09361709011487,4.406741322452347,8,9,5,True,True,3.253286709591078,3.6960101002832735,1.2118190303076846,1.6152530836059984,1.8350647343565585,True,persistent,
10722,46,3.516237088594617,3.50703125,True,True,True,True,2.3884695097163795,3.111002764876486,3.111002764876486,3.570864763737671,8,9,5,True,True,3.0887318253722715,3.581143695249557,1.218629275699135,1.5335517741661473,1.7780336972867368,True,persistent,
10723,46,3.4568568618870263,3.50703125,True,True,True,True,2.2361338492027105,2.912584213113778,2.912584213113778,4.061897018928301,8,9,5,True,True,2.014532604243091,2.3027341260231258,1.14090557234863,1.0002131049302705,1.1433048267212638,True,persistent,
10724,46,5.416794447051823,3.50703125,True,True,True,True,2.8434045549978064,3.703559704771352,3.703559704771352,3.977504358525128,8,9,5,True,True,3.618315802999479,4.061680183129363,1.4507432559974602,1.7964896057347022,2.01661950699873,True,persistent,
10725,46,2.382890552079572,3.50703125,True,True,True,True,1.2987849997105567,1.6916790055902549,1.6916790055902549,1.2654207990332214,8,9,5,True,True,2.4752036265909894,2.9261402817358264,0.6626575792772503,1.2289357340123228,1.452825261051649,True,persistent,
10726,46,5.79430968800683,3.50703125,True,True,True,True,4.212725478475641,5.48711237798451,5.48711237798451,5.453639175187257,8,9,5,True,True,3.7512859845447175,4.2572756192032575,2.149389212493516,1.8625091468760957,2.113732414485857,True,persistent,
10727,46,-1.2406518134849769,3.50703125,False,False,False,False,2.5378901253821486,3.305624444816187,3.305624444816187,4.168535607346178,8,9,5,False,False,3.5234297608763474,3.9125423510046073,1.2948656839524342,1.7493787957102696,1.942572746068733,False,persistent,
10728,46,1.492083288783395,3.50703125,False,False,False,False,1.5357563929088665,2.000336351408379,2.000336351408379,1.449923480866567,8,9,5,True,True,2.302604172022968,2.6630193208848523,0.7835635720395203,1.143240304710688,1.3221860087155617,True,persistent,
10729,46,5.900291345677711,3.50703125,False,False,False,False,1.0230511721070836,1.332533244442882,1.332533244442882,1.2423252368630593,8,9,5,False,False,1.776685464259117,1.978906708102338,0.5219744710143062,0.8821222753844565,0.982524888755554,False,persistent,
10730,46,1.674606705522525,3.50703125,False,True,True,True,1.4462330173457163,1.8837313590628384,1.8837313590628384,2.00440961648302,8,9,5,True,True,2.1104376333118404,2.408046280041348,0.7378875414781682,1.0478298407930902,1.1955921892268897,True,persistent,
10731,46,2.808655034505535,3.50703125,True,True,True,True,2.280038247504504,2.969770082119633,2.969770082119633,2.850616632634888,8,9,5,True,True,2.7410426689667826,3.218030629752213,1.163306187003692,1.3609245106776104,1.597748480796877,True,persistent,
10732,46,7.435532198580166,3.50703125,False,False,False,False,2.671306767733003,3.4794008072715448,3.4794008072715448,2.890369233673564,8,9,5,True,True,4.321686454039039,4.921398047134665,1.3629366497206086,2.1457123193861567,2.443468430818381,True,persistent,
10733,46,2.10892961199357,3.50703125,True,True,True,True,2.100306063582596,2.735667315120215,2.735667315120215,3.260665805852109,8,9,5,True,True,2.354600499638712,2.6354134093846,1.071604408847609,1.169056421153765,1.3084797056267254,True,persistent,
10734,46,1.1377542170695742,3.50703125,False,False,False,False,1.1650788846531197,1.5175256023617691,1.5175256023617691,1.625253469940285,8,9,5,False,False,2.0277570341946483,2.3185937418896057,0.59443892063993,1.0067790190857029,1.151179107631586,True,persistent,
10735,46,2.4263198818704987,3.50703125,True,True,True,True,1.6184111653032685,2.1079949270791887,2.1079949270791887,2.527513627620822,8,9,5,True,True,1.7980057610513436,2.1021842891852773,0.8257351488615446,0.8927077780502722,1.0437320649926387,True,persistent,
10736,46,4.352704079523323,3.50703125,True,True,True,True,4.507529978661256,5.871097859668296,5.871097859668296,5.8483604897883135,8,9,5,True,True,3.131501430808996,3.4407083615766307,2.299802434463723,1.55478683373302,1.7083077167595104,True,persistent,
10737,46,3.013862751889612,3.50703125,True,True,True,True,2.230679472293522,2.90547983871162,2.90547983871162,3.006515291297268,8,9,5,True,True,2.773187450602684,3.289377397150349,1.138122675872374,1.3768843575322265,1.6331720681817234,True,persistent,
10738,46,1.9705285318067225,3.50703125,True,True,True,True,3.2185733286451788,4.192220366908459,4.192220366908459,5.097767020540463,8,9,5,True,True,3.631934843655567,4.282095136865587,1.642159411420403,1.8032514436479263,2.126055276261151,True,persistent,
10739,46,3.1574930652914315,3.50703125,True,True,True,True,1.180545984402334,1.5376716372551096,1.5376716372551096,2.032582226046133,8,9,5,True,True,1.4893749319160363,1.691891568153753,0.6023304430093277,0.7394729288170359,0.8400222041698997,True,persistent,
10740,46,1.3821071317088034,3.50703125,False,False,False,False,1.1751961917140978,1.5307034847302758,1.5307034847302758,1.8010622409977732,8,9,5,False,False,1.8178983756423448,2.0691451787532222,0.5996009068095627,0.902584438156611,1.0273281849264753,True,persistent,
10741,46,1.8384552382851729,3.50703125,True,True,True,True,2.3696800620416294,3.086529342281449,3.086529342281449,3.5407405965899788,8,9,5,True,True,2.538338638411793,2.862236342473926,1.209042646722914,1.2602821942632465,1.4210970292167335,True,persistent,
10742,46,3.3035105966460128,3.50703125,True,True,True,True,3.1907809736533537,4.156020577516019,4.156020577516019,4.882147314381856,8,9,5,True,True,3.2781879355799344,3.762791030985837,1.627979378015797,1.6276165134707845,1.868221389109853,True,persistent,
10743,46,6.11341371287018,3.50703125,False,False,False,True,1.8894401260181304,2.461012557287773,2.461012557287773,3.1142082725111857,8,9,5,True,True,2.652415160373476,2.978750398090772,0.9640177707438148,1.3169210553025843,1.4789461228928966,True,persistent,
10744,46,2.34863364169137,3.50703125,False,True,True,True,0.9256630007248156,1.2056842856414456,1.2056842856414456,1.584462480060841,8,9,5,True,True,1.4357856589522904,1.5974131506263065,0.4722857158217272,0.7128659168535022,0.7931137792851451,True,persistent,
10745,46,1.7540707824941209,3.50703125,True,True,True,True,2.5260689506103144,3.2902272596104893,3.2902272596104893,3.7576106928748687,8,9,5,True,True,2.251114684416033,2.5641531813276552,1.2888343615547604,1.1176758337450017,1.2730990849245574,True,persistent,
10746,46,0.7746311095191908,3.50703125,False,False,False,False,1.7014808533784838,2.2161939341119847,2.2161939341119847,2.278874806452566,8,9,5,False,False,2.0743592162106683,2.3926469732207765,0.868118421245739,1.0299169484856008,1.1879464512247662,True,persistent,
10747,46,2.778209105704746,3.50703125,True,True,True,True,1.9928591260352804,2.595716723987527,2.595716723987527,2.555259081598028,8,9,5,True,True,2.6089392813506582,3.122583779352301,1.016783535838046,1.2953353317181686,1.5503592301125078,True,persistent,
10748,46,4.705180653526349,3.50703125,True,True,True,True,2.2533740573556327,2.935039737462153,2.935039737462153,3.585075292270429,8,9,5,True,True,2.47783986183128,2.848654331178636,1.14970175847905,1.2302446217560423,1.4143535763382609,True,persistent,
10749,46,2.569079356326678,3.50703125,True,True,True,True,3.4301175275663414,4.467758566186316,4.467758566186316,5.510050854270123,8,9,5,True,True,3.1410493158359327,3.614284276688253,1.7500921075929667,1.5595273475912692,1.7944879575901818,True,persistent,
10750,46,2.520475966723839,3.50703125,True,True,True,True,1.8442783617572316,2.4021889579448445,2.4021889579448445,2.529901295823182,8,9,5,True,True,2.088759032580323,2.350179782144835,0.9409756310611987,1.0370664406363763,1.1668615400377895,True,persistent,
10751,46,2.346761667259573,3.50703125,True,True,True,True,1.8383394128999724,2.3944534242734994,2.3944534242734994,2.432706443926235,8,9,5,True,True,1.7462914716805096,1.9939628345517,0.9379454994581392,0.8670316932691581,0.9900002381008168,True,persistent,
10752,46,4.65910261681151,3.50703125,True,True,True,True,2.241500109437311,2.9195738147641133,2.9195738147641133,3.4056806641720394,8,9,5,True,True,2.0671755644366687,2.344220841402182,1.1436435105120863,1.026350273699362,1.1639029328602484,True,persistent,
10753,46,6.542729557428335,3.50703125,False,False,False,False,1.6163823783173512,2.1053524139983817,2.1053524139983817,2.074932783328096,8,9,5,False,False,2.155018791776871,2.4350038153961897,0.8247000344482609,1.0699643343405154,1.2089765743104282,False,persistent,
10754,46,-0.2436210277417634,3.50703125,False,False,False,False,0.875622835981482,1.1405065263114254,1.1405065263114254,1.1008195904042686,8,9,5,False,False,1.7537679291605073,2.0082017210742604,0.4467545505843383,0.87074374574932,0.9970698287688872,False,persistent,
10755,46,4.040319501609726,3.50703125,True,True,True,True,2.100786060911206,2.7362925159068974,2.7362925159068974,3.3750137987608544,8,9,5,True,True,2.0939211770928328,2.373706243003034,1.0718493099420223,1.0396294394084398,1.1785424006073513,True,persistent,
10756,46,4.479052564088695,3.50703125,True,True,True,True,2.954525563293747,3.848295805708888,3.848295805708888,5.063520303344983,8,9,5,True,True,2.977683252460229,3.5728070077351224,1.507438689329879,1.4784162863232184,1.773894541590729,True,persistent,
10757,46,5.204917869572732,3.50703125,False,False,False,False,1.2326210542617253,1.6054998785848222,1.6054998785848222,1.5371888205072872,8,9,5,True,True,2.1577817656088447,2.402757288295004,0.6288998442123046,1.071336147648227,1.1929662109501324,True,persistent,
10758,46,3.2426876087170498,3.50703125,True,True,True,True,1.7476767583372268,2.2763645109051907,2.2763645109051907,2.5920236577892166,8,9,5,True,True,2.4590514015293143,2.780673518576155,0.8916881934245867,1.2209161729754634,1.3806011816112678,True,persistent,
10759,46,2.3395488504499324,3.50703125,True,True,True,True,1.775939516582997,2.3131770047167897,2.3131770047167897,2.1697913970274456,8,9,5,True,True,3.342249978525736,3.84775687557867,0.9061082328976436,1.6594232436016536,1.9104068325493009,True,persistent,
10760,46,2.4151950236141912,3.50703125,True,True,True,True,2.535269853255861,3.302211517082989,3.302211517082989,4.57771339007111,8,9,5,True,True,2.058913115419392,2.38849497482596,1.293528785863343,1.0222479773312154,1.1858849888302645,True,persistent,
10761,46,5.360854107599501,3.50703125,True,True,True,True,3.2073372364797508,4.17758525699776,4.17758525699776,4.442636694391537,8,9,5,True,True,3.050117821167968,3.42786233267394,1.6364266060395756,1.514379965798475,1.7019296782866051,True,persistent,
10762,46,3.187658943439778,3.50703125,True,True,True,True,2.247386876371304,2.927241381016617,2.927241381016617,2.971273135186186,8,9,5,True,True,2.8108803511459244,3.215104330231204,1.1466470181958974,1.3955988389989324,1.5962955764737103,True,persistent,
10763,46,4.065332238509751,3.50703125,True,True,True,True,1.5769332964859002,2.053969634293542,2.053969634293542,2.125017518738403,8,9,5,True,True,2.6548562618799907,2.9954097796964056,0.8045725821932954,1.3181330593734737,1.487217486566482,True,persistent,
10764,46,3.8360622442111767,3.50703125,True,True,True,True,1.809082629285735,2.356346203584677,2.356346203584677,2.5809462155654304,8,9,5,True,True,2.3970477206752814,2.8148997933876427,0.9230182948695664,1.1901314172393214,1.3975944874169377,True,persistent,
10765,46,6.322325266711393,3.50703125,False,True,True,True,2.7866760379873297,3.629670307167992,3.629670307167992,4.500299801654216,8,9,5,False,False,2.4854345249674044,2.760179777009018,1.4217996034556395,1.2340153632075743,1.3704260626574565,True,persistent,
10766,46,2.53316632813283,3.50703125,True,True,True,True,2.970173014444138,3.868676749905205,3.868676749905205,4.614989830962058,8,9,5,True,True,3.483354012781797,3.937092497178746,1.5154222294104065,1.7294812331939684,1.9547618652121057,True,persistent,
10767,46,2.938044683455236,3.50703125,True,True,True,True,1.7169335306252207,2.236321183567662,2.236321183567662,2.351412236184294,8,9,5,True,True,2.1631344282627536,2.4524747826328177,0.8760025850603483,1.0739937384568514,1.217650889309886,True,persistent,
10768,46,1.137493290235598,3.50703125,True,True,True,True,3.056461426362078,3.981068173350837,3.981068173350837,3.69019591860476,8,9,5,True,True,3.3359916482549035,4.102401973495637,1.55944773800033,1.656315989870101,2.036837828754745,True,persistent,
10769,46,0.8518815452762166,3.50703125,False,True,True,True,2.314160989799826,3.014215257238707,3.014215257238707,3.2083509493981217,8,9,5,False,True,2.464918080150376,2.7399842311630582,1.1807160691726102,1.2238289721164854,1.3603989975338624,True,persistent,
10770,46,2.691442464952742,3.50703125,True,True,True,True,1.6412860807659584,2.1377897077792336,2.1377897077792336,2.439496148842306,8,9,5,True,True,2.167786667328232,2.4085732950881,0.8374062384645627,1.0763035697649967,1.1958538515872534,True,persistent,
10771,46,2.7237149452188465,3.50703125,True,True,True,True,2.5901483452259964,3.3736912406284723,3.3736912406284723,3.311242391968893,8,9,5,True,True,2.3125289844436474,2.6398381779562805,1.321528530741379,1.1481679625834025,1.310676598098139,True,persistent,
10772,46,3.8916482261590617,3.50703125,True,True,True,True,1.3081768424667617,1.7039119642539422,1.7039119642539422,1.58736110907622,8,9,5,True,True,1.7266551157858387,1.95730952056532,0.6674494237989889,0.8572822653087683,0.9718019101556232,True,persistent,
10773,46,1.770414875562209,3.50703125,True,True,True,True,1.7990087803918982,2.3432249258651234,2.3432249258651234,2.990109709808604,8,9,5,True,True,1.9708680754216443,2.267397070174678,0.9178784816414476,0.9785337169393148,1.1257600194171644,True,persistent,
10774,46,4.183009539842643,3.50703125,True,True,True,True,3.4874337502383588,4.542413455637301,4.542413455637301,4.91247656908943,8,9,5,True,True,2.8425774651677,3.1894432616435924,1.779335615469651,1.4113364194015892,1.5835548856386334,True,persistent,
10775,46,3.409977828049466,3.50703125,True,True,True,True,3.3556369124353904,4.370746903002219,4.370746903002219,4.965186108089611,8,9,5,True,True,3.375937642856368,3.8847777175268914,1.7120910957728763,1.6761491299273552,1.9287876377019064,True,persistent,
10776,46,6.605215362372119,3.50703125,False,True,True,False,2.6923064154145275,3.506753035019436,3.506753035019436,2.180491862145004,8,9,5,True,True,4.675867234520199,5.646032154983697,1.373650952473886,2.321562666710166,2.803248426150041,True,persistent,
10777,46,0.9411245048440108,3.50703125,False,False,False,True,1.8507761035566743,2.4106523243898788,2.4106523243898788,3.0994149442943986,8,9,5,True,True,3.0933387764299094,3.674650864352874,0.9442908663407464,1.5358391200308488,1.824459898453736,True,persistent,
10778,46,1.1560150026530176,3.50703125,False,False,False,False,1.4692688232832491,1.9137357010363445,1.9137357010363445,2.024028961101446,8,9,5,True,True,2.787125954864079,3.241197303213676,0.7496407195658946,1.3838048087555077,1.609250707340637,True,persistent,
10779,46,1.407594401759253,3.50703125,False,True,True,True,2.000440358811176,2.605591347059346,2.605591347059346,2.7124406369658653,8,9,5,False,True,1.981302292604065,2.229646669732736,1.0206515827898754,0.9837142936862804,1.1070169893173452,True,persistent,
10780,46,4.134661548561176,3.50703125,True,True,True,True,2.014622177739604,2.624063292260169,2.624063292260169,3.284587469933961,8,9,5,True,True,2.1537912013606944,2.396619154458207,1.0278873375937536,1.0693548371205843,1.189918634608876,True,persistent,
10781,46,1.1464908866259491,3.50703125,False,True,True,True,2.031704961651547,2.646313770135498,2.646313770135498,2.8043804958046183,8,9,5,True,True,3.3407628052180747,3.89420703041251,1.0366032037586133,1.658684863776729,1.9334692806293128,True,persistent,
10782,46,5.611346291078357,3.50703125,True,True,True,True,2.9648125639793554,3.8616947155316943,3.8616947155316943,4.385702154990856,8,9,5,True,True,3.515700605018582,3.954099693100599,1.5126872554696695,1.745541278778202,1.9632059182908816,True,persistent,
10783,46,4.777226539077867,3.50703125,True,True,True,True,1.9433361488499217,2.531212606048479,2.531212606048479,2.368582729821072,8,9,5,True,True,2.534920738413249,2.862308549848108,0.9915162466504088,1.2585852108723177,1.42113288009439,True,persistent,
10784,46,5.161124827016218,3.50703125,False,True,True,False,1.6294796172899322,2.1224116841670786,2.1224116841670786,1.6289131624963948,8,9,5,True,True,2.293718779797246,2.6554013529366567,0.8313824219679199,1.1388287177609937,1.3184036964518258,True,persistent,
10785,46,3.322414262367957,3.50703125,True,True,True,True,2.204168152955801,2.8709486096443646,2.8709486096443646,2.658642170782447,8,9,5,True,True,2.3514514721068918,2.627379242870631,1.124596244092137,1.1674929326311771,1.3044907512570925,True,persistent,
10786,46,3.699912805902426,3.50703125,True,True,True,True,2.822863225971937,3.6768044411459417,3.6768044411459417,3.9471825575922783,8,9,5,True,True,2.6816132320767645,3.096548203834272,1.4402627935880137,1.3314178640883108,1.5374325970202034,True,persistent,
10787,46,2.3302151648345464,3.50703125,False,False,False,False,0.8673300299722837,1.1297050727788391,1.1297050727788391,1.0479190641777865,8,9,5,True,True,1.699889441734242,1.9066432488698664,0.442523449396154,0.8439931391400917,0.946646164936602,True,persistent,
10788,46,1.3220399626594144,3.50703125,True,True,True,True,4.006673660798163,5.21872805409227,5.21872805409227,6.107771924359496,8,9,5,True,True,3.7205085338973594,4.296965855037874,2.0442588031199365,1.8472281782737532,2.1334385706115717,True,persistent,
10789,46,5.283192918560943,3.50703125,True,True,True,True,2.109202396015062,2.747254867183188,2.747254867183188,2.987722086165618,8,9,5,True,True,3.262849882155082,3.943025867013489,1.0761434373361254,1.6200011877086968,1.957707776463484,True,persistent,
10790,46,0.7007463640457999,3.50703125,False,False,False,False,1.7603149578923831,2.2928258781527973,2.2928258781527973,1.9670542566548448,8,9,5,True,True,3.569469430303323,4.126728605755426,0.8981363728580642,1.7722374382611656,2.0489159734985,True,persistent,
10791,46,3.4923617015925057,3.50703125,True,True,True,True,2.0064725500445144,2.6134483297542643,2.6134483297542643,2.5952059915439616,8,9,5,True,True,2.8818742460505327,3.3075977487812427,1.0237292879075914,1.4308472255994122,1.6422184516650546,True,persistent,
10792,46,5.32958836625112,3.50703125,False,True,True,True,1.798740951159172,2.342876075909059,2.342876075909059,2.444263880172232,8,9,5,True,True,2.366099243059306,2.665229362897743,0.9177418315638308,1.1747655339451315,1.3232832920154614,True,persistent,
10793,46,3.759931942208453,3.50703125,True,True,True,True,1.3264907148821394,1.7277659458467831,1.7277659458467831,1.5640992052715237,8,9,5,True,True,2.635073527307302,3.097457901137803,0.6767934078800117,1.3083109545689724,1.537884260677865,True,persistent,
10794,46,5.720809096950184,3.50703125,False,False,False,True,1.665866976812883,2.1698065433528244,2.1698065433528244,2.445025609301928,8,9,5,True,True,2.3047359446612754,2.612384545827789,0.8499477423120441,1.1442987273567529,1.297045901541024,True,persistent,
10795,46,3.932374422064093,3.50703125,True,True,True,True,2.133683374841789,2.779141559689418,2.779141559689418,3.183005272853528,8,9,5,True,True,2.3345656798419285,2.7950654541787707,1.0886339620736856,1.1591091563274465,1.3877467609703358,True,persistent,
10796,46,2.9861202917791005,3.50703125,True,True,True,True,1.7008947600588695,2.2154305423540506,2.2154305423540506,2.601308643201008,8,9,5,True,True,1.8331728504235747,2.057019885440768,0.8678193885494171,0.910168197195772,1.0213079908394218,True,persistent,
10797,46,5.380304305495023,3.50703125,True,True,True,True,5.183679077552635,6.751788070517839,6.751788070517839,7.343449902207219,8,9,5,True,True,3.897348186533762,4.517963908969198,2.644782800884422,1.935028861005669,2.2431638484455574,True,persistent,
10798,46,0.7439606260943146,3.50703125,False,False,False,False,1.233788949555409,1.6070210725849785,1.6070210725849785,1.372383919654795,8,9,5,False,False,2.1747947931364635,2.516252754842107,0.6294957201027208,1.0797830961125123,1.2493165786490656,False,persistent,
10799,46,3.7985259060214527,3.50703125,True,True,True,True,1.9699481923131108,2.565875029184383,2.565875029184383,2.8933735478256057,8,9,5,True,True,3.1458710375646524,3.612054293787248,1.0050940692344914,1.561921326845432,1.7933807736624268,True,persistent,
10800,46,4.635686724122258,3.50703125,True,True,True,True,1.7285984041658895,2.251514785030578,2.251514785030578,1.6808212363807766,8,9,5,True,True,2.715235296814383,3.159342158891476,0.8819541604671767,1.3481111802920538,1.5686097229829854,True,persistent,
10801,46,3.2344352813869666,3.50703125,True,True,True,True,0.7390966003497766,0.9626798909700138,0.9626798909700138,0.9611801747832168,8,9,5,True,True,1.4720762371683302,1.671777034908194,0.3770970284912256,0.7308841469088149,0.830035361708582,True,persistent,
10802,46,5.45152657944387,3.50703125,True,True,True,True,2.209039621419353,2.87729374061525,2.87729374061525,2.6116802695664125,8,9,5,True,True,2.344513794782235,2.785211043192134,1.12708173283762,1.1640483838741686,1.38285405732809,True,persistent,
10803,46,4.789052343834058,3.50703125,True,True,True,True,2.383778676843392,3.104892913367781,3.104892913367781,3.3176140749343115,8,9,5,True,True,3.544950558867322,4.125848203899544,1.2162359496620303,1.7600638469890586,2.0484788549966675,True,persistent,
10804,46,1.7650075712564126,3.50703125,False,False,False,False,0.8215216986433161,1.07003931408313,1.07003931408313,0.8674000270850253,8,9,5,False,False,1.0107166697641954,1.1640492788476149,0.4191514224972071,0.501819656003761,0.5779491188356665,False,persistent,
10805,46,3.2587755198290407,3.50703125,True,True,True,True,1.5187257713449342,1.978153815454948,1.978153815454948,2.276466148553205,8,9,5,True,True,1.9885672485763075,2.3424918456560717,0.7748743198063507,0.9873213359127864,1.163044488474694,True,persistent,
10806,46,1.7577474087820175,3.50703125,False,True,True,True,1.5352538781106773,1.999681821417438,1.999681821417438,2.22877095407131,8,9,5,False,True,1.590276696595868,1.786470468008386,0.7833071822292028,0.7895705381239236,0.8869805184137314,True,persistent,
10807,46,6.725199966690617,3.50703125,False,False,False,False,1.6695104283221245,2.174552171326233,2.174552171326233,2.1555258356072446,8,9,5,False,False,2.4966183780690017,2.8097587052788766,0.8518066802870482,1.2395681333202409,1.395041943124947,True,persistent,
10808,46,3.030563738320429,3.50703125,True,True,True,True,3.252872745124987,4.236895661723088,4.236895661723088,4.844035187292069,8,9,5,True,True,2.5885916905498005,2.967662083305706,1.6596594351350265,1.2852327764505544,1.4734407874437434,True,persistent,
10809,46,1.243136394913467,3.50703125,True,True,True,True,2.8944513747179186,3.770048641155672,3.770048641155672,3.944776744150477,8,9,5,True,True,3.278291796485614,3.667979624211905,1.4767880301464305,1.6276680802901708,1.8211476354498608,True,persistent,
10810,46,-0.0180686538952248,3.50703125,False,False,False,False,1.867589255378836,2.4325516040718047,2.4325516040718047,2.7224824716544798,8,9,5,False,False,2.3312871719917165,2.6988345055854106,0.9528691625860656,1.1574813809767317,1.3399682064410017,False,persistent,
10811,46,3.2283389716109627,3.50703125,True,True,True,True,2.037681999653621,2.654098915256497,2.654098915256497,3.236587613341562,8,9,5,True,True,2.7936377540891413,3.2347756808213703,1.0396527689557669,1.3870379095292868,1.6060623792598856,True,persistent,
10812,46,4.521634343721763,3.50703125,True,True,True,True,1.9303536983469265,2.514302848881645,2.514302848881645,2.855233258295877,8,9,5,True,True,1.7874696269880186,2.027519490113164,0.98489242575217,0.88747659968997,1.006661078724351,True,persistent,
10813,46,1.4841569264561174,3.50703125,True,True,True,True,2.2549622657100845,2.9371083929596584,2.9371083929596584,3.5944347500268727,8,9,5,True,True,2.546263542725236,2.834261282955233,1.1505120837474996,1.264216900076857,1.4072074445642608,True,persistent,
10814,46,5.6276160801260255,3.50703125,False,True,True,True,2.0306443777457552,2.6449323501718447,2.6449323501718447,2.902251840961593,8,9,5,True,True,2.568542993633638,2.9630414953015407,1.036062079581949,1.2752786216505354,1.4711466708508842,True,persistent,
10815,46,-0.0031734413862218,3.50703125,False,False,False,False,1.7685390796885776,2.303537869887488,2.303537869887488,2.49594215553037,8,9,5,False,False,2.2003697767421038,2.6115476647430227,0.902332430436772,1.0924810458537373,1.2966303910516488,False,persistent,
10816,46,2.2876129577667523,3.50703125,True,True,True,True,2.297793988007694,2.992897091936229,2.992897091936229,2.561142081189614,8,9,5,True,True,3.1685675383435066,3.547847262663494,1.1723654046746237,1.573190113196795,1.7615020570691189,True,persistent,
10817,46,2.9618593884763658,3.50703125,True,True,True,True,1.6890866807575893,2.2000504141151405,2.2000504141151405,2.480199785174384,8,9,5,True,True,2.2444856783829668,2.6564068195781885,0.8617947476369919,1.1143845399267882,1.3189029094748923,True,persistent,
10818,46,2.653996949690702,3.50703125,True,True,True,True,2.134928248681084,2.78076301892941,2.78076301892941,3.414590997892377,8,9,5,True,True,3.066109372783876,3.3713089826599187,1.0892691134536572,1.5223197526555905,1.6738510055003757,True,persistent,
10819,46,4.025332384303741,3.50703125,True,True,True,True,1.89744030495358,2.471432861455962,2.471432861455962,2.680539871729078,8,9,5,True,True,2.696140413946721,3.07949577500194,0.9680995696622896,1.3386305930624816,1.5289660858537597,True,persistent,
10820,46,4.951312036231598,3.50703125,True,True,True,True,2.5230287426616345,3.286267361736279,3.286267361736279,3.460024017388317,8,9,5,True,True,3.066336321661249,3.525294193047127,1.28728320655973,1.5224324325103713,1.75030448412382,True,persistent,
10821,46,3.9961830109802734,3.50703125,True,True,True,True,1.8734628623208835,2.4402020293178355,2.4402020293178355,2.3657368680012256,8,9,5,True,True,3.14033891414522,3.6796617784023073,0.9558659558649462,1.5591746339745625,1.8269478114760247,True,persistent,
10822,46,4.587988650614236,3.50703125,True,True,True,True,3.5583216185120703,4.634745534107879,4.634745534107879,5.347285830489817,8,9,5,True,True,3.043955880382053,3.438962161502687,1.8155035595103128,1.511320569334553,1.7074407304451118,True,persistent,
10823,46,1.6517890478227353,3.50703125,True,True,True,True,1.973645790871696,2.5706911841708147,2.5706911841708147,3.124905650563802,8,9,5,True,True,2.337569082313109,2.7422369151950066,1.0069806337625056,1.1606003421760784,1.3615174525468396,True,persistent,
10824,46,2.4078645902164983,3.50703125,True,True,True,True,3.8481544878480456,5.012255422422666,5.012255422422666,4.83378622297965,8,9,5,True,True,3.99535381771774,4.492705422868419,1.96338018853818,1.983688543385944,2.230623039348953,True,persistent,
10825,46,2.583013877571843,3.50703125,True,True,True,True,1.987125898201447,2.588249143777621,2.588249143777621,3.080599052131032,8,9,5,True,True,1.9107261322068805,2.271927527944809,1.0138583658686828,0.9486733117849484,1.1280093864532077,True,persistent,
10826,46,5.637483813598083,3.50703125,False,True,True,True,1.8688030327636145,2.434132559903407,2.434132559903407,2.9651067848984893,8,9,5,True,True,2.1959334386813474,2.483457750642659,0.9534884481366056,1.0902784091443969,1.2330338970446864,True,persistent,
10827,46,4.341600509559457,3.50703125,True,True,True,True,1.2016823870322595,1.5652019895387563,1.5652019895387563,1.3850149814136647,8,9,5,True,True,2.224877260741092,2.4569467797371733,0.6131145199770299,1.1046489832765558,1.2198712306930763,True,persistent,
10828,46,-0.5790950031240145,3.50703125,False,False,False,False,1.9211129656967336,2.502266712474089,2.502266712474089,2.764371657381379,8,9,5,False,False,2.034946907130737,2.314125088474435,0.980177679639388,1.010348782671714,1.148960426386204,False,persistent,
10829,46,4.385796624052636,3.50703125,True,True,True,True,3.2340110911028934,4.212328189718875,4.212328189718875,4.967879375185175,8,9,5,True,True,2.197994948819637,2.553610795997528,1.650035965509006,1.0913019465405758,1.2678648028175274,True,persistent,
10830,46,4.262589943785617,3.50703125,True,True,True,True,2.124108682997416,2.766670438463248,2.766670438463248,3.1398684378620647,8,9,5,True,True,2.5713916217846746,2.945337372506599,1.083748825487313,1.2766929622284635,1.4623565943867465,True,persistent,
10831,46,4.296463444595428,3.50703125,True,True,True,True,2.5668670691286093,3.3433671715900424,3.3433671715900424,3.8975758681301738,8,9,5,True,True,2.643260020363213,3.102632100279453,1.3096501104758094,1.3123755388902667,1.540453244559336,True,persistent,
10832,46,0.090514184862648,3.50703125,False,False,False,True,2.378397548930715,3.097883946434609,3.097883946434609,3.5097899424967336,8,9,5,False,False,2.1880009599351182,2.5396707475849487,1.2134904258092063,1.0863399426336795,1.2609435849249715,False,persistent,
10833,46,2.430156870251814,3.50703125,True,True,True,True,2.6383053513557826,3.436416169127027,3.436416169127027,3.693995681171165,8,9,5,True,True,2.7665710878958607,3.115117155169465,1.3460988831201912,1.3735993411108502,1.5466520598529985,True,persistent,
10834,46,1.968654924548564,3.50703125,False,True,True,True,1.2359246817776373,1.6098028827865984,1.6098028827865984,1.6066559642298353,8,9,5,True,True,2.362464138201024,2.6503106967856582,0.6305853994142939,1.1729607085928928,1.3158761915684607,True,persistent,
10835,46,5.926438184340007,3.50703125,True,True,True,True,3.1042407736009565,4.043301197787391,4.043301197787391,5.1323825731543575,8,9,5,True,True,3.693426907441517,4.177928375894067,1.5838254037323931,1.833782182102281,2.0743366000767063,True,persistent,
10836,46,4.917578318161203,3.50703125,True,True,True,True,1.8549001204930944,2.4160238931034037,2.4160238931034037,2.989081141490272,8,9,5,True,True,2.3302236588623706,2.638559297130616,0.9463949952616958,1.15695334793969,1.3100416352492978,True,persistent,
10837,46,3.376653889729645,3.50703125,True,True,True,True,1.09609293464793,1.427670789339994,1.427670789339994,1.8521887754010655,8,9,5,True,True,1.3546703761664185,1.5430865525930957,0.5592413608861846,0.6725922728917866,0.7661406862785356,True,persistent,
10838,46,5.9520776145386565,3.50703125,False,True,True,True,1.887442198734156,2.4584102392430247,2.4584102392430247,3.150670864563211,8,9,5,False,True,2.209200216643074,2.4895578683178634,0.9629984013656148,1.0968653490378342,1.236062598405739,True,persistent,
10839,46,5.478236437255035,3.50703125,False,True,True,True,1.8368327717879336,2.392491010834198,2.392491010834198,2.4400119179601183,8,9,5,True,True,2.1011461247402066,2.3850055002840302,0.9371767908940848,1.0432166175479831,1.1841524687614369,True,persistent,
10840,46,-0.6121310933251812,3.50703125,False,False,False,False,2.831869197472693,3.688534799069823,3.688534799069823,3.7288945978401817,8,9,5,False,False,3.187362407405152,3.615015929183382,1.4448577614041345,1.5825217439191326,1.7948512222066697,False,persistent,
10841,46,3.955152512112824,3.50703125,True,True,True,True,2.6013371090992523,3.3882647050179684,3.3882647050179684,4.015350773203557,8,9,5,True,True,3.525828536654728,3.9884729385345175,1.3272371885908376,1.7505697851061583,1.9802721948403783,True,persistent,
10842,46,3.491814069466825,3.50703125,True,True,True,True,1.601153667472198,2.0855168827713566,2.0855168827713566,2.686109100757289,8,9,5,True,True,2.2653580839258627,2.656978983255752,0.8169301413047372,1.1247476651060244,1.3191869880781668,True,persistent,
10843,46,4.680960001404603,3.50703125,True,True,True,True,3.107187248801222,4.047139007923705,4.047139007923705,4.529339861290508,8,9,5,True,True,2.629975635148321,2.987030601708302,1.5853287350182057,1.3057798570160242,1.4830572343995068,True,persistent,
10844,46,2.9884839425695944,3.50703125,True,True,True,True,0.9467884954442588,1.2332004302747404,1.2332004302747404,1.2626009695382756,8,9,5,True,True,1.7239781171330473,1.984001088326156,0.4830642274267582,0.8559531385779509,0.9850542426367612,True,persistent,
10845,46,2.677957782255985,3.50703125,True,True,True,True,2.4446872741053824,3.18422690265086,3.18422690265086,3.3233643710861878,8,9,5,True,True,1.8546740252705929,2.078210190783144,1.2473123353823756,0.9208435056063126,1.0318289529009328,True,persistent,
10846,46,2.8255602570059435,3.50703125,True,True,True,True,1.6423304968304984,2.1391500689859595,2.1391500689859595,2.280197779266386,8,9,5,True,True,2.3707248844016675,2.7813102057678285,0.8379391135911162,1.1770621595145525,1.3809172960645717,True,persistent,
10847,46,3.559926044424788,3.50703125,True,True,True,True,2.106594833195867,2.7438584934354373,2.7438584934354373,3.4122164344381085,8,9,5,True,True,2.732673103939449,3.117006057302401,1.07481302370649,1.3567690313345246,1.54758989757442,True,persistent,
10848,46,0.4493063103372362,3.50703125,False,False,False,False,1.903336957168985,2.4791133033753647,2.4791133033753647,2.565872703569831,8,9,5,False,True,2.6915467996353177,3.0845909566523035,0.9711081209496628,1.33634986887684,1.5314958376423184,True,persistent,
10849,46,3.4545500309087407,3.50703125,True,True,True,True,1.850034167989971,2.4096859467200007,2.4096859467200007,2.2845755039430564,8,9,5,True,True,2.14592303094091,2.4658490020142967,0.943912320833429,1.0654482996194703,1.2242911737438,True,persistent,
10850,46,3.4430352279062832,3.50703125,True,True,True,True,2.145484742220463,2.794512945589478,2.794512945589478,3.244793103057868,8,9,5,True,True,2.271122113326257,2.68121970324123,1.094655178472902,1.1276094990278651,1.3312224774772228,True,persistent,
10851,46,2.7070537188123227,3.50703125,True,True,True,True,2.1800856438982272,2.8395809275540147,2.8395809275540147,3.936506975189247,8,9,5,True,True,2.377757621968887,2.6676396430728584,1.1123090239913729,1.1805539055719023,1.3244799933310054,True,persistent,
10852,46,4.734290832254934,3.50703125,True,True,True,True,1.896444868324349,2.470136296399051,2.470136296399051,2.00405411335716,8,9,5,True,True,3.024717704013274,3.525657019765355,0.9675916845025466,1.5017688370476274,1.7504846271692225,True,persistent,
10853,46,3.3945842342260057,3.50703125,True,True,True,True,2.3437244633407137,3.05272194428282,3.05272194428282,3.376760008361711,8,9,5,True,True,2.4675034666168787,2.836735035282559,1.195799751087629,1.225112613502909,1.4084356597298688,True,persistent,
10854,46,7.1355226170783945,3.50703125,False,False,False,False,1.7048007632432527,2.220518146217863,2.220518146217863,2.444345831751915,8,9,5,False,False,2.540791265477838,2.874196420232153,0.8698122839211601,1.2614999207610935,1.427035193972453,False,persistent,
10855,46,2.4744064100121026,3.50703125,True,True,True,True,1.2800764715962814,1.6673109814419411,1.6673109814419411,2.1642466421861144,8,9,5,True,True,1.5064299386573456,1.7150490096382065,0.6531122365493863,0.7479407199123012,0.8515198470477666,True,persistent,
10856,46,4.189673525279617,3.50703125,True,True,True,True,2.243229199500728,2.921825969939688,2.921825969939688,2.8057323254043696,8,9,5,True,True,2.8890113548251324,3.3147112177513045,1.1445257155237176,1.4343907918403516,1.6457502807704187,True,persistent,
10857,46,5.26750623229695,3.50703125,False,True,True,True,1.7048403194073645,2.22056966847319,2.22056966847319,2.547733103039082,8,9,5,True,True,2.365636100859589,2.6444641387306658,0.869832466008235,1.1745355843793477,1.31297338226519,True,persistent,
10858,46,5.05784436225309,3.50703125,False,True,True,True,1.4025920322654186,1.826888588119172,1.826888588119172,1.9185872936196664,8,9,5,True,True,2.1335511222143384,2.426989383203482,0.7156213237923853,1.0593056612649188,1.2049974180084466,True,persistent,
10859,46,1.929747368921783,3.50703125,False,False,False,False,1.056504358344631,1.37610631684576,1.37610631684576,1.141799047639919,8,9,5,True,True,2.449979508830027,2.843466199336575,0.5390427366750772,1.2164119887566345,1.4117776748871722,True,persistent,
10860,46,3.828264862395872,3.50703125,True,True,True,True,2.971279179039965,3.8701175391227474,3.8701175391227474,4.586504194646013,8,9,5,True,True,3.382730043439949,3.832729833099591,1.5159866094683196,1.6795215489506683,1.9029459233616008,True,persistent,
10861,46,1.164094586685743,3.50703125,False,False,False,False,1.1813331847583488,1.5386969727153748,1.5386969727153748,1.4824235529117604,8,9,5,True,True,2.431351139698129,2.89310784384576,0.6027320832210943,1.2071630250565886,1.4364246938948553,True,persistent,
10862,46,2.8110565509447643,3.50703125,True,True,True,True,1.539516150119384,2.005233468591413,2.005233468591413,1.8698739832865947,8,9,5,True,True,2.40435582002394,2.7168276016098547,0.7854818507479647,1.1937598801022529,1.3489017577789209,True,persistent,
10863,46,2.531132034946872,3.50703125,True,True,True,True,2.4797698170309763,3.229922226621473,3.229922226621473,3.5269191279870453,8,9,5,True,True,2.472817482318671,2.86389671342686,1.2652119207449608,1.227751016144565,1.4219214014719517,True,persistent,
10864,46,-0.037152252441135,3.50703125,False,False,False,False,1.3761389174337224,1.7924331709383283,1.7924331709383283,1.5186166731906343,8,9,5,False,False,2.2913530856004134,2.6724500240321665,0.7021245887341412,1.137654153332031,1.3268683419062892,False,persistent,
10865,46,3.2739760577603287,3.50703125,True,True,True,True,3.146568902522703,4.098433961916014,4.098433961916014,4.203356530785449,8,9,5,True,True,3.4604840462395536,3.889226213267031,1.6054217845443606,1.7181263212919775,1.9309963106849808,True,persistent,
10866,46,4.9079489998364325,3.50703125,True,True,True,True,2.396878151491713,3.121955095524,3.121955095524,3.4268428533636275,8,9,5,True,True,2.6311921392517403,2.893980411583029,1.2229194778535284,1.3063838498945106,1.4368579227658689,True,persistent,
10867,46,-1.1107470224328155,3.50703125,False,False,False,False,2.2597448849477075,2.943337797024089,2.943337797024089,3.47368049766585,8,9,5,False,False,2.5639736212088056,2.943476704544759,1.152952240422634,1.2730099335335012,1.4614327748985751,False,persistent,
10868,46,-0.3868128589594809,3.50703125,False,False,False,False,2.22752803491282,2.9013750635136053,2.9013750635136053,3.1695734171888907,8,9,5,False,False,3.1486878419073645,3.648922673807901,1.1365147701247678,1.5633198669393829,1.811685881644565,True,persistent,
10869,46,2.989625460780432,3.50703125,True,True,True,True,2.0655850971220997,2.6904429477090464,2.6904429477090464,2.8760562948420354,8,9,5,True,True,3.3221956930838985,3.839750873381856,1.053889304661769,1.6494663141051091,1.9064318617305172,True,persistent,
10870,46,5.862078093300989,3.50703125,False,True,True,True,2.0430332467199754,2.661068962121757,2.661068962121757,2.6867726970385384,8,9,5,True,True,2.7319104273012744,3.154111621707413,1.0423830471988136,1.3563903632669445,1.5660127673287032,True,persistent,
10871,46,1.7709336667682778,3.50703125,True,True,True,True,1.99838813371474,2.602918305631273,2.602918305631273,2.592304165239464,8,9,5,True,True,2.133718431982626,2.416726060553659,1.0196045099372946,1.0593887303711085,1.199901690198999,True,persistent,
10872,46,4.0473577141287125,3.50703125,True,True,True,True,2.300877149381787,2.9969129370288057,2.9969129370288057,3.35772064391268,8,9,5,True,True,1.9462926076503264,2.23648894110225,1.1739384750851478,0.9663320256522684,1.1104141691281173,True,persistent,
10873,46,1.32167606438445,3.50703125,False,False,False,True,1.5958512788946748,2.078610474522049,2.078610474522049,2.552725752021012,8,9,5,True,True,2.351505426698298,2.611327857602113,0.8142247913199808,1.1675197210233246,1.2965212570607512,True,persistent,
10874,46,0.926371023642766,3.50703125,False,False,False,False,1.3987160112608246,1.8218400363110128,1.8218400363110128,2.075563175579857,8,9,5,False,False,1.865907352254396,2.186238237019821,0.7136437257321178,0.9264208394441972,1.0854647527476846,False,persistent,
10875,46,4.141834789563584,3.50703125,True,True,True,True,2.156277918808911,2.808571154024573,2.808571154024573,2.8723986628128078,8,9,5,True,True,2.982867767328617,3.352920145961478,1.100162002367855,1.480990391951067,1.6647209693761336,True,persistent,
10876,46,3.207064395145069,3.50703125,True,True,True,True,2.0539993876908382,2.675352458202237,2.675352458202237,2.755512590282448,8,9,5,True,True,2.2014919128881103,2.547601825354925,1.0479781198485474,1.093038185150658,1.264881355852602,True,persistent,
10877,46,2.5343727864630425,3.50703125,True,True,True,True,2.953157764534641,3.846514235668297,3.846514235668297,4.6873592388644685,8,9,5,True,True,3.696312370114823,4.174263119834605,1.506740820002123,1.8352148109778568,2.072516804688001,True,persistent,
10878,46,5.9399713150589,3.50703125,True,True,True,True,2.7786977065156395,3.619278459515528,3.619278459515528,4.067418156559072,8,9,5,True,True,2.9223536700526105,3.4992810791319218,1.4177289514070868,1.4509452127362945,1.7373890031913046,True,persistent,
10879,46,4.738317572503267,3.50703125,True,True,True,True,1.903868477752246,2.479805613659162,2.479805613659162,2.5215604998357644,8,9,5,True,True,3.0022417816833524,3.540972900810298,0.971379309901736,1.4906095676407027,1.7580889443703631,True,persistent,
10880,46,0.8414660885735764,3.50703125,False,False,False,False,1.1181469656114984,1.4563963606839967,1.4563963606839967,1.5908096224459554,8,9,5,False,False,2.013184180536116,2.3082550130333384,0.5704936241744738,0.9995436141213978,1.1460459407279684,False,persistent,
10881,46,1.3123527120391765,3.50703125,False,True,True,False,1.8795113394204683,2.4480802244982858,2.4480802244982858,1.741052401997794,8,9,5,True,True,3.821550806329389,4.247337807697651,0.9589519702507128,1.8973955495168824,2.1087983025825308,True,persistent,
10882,46,2.434197330337664,3.50703125,True,True,True,True,1.7991818136713351,2.343450303249492,2.343450303249492,3.242492646388905,8,9,5,True,True,2.2232279945532545,2.5352968169982604,0.9179667655484158,1.1038301245243474,1.2587719334542304,True,persistent,
10883,46,5.343031305073469,3.50703125,True,True,True,True,1.873965880692329,2.4408572152174184,2.4408572152174184,2.76565854667915,8,9,5,True,True,2.1858796083033014,2.478845476215915,0.9561226026051136,1.0852866940052686,1.2307439081333886,True,persistent,
10884,46,1.718159867371547,3.50703125,True,True,True,True,2.0609250193585966,2.684373155003793,2.684373155003793,2.926106050327513,8,9,5,True,True,2.527599865256972,2.888912090176158,1.051511670295269,1.254950405828697,1.4343415070570964,True,persistent,
10885,46,3.214328861052358,3.50703125,True,True,True,True,1.527679416435232,1.9898160177641355,1.9898160177641355,2.2397989500618785,8,9,5,True,True,1.680512432883603,1.9336296565249285,0.7794425899839139,0.8343724766867078,0.9600448850837624,True,persistent,
10886,46,5.832049320935481,3.50703125,True,True,True,True,3.800859984211333,4.950653911087173,4.950653911087173,5.501357689595917,8,9,5,True,True,3.1780382789615302,3.581444421650584,1.9392498965344944,1.5778923249453616,1.7781830075965683,True,persistent,
10887,46,3.669847229108677,3.50703125,True,True,True,True,1.9483650551282043,2.537762801172343,2.537762801172343,2.5791142649215693,8,9,5,True,True,2.335765281278827,2.6308882330037444,0.9940820622869626,1.1597047570515808,1.3062329607943413,True,persistent,
10888,46,3.5235365625707504,3.50703125,True,True,True,True,2.525299860243824,3.28922551257254,3.28922551257254,4.945005445255601,8,9,5,True,True,3.007094349803749,3.5614932050089307,1.2884419613032811,1.493018862092609,1.7682772516399494,True,persistent,
10889,46,2.6061445394032314,3.50703125,True,True,True,True,2.028417520830009,2.6420318492470107,2.6420318492470107,2.9593185024232778,8,9,5,True,True,2.468522696847672,2.782658187356394,1.034925907225852,1.2256186601321035,1.381586567362166,True,persistent,
10890,46,4.592075240811421,3.50703125,True,True,True,True,2.620785706908708,3.4135966765219177,3.4135966765219177,3.3691719914245755,8,9,5,True,True,2.8669002408950943,3.216092017470426,1.3371601248332663,1.4234126493814758,1.596785962044121,True,persistent,
10891,46,1.2224166116306896,3.50703125,False,False,False,False,1.2438570361514685,1.620134844860462,1.620134844860462,1.8295532554167264,8,9,5,False,False,1.9720227484084103,2.2023230572630728,0.634632593328994,0.9791070107399908,1.0934508473702595,True,persistent,
10892,46,2.996628011278589,3.50703125,True,True,True,True,2.291254351835782,2.984379157698702,2.984379157698702,3.4999007781188363,8,9,5,True,True,2.2421372808531754,2.583534427205414,1.1690287943226418,1.11321856327298,1.282721851056999,True,persistent,
10893,46,5.167683314261358,3.50703125,True,True,True,True,2.3687546498724728,3.0853239847061547,3.0853239847061547,3.933645926203564,8,9,5,True,True,2.527375643360365,2.8634753140534577,1.2085704889847326,1.2548390799167084,1.4217121771710897,True,persistent,
10894,46,4.3700467442384845,3.50703125,True,True,True,True,2.004397370658008,2.610745390159359,2.610745390159359,2.9002370487357174,8,9,5,True,True,3.1721496498564536,3.748983729254431,1.0226705034674146,1.5749686274144477,1.861366079790763,True,persistent,
10895,46,2.0519687598666,3.50703125,True,True,True,True,1.5879209380692338,2.0682811351128603,2.0682811351128603,2.3388048501737257,8,9,5,True,True,2.045551172248253,2.3589081721492784,0.8101786247447574,1.015613788021518,1.171195175566447,True,persistent,
10896,46,1.24847564236694,3.50703125,False,True,True,True,2.20991261992274,2.8784308289250324,2.8784308289250324,3.1819238850351788,8,9,5,False,True,2.1895168316576017,2.4857014943386804,1.1275271484184095,1.0870925711883268,1.23414791319123,True,persistent,
10897,46,1.1420169622469802,3.50703125,False,True,True,True,1.9659222191511767,2.560631163358529,2.560631163358529,2.722867473816577,8,9,5,True,True,2.5458166810047853,2.835300443387563,1.0030399635662577,1.2639950337501742,1.407723386515437,True,persistent,
10898,46,0.2566238340349336,3.50703125,False,False,False,False,1.1173316161289903,1.455334360736288,1.455334360736288,1.1360880996965483,8,9,5,False,False,1.9951852372127408,2.227384191390722,0.570077621899683,0.9906071596063312,1.1058936714407632,False,persistent,
10899,46,-0.3611395719524178,3.50703125,False,False,False,False,1.3526718155651811,1.7618670621813703,1.7618670621813703,1.4606781739174548,8,9,5,False,False,1.949560173366268,2.259404579681164,0.6901513576602332,0.9679543682459903,1.1217917571434213,False,persistent,
10900,46,3.587656496744833,3.50703125,True,True,True,True,1.4736113082809508,1.9193918263414105,1.9193918263414105,2.182315166089528,8,9,5,True,True,1.6010712210280182,1.8239614912227216,0.7518563138307391,0.7949300070030999,0.9055947680204348,True,persistent,
10901,46,2.4613710240304885,3.50703125,True,True,True,True,1.9841126324126888,2.584324338306168,2.584324338306168,3.0893709603348998,8,9,5,True,True,2.2539944320257983,2.594008241417985,1.0123209571260947,1.1191056250981484,1.2879220876835762,True,persistent,
10902,46,4.91300951748239,3.50703125,True,True,True,True,2.080806387597568,2.710268813838605,2.710268813838605,2.585333517083795,8,9,5,True,True,2.3834604156001173,2.692987788538962,1.0616554118328538,1.1833853360052722,1.3370653181986571,True,persistent,
10903,46,1.9213813784075329,3.50703125,True,True,True,True,1.7598662522910105,2.29224143511896,2.29224143511896,2.530383128320565,8,9,5,True,True,2.078639271188978,2.357503736921102,0.8979074372238522,1.0320419908255016,1.170497875102166,True,persistent,
10904,46,2.8040448237628945,3.50703125,True,True,True,True,3.766935680859906,4.906467204456225,4.906467204456225,5.770366912580559,8,9,5,True,True,3.266058099169149,3.823713697003037,1.92194126058433,1.6215940637406716,1.898469422231456,True,persistent,
10905,46,4.913079692161795,3.50703125,True,True,True,True,1.6672120958284118,2.17155857282583,2.17155857282583,2.4870680938982157,8,9,5,True,True,2.3221724831001938,2.727425952375949,0.8506340401295186,1.1529559484980207,1.3541638266600935,True,persistent,
10906,46,2.6906516291966667,3.50703125,True,True,True,True,2.68696308118492,3.499793294694368,3.499793294694368,3.86792242910269,8,9,5,True,True,2.6519763954092785,2.980977866619499,1.3709247114665983,1.3167032090060045,1.4800520584377277,True,persistent,
10907,46,1.7848799361077068,3.50703125,True,True,True,True,3.421070481445796,4.455974708205092,4.455974708205092,4.685383592267089,8,9,5,True,True,2.973764869178582,3.4348865278788048,1.745476182953256,1.47647081356185,1.705417183070939,True,persistent,
10908,46,5.528177063805158,3.50703125,True,True,True,True,2.531230112566557,3.296949718930371,3.296949718930371,3.875389225850991,8,9,5,True,True,2.605387093833181,2.87831718522354,1.2914676558174318,1.2935716747296109,1.429081149018324,True,persistent,
10909,46,2.7598490378423937,3.50703125,True,True,True,True,2.67306189782884,3.481686879820788,3.481686879820788,3.71420621722512,8,9,5,True,True,3.698404077263894,4.20780635705831,1.3638321407070946,1.8362533411549165,2.089170983122377,True,persistent,
10910,46,4.320363960457449,3.50703125,True,True,True,True,2.706102114517846,3.52472205571626,3.52472205571626,3.178893186069206,8,9,5,True,True,3.039589504199096,3.374109581902188,1.3806897037485617,1.509152668616515,1.6752414997807243,True,persistent,
10911,46,1.817104335709222,3.50703125,True,True,True,True,1.7293568032275457,2.252502606548958,2.252502606548958,2.344819552996116,8,9,5,True,True,2.2362837346884814,2.612350769528302,0.8823411058711005,1.1103122843813351,1.297029131647446,True,persistent,
10912,46,5.334105684810355,3.50703125,True,True,True,True,2.4517947543492475,3.1934844588390465,3.1934844588390465,3.831798959936948,8,9,5,True,True,2.6104345031195386,2.894769847135561,1.2509386674190175,1.296077707594767,1.4372498766034372,True,persistent,
10913,46,4.703572418823489,3.50703125,True,True,True,True,2.673719888084133,3.482543917976457,3.482543917976457,4.475061382335379,8,9,5,True,True,2.8999142165759246,3.290198051225513,1.3641678561872224,1.4398040500727656,1.6335795219796236,True,persistent,
10914,46,2.7621267864495067,3.50703125,True,True,True,True,1.8903737610546896,2.462228625220943,2.462228625220943,2.590089237592176,8,9,5,True,True,2.6371806025224767,3.001870377236456,0.9644941238995662,1.3093571149730543,1.4904251657629508,True,persistent,
10915,46,1.710166815391838,3.50703125,False,False,False,False,1.3689944058490604,1.7831273810996238,1.7831273810996238,1.1078563523022087,8,9,5,True,True,2.857401472729864,3.223468979745517,0.6984793628092457,1.4186965219881804,1.6004486152702744,True,persistent,
10916,46,3.1054260436038663,3.50703125,True,True,True,True,2.498499774639569,3.2543181628765985,3.2543181628765985,3.59197174742045,8,9,5,True,True,2.374243524260982,2.709800639948862,1.2747681970891145,1.1788091601296846,1.3454128794523237,True,persistent,
10917,46,2.776118993652587,3.50703125,True,True,True,True,1.9819611138205744,2.5815219662174624,2.5815219662174624,2.438637168745128,8,9,5,True,True,2.455976299053884,2.7769201308510505,1.0112232233962328,1.219389388157759,1.378737628952638,True,persistent,
10918,46,2.069396623189933,3.50703125,True,True,True,True,1.6303954590926577,2.123604576255036,2.123604576255036,2.526501015247699,8,9,5,True,True,1.6786279318705,1.8765973335933803,0.8318496967763986,0.833436824116186,0.9317284027986904,True,persistent,
10919,46,2.4394523735065805,3.50703125,True,True,True,True,1.3511743021290434,1.7599165376210557,1.7599165376210557,1.733031444412611,8,9,5,True,True,1.7665288138459332,2.046882525116356,0.689387306159217,0.8770795102169606,1.0162748031786608,True,persistent,
10920,46,4.502455857571219,3.50703125,True,True,True,True,2.5539670341530627,3.326564761380211,3.326564761380211,3.383033009732009,8,9,5,True,True,3.3707040553660144,4.008797815967141,1.303068339088403,1.6735506597995324,1.9903634729469692,True,persistent,
10921,46,3.693966874518147,3.50703125,True,True,True,True,1.934813251069136,2.5201114559383684,2.5201114559383684,2.999004490482628,8,9,5,True,True,3.0401587594070447,3.36326941875185,0.987167749544959,1.5094353031679943,1.669859371330823,True,persistent,
10922,46,2.296898906900604,3.50703125,True,True,True,True,1.7051487372886596,2.2209713855047637,2.2209713855047637,2.0760294148476985,8,9,5,True,True,2.556896939040936,2.960696492808807,0.8699898249603868,1.2694963690328218,1.4699823798290432,True,persistent,
10923,46,2.698226723469624,3.50703125,True,True,True,True,3.5825238850277192,4.666269201351763,4.666269201351763,4.041536147709739,8,9,5,True,True,5.043498458827278,5.553823766484339,1.8278518814772715,2.5040911438164755,2.75746706804876,True,persistent,
10924,46,5.439602180258137,3.50703125,True,True,True,True,3.678630915652135,4.79144946292945,4.79144946292945,7.301136586760752,8,9,5,True,True,3.47197041005314,4.064282163687047,1.876886981420136,1.7238292876228016,2.017911387332206,True,persistent,
10925,46,5.595784558510001,3.50703125,True,True,True,True,3.947513300749824,5.141671159318124,5.141671159318124,4.858589713306017,8,9,5,True,True,3.772106418861466,4.315541456115319,2.014074391544857,1.8728464684017383,2.1426613350336927,True,persistent,
10926,46,1.1288177860696085,3.50703125,False,False,False,True,1.7917968172766543,2.3338312798083334,2.3338312798083334,2.758265485080481,8,9,5,False,False,1.442941756520286,1.6033494724928063,0.9141988410382303,0.7164189110083713,0.7960611562168719,False,persistent,
10927,46,3.2843099143528587,3.50703125,True,True,True,True,3.7961783832209526,4.944556084187615,4.944556084187615,4.6726833894358455,8,9,5,True,True,4.855593367821547,5.544306053848524,1.9368612807280912,2.410796483749327,2.7527415347477597,True,persistent,
10928,46,5.104131432434198,3.50703125,True,True,True,True,2.8018022325523777,3.649372310029026,3.649372310029026,3.748826259775854,8,9,5,True,True,2.7223738446375965,3.063068849782064,1.4295171914139124,1.3516554610189633,1.52081013650649,True,persistent,
10929,46,3.97379837691334,3.50703125,True,True,True,True,2.0473391843514444,2.666677484157476,2.666677484157476,3.786775292883851,8,9,5,True,True,2.189823486195051,2.52862399723513,1.044579994505738,1.087244824811027,1.2554588861697815,True,persistent,
10930,46,0.6195947547022933,3.50703125,False,False,False,False,1.241629911082214,1.6172339946633,1.6172339946633,1.6301639500298373,8,9,5,False,False,1.8036004439557711,2.0231158330393475,0.6334962841573692,0.8954855316329899,1.0044746680871777,True,persistent,
10931,46,4.840398492042008,3.50703125,True,True,True,True,2.5391609444157357,3.307279697902342,3.307279697902342,4.343248804577427,8,9,5,True,True,3.047699744267243,3.5293092620683444,1.2955140729195715,1.5131793934176951,1.7522979612429108,True,persistent,
10932,46,3.716130434468204,3.50703125,True,True,True,True,1.8692151041193696,2.4346692865067263,2.4346692865067263,2.8318060490349506,8,9,5,True,True,2.291931911632316,2.6224505453241638,0.9536986924858668,1.137941539786519,1.302043658633309,True,persistent,
10933,46,3.854919261616696,3.50703125,True,True,True,True,2.7555202139849038,3.589089569495078,3.589089569495078,4.119588994831803,8,9,5,True,True,2.831130367412695,3.2367994837435448,1.4059034829134125,1.4056529486233758,1.6070671950669326,True,persistent,
10934,46,2.4491380518071386,3.50703125,True,True,True,True,3.172347910985984,4.132011349560608,4.132011349560608,4.319665176409168,8,9,5,True,True,2.688855056017836,3.148277526418439,1.618574581464753,1.3350134212881302,1.563116145774327,True,persistent,
10935,46,2.8311190441864973,3.50703125,True,True,True,True,2.5882553252973266,3.371225565346413,3.371225565346413,4.090847832012807,8,9,5,True,True,3.0251122562671324,3.4253692839837475,1.3205626865071636,1.5019647317847282,1.7006918824991817,True,persistent,
10936,46,6.048507717074177,3.50703125,False,True,True,True,2.487869445242108,3.240472064355133,3.240472064355133,4.967282066806349,8,9,5,True,True,3.007226400569963,3.381532403639666,1.2693444600217698,1.4930844251451036,1.678926922176842,True,persistent,
10937,46,6.79567977087697,3.50703125,False,False,False,False,2.359049517734221,3.072682963837867,3.072682963837867,2.7616842444455982,8,9,5,False,False,2.36885088047855,2.7146636527066046,1.203618800005623,1.176131718737052,1.347827359654576,False,persistent,
10938,46,3.574310941683551,3.50703125,True,True,True,True,2.15162277882632,2.8025077928228432,2.8025077928228432,2.830616185657034,8,9,5,True,True,2.693115337026152,3.3009933306021835,1.0977868873236036,1.33712864587483,1.63893936568788,True,persistent,
10939,46,4.239237805280612,3.50703125,True,True,True,True,1.5971767281231162,2.0803368839225502,2.0803368839225502,2.328006334182364,8,9,5,True,True,1.6599212492697628,1.8710484463039665,0.8149010533474677,0.8241489778695583,0.92897338668579,True,persistent,
10940,46,2.717505486442196,3.50703125,True,True,True,True,3.181920145286871,4.144479269814545,4.144479269814545,4.253408691676362,8,9,5,True,True,2.993095988686734,3.409362052644731,1.623458464179378,1.4860686920098345,1.6927443106777018,True,persistent,
10941,46,4.551854644441875,3.50703125,True,True,True,True,2.257771775310517,2.940767804184854,2.940767804184854,3.4382771650920843,8,9,5,True,True,2.467713209048024,2.825535286924808,1.1519455333416926,1.2252167503770648,1.4028749976409305,True,persistent,
10942,46,1.2094536928813504,3.50703125,False,True,True,True,1.9074818844621104,2.4845121080143477,2.4845121080143477,3.330720419828601,8,9,5,False,True,2.1675856160882154,2.42471709267001,0.9732229186159084,1.0762037480571705,1.2038692283901695,True,persistent,
10943,46,2.649407800193318,3.50703125,True,True,True,True,2.285226790999346,2.976528206136904,2.976528206136904,3.437709077396611,8,9,5,True,True,2.244006049693034,2.5649875345039432,1.1659534516957175,1.1141464048377054,1.273513340310301,True,persistent,
10944,46,5.357149193631573,3.50703125,True,True,True,True,2.2924726371640167,2.9859659851667217,2.9859659851667217,3.711982810413861,8,9,5,True,True,2.622805727460717,2.97027547304164,1.1696503798865778,1.3022200061527631,1.4747383324210075,True,persistent,
10945,46,6.971088382398505,3.50703125,False,True,True,True,3.1399729334493376,4.089842653573662,4.089842653573662,5.023409452116696,8,9,5,False,True,3.359806384931483,3.830395678681111,1.602056432388216,1.6681399790496296,1.901787018396063,True,persistent,
10946,46,2.5146668200596203,3.50703125,True,True,True,True,2.0025792758373044,2.608377305496353,2.608377305496353,2.9193276809986783,8,9,5,True,True,2.690447139896769,3.0604521488024607,1.0217428870312435,1.3358038890901918,1.5195109475005786,True,persistent,
10947,46,0.7059969660421951,3.50703125,False,False,False,False,1.2372277474247455,1.6115001373734703,1.6115001373734703,2.11037426372622,8,9,5,False,False,1.6056664220964745,1.799558343805462,0.6312502410374607,0.7972115190117806,0.8934786335896102,False,persistent,
10948,46,2.9972925191185715,3.50703125,True,True,True,True,1.6055113337628977,2.0911927818454816,2.0911927818454816,2.947493037045241,8,9,5,True,True,1.932066895512096,2.2076459129575543,0.8191534812695016,0.9592689760507604,1.0960936390580485,True,persistent,
10949,46,3.739803226215852,3.50703125,True,True,True,True,1.6883957807093497,2.19915051066166,2.19915051066166,2.172157208612364,8,9,5,True,True,2.305951806780425,2.588635538589458,0.8614422411377706,1.1449024014907927,1.285254546951463,True,persistent,
10950,46,4.7886828104345005,3.50703125,True,True,True,True,3.582403831057943,4.6661128299891015,4.6661128299891015,6.399751230121705,8,9,5,True,True,3.4077635708368272,3.87272611147125,1.8277906283268175,1.691950666311316,1.922804029252522,True,persistent,
10951,46,7.382641229051183,3.50703125,False,True,True,True,2.976041625761974,3.8763206683062994,3.8763206683062994,4.504941198386717,8,9,5,False,False,3.318073754449684,3.7718988541533496,1.5184164738546089,1.6474197763469334,1.872743412764544,True,persistent,
10952,46,1.5449751074633316,3.50703125,False,True,True,True,1.7796870183837628,2.318058159119697,2.318058159119697,2.135977333134042,8,9,5,False,True,1.8740590231230267,2.1232329402107584,0.9080202587311618,0.9304681345898352,1.0541826958498646,True,persistent,
10953,46,3.990704308445343,3.50703125,True,True,True,True,2.2320803737089205,2.907304525256244,2.907304525256244,3.14112524964633,8,9,5,True,True,2.301307703695693,2.673823946415629,1.1388374346206973,1.1425966096876656,1.3275504927785071,True,persistent,
10954,46,1.0938044784904497,3.50703125,False,False,False,True,1.593419709679912,2.0754433340082845,2.0754433340082845,2.6141176332930014,8,9,5,False,False,1.7694257828619475,2.004080784030155,0.812984171994951,0.8785178519783656,0.9950237882990406,True,persistent,
10955,46,3.0224671704743256,3.50703125,True,True,True,True,2.298757819776717,2.9941524913818194,2.9941524913818194,3.2725578918795253,8,9,5,True,True,3.3933997613217826,3.914117497333432,1.1728571646095116,1.6848190515221535,1.9433548043967812,True,persistent,
10956,46,4.785674367363885,3.50703125,True,True,True,True,2.0739488263457546,2.701336779358821,2.701336779358821,1.837951343808789,8,9,5,True,True,3.557882480941532,4.172915223913825,1.058156591828092,1.7664845313221482,2.0718475759243624,True,persistent,
10957,46,4.231775836053788,3.50703125,True,True,True,True,3.1904094814323765,4.155536705596412,4.155536705596412,4.947926134065295,8,9,5,True,True,3.273266847191711,3.7877507802278103,1.6277898376870068,1.625173198785257,1.8806138757020348,True,persistent,
10958,46,3.481980333552025,3.50703125,True,True,True,True,4.136050676320489,5.387242766699683,5.387242766699683,5.750118549518436,8,9,5,True,True,3.498020432703709,4.119167877521136,2.1102686969355,1.7367630936996803,2.0451620806864272,True,persistent,
10959,46,3.497344887307776,3.50703125,True,True,True,True,1.3405036660842389,1.746017939333184,1.746017939333184,1.419237527126402,8,9,5,True,True,2.3647096347558247,2.6570733487961613,0.6839430040981563,1.1740755950317905,1.319233840459693,True,persistent,
10960,46,7.217599813621452,3.50703125,True,True,True,True,3.7611224312004823,4.898895395107264,4.898895395107264,4.676890596330477,8,9,5,False,True,3.3977257971529498,3.9251975669479418,1.9189752624030247,1.6869669233022468,1.948856046128303,True,persistent,
10961,46,2.927248761545267,3.50703125,True,True,True,True,1.3077257134050166,1.703324364641431,1.703324364641431,1.8947034830580376,8,9,5,True,True,1.2704502492366931,1.4507358765883305,0.6672192516826925,0.6307770774084391,0.7202886825956062,True,persistent,
10962,46,3.2924161542774075,3.50703125,True,True,True,True,1.8556463533734984,2.4169958680625707,2.4169958680625707,2.48041235867984,8,9,5,True,True,2.600154392663748,3.0270980258234594,0.9467757333162744,1.2909736446590985,1.5029506640696797,True,persistent,
10963,46,2.248878916676025,3.50703125,True,True,True,False,1.3814943508542366,1.7994086705670886,1.7994086705670886,1.102242400823586,8,9,5,True,True,2.180531926991628,2.4884492346424114,0.7048570029113986,1.082631576427295,1.2355121630698112,True,persistent,
10964,46,5.011568706595993,3.50703125,True,True,True,True,2.2318414986372006,2.906993388352232,2.906993388352232,3.527884418734416,8,9,5,True,True,2.229472690482785,2.49597927498116,1.1387155573455434,1.1069306088212336,1.239250819377287,True,persistent,
10965,46,3.2944649668433845,3.50703125,True,True,True,True,1.8009665789887566,2.345774975938244,2.345774975938244,2.6020151034878256,8,9,5,True,True,2.34318053038174,2.738456752282713,0.9188773768236338,1.1633864196434067,1.3596406060387796,True,persistent,
10966,46,0.8647625141136023,3.50703125,False,False,False,False,1.0959092003320148,1.4274314737605027,1.4274314737605027,1.5820892734980108,8,9,5,False,False,1.2526597907206547,1.4198690541475498,0.5591476171664452,0.6219441353587642,0.7049633410013337,False,persistent,
10967,46,1.6922660616378702,3.50703125,True,True,True,True,2.048543685462457,2.668246357560051,2.668246357560051,2.616823584655159,8,9,5,True,True,2.765292911904182,3.197150243536682,1.0451945471766098,1.3729647282112667,1.58738139322292,True,persistent,
10968,46,4.422726156441613,3.50703125,True,True,True,True,1.9026602688938097,2.478231910882613,2.478231910882613,2.3251115198818573,8,9,5,True,True,3.1007954378570397,3.575683983068138,0.9707628654882484,1.5395413437936882,1.7753229565116802,True,persistent,
10969,46,5.077868054056036,3.50703125,True,True,True,True,1.5898196124111563,2.070754175318436,2.070754175318436,2.3798895988129485,8,9,5,True,True,1.880132742537408,2.1966546891109897,0.8111473539366827,0.933483729244962,1.0906365091474175,True,persistent,
10970,46,3.796308828882248,3.50703125,True,True,True,True,2.5219211577427787,3.284824722535369,3.284824722535369,2.896005558775664,8,9,5,True,True,3.6099489117854286,4.136289872978415,1.2867181018339005,1.7923354539368148,2.0536631316015908,True,persistent,
10971,46,5.196248373439361,3.50703125,True,True,True,True,2.2063660493604544,2.873811389246102,2.873811389246102,3.586668976514161,8,9,5,True,True,2.792841879110571,3.1903312768876795,1.125717640405872,1.386642758524148,1.583995784178892,True,persistent,
10972,46,2.7880497149673147,3.50703125,True,True,True,True,4.55151122722099,5.928383826818155,5.928383826818155,7.262904416500144,8,9,5,True,True,3.670256152448637,4.221931807793884,2.322242259154245,1.822277929082899,2.0961842530535817,True,persistent,
10973,46,6.546234928195282,3.50703125,False,True,True,True,3.010655999381333,3.921406197594501,3.921406197594501,4.272898971878606,8,9,5,True,True,4.099634101721175,4.683042621485049,1.536077192938918,2.0354635836242605,2.325125238028233,True,persistent,
10974,46,1.698063934896111,3.50703125,True,True,True,True,1.831224594348401,2.385186309874303,2.385186309874303,2.918035913245404,8,9,5,True,True,2.2110967959108097,2.4958425031902984,0.9343154233181836,1.097806998447793,1.2391829123415232,True,persistent,
10975,46,9.644800045331625,3.50703125,False,False,False,True,4.533304448603947,5.904669335849483,5.904669335849483,6.942654940047039,8,9,5,False,False,3.2945718854077244,3.908628308653389,2.3129529157698543,1.635751125585654,1.9406294285742955,False,persistent,
10976,46,1.4660523245327752,3.50703125,False,True,True,True,1.708157320447386,2.224890091808981,2.224890091808981,2.41029875367336,8,9,5,False,True,1.922056456052355,2.183274443759012,0.8715248445621377,0.9542988044523186,1.0839932328261297,True,persistent,
10977,46,3.4806142196242065,3.50703125,True,True,True,True,2.2015588377840998,2.867549953441898,2.867549953441898,3.658365194993853,8,9,5,True,True,1.7578962740865924,2.01014385338432,1.1232649363886782,0.8727934642239903,0.9980340952116036,True,persistent,
10978,46,4.834954428118396,3.50703125,False,True,True,False,1.30876839432164,1.7046824658025734,1.7046824658025734,1.215778945682029,8,9,5,True,True,2.1819786766045737,2.4505917279481486,0.6677512415134359,1.083349885934609,1.2167159548397568,True,persistent,
10979,46,0.9109694600780952,3.50703125,False,True,True,True,2.5540373433663097,3.3266563397553663,3.3266563397553663,3.301014150143297,8,9,5,True,True,3.3127099519390737,3.634749071672492,1.3031042117948644,1.644756654612358,1.804648704599108,True,persistent,
10980,46,1.4476095901491122,3.50703125,True,True,True,True,2.458847367791074,3.202670550529927,3.202670550529927,3.5178082525608723,8,9,5,True,True,2.883350301667993,3.278203994296182,1.254537005675142,1.4315800855040273,1.6276244866048033,True,persistent,
10981,46,2.6146802415877093,3.50703125,True,True,True,True,2.589168427000068,3.372414888429788,3.372414888429788,3.7075615006132736,8,9,5,True,True,3.889765954584367,4.4192670594658185,1.3210285632797685,1.931264291623951,2.194160976970215,True,persistent,
10982,46,3.5722370220295225,3.50703125,True,True,True,True,1.2468702403234664,1.6240595700755376,1.6240595700755376,1.5050344805222855,8,9,5,True,True,2.695872979310691,3.0644768632086845,0.6361699706338823,1.3384978120754147,1.5215092135421546,True,persistent,
10983,46,1.7898045715311983,3.50703125,True,True,True,True,2.474714613395311,3.22333777895589,3.22333777895589,3.624391697452656,8,9,5,True,True,2.62616893291553,3.0196199466647817,1.2626326878428946,1.3038898337660727,1.499237806427931,True,persistent,
10984,46,4.291480611881744,3.50703125,True,True,True,True,2.17294124182605,2.8302752803562945,2.8302752803562945,2.552455026721728,8,9,5,True,True,2.16436761328305,2.413078179357112,1.1086638539412204,1.0746060133912487,1.1980905214096085,True,persistent,
10985,46,4.2597885305800585,3.50703125,True,True,True,True,1.3287125633281234,1.730659923195237,1.730659923195237,2.38003507244235,8,9,5,True,True,1.4856147454860766,1.6780310503875424,0.677927024847458,0.7376060006093189,0.8331404731511597,True,persistent,
10986,46,3.23524737945982,3.50703125,True,True,True,True,3.649747132540438,4.753828078710376,4.753828078710376,4.728942867819492,8,9,5,True,True,2.74251445246939,3.246269485493632,1.862150086705897,1.3616552494821488,1.6117690399684244,True,persistent,
10987,46,2.9156087582901926,3.50703125,True,True,True,True,2.2067583188969064,2.8743223238037814,2.8743223238037814,3.633938222342173,8,9,5,True,True,2.120061550332536,2.4166372150881967,1.1259177816005326,1.0526081044481863,1.199857578528291,True,persistent,
10988,46,2.0631338903508114,3.50703125,True,True,True,True,3.507040979582376,4.567952046124916,4.567952046124916,4.839968585780631,8,9,5,True,True,3.2305958451688337,3.6262630152692097,1.789339487655067,1.6039870956991646,1.8004353874227748,True,persistent,
10989,46,3.945288553070111,3.50703125,True,True,True,True,0.9458025727113648,1.2319162571523663,1.2319162571523663,1.4098561400866034,8,9,5,True,True,1.395906904862298,1.597948923578466,0.4825611963849156,0.693066161632321,0.7933797899354015,True,persistent,
10990,46,4.03010238973159,3.50703125,True,True,True,True,1.6941702179846732,2.206671766535373,2.206671766535373,2.2720245412322533,8,9,5,True,True,3.048416850446624,3.519369964977494,0.8643884367185689,1.5135354358052604,1.7473631117482316,True,persistent,
10991,46,1.2396507095493945,3.50703125,False,False,False,False,1.3633362482320226,1.77575758051431,1.77575758051431,2.266017053116143,8,9,5,False,False,1.427312413264622,1.645508402549391,0.6955924946744035,0.7086589601826351,0.816993016164742,False,persistent,
10992,46,3.1734731106051925,3.50703125,True,True,True,True,2.453563309046156,3.1957880170505013,3.1957880170505013,3.142835258094605,8,9,5,True,True,2.9623994944865943,3.3703901935556364,1.25184100781757,1.4708279181897792,1.6733948277741704,True,persistent,
10993,46,1.7893022538414205,3.50703125,False,False,False,False,1.1795945789443043,1.5364324231900326,1.5364324231900326,1.5593892405677534,8,9,5,False,False,1.4297864988375013,1.597094623342277,0.6018450231454784,0.7098873408042744,0.7929556308575183,True,persistent,
10994,46,3.2443179013923857,3.50703125,True,True,True,True,2.4383266283969367,3.1759421050828456,3.1759421050828456,4.196162275027696,8,9,5,True,True,3.2029122477921583,3.728332102075932,1.244067048372795,1.5902422216626546,1.8511125708137612,True,persistent,
10995,46,3.8467851993341866,3.50703125,True,True,True,True,4.224467968702353,5.502407075870845,5.502407075870845,6.068802555701881,8,9,5,True,True,3.736551301529308,4.253422024223065,2.1553803889777328,1.855193393823519,2.111819109041128,True,persistent,
10996,46,-0.3466143518407925,3.50703125,True,True,True,True,4.33212165359057,5.642626957252606,5.642626957252606,6.955676678837997,8,9,5,False,True,3.783274438054654,4.287162761490792,2.210306747261975,1.878391376997217,2.1285713460186324,True,persistent,
10997,46,1.2808072688879095,3.50703125,False,True,True,True,2.034580590429811,2.65005930217748,2.65005930217748,3.738886308494427,8,9,5,False,True,1.8656136962560292,2.3603645642291315,1.0380703882468303,0.926275039581098,1.1719182725474129,False,persistent,
10998,46,5.69269357666624,3.50703125,True,True,True,True,2.654523099855428,3.4575399306894923,3.4575399306894923,4.810841896096584,8,9,5,True,True,3.038337874269399,3.467498968643531,1.3543733965804614,1.508531235805962,1.72160922214141,True,persistent,
10999,46,3.73062155803086,3.50703125,True,True,True,True,3.986718181549567,5.192735865008729,5.192735865008729,6.784568759641132,8,9,5,True,True,3.363467910465837,3.915286251076045,2.0340772491482326,1.6699579222369398,1.943935089276428,True,persistent,
