iso3,year,fdi_usd_m,position_usd_m,ln_gdp,ln_gdppc,ln_gdppc_vn,econ_dist,inst_dist,inst_dist_ks,cult_dist,cult_dist_ks,ln_dist,contig,fta,inst_dist_c,fta_x_inst,ofc,in_2019_sample
ABW,2006,,,21.627396000543182,10.120438307352744,6.694260831370928,3.4261774759818158,3.3939852319975934,2.93343535088783,,,9.743314692393648,0.0,0,0.11402738709572668,0.0,1,0
ABW,2007,,,21.708202147233585,10.19377780613962,6.830485755686894,3.363292050452726,3.385009834898327,2.874724412339766,,,9.743314692393648,0.0,0,0.10505198999646037,0.0,1,0
ABW,2008,,,21.768134315728297,10.246080639931197,7.059473251657147,3.1866073882740498,3.186647353462606,2.878111690734361,,,9.743314692393648,0.0,0,-0.09331049143926062,-0.0,1,0
ABW,2009,,,21.660845657878728,10.13200747444845,7.1116505738887605,3.0203569005596895,3.1635855052951656,3.652702915078631,,,9.743314692393648,0.0,0,-0.11637233960670113,-0.0,1,0
ABW,2010,,,21.620821032315636,10.08968243792605,7.428429341939105,2.661253095986946,3.8638771266786014,3.6027405396232326,,,9.743314692393648,0.0,0,0.5839192817767347,0.0,1,0
ABW,2011,,,21.69323352282622,10.154728034253223,7.576058919459159,2.5786691147940637,3.8691910451828124,3.3469048544611275,,,9.743314692393648,0.0,0,0.5892332002809457,0.0,1,0
ABW,2012,,,21.684609617670255,10.131406306201454,7.689424962620857,2.441981343580597,4.082729014409777,3.504073996619864,,,9.743314692393648,0.0,0,0.8027711695079103,0.0,1,0
ABW,2013,,,21.72677928288104,10.15865565744605,7.766212370634288,2.392443286811761,3.999833569963076,3.4049132942033045,,,9.743314692393648,0.0,0,0.7198757250612093,0.0,1,0
ABW,2014,,,21.74961194579096,10.170833199359421,7.8424298457105515,2.32840335364887,4.8927426611272935,2.7567807859425097,,,9.743314692393648,0.0,0,1.6127848162254268,0.0,1,0
ABW,2015,,,21.80943661800553,10.220420861261761,7.854601928784033,2.365818932477728,4.7140894720608095,2.811546228026543,,,9.743314692393648,0.0,0,1.4341316271589428,0.0,1,0
ABW,2016,,,21.816409007270117,10.219813574940124,7.913908812616166,2.3059047623239586,4.676902439180439,2.702859926233811,,,9.743314692393648,0.0,0,1.396944594278572,0.0,1,0
ABW,2017,,,21.852222358147216,10.25555334974413,7.991629467194556,2.263923882549574,4.476013463237548,2.8006518926765582,,,9.743314692393648,0.0,0,1.1960556183356812,0.0,1,0
ABW,2018,,,21.909946299677067,10.311687531562564,8.07785378233981,2.233833749222754,3.705121432447656,2.765717391085867,,,9.743314692393648,0.0,0,0.4251635875457893,0.0,1,0
ABW,2019,,,21.931498078659274,10.330534264216222,8.143488417802308,2.1870458464139144,3.50019016419229,2.5883523009744605,,,9.743314692393648,0.0,0,0.2202323192904232,0.0,1,0
ABW,2020,,,21.623856384702183,10.02854941072617,8.170196839808145,1.858352570918024,3.585914025708114,2.658722275513062,,,9.743314692393648,0.0,0,0.3059561808062474,0.0,1,0
ABW,2021,,,21.784281837335833,10.197176974191352,8.21722085115122,1.9799561230401324,3.0512847146619633,2.197871911387135,,,9.743314692393648,0.0,0,-0.22867313023990343,-0.0,1,0
ABW,2022,,,21.925238035827412,10.341760914906237,8.330308705589859,2.011452209316378,2.753550256255578,2.2531206034987625,,,9.743314692393648,0.0,0,-0.5264075886462889,-0.0,1,0
ABW,2023,,,22.0441075026856,10.460173864979508,8.371664569863713,2.088509295115795,2.9928000438714144,2.18497399923884,,,9.743314692393648,0.0,0,-0.2871578010304523,-0.0,1,0
ABW,2024,,,22.150603305009525,10.560763096271172,8.458856187822017,2.1019069084491555,3.2226844223722275,2.1430420627509505,,,9.743314692393648,0.0,0,-0.057273422529639184,-0.0,1,0
AFG,2006,,,22.66513329422313,5.613925429177434,6.694260831370928,1.0803354021934943,4.001945700410736,1.9352702456673363,,,8.413140708798965,0.0,0,0.721987855508869,0.0,0,0
AFG,2007,,,23.000316297158438,5.9301824567167385,6.830485755686894,0.9003032989701554,3.9468074046519686,2.0958534437372465,,,8.413140708798965,0.0,0,0.6668495597501019,0.0,0,0
AFG,2008,,,23.036721337150283,5.944722034892284,7.059473251657147,1.114751216764863,4.054796881121226,2.333141665413585,,,8.413140708798965,0.0,0,0.7748390362193596,0.0,0,0
AFG,2009,,,23.242264101540407,6.113800990201086,7.1116505738887605,0.9978495836876746,4.018992691006483,2.2653925953318597,,,8.413140708798965,0.0,0,0.7390348461046163,0.0,0,0
AFG,2010,,,23.486855977862717,6.329045999506046,7.428429341939105,1.0993833424330592,4.033156209588997,2.151455838278884,,,8.413140708798965,0.0,0,0.7531983646871301,0.0,0,0
AFG,2011,,,23.602750669320255,6.4080256601244,7.576058919459159,1.1680332593347593,4.450099979065773,2.2105735996873506,,,8.413140708798965,0.0,0,1.1701421341639064,0.0,0,0
AFG,2012,,,23.71435383139184,6.479150196564419,7.689424962620857,1.210274766056438,4.519748758029101,1.9469682369555201,,,8.413140708798965,0.0,0,1.239790913127234,0.0,0,0
AFG,2013,,,23.726292281118745,6.456906379532865,7.766212370634288,1.3093059911014233,4.5359962928529045,2.03524497870339,,,8.413140708798965,0.0,0,1.2560384479510378,0.0,0,0
AFG,2014,,,23.743550642826197,6.437839552775117,7.8424298457105515,1.4045902929354348,4.268962145226932,1.9317345069932716,,,8.413140708798965,0.0,0,0.9890043003250653,0.0,0,0
AFG,2015,,,23.674744277951145,6.337833595485375,7.854601928784033,1.5167683332986588,4.582386120865457,2.1685745082940087,,,8.413140708798965,0.0,0,1.3024282759635901,0.0,0,0
AFG,2016,,,23.620092958248385,6.257825076599218,7.913908812616166,1.6560837360169476,4.431431523580075,2.3650511166427273,,,8.413140708798965,0.0,0,1.1514736786782085,0.0,0,0
AFG,2017,,,23.654643918923274,6.264292664193559,7.991629467194556,1.7273368030009966,4.81832374219624,2.5016688393295126,,,8.413140708798965,0.0,0,1.5383658972943732,0.0,0,0
AFG,2018,,,23.616590048027458,6.197130697311605,8.07785378233981,1.8807230850282046,4.7575790823635575,2.3835586613855133,,,8.413140708798965,0.0,0,1.4776212374616908,0.0,0,0
AFG,2019,,,23.657093157947497,6.207789915869446,8.143488417802308,1.9356985019328619,4.804422022662008,2.52445578547117,,,8.413140708798965,0.0,0,1.5244641777601413,0.0,0,0
AFG,2020,,,23.71679213172489,6.235952797617645,8.170196839808145,1.9342440421905005,4.892377207419183,2.5779399459046535,,,8.413140708798965,0.0,0,1.6124193625173162,0.0,0,0
AFG,2021,,,23.380723932232364,5.876323620207197,8.21722085115122,2.340897230944023,4.384900209328246,2.3373608838598314,,,8.413140708798965,0.0,0,1.1049423644263796,0.0,0,0
AFG,2022,,,23.397224390521984,5.878467034791953,8.330308705589859,2.451841670797906,4.245345273125708,2.5315953713755115,,,8.413140708798965,0.0,0,0.9653874282238415,0.0,0,0
AFG,2023,,,23.56539430159615,6.0252810073679735,8.371664569863713,2.346383562495739,4.221033005690209,2.553683142531706,,,8.413140708798965,0.0,0,0.9410751607883419,0.0,0,0
AFG,2024,,,23.601256198258792,6.032777172306266,8.458856187822017,2.42607901551575,3.6993432286560077,2.451356758881379,,,8.413140708798965,0.0,0,0.41938538375414103,0.0,0,0
AGO,2006,,,24.79491581384226,7.982909323985258,6.694260831370928,1.28864849261433,2.4019433493889544,0.6158633831817488,,,9.26862248756011,0.0,0,-0.8780144955129123,-0.0,0,0
AGO,2007,,,25.014243252504613,8.16481096054525,6.830485755686894,1.3343252048583558,2.162607422278119,0.6240374879658636,,,9.26862248756011,0.0,0,-1.1173504226237476,-0.0,0,0
AGO,2008,,,25.316266604919676,8.429051415295762,7.059473251657147,1.3695781636386144,2.1658679463659896,0.5064110447049667,,,9.26862248756011,0.0,0,-1.1140898985358771,-0.0,0,0
AGO,2009,,,25.126383183303993,8.201152374930597,7.1116505738887605,1.0895018010418367,2.0777365762429176,0.49906302424330035,,,9.26862248756011,0.0,0,-1.202221268658949,-0.0,0,0
AGO,2010,,,25.282883270109274,8.319141479246163,7.428429341939105,0.8907121373070579,2.1217856690390215,0.3684296037264696,,,9.26862248756011,0.0,0,-1.1581721758628452,-0.0,0,0
AGO,2011,,,25.55598294281523,8.553361691980758,7.576058919459159,0.9773027725215986,2.300964599176501,0.48150596455924494,,,9.26862248756011,0.0,0,-0.9789932457253658,-0.0,0,0
AGO,2012,,,25.6901088095211,8.648651723133758,7.689424962620857,0.9592267605129017,2.5764955428612635,0.4433782868055558,,,9.26862248756011,0.0,0,-0.7034623020406032,-0.0,0,0
AGO,2013,,,25.72617268133774,8.646215788053235,7.766212370634288,0.8800034174189468,2.3502337410538234,0.5131797995563162,,,9.26862248756011,0.0,0,-0.9297241038480433,-0.0,0,0
AGO,2014,,,25.756639708894546,8.639355534943988,7.8424298457105515,0.7969256892334364,2.558625491960876,0.6164609499406363,,,9.26862248756011,0.0,0,-0.7213323529409905,-0.0,0,0
AGO,2015,,,25.353548721333244,8.200213831159326,7.854601928784033,0.3456119023752926,2.1851681899963333,0.6868413907307387,,,9.26862248756011,0.0,0,-1.0947896549055334,-0.0,0,0
AGO,2016,,,24.830362901710803,7.641263597138681,7.913908812616166,0.27264521547748455,2.3970147722190287,0.7487812087798926,,,9.26862248756011,0.0,0,-0.882943072682838,-0.0,0,0
AGO,2017,,,25.17329683899689,7.948791412276141,7.991629467194556,0.042838054918414414,2.586260534283033,0.7439171440925073,,,9.26862248756011,0.0,0,-0.6936973106188336,-0.0,0,0
AGO,2018,,,25.228682667478445,7.969644910667919,8.07785378233981,0.10820887167189142,2.5930621348795198,0.5234764837416691,,,9.26862248756011,0.0,0,-0.686895710022347,-0.0,0,0
AGO,2019,,,25.120104896581775,7.827188297552815,8.143488417802308,0.31630012024949306,2.5730845832787548,0.47237520746982664,,,9.26862248756011,0.0,0,-0.7068732616231119,-0.0,0,0
AGO,2020,,,24.792498276113356,7.466902090592895,8.170196839808145,0.7032947492152504,2.397097287836461,0.542950446075317,,,9.26862248756011,0.0,0,-0.8828605570654058,-0.0,0,0
AGO,2021,,,25.08360810013728,7.726198688617314,8.21722085115122,0.4910221625339055,2.9995619792571264,0.4436168374191789,,,9.26862248756011,0.0,0,-0.2803958656447403,-0.0,0,0
AGO,2022,,,25.5771222397502,8.18828256702577,8.330308705589859,0.14202613856408952,2.7500679436811266,0.3354757351353144,,,9.26862248756011,0.0,0,-0.5298899012207401,-0.0,0,0
AGO,2023,,,25.387104375489766,7.967458149693049,8.371664569863713,0.4042064201706639,3.199229239240706,0.32660514175219924,,,9.26862248756011,0.0,0,-0.08072860566116091,-0.0,0,0
AGO,2024,,,25.358776442391555,7.908688219370273,8.458856187822017,0.5501679684517438,3.159890955691595,0.3102392504225705,,,9.26862248756011,0.0,0,-0.12006688921027164,-0.0,0,0
AIA,2006,,,,,6.694260831370928,,2.889321617041339,3.8386057502996453,,,9.696171827688524,0.0,0,-0.39063622786052754,-0.0,1,0
AIA,2007,,,,,6.830485755686894,,2.9734618794040437,3.7742864872755493,,,9.696171827688524,0.0,0,-0.306495965497823,-0.0,1,0
AIA,2008,,,,,7.059473251657147,,2.8246503191674726,3.7906014668037518,,,9.696171827688524,0.0,0,-0.45530752573439415,-0.0,1,0
AIA,2009,,,,,7.1116505738887605,,2.685321453204911,3.619879110653068,,,9.696171827688524,0.0,0,-0.5946363916969557,-0.0,1,0
AIA,2010,,,,,7.428429341939105,,2.7391028315992307,4.024098605897336,,,9.696171827688524,0.0,0,-0.540855013302636,-0.0,1,0
AIA,2011,,,,,7.576058919459159,,2.739442824307972,3.7864696098819497,,,9.696171827688524,0.0,0,-0.5405150205938947,-0.0,1,0
AIA,2012,,,,,7.689424962620857,,2.715352086663682,3.8968146678019235,,,9.696171827688524,0.0,0,-0.5646057582381845,-0.0,1,0
AIA,2013,,,,,7.766212370634288,,2.6560614158011564,3.796414486828303,,,9.696171827688524,0.0,0,-0.6238964291007103,-0.0,1,0
AIA,2014,,,,,7.8424298457105515,,5.36480805432165,2.167073775542065,,,9.696171827688524,0.0,0,2.0848502094197836,0.0,1,0
AIA,2015,,,,,7.854601928784033,,6.142069111747377,2.0016946165581775,,,9.696171827688524,0.0,0,2.86211126684551,0.0,1,0
AIA,2016,,,,,7.913908812616166,,6.91098661741975,2.073131780013399,,,9.696171827688524,0.0,0,3.6310287725178836,0.0,1,0
AIA,2017,,,,,7.991629467194556,,7.130712490915817,1.9107079225871235,,,9.696171827688524,0.0,0,3.8507546460139506,0.0,1,0
AIA,2018,,,,,8.07785378233981,,,,,,9.696171827688524,0.0,0,,,1,0
AIA,2019,,,,,8.143488417802308,,,,,,9.696171827688524,0.0,0,,,1,0
AIA,2020,,,,,8.170196839808145,,,,,,9.696171827688524,0.0,0,,,1,0
AIA,2021,,,,,8.21722085115122,,,,,,9.696171827688524,0.0,0,,,1,0
AIA,2022,,,,,8.330308705589859,,,,,,9.696171827688524,0.0,0,,,1,0
AIA,2023,,,,,8.371664569863713,,,,,,9.696171827688524,0.0,0,,,1,0
AIA,2024,,,,,8.458856187822017,,,,,,9.696171827688524,0.0,0,,,1,0
ALB,2006,,,22.937077433931677,8.025442011709254,6.694260831370928,1.3311811803383256,3.338907777907473,0.5400510969365252,,,9.07491610327728,0.0,0,0.05894993300560625,0.0,0,0
ALB,2007,,,23.13173571643142,8.2276574817632,6.830485755686894,1.3971717260763068,3.0654579124033883,0.4258513523962059,,,9.07491610327728,0.0,0,-0.21449993249847843,-0.0,0,0
ALB,2008,,,23.30790517399097,8.411500368914165,7.059473251657147,1.352027117257018,3.243390960035379,0.4657579522597756,,,9.07491610327728,0.0,0,-0.03656688486648774,-0.0,0,0
ALB,2009,,,23.23575041702519,8.346084552412908,7.1116505738887605,1.2344339785241472,3.171212941355314,0.4869998898068671,,,9.07491610327728,0.0,0,-0.10874490354655286,-0.0,0,0
ALB,2010,,,23.21535874042462,8.330657495446216,7.428429341939105,0.902228153507111,3.0604126159849896,0.5139219072604185,,,9.07491610327728,0.0,0,-0.2195452289168771,-0.0,0,0
ALB,2011,,,23.286194375045405,8.40418330338464,7.576058919459159,0.8281243839254806,3.134505122336149,0.43958447688226454,,,9.07491610327728,0.0,0,-0.14545272256571762,-0.0,0,0
ALB,2012,,,23.228505998247687,8.361926293640154,7.689424962620857,0.6725013310192978,3.322427532758751,0.4423864846628467,,,9.07491610327728,0.0,0,0.04246968785688443,0.0,0,0
ALB,2013,,,23.272475502498065,8.421327245027097,7.766212370634288,0.655114874392809,3.307180032986532,0.3976329862809013,,,9.07491610327728,0.0,0,0.027222188084665255,0.0,0,0
ALB,2014,,,23.310753336811544,8.475036454714497,7.8424298457105515,0.632606609003945,3.3613356914722603,0.4449872238744595,,,9.07491610327728,0.0,0,0.0813778465703936,0.0,0,0
ALB,2015,,,23.163015748529755,8.342730067120554,7.854601928784033,0.4881281383365206,2.821965974831253,0.33405435309701015,,,9.07491610327728,0.0,0,-0.4579918700706136,-0.0,0,0
ALB,2016,,,23.20722777268782,8.402373438364819,7.913908812616166,0.48846462574865335,3.0618239846317348,0.3505720831297848,,,9.07491610327728,0.0,0,-0.21813386027013193,-0.0,0,0
ALB,2017,,,23.307887227626928,8.518464408980618,7.991629467194556,0.5268349417860625,3.2666935659084864,0.4233510903809872,,,9.07491610327728,0.0,0,-0.01326427899338034,-0.0,0,0
ALB,2018,,,23.45630183235666,8.68231001286951,8.07785378233981,0.6044562305296992,3.297893604535436,0.42397973096528635,,,9.07491610327728,0.0,0,0.017935759633569415,0.0,0,0
ALB,2019,,,23.469581911772252,8.711021463194774,8.143488417802308,0.5675330453924659,3.3208896923429267,0.36743208730377647,,,9.07491610327728,0.0,0,0.04093184744106004,0.0,0,0
ALB,2020,,,23.44728510077335,8.70415621113042,8.170196839808145,0.5339593713222737,3.153113766311565,0.3701126809264026,,,9.07491610327728,0.0,0,-0.12684407859030156,-0.0,0,0
ALB,2021,,,23.615413215995517,8.887715534452225,8.21722085115122,0.6704946833010048,3.124805973090512,0.3318116248092261,,,9.07491610327728,0.0,0,-0.1551518718113547,-0.0,0,0
ALB,2022,,,23.668612141940994,8.95634602716728,8.330308705589859,0.6260373215774209,3.11307964614537,0.3576247471015783,,,9.07491610327728,0.0,0,-0.16687819875649668,-0.0,0,0
ALB,2023,,,23.879893538747773,9.184068503016638,8.371664569863713,0.8124039331529254,2.9811121612440785,0.35082208282892613,,,9.07491610327728,0.0,0,-0.2988456836577882,-0.0,0,0
ALB,2024,,,24.020489676336005,9.33908608205352,8.458856187822017,0.880229894231503,2.9089173832968083,0.3880687389000541,,,9.07491610327728,0.0,0,-0.37104046160505844,-0.0,0,0
AND,2006,,,21.964343074377286,10.679762162513331,6.694260831370928,3.9855013311424026,3.595951472904785,3.6469707464822068,,,9.226098557021027,0.0,0,0.3159936280029183,0.0,1,0
AND,2007,,,22.098910027627266,10.785936627507144,6.830485755686894,3.9554508718202506,3.058667550226395,3.7227701776701836,,,9.226098557021027,0.0,0,-0.2212902946754718,-0.0,1,0
AND,2008,,,22.134818357720786,10.802276328914253,7.059473251657147,3.742803077257106,3.2026312955583163,3.7372926343099224,,,9.226098557021027,0.0,0,-0.07732654934355043,-0.0,1,0
AND,2009,,,22.02861484206027,10.69137698724796,7.1116505738887605,3.5797264133591993,3.240274227719647,3.7317204569262192,,,9.226098557021027,0.0,0,-0.03968361718221969,-0.0,1,0
AND,2010,,,21.96161854278217,10.663050341845533,7.428429341939105,3.2346209999064284,3.3706525105039686,3.9878327102027273,,,9.226098557021027,0.0,0,0.09069466560210193,0.0,1,0
AND,2011,,,22.012259772026454,10.750581594733967,7.576058919459159,3.174522675274808,3.584220965494705,3.9937388076990747,,,9.226098557021027,0.0,0,0.3042631205928381,0.0,1,0
AND,2012,,,21.882864333907303,10.633461804404627,7.689424962620857,2.9440368417837703,3.900178758197802,4.184155319771133,,,9.226098557021027,0.0,0,0.6202209132959351,0.0,1,0
AND,2013,,,21.884387386074557,10.65656066655384,7.766212370634288,2.8903482959195523,3.7974331763207427,4.074990185782216,,,9.226098557021027,0.0,0,0.517475331418876,0.0,1,0
AND,2014,,,21.908571161987407,10.700311174509372,7.8424298457105515,2.85788132879882,3.065804975204254,3.547238632782245,,,9.226098557021027,0.0,0,-0.2141528696976125,-0.0,1,0
AND,2015,,,21.74926487223438,10.562429723012254,7.854601928784033,2.707827794228221,3.077548213078858,3.2599666851550464,,,9.226098557021027,0.0,0,-0.20240963182300886,-0.0,1,0
AND,2016,,,21.78680709031375,10.599874957959686,7.913908812616166,2.685966145343521,3.253978991566024,3.145471779850754,,,9.226098557021027,0.0,0,-0.02597885333584271,-0.0,1,0
AND,2017,,,21.82193215122962,10.613319621375055,7.991629467194556,2.6216901541804996,3.131300921633282,3.446121519050305,,,9.226098557021027,0.0,0,-0.1486569232685846,-0.0,1,0
AND,2018,,,21.892156360824508,10.66475529775226,8.07785378233981,2.5869015154124497,2.5673205156417365,3.2196494205637207,,,9.226098557021027,0.0,0,-0.7126373292601302,-0.0,1,0
AND,2019,,,21.872301668719885,10.627595575954958,8.143488417802308,2.48410715815265,2.522269717310427,3.1708427035985824,,,9.226098557021027,0.0,0,-0.7576881275914396,-0.0,1,0
AND,2020,,,21.784868697559507,10.528385069305003,8.170196839808145,2.3581882294968572,2.8305591902680125,3.080013186611311,,,9.226098557021027,0.0,0,-0.4493986546338542,-0.0,1,0
AND,2021,,,21.924629499245267,10.655509582037343,8.21722085115122,2.438288730886123,2.5544474201696437,2.9835104638846452,,,9.226098557021027,0.0,0,-0.725510424732223,-0.0,1,0
AND,2022,,,21.94132276477844,10.655235166710694,8.330308705589859,2.3249264611208353,2.275613322638949,2.5993798006176356,,,9.226098557021027,0.0,0,-1.0043445222629175,-0.0,1,0
AND,2023,,,22.054329512814302,10.753904439059802,8.371664569863713,2.3822398691960895,2.0237889150823887,2.537428960422882,,,9.226098557021027,0.0,0,-1.256168929819478,-0.0,1,0
AND,2024,,,22.12056187671713,10.806843734017638,8.458856187822017,2.347987546195622,2.137470968648757,2.4990649373691194,,,9.226098557021027,0.0,0,-1.1424868762531095,-0.0,1,0
ANT,2006,,,,,6.694260831370928,,3.384327818933003,2.2237532050079936,,,9.738604654594843,0.0,0,0.10436997403113635,0.0,1,0
ANT,2007,,,,,6.830485755686894,,2.9269984991836155,2.154676865572359,,,9.738604654594843,0.0,0,-0.35295934571825116,-0.0,1,0
ANT,2008,,,,,7.059473251657147,,3.0481869029178217,2.153427443542499,,,9.738604654594843,0.0,0,-0.23177094198404502,-0.0,1,0
ANT,2009,,,,,7.1116505738887605,,2.066757991714587,1.7650822015124088,,,9.738604654594843,0.0,0,-1.2131998531872799,-0.0,1,0
ANT,2010,,,,,7.428429341939105,,2.1511212966664925,1.9248894728243118,,,9.738604654594843,0.0,0,-1.1288365482353742,-0.0,1,0
ANT,2011,,,,,7.576058919459159,,2.101454852963497,1.7755718160513938,,,9.738604654594843,0.0,0,-1.1785029919383696,-0.0,1,0
ANT,2012,,,,,7.689424962620857,,2.3363968597240237,1.8687963750252508,,,9.738604654594843,0.0,0,-0.943560985177843,-0.0,1,0
ANT,2013,,,,,7.766212370634288,,2.2088412503212593,1.7983456754990932,,,9.738604654594843,0.0,0,-1.0711165945806074,-0.0,1,0
ANT,2014,,,,,7.8424298457105515,,2.811975397586217,1.6490006480591666,,,9.738604654594843,0.0,0,-0.46798244731564953,-0.0,1,0
ANT,2015,,,,,7.854601928784033,,2.628099592558327,1.4670590764353226,,,9.738604654594843,0.0,0,-0.6518582523435397,-0.0,1,0
ANT,2016,,,,,7.913908812616166,,2.6879892676875055,1.395688409751484,,,9.738604654594843,0.0,0,-0.5919685772143612,-0.0,1,0
ANT,2017,,,,,7.991629467194556,,2.6876221765024373,1.348444327158731,,,9.738604654594843,0.0,0,-0.5923356683994294,-0.0,1,0
ANT,2018,,,,,8.07785378233981,,,,,,9.738604654594843,0.0,0,,,1,0
ANT,2019,,,,,8.143488417802308,,,,,,9.738604654594843,0.0,0,,,1,0
ANT,2020,,,,,8.170196839808145,,,,,,9.738604654594843,0.0,0,,,1,0
ANT,2021,,,,,8.21722085115122,,,,,,9.738604654594843,0.0,0,,,1,0
ANT,2022,,,,,8.330308705589859,,,,,,9.738604654594843,0.0,0,,,1,0
ANT,2023,,,,,8.371664569863713,,,,,,9.738604654594843,0.0,0,,,1,0
ANT,2024,,,,,8.458856187822017,,,,,,9.738604654594843,0.0,0,,,1,0
ARE,2006,,,26.126468004351548,10.699701188146387,6.694260831370928,4.005440356775458,2.442573160306822,0.9238669418438574,,,8.615891624601575,0.0,0,-0.8373846845950448,-0.0,0,0
ARE,2007,,,26.27590036426515,10.733233749204658,6.830485755686894,3.902747993517764,2.4704578961047368,0.9386759556886372,,,8.615891624601575,0.0,0,-0.8094999487971299,-0.0,0,0
ARE,2008,,,26.477344058452225,10.820861099326493,7.059473251657147,3.7613878476693454,2.3036390990139695,0.9017219213625252,,,8.615891624601575,0.0,0,-0.9763187458878972,-0.0,0,0
ARE,2009,,,26.258816462043075,10.540145499317067,7.1116505738887605,3.428494925428306,2.291730682455736,0.9867482131005328,,,8.615891624601575,0.0,0,-0.9882271624461305,-0.0,0,0
ARE,2010,,,26.452509242058216,10.70985815892374,7.428429341939105,3.2814288169846355,2.470171213157163,0.9833932366404667,,,8.615891624601575,0.0,0,-0.8097866317447036,-0.0,0,0
ARE,2011,,,26.633740027819055,10.857495735050454,7.576058919459159,3.281436815591295,2.340052158812478,1.1979555815958605,,,8.615891624601575,0.0,0,-0.9399056860893888,-0.0,0,0
ARE,2012,,,26.696550015763723,10.880715801573084,7.689424962620857,3.191290838952227,2.441795803741275,1.2637450964596486,,,8.615891624601575,0.0,0,-0.8381620411605919,-0.0,0,0
ARE,2013,,,26.73852643559232,10.882701023522033,7.766212370634288,3.116488652887745,2.4833034508822207,1.3116997796682288,,,8.615891624601575,0.0,0,-0.796654394019646,-0.0,0,0
ARE,2014,,,26.775204015894047,10.872849382733195,7.8424298457105515,3.0304195370226434,2.685888671870589,1.1756599218707227,,,8.615891624601575,0.0,0,-0.5940691730312775,-0.0,0,0
ARE,2015,,,26.668616117197978,10.712423467812927,7.854601928784033,2.857821539028894,3.028509249998999,1.051483226416526,,,8.615891624601575,0.0,0,-0.25144859490286775,-0.0,0,0
ARE,2016,,,26.667945879833717,10.66244854096986,7.913908812616166,2.7485397283536948,3.22285968476498,1.0454703339685842,,,8.615891624601575,0.0,0,-0.05709816013688673,-0.0,0,0
ARE,2017,,,26.723107835211383,10.685872517758183,7.991629467194556,2.6942430505636272,3.2358401872196234,1.0698477134371596,,,8.615891624601575,0.0,0,-0.044117657682243294,-0.0,0,0
ARE,2018,,,26.811312489076133,10.760778484296502,8.07785378233981,2.6829247019566917,3.473678402851249,1.1361164104378763,,,8.615891624601575,0.0,0,0.19372055794938214,0.0,0,0
ARE,2019,,,26.796140353567264,10.735061185345115,8.143488417802308,2.5915727675428073,3.2085701173383567,1.0860665940255958,,,8.615891624601575,0.0,0,-0.07138772756350997,-0.0,0,0
ARE,2020,,,26.601454670904058,10.54512400422836,8.170196839808145,2.374927164420214,3.0332854204815334,0.8870480791715982,,,8.615891624601575,0.0,0,-0.24667242442033332,-0.0,0,0
ARE,2021,,,26.769316297603233,10.694634330024623,8.21722085115122,2.4774134788734035,3.173899964468594,0.9397523472840819,,,8.615891624601575,0.0,0,-0.1060578804332728,-0.0,0,0
ARE,2022,,,26.96042455727483,10.834859174358828,8.330308705589859,2.5045504687689686,2.557373486662838,1.015445051092713,,,8.615891624601575,0.0,0,-0.7225843582390286,-0.0,0,0
ARE,2023,,,26.982124799919454,10.816787707252983,8.371664569863713,2.4451231373892703,2.364249705328777,1.1403098374188823,,,8.615891624601575,0.0,0,-0.9157081395730895,-0.0,0,0
ARE,2024,,,27.037402331604284,10.825233629406076,8.458856187822017,2.36637744158406,2.6570255211862004,1.2098403973887075,,,8.615891624601575,0.0,0,-0.6229323237156663,-0.0,0,0
ARG,2006,,,26.172402314736317,8.677504334796174,6.694260831370928,1.9832435034252454,4.4144357567059185,0.6615480380977156,3.5690312343021975,2.170510867341802,9.77175511225467,0.0,0,1.1344779118040518,0.0,0,0
ARG,2007,,,26.38459480783412,8.87978580854331,6.830485755686894,2.0493000528564167,4.791035648419848,0.6284027622052724,3.5690312343021975,2.170510867341802,9.77175511225467,0.0,0,1.5110778035179817,0.0,0,0
ARG,2008,,,26.613688410916257,9.098750523777706,7.059473251657147,2.039277272120559,4.072113313292162,0.5617949080474,3.5690312343021975,2.170510867341802,9.77175511225467,0.0,0,0.7921554683902952,0.0,0,0
ARG,2009,,,26.531337707549337,9.00580207333754,7.1116505738887605,1.8941514994487791,3.8595371954101436,0.5643523565536706,3.5690312343021975,2.170510867341802,9.77175511225467,0.0,0,0.5795793505082769,0.0,0,0
ARG,2010,,,26.772120184396353,9.236020916968926,7.428429341939105,1.8075915750298206,3.956614253786428,0.6440392503237824,3.5690312343021975,2.170510867341802,9.77175511225467,0.0,0,0.6766564088845612,0.0,0,0
ARG,2011,,,26.99644114241296,9.449694474010553,7.576058919459159,1.8736355545513934,3.991007337064751,0.5628089000016977,3.5690312343021975,2.170510867341802,9.77175511225467,0.0,0,0.7110494921628843,0.0,0,0
ARG,2012,,,27.025852533234676,9.468829251187325,7.689424962620857,1.779404288566468,4.069030753171927,0.5857793702660544,3.5690312343021975,2.170510867341802,9.77175511225467,0.0,0,0.7890729082700605,0.0,0,0
ARG,2013,,,27.03685942612164,9.469906554177475,7.766212370634288,1.7036941835431874,3.878779175707345,0.5027328132352533,3.5690312343021975,2.170510867341802,9.77175511225467,0.0,0,0.5988213308054782,0.0,0,0
ARG,2014,,,26.989174609819035,9.411904302087889,7.8424298457105515,1.5694744563773373,4.3285773947199555,0.5580960508123609,3.5690312343021975,2.170510867341802,9.77175511225467,0.0,0,1.0486195498180888,0.0,0,0
ARG,2015,,,27.11140578463773,9.52366288803301,7.854601928784033,1.6690609592489771,4.009424476280661,0.50862434415587,3.5690312343021975,2.170510867341802,9.77175511225467,0.0,0,0.7294666313787945,0.0,0,0
ARG,2016,,,27.04678631288357,9.449354305023036,7.913908812616166,1.5354454924068701,3.845445872382371,0.5261556386658978,3.5690312343021975,2.170510867341802,9.77175511225467,0.0,0,0.5654880274805043,0.0,0,0
ARG,2017,,,27.190387367439218,9.584142863628564,7.991629467194556,1.5925133964340086,4.00152927365197,0.6694470413234717,3.5690312343021975,2.170510867341802,9.77175511225467,0.0,0,0.7215714287501034,0.0,0,0
ARG,2018,,,26.986320978507653,9.371846779892264,8.07785378233981,1.2939929975524542,4.100587237650446,0.6709019287343897,3.5690312343021975,2.170510867341802,9.77175511225467,0.0,0,0.8206293927485793,0.0,0,0
ARG,2019,,,26.827511338168033,9.205928131021869,8.143488417802308,1.062439713219561,4.481168610340872,0.5971952992820467,3.5690312343021975,2.170510867341802,9.77175511225467,0.0,0,1.2012107654390056,0.0,0,0
ARG,2020,,,26.67843072240923,9.052000858895653,8.170196839808145,0.8818040190875074,4.346930779502194,0.6327016657428335,3.5690312343021975,2.170510867341802,9.77175511225467,0.0,0,1.0669729346003272,0.0,0,0
ARG,2021,,,26.91063445750257,9.281545800038526,8.21722085115122,1.0643249488873057,4.082707944503098,0.5449017277363172,3.5690312343021975,2.170510867341802,9.77175511225467,0.0,0,0.8027500996012313,0.0,0,0
ARG,2022,,,27.17530494322959,9.544108198454824,8.330308705589859,1.2137994928649647,3.983182458377856,0.5245013405705505,3.5690312343021975,2.170510867341802,9.77175511225467,0.0,0,0.7032246134759892,0.0,0,0
ARG,2023,,,27.199409684341397,9.565343178347431,8.371664569863713,1.1936786084837188,3.8347879934358162,0.5232558515440168,3.5690312343021975,2.170510867341802,9.77175511225467,0.0,0,0.5548301485339495,0.0,0,0
ARG,2024,,,27.18217677030848,9.54465196611633,8.458856187822017,1.0857957782943135,3.475348345998365,0.4595440371925046,3.5690312343021975,2.170510867341802,9.77175511225467,0.0,0,0.19539050109649825,0.0,0,0
ARM,2006,,,22.577131507010805,7.621514891549062,6.694260831370928,0.9272540601781332,2.1123678713192096,0.22498056072466707,,,8.803650714413282,0.0,0,-1.1675899735826571,-0.0,0,0
ARM,2007,,,22.943154007179846,7.993857085539807,6.830485755686894,1.1633713298529127,2.357956851935529,0.21103617208667522,,,8.803650714413282,0.0,0,-0.9220009929663378,-0.0,0,0
ARM,2008,,,23.179605020897483,8.236862324027914,7.059473251657147,1.177389072370767,2.8426550437266607,0.223882865487762,,,8.803650714413282,0.0,0,-0.43730280117520604,-0.0,0,0
ARM,2009,,,22.880586641731437,7.944702303317538,7.1116505738887605,0.8330517294287771,2.857242620101483,0.2385892004067811,,,8.803650714413282,0.0,0,-0.4227152248003838,-0.0,0,0
ARM,2010,,,22.949000744267053,8.020054968743029,7.428429341939105,0.5916256268039239,2.7108899477489894,0.2543677808326942,,,8.803650714413282,0.0,0,-0.5690678971528773,-0.0,0,0
ARM,2011,,,23.039962080149156,8.1165822122541,7.576058919459159,0.5405232927949406,2.767734106412166,0.2796257522826702,,,8.803650714413282,0.0,0,-0.5122237384897006,-0.0,0,0
ARM,2012,,,23.085940884890142,8.163816800372278,7.689424962620857,0.4743918377514209,2.998842018582785,0.36252792172822385,,,8.803650714413282,0.0,0,-0.28111582631908183,-0.0,0,0
ARM,2013,,,23.13214281107651,8.21071338926169,7.766212370634288,0.44450101862740166,2.5776651371016217,0.3096796459699419,,,8.803650714413282,0.0,0,-0.702292707800245,-0.0,0,0
ARM,2014,,,23.175090706436734,8.256378407470539,7.8424298457105515,0.4139485617599874,3.0257528402019034,0.23482742112161928,,,8.803650714413282,0.0,0,-0.2542050046999633,-0.0,0,0
ARM,2015,,,23.079707999295902,8.164052993685441,7.854601928784033,0.30945106490140795,2.894554738420385,0.20320594518889543,,,8.803650714413282,0.0,0,-0.38540310648148157,-0.0,0,0
ARM,2016,,,23.079025396188765,8.167472515759012,7.913908812616166,0.2535637031428468,2.8190686862899312,0.23141747919692948,,,8.803650714413282,0.0,1,-0.46088915861193547,-0.46088915861193547,0,0
ARM,2017,,,23.167997740083898,8.26076524415627,7.991629467194556,0.269135776961714,2.7926693856469167,0.25671830268321233,,,8.803650714413282,0.0,1,-0.48728845925495,-0.48728845925495,0,0
ARM,2018,,,23.245624063351197,8.341888309605302,8.07785378233981,0.26403452726549226,3.9444782671213896,0.4648810325387658,,,8.803650714413282,0.0,1,0.6645204222195229,0.6645204222195229,0,0
ARM,2019,,,23.334753046679026,8.433208982253502,8.143488417802308,0.2897205644511942,4.03146243978124,0.44413620004615817,,,8.803650714413282,0.0,1,0.7515045948793735,0.7515045948793735,0,0
ARM,2020,,,23.26026659822021,8.359060143521052,8.170196839808145,0.18886330371290683,4.039239723501613,0.5341154221270022,,,8.803650714413282,0.0,1,0.7592818785997459,0.7592818785997459,0,0
ARM,2021,,,23.35363615989458,8.452159608296522,8.21722085115122,0.23493875714530255,3.992492802812401,0.5030963130757818,,,8.803650714413282,0.0,1,0.7125349579105342,0.7125349579105342,0,0
ARM,2022,,,23.694372706499145,8.790569592273615,8.330308705589859,0.46026088668375564,3.446291314981238,0.408052910019894,,,8.803650714413282,0.0,1,0.16633347007937127,0.16633347007937127,0,0
ARM,2023,,,23.909039054993517,9.006887580142353,8.371664569863713,0.63522301027864,3.4848285700547774,0.4595093551483935,,,8.803650714413282,0.0,1,0.20487072515291072,0.20487072515291072,0,0
ARM,2024,,,23.979640716072307,9.054413089707818,8.458856187822017,0.5955569018858018,3.970432073634056,0.5001845105684776,,,8.803650714413282,0.0,1,0.6904742287321892,0.6904742287321892,0,0
ASM,2006,,,20.016019732006963,9.076256393718513,6.694260831370928,2.3819955623475844,4.770496572487741,1.4212533365402062,,,,,0,1.4905387275858746,0.0,0,0
ASM,2007,,,20.065485800223758,9.130363006502742,6.830485755686894,2.2998772508158485,3.263105233371665,1.8109558360550422,,,,,0,-0.016852611530201678,-0.0,0,0
ASM,2008,,,20.14344734169347,9.213416527064934,7.059473251657147,2.153943275407787,3.651387738629622,1.8326759638974284,,,,,0,0.37142989372775537,0.0,0,0
ASM,2009,,,20.330223248836806,9.405580571817381,7.1116505738887605,2.293929997928621,3.8369463252378093,1.8235514638653612,,,,,0,0.5569884803359426,0.0,0,0
ASM,2010,,,20.166396274679013,9.24717092464297,7.428429341939105,1.8187415827038658,3.7960124673338194,1.9679485897705498,,,,,0,0.5160546224319527,0.0,0,0
ASM,2011,,,20.16114691879287,9.247969370124041,7.576058919459159,1.6719104506648819,3.8487585161207094,1.8385282182142044,,,,,0,0.5688006712188427,0.0,0,0
ASM,2012,,,20.276978734317993,9.371224608900441,7.689424962620857,1.6817996462795843,3.952956298052524,1.9256140053833608,,,,,0,0.6729984531506572,0.0,0,0
ASM,2013,,,20.273848841309064,9.376998410823926,7.766212370634288,1.6107860401896383,3.917260977043791,1.8504318517019946,,,,,0,0.6373031321419242,0.0,0,0
ASM,2014,,,20.281655282201893,9.39485406536112,7.8424298457105515,1.5524242196505682,3.433050904224709,2.2635174495375856,,,,,0,0.15309305932284234,0.0,0,0
ASM,2015,,,20.327255887609002,9.451513235281285,7.854601928784033,1.596911306497251,3.5375813675276397,2.074309270487049,,,,,0,0.25762352262577304,0.0,0,0
ASM,2016,,,20.324279694935957,9.460580223467744,7.913908812616166,1.5466714108515784,3.5457004111988355,1.9823052789668993,,,,,0,0.2657425662969688,0.0,0,0
ASM,2017,,,20.2322428404766,9.381237243649748,7.991629467194556,1.3896077764551924,4.951510971995963,2.4880578943599345,,,,,0,1.671553127094096,0.0,0,0
ASM,2018,,,20.27541501234181,9.437639651229867,8.07785378233981,1.3597858688900573,,,,,,,0,,,0,0
ASM,2019,,,20.287856852465175,9.463907279986081,8.143488417802308,1.3204188621837734,4.851345404175161,2.602912976901177,,,,,0,1.5713875592732944,0.0,0,0
ASM,2020,,,20.396149695249225,9.581162871575073,8.170196839808145,1.410966031766927,3.2751191980673573,2.066052030540201,,,,,0,-0.004838646834509408,-0.0,0,0
ASM,2021,,,20.43558376449463,9.631426860987302,8.21722085115122,1.4142060098360822,3.02081326922412,2.014642047942296,,,,,0,-0.25914457567774685,-0.0,0,0
ASM,2022,,,20.58515253481678,9.799096507811528,8.330308705589859,1.4687878022216694,2.8320412879285723,2.014532680806886,,,,,0,-0.44791655697329436,-0.0,0,0
ASM,2023,,,,,8.371664569863713,,2.884375265569771,2.0528428893425343,,,,,0,-0.39558257933209573,-0.0,0,0
ASM,2024,,,,,8.458856187822017,,2.7829096198944896,1.9424463505096259,,,,,0,-0.4970482250073771,-0.0,0,0
ATG,2006,,,20.988452326015135,9.691148770960273,6.694260831370928,2.996887939589345,3.3981868290159594,1.7580446198922133,,,9.700747550869266,0.0,0,0.11822898411409266,0.0,1,0
ATG,2007,,,21.12028301589476,9.809424776636828,6.830485755686894,2.978939020949934,2.8274481417651414,1.6378731406389742,,,9.700747550869266,0.0,0,-0.45250970313672534,-0.0,1,0
ATG,2008,,,21.166438167779802,9.840903084417965,7.059473251657147,2.781429832760818,2.745827813916921,1.6253504358266841,,,9.700747550869266,0.0,0,-0.5341300309849455,-0.0,1,0
ATG,2009,,,21.050061779237094,9.709432295513848,7.1116505738887605,2.597781721625087,3.0201660820478375,1.6964882401816055,,,9.700747550869266,0.0,0,-0.25979176285402916,-0.0,1,0
ATG,2010,,,20.984358638176335,9.630194465591046,7.428429341939105,2.201765123651941,3.0840520388625303,2.19141156684735,,,9.700747550869266,0.0,0,-0.19590580603933638,-0.0,1,0
ATG,2011,,,20.975858871330352,9.609903263451486,7.576058919459159,2.0338443439923264,3.14310706865716,2.028761149871564,,,9.700747550869266,0.0,0,-0.13685077624470665,-0.0,1,0
ATG,2012,,,21.034222172432774,9.657574725755175,7.689424962620857,1.9681497631343188,3.262564377101169,2.1606134875815,,,9.700747550869266,0.0,0,-0.017393467800697504,-0.0,1,0
ATG,2013,,,21.00505278949579,9.619233687642827,7.766212370634288,1.8530213170085394,3.1535492223796315,2.088262397532741,,,9.700747550869266,0.0,0,-0.12640862252223517,-0.0,1,0
ATG,2014,,,21.04441223587524,9.650664528734335,7.8424298457105515,1.8082346830237839,3.8290171242502025,1.2211382232346601,,,9.700747550869266,0.0,0,0.5490592793483358,0.0,1,0
ATG,2015,,,21.086161024624545,9.685184397388992,7.854601928784033,1.830582468604959,2.6922973917310467,1.1688159733067354,,,9.700747550869266,0.0,0,-0.58766045317082,-0.0,1,0
ATG,2016,,,21.121775950858652,9.71455550532531,7.913908812616166,1.8006466927091438,2.7318288421135093,1.0679152429973262,,,9.700747550869266,0.0,0,-0.5481290027883574,-0.0,1,0
ATG,2017,,,21.151702112942562,9.738950636942858,7.991629467194556,1.7473211697483029,3.7548857605290955,0.9103034467275584,,,9.700747550869266,0.0,0,0.4749279156272288,0.0,1,0
ATG,2018,,,21.231004478660182,9.813203210790133,8.07785378233981,1.7353494284503235,4.158849297710162,0.956717893480913,,,9.700747550869266,0.0,0,0.8788914528082956,0.0,1,0
ATG,2019,,,21.269332041414362,9.84672523464584,8.143488417802308,1.703236816843532,4.109436801625085,0.9492845207090405,,,9.700747550869266,0.0,0,0.8294789567232184,0.0,1,0
ATG,2020,,,21.068015887050148,9.640147346620275,8.170196839808145,1.469950506812129,5.125728769939517,1.047413040083423,,,9.700747550869266,0.0,0,1.8457709250376504,0.0,1,0
ATG,2021,,,21.19459728795023,9.761267130751799,8.21722085115122,1.544046279600579,5.14951930671248,1.0157427020800296,,,9.700747550869266,0.0,0,1.8695614618106133,0.0,1,0
ATG,2022,,,21.34228994552353,9.90365708513516,8.330308705589859,1.5733483795453012,3.255602899026074,0.988351088979121,,,9.700747550869266,0.0,0,-0.024354945875792566,-0.0,1,0
ATG,2023,,,21.4431018296792,9.999354967728673,8.371664569863713,1.62769039786496,2.5463932586941933,1.1216406318428345,,,9.700747550869266,0.0,0,-0.7335645862076734,-0.0,1,0
ATG,2024,,,21.49446913783668,10.045847554867269,8.458856187822017,1.5869913670452522,2.76580158703479,1.1058720586118735,,,9.700747550869266,0.0,0,-0.5141562578670769,-0.0,1,0
AUS,2006,,,27.34295012830305,10.50940945180179,6.694260831370928,3.815148620430862,3.569639849287245,4.8132823664303155,3.995270686796216,3.0576465515631672,8.822764002022707,0.0,0,0.2896820043853783,0.0,0,1
AUS,2007,,,27.476241099904527,10.62445045545034,6.830485755686894,3.793964699763446,3.2906127510299146,4.816575894306854,3.995270686796216,3.0576465515631672,8.822764002022707,0.0,0,0.01065490612804787,0.0,0,1
AUS,2008,,,27.68782503077916,10.815995272272543,7.059473251657147,3.756522020615396,3.3016383623553347,4.9645574094953755,3.995270686796216,3.0576465515631672,8.822764002022707,0.0,0,0.021680517453467996,0.0,0,1
AUS,2009,,,27.56034292126501,10.667904831130674,7.1116505738887605,3.556254257241913,3.4912630297292315,4.815669027198005,3.995270686796216,3.0576465515631672,8.822764002022707,0.0,0,0.21130518482736482,0.0,0,1
AUS,2010,,,27.773012425349563,10.86501727259481,7.428429341939105,3.4365879306557057,3.7190402821391992,5.079820397300155,3.995270686796216,3.0576465515631672,8.822764002022707,0.0,1,0.43908243723733253,0.43908243723733253,0,1
AUS,2011,,,27.96959105700951,11.047700631098579,7.576058919459159,3.4716417116394194,3.9056626960717153,4.903135102129215,3.995270686796216,3.0576465515631672,8.822764002022707,0.0,1,0.6257048511698486,0.6257048511698486,0,1
AUS,2012,,,28.07103475838831,11.131686132470646,7.689424962620857,3.4422611698497896,4.1360951996614554,5.223004379271232,3.995270686796216,3.0576465515631672,8.822764002022707,0.0,1,0.8561373547595887,0.8561373547595887,0,1
AUS,2013,,,28.0908086518498,11.134248511532249,7.766212370634288,3.368036140897961,3.6777395079976825,4.730321561874524,3.995270686796216,3.0576465515631672,8.822764002022707,0.0,1,0.39778166309581575,0.39778166309581575,0,1
AUS,2014,,,28.019460103819565,11.047984298610725,7.8424298457105515,3.2055544529001736,3.574076569856184,4.557365016261718,3.995270686796216,3.0576465515631672,8.822764002022707,0.0,1,0.2941187249543171,0.2941187249543171,0,1
AUS,2015,,,27.936154406172825,10.950286434437997,7.854601928784033,3.0956845056539635,3.83264343612348,4.070480914865724,3.995270686796216,3.0576465515631672,8.822764002022707,0.0,1,0.5526855912216133,0.5526855912216133,0,1
AUS,2016,,,27.822953117782763,10.82146574106689,7.913908812616166,2.907556928450724,3.8392561438892048,4.034202395327908,3.995270686796216,3.0576465515631672,8.822764002022707,0.0,1,0.5592982989873381,0.5592982989873381,0,1
AUS,2017,,,27.916869424022295,10.898913769332923,7.991629467194556,2.9072843021383674,4.244407891323673,4.13926180315073,3.995270686796216,3.0576465515631672,8.822764002022707,0.0,1,0.9644500464218067,0.9644500464218067,0,1
AUS,2018,,,27.990892431158606,10.957976809365096,8.07785378233981,2.880123027025286,3.769122551997621,4.09833243985501,3.995270686796216,3.0576465515631672,8.822764002022707,0.0,1,0.4891647070957541,0.4891647070957541,0,1
AUS,2019,,,27.96631380212242,10.918623273223075,8.143488417802308,2.7751348554207667,3.698725772533402,3.8329353280965694,3.995270686796216,3.0576465515631672,8.822764002022707,0.0,1,0.4187679276315355,0.4187679276315355,0,1
AUS,2020,,,27.918705534613643,10.858680723201157,8.170196839808145,2.688483883393012,3.516154113617021,3.6386343328260735,3.995270686796216,3.0576465515631672,8.822764002022707,0.0,1,0.2361962687151542,0.2361962687151542,0,1
AUS,2021,,,28.076102687846454,11.01466892560104,8.21722085115122,2.79744807444982,3.5297700040911253,3.7065509506672,3.995270686796216,3.0576465515631672,8.822764002022707,0.0,1,0.2498121591892586,0.2498121591892586,0,1
AUS,2022,,,28.15907401566305,11.084747140319083,8.330308705589859,2.7544384347292237,3.3891074524824125,3.858900494022869,3.995270686796216,3.0576465515631672,8.822764002022707,0.0,1,0.10914960758054582,0.10914960758054582,0,1
AUS,2023,,,28.18171220532849,11.083040258349369,8.371664569863713,2.7113756884856564,3.53690356600699,4.052270253654343,3.995270686796216,3.0576465515631672,8.822764002022707,0.0,1,0.25694572110512315,0.25694572110512315,0,1
AUS,2024,,,28.19464170345416,11.07612426778588,8.458856187822017,2.617268079963864,3.458656996990228,3.7979187694647245,3.995270686796216,3.0576465515631672,8.822764002022707,0.0,1,0.1786991520883614,0.1786991520883614,0,1
AUT,2006,,,26.53412529129028,10.606144566693517,6.694260831370928,3.911883735322589,3.856963471399036,5.15140690558866,4.571792398909225,3.18548698811825,9.101207862396583,0.0,0,0.5770056264971695,0.0,0,0
AUT,2007,,,26.681070641734,10.749848451784379,6.830485755686894,3.919362696097485,3.2898191898384104,5.183783610928123,4.571792398909225,3.18548698811825,9.101207862396583,0.0,0,0.00986134493654367,0.0,0,0
AUT,2008,,,26.785268991500146,10.85091638717391,7.059473251657147,3.7914431355167633,3.1185464693217866,4.976651441974652,4.571792398909225,3.18548698811825,9.101207862396583,0.0,0,-0.16141137558008012,-0.0,0,0
AUT,2009,,,26.71295410435935,10.775981968134053,7.1116505738887605,3.664331394245292,3.238362062293841,4.7106123487321305,4.571792398909225,3.18548698811825,9.101207862396583,0.0,0,-0.041595782608025544,-0.0,0,0
AUT,2010,,,26.68897091244245,10.749594833222146,7.428429341939105,3.3211654912830406,3.2853086258135336,4.935194421794667,4.571792398909225,3.18548698811825,9.101207862396583,0.0,0,0.0053507809116668525,0.0,0,0
AUT,2011,,,26.784617242298875,10.841870354660255,7.576058919459159,3.265811435201096,3.347606112112188,4.37474468310725,4.571792398909225,3.18548698811825,9.101207862396583,0.0,0,0.06764826721032113,0.0,0,0
AUT,2012,,,26.731465781824408,10.7841595194626,7.689424962620857,3.0947345568417433,3.3806300683698645,4.408342184172186,4.571792398909225,3.18548698811825,9.101207862396583,0.0,0,0.10067222346799776,0.0,0,0
AUT,2013,,,26.77906693816382,10.825866803255078,7.766212370634288,3.05965443262079,3.3900740647932484,4.34316111699312,4.571792398909225,3.18548698811825,9.101207862396583,0.0,0,0.11011621989138165,0.0,0,0
AUT,2014,,,26.806753396762797,10.8457378455288,7.8424298457105515,3.003307999818249,3.110008753090552,4.067729046528484,4.571792398909225,3.18548698811825,9.101207862396583,0.0,0,-0.1699490918113149,-0.0,0,0
AUT,2015,,,26.66224189491826,10.690016418660566,7.854601928784033,2.8354144898765323,3.180873798467512,3.6466374534210875,4.571792398909225,3.18548698811825,9.101207862396583,0.0,0,-0.09908404643435453,-0.0,0,0
AUT,2016,,,26.698822928132966,10.715783488887995,7.913908812616166,2.8018746762718294,3.369203277183684,3.55743930685451,4.571792398909225,3.18548698811825,9.101207862396583,0.0,0,0.08924543228181747,0.0,0,0
AUT,2017,,,26.751366360933563,10.76138071065254,7.991629467194556,2.7697512434579847,3.495539535992709,3.751283655824018,4.571792398909225,3.18548698811825,9.101207862396583,0.0,0,0.21558169109084213,0.0,0,0
AUT,2018,,,26.83823545089368,10.843379081364967,8.07785378233981,2.765525299025157,3.26211838233149,3.771795036772079,4.571792398909225,3.18548698811825,9.101207862396583,0.0,0,-0.017839462570376607,-0.0,0,0
AUT,2019,,,26.816798681641288,10.817495575722525,8.143488417802308,2.674007157920217,3.2325131367997324,3.6501444467639845,4.571792398909225,3.18548698811825,9.101207862396583,0.0,0,-0.0474447081021343,-0.0,0,0
AUT,2020,,,26.79722608427487,10.793771211040454,8.170196839808145,2.6235743712323085,3.39138534177492,3.6373421057755686,4.571792398909225,3.18548698811825,9.101207862396583,0.0,1,0.11142749687305331,0.11142749687305331,0,0
AUT,2021,,,26.89802305911201,10.890211469037029,8.21722085115122,2.6729906178858087,3.3973595724765753,3.4866314098802196,4.571792398909225,3.18548698811825,9.101207862396583,0.0,1,0.11740172757470857,0.11740172757470857,0,0
AUT,2022,,,26.88282897853689,10.86545451049114,8.330308705589859,2.5351458049012816,3.488552562946231,3.397131488190682,4.571792398909225,3.18548698811825,9.101207862396583,0.0,1,0.20859471804436414,0.20859471804436414,0,0
AUT,2023,,,26.970671196155305,10.943402081569864,8.371664569863713,2.571737511706152,3.4310268179867847,3.3426140542817517,4.571792398909225,3.18548698811825,9.101207862396583,0.0,1,0.15106897308491796,0.15106897308491796,0,0
AUT,2024,,,27.005141330615327,10.972823417891926,8.458856187822017,2.513967230069909,3.3274512227218263,3.0255584892776626,4.571792398909225,3.18548698811825,9.101207862396583,0.0,1,0.04749337781995955,0.04749337781995955,0,0
AZE,2006,,,23.766927404113694,7.813169983636858,6.694260831370928,1.11890915226593,2.3756926351950365,0.39765135719806305,,,8.748881254199274,0.0,0,-0.9042652097068302,-0.0,0,0
AZE,2007,,,24.221269836712338,8.25617386157394,6.830485755686894,1.4256881058870459,2.026358245628209,0.24626864044955546,,,8.748881254199274,0.0,0,-1.2535995992736577,-0.0,0,0
AZE,2008,,,24.61204669994525,8.625952184480925,7.059473251657147,1.5664789328237774,2.322471769766094,0.21459546578634225,,,8.748881254199274,0.0,0,-0.9574860751357726,-0.0,0,0
AZE,2009,,,24.514079555478588,8.507223557375799,7.1116505738887605,1.395572983487038,2.531460926734637,0.24765855216955865,,,8.748881254199274,0.0,0,-0.7484969181672296,-0.0,0,0
AZE,2010,,,24.691844865327703,8.673090990146315,7.428429341939105,1.2446616482072104,2.4355542845217166,0.22669158851843826,,,8.748881254199274,0.0,0,-0.8444035603801501,-0.0,0,0
AZE,2011,,,24.91220511745411,8.880421233723956,7.576058919459159,1.3043623142647967,2.355333857767425,0.2667465686346578,,,8.748881254199274,0.0,0,-0.9246239871344417,-0.0,0,0
AZE,2012,,,24.9671783730523,8.922106851048769,7.689424962620857,1.232681888427912,2.475367307229192,0.25283045732795556,,,8.748881254199274,0.0,0,-0.8045905376726745,-0.0,0,0
AZE,2013,,,25.02949831108393,8.971492318810341,7.766212370634288,1.2052799481760532,2.133444692529121,0.1444394793915512,,,8.748881254199274,0.0,0,-1.1465131523727456,-0.0,0,0
AZE,2014,,,25.04394598986138,8.973457907614234,7.8424298457105515,1.1310280619036828,2.53872899236648,0.21056509256136283,,,8.748881254199274,0.0,0,-0.7412288525353867,-0.0,0,0
AZE,2015,,,24.69499511990774,8.61259493907989,7.854601928784033,0.7579930102958574,1.6914306726117652,0.17658061953590173,,,8.748881254199274,0.0,0,-1.5885271722901015,-0.0,0,0
AZE,2016,,,24.357345775026864,8.263767022097623,7.913908812616166,0.3498582094814573,1.5635227194539667,0.15216354244019353,,,8.748881254199274,0.0,0,-1.7164351254479,-0.0,0,0
AZE,2017,,,24.433579609756663,8.330188238782375,7.991629467194556,0.33855877158781933,1.6253991090911728,0.1525747552470307,,,8.748881254199274,0.0,0,-1.654558735810694,-0.0,0,0
AZE,2018,,,24.575803559864646,8.463749019726647,8.07785378233981,0.38589523738683695,1.5375722011283592,0.09995099278150632,,,8.748881254199274,0.0,0,-1.7423856437735075,-0.0,0,0
AZE,2019,,,24.598090177620442,8.477569170218306,8.143488417802308,0.3340807524159981,1.3395528115414619,0.11014227774123252,,,8.748881254199274,0.0,0,-1.9404050333604048,-0.0,0,0
AZE,2020,,,24.477300809316045,8.349936148660023,8.170196839808145,0.17973930885187706,1.2931153450473978,0.1404145692837808,,,8.748881254199274,0.0,0,-1.986842499854469,-0.0,0,0
AZE,2021,,,24.72741964175031,8.595643003736127,8.21722085115122,0.37842215258490697,1.7454229724602126,0.14326489209673146,,,8.748881254199274,0.0,0,-1.534534872441654,-0.0,0,0
AZE,2022,,,25.09027363373582,8.958101917059256,8.330308705589859,0.6277932114693971,2.1394372873699123,0.16067785837344864,,,8.748881254199274,0.0,0,-1.1405205575319544,-0.0,0,0
AZE,2023,,,25.005865299208427,8.872491161028469,8.371664569863713,0.5008265911647563,2.28978462659646,0.14347113083009924,,,8.748881254199274,0.0,0,-0.9901732183054066,-0.0,0,0
AZE,2024,,,25.0330711801033,8.894895489350812,8.458856187822017,0.4360393015287958,2.083399138950178,0.10702994816304116,,,8.748881254199274,0.0,0,-1.1965587059516887,-0.0,0,0
BDI,2006,,,20.964936754481208,5.086934113791906,6.694260831370928,1.6073267175790225,3.4041217853535675,0.7763171340806384,,,9.074881752012926,0.0,0,0.12416394045170076,0.0,0,0
BDI,2007,,,21.027952056527642,5.112967699091706,6.830485755686894,1.7175180565951882,2.9099543550170672,0.7152171164394289,,,9.074881752012926,0.0,0,-0.3700034898847995,-0.0,0,0
BDI,2008,,,21.200639650192343,5.244399972065554,7.059473251657147,1.8150732795915934,3.1137497567174313,0.8242280877399116,,,9.074881752012926,0.0,0,-0.16620808818443544,-0.0,0,0
BDI,2009,,,21.29734511249726,5.290444073600977,7.1116505738887605,1.8212065002877837,2.926077964322796,0.7004061040412001,,,9.074881752012926,0.0,0,-0.3538798805790706,-0.0,0,0
BDI,2010,,,21.43235289595173,5.378641751325204,7.428429341939105,2.049787590613901,3.1835555256746666,0.904266386619394,,,9.074881752012926,0.0,0,-0.0964023192272001,-0.0,0,0
BDI,2011,,,21.527870703391784,5.438382573286657,7.576058919459159,2.137676346172502,3.451994499730872,1.024118691626185,,,9.074881752012926,0.0,0,0.1720366548290051,0.0,0,0
BDI,2012,,,21.568018616854605,5.442845271968037,7.689424962620857,2.24657969065282,3.5896093985721538,0.9973009482521236,,,9.074881752012926,0.0,0,0.30965155367028707,0.0,0,0
BDI,2013,,,21.620016759154808,5.458924743333718,7.766212370634288,2.3072876273005702,2.950921647298808,0.7969966490497526,,,9.074881752012926,0.0,0,-0.3290361976030587,-0.0,0,0
BDI,2014,,,21.71867330263637,5.52363651814748,7.8424298457105515,2.318793327563071,2.4982225455397367,0.6031651889623004,,,9.074881752012926,0.0,0,-0.78173529936213,-0.0,0,0
BDI,2015,,,21.75663995088747,5.538917993469318,7.854601928784033,2.3156839353147154,3.3446805793422616,1.2928478091119178,,,9.074881752012926,0.0,0,0.06472273444039489,0.0,0,0
BDI,2016,,,21.685712074904185,5.4507715170836155,7.913908812616166,2.46313729553255,3.6136815737537313,1.5700339343506542,,,9.074881752012926,0.0,0,0.33372372885186463,0.0,0,0
BDI,2017,,,21.764023778495194,5.505578357965981,7.991629467194556,2.4860511092285744,3.4898838019473746,1.4509417079191183,,,9.074881752012926,0.0,0,0.20992595704550787,0.0,0,0
BDI,2018,,,21.79259053682504,5.503955298017957,8.07785378233981,2.5738984843218526,2.3817910264989797,1.1707938903386887,,,9.074881752012926,0.0,0,-0.898166818402887,-0.0,0,0
BDI,2019,,,21.77811964547298,5.456647653523818,8.143488417802308,2.6868407642784895,2.365037813628777,1.258488109121631,,,9.074881752012926,0.0,0,-0.9149200312730899,-0.0,0,0
BDI,2020,,,21.882771242719382,5.532212720520396,8.170196839808145,2.63798411928775,2.4082980324089136,1.2166333857959553,,,9.074881752012926,0.0,0,-0.8716598124929531,-0.0,0,0
BDI,2021,,,21.954404677511338,5.576603601360314,8.21722085115122,2.640617249790906,2.4639528653707,1.1002669600829647,,,9.074881752012926,0.0,0,-0.8160049795311668,-0.0,0,0
BDI,2022,,,22.11473099558159,5.7098714185388975,8.330308705589859,2.6204372870509616,2.453069870116305,1.0060141296155518,,,9.074881752012926,0.0,0,-0.8268879747855618,-0.0,0,0
BDI,2023,,,21.95277725931987,5.520641238172734,8.371664569863713,2.8510233316909783,2.298116999848157,0.915556420525571,,,9.074881752012926,0.0,0,-0.9818408450537097,-0.0,0,0
BDI,2024,,,21.83432693609264,5.376351574836832,8.458856187822017,3.0825046129851845,2.3762682700525297,0.9825379946336957,,,9.074881752012926,0.0,0,-0.903689574849337,-0.0,0,0
BEL,2006,,,26.735169673512768,10.563726828862876,6.694260831370928,3.8694659974919476,3.6161228040006295,3.816192992702374,4.67602543992257,2.6875427797544944,9.174188911843261,0.0,0,0.33616495909876276,0.0,0,0
BEL,2007,,,26.877958644075367,10.699172491117816,6.830485755686894,3.868686735430922,3.397674564537776,3.827063310971917,4.67602543992257,2.6875427797544944,9.174188911843261,0.0,0,0.11771671963590924,0.0,0,0
BEL,2008,,,26.971943109640318,10.785257188227966,7.059473251657147,3.725783936570819,3.3349134204948245,3.6130319485890134,4.67602543992257,2.6875427797544944,9.174188911843261,0.0,0,0.05495557559295783,0.0,0,0
BEL,2009,,,26.907444677935306,10.712712760796755,7.1116505738887605,3.6010621869079946,3.392590261058912,3.7973907515469896,4.67602543992257,2.6875427797544944,9.174188911843261,0.0,0,0.11263241615704533,0.0,0,0
BEL,2010,,,26.900289410666257,10.696421099611392,7.428429341939105,3.267991757672287,3.5384431386600417,3.923554567548308,4.67602543992257,2.6875427797544944,9.174188911843261,0.0,0,0.25848529375817497,0.0,0,0
BEL,2011,,,26.99083946398522,10.773961123913315,7.576058919459159,3.197902204454156,3.79505601485408,3.753181819779446,4.67602543992257,2.6875427797544944,9.174188911843261,0.0,0,0.5150981699522132,0.0,0,0
BEL,2012,,,26.934697626125015,10.711617650259736,7.689424962620857,3.0221926876388796,3.6715815955878903,3.8988916633793447,4.67602543992257,2.6875427797544944,9.174188911843261,0.0,0,0.3916237506860236,0.0,0,0
BEL,2013,,,26.98494266939089,10.757149292085947,7.766212370634288,2.9909369214516586,3.655462965223326,3.875699347285415,4.67602543992257,2.6875427797544944,9.174188911843261,0.0,0,0.37550512032145944,0.0,0,0
BEL,2014,,,27.011101012381896,10.7788683421922,7.8424298457105515,2.9364384964816477,3.483983100125279,3.336483585509349,4.67602543992257,2.6875427797544944,9.174188911843261,0.0,0,0.2040252552234123,0.0,0,0
BEL,2015,,,26.85676098486929,10.618733852262814,7.854601928784033,2.7641319234787805,3.6632012301804595,3.218360524926201,4.67602543992257,2.6875427797544944,9.174188911843261,0.0,0,0.3832433852785928,0.0,0,0
BEL,2016,,,26.885045920193512,10.641955787562523,7.913908812616166,2.7280469749463574,4.020742096309306,3.1158801475732303,4.67602543992257,2.6875427797544944,9.174188911843261,0.0,0,0.740784251407439,0.0,0,0
BEL,2017,,,26.939689820354108,10.692747407539397,7.991629467194556,2.701117940344841,4.22853273306831,3.0154915674569978,4.67602543992257,2.6875427797544944,9.174188911843261,0.0,0,0.9485748881664429,0.0,0,0
BEL,2018,,,27.019709951201133,10.76821569143367,8.07785378233981,2.690361909093861,3.7518349650161165,3.0260079815990557,4.67602543992257,2.6875427797544944,9.174188911843261,0.0,0,0.47187712011424976,0.0,0,0
BEL,2019,,,27.008754200830033,10.75185532779159,8.143488417802308,2.6083669099892823,3.7706595300572148,2.8391010728296724,4.67602543992257,2.6875427797544944,9.174188911843261,0.0,0,0.49070168515534807,0.0,0,0
BEL,2020,,,26.995566212181735,10.734357370992296,8.170196839808145,2.56416053118415,3.8675243269898054,2.8771315370181836,4.67602543992257,2.6875427797544944,9.174188911843261,0.0,1,0.5875664820879387,0.5875664820879387,0,0
BEL,2021,,,27.117729825305922,10.852404964151159,8.21722085115122,2.635184112999939,3.8959978523572034,3.1201907682064074,4.67602543992257,2.6875427797544944,9.174188911843261,0.0,1,0.6160400074553367,0.6160400074553367,0,0
BEL,2022,,,27.105884347122846,10.832477832468063,8.330308705589859,2.5021691268782043,3.7852212160299366,3.137241109702403,4.67602543992257,2.6875427797544944,9.174188911843261,0.0,1,0.5052633711280698,0.5052633711280698,0,0
BEL,2023,,,27.201436503681233,10.91952735154477,8.371664569863713,2.547862781681058,3.8378353822873583,2.971019598137128,4.67602543992257,2.6875427797544944,9.174188911843261,0.0,1,0.5578775373854916,0.5578775373854916,0,0
BEL,2024,,,27.232009832944577,10.943445088953794,8.458856187822017,2.4845889011317777,3.66769278807868,2.7637042908880134,4.67602543992257,2.6875427797544944,9.174188911843261,0.0,1,0.3877349431768131,0.3877349431768131,0,0
BEN,2006,,,22.674037196134304,6.695980695969847,6.694260831370928,0.0017198645989182637,3.43179030876158,0.5913167281572523,,,9.336592333716524,0.0,0,0.1518324638597135,0.0,0,0
BEN,2007,,,22.82361826202563,6.816010806388399,6.830485755686894,0.0144749492984948,3.195122578320421,0.5373312485264679,,,9.336592333716524,0.0,0,-0.0848352665814458,-0.0,0,0
BEN,2008,,,23.004395859788733,6.966592464305082,7.059473251657147,0.0928807873520654,3.1755868985047737,0.525201100596821,,,9.336592333716524,0.0,0,-0.10437094639709299,-0.0,0,0
BEN,2009,,,22.99936592997595,6.931572170270876,7.1116505738887605,0.18007840361788485,3.2042977714045793,0.5217388904860998,,,9.336592333716524,0.0,0,-0.07566007349728743,-0.0,0,0
BEN,2010,,,22.97827125948507,6.880635083500141,7.428429341939105,0.5477942584389641,3.186564458970434,0.5474298864862889,,,9.336592333716524,0.0,0,-0.09339338593143287,-0.0,0,0
BEN,2011,,,23.092885211917267,6.965470815652557,7.576058919459159,0.6105881038066023,2.9733975032027833,0.38748624102186674,,,9.336592333716524,0.0,0,-0.3065603416990834,-0.0,0,0
BEN,2012,,,23.13392997747064,6.976838927201836,7.689424962620857,0.7125860354190205,3.0111685607309804,0.41355259869638666,,,9.336592333716524,0.0,0,-0.2687892841708863,-0.0,0,0
BEN,2013,,,23.25042107310297,7.0638415068205855,7.766212370634288,0.7023708638137025,2.9536250771377586,0.37797190861728636,,,9.336592333716524,0.0,0,-0.32633276776410813,-0.0,0,0
BEN,2014,,,23.30986587521108,7.0937361213341354,7.8424298457105515,0.748693724376416,3.1160196011575234,0.3871366489727532,,,9.336592333716524,0.0,0,-0.1639382437443433,-0.0,0,0
BEN,2015,,,23.155840143667767,6.91017122702415,7.854601928784033,0.9444307017598836,3.189357696140506,0.37261301975481564,,,9.336592333716524,0.0,0,-0.0906001487613608,-0.0,0,0
BEN,2016,,,23.19314901858009,6.918234080268521,7.913908812616166,0.9956747323476449,3.7443666932400066,0.4348255458193311,,,9.336592333716524,0.0,0,0.4644088483381399,0.0,0,0
BEN,2017,,,23.264998202774056,6.961271477521295,7.991629467194556,1.0303579896732602,3.81822506310888,0.4837546606831184,,,9.336592333716524,0.0,0,0.5382672182070132,0.0,0,0
BEN,2018,,,23.38089310793688,7.04902996384364,8.07785378233981,1.0288238184961704,3.8919626948394304,0.4314864368125952,,,9.336592333716524,0.0,0,0.6120048499375637,0.0,0,0
BEN,2019,,,23.389916537461062,7.03069950908468,8.143488417802308,1.1127889087176275,3.1775910688192757,0.29518151923415903,,,9.336592333716524,0.0,0,-0.10236677608259104,-0.0,0,0
BEN,2020,,,23.47608172654694,7.090238710655221,8.170196839808145,1.0799581291529243,3.328245237148524,0.3062770154093827,,,9.336592333716524,0.0,0,0.048287392246657124,0.0,0,0
BEN,2021,,,23.596130996372715,7.184364963729967,8.21722085115122,1.0328558874212526,2.6042012242059736,0.19583875039269705,,,9.336592333716524,0.0,0,-0.6757566206958932,-0.0,0,0
BEN,2022,,,23.581195041004957,7.143954915727939,8.330308705589859,1.1863537898619203,2.443004098996418,0.1669684452682404,,,9.336592333716524,0.0,0,-0.8369537459054488,-0.0,0,0
BEN,2023,,,23.702527766188496,7.240060163683709,8.371664569863713,1.1316044061800037,2.6031409448249394,0.18834793461042473,,,9.336592333716524,0.0,0,-0.6768169000769273,-0.0,0,0
BEN,2024,,,23.790511176593952,7.303426037897931,8.458856187822017,1.1554301499240855,2.4487933570291034,0.1697572514365651,,,9.336592333716524,0.0,0,-0.8311644878727633,-0.0,0,0
BFA,2006,,,22.60233688843399,6.121425695657937,6.694260831370928,0.5728351357129915,2.8305990050223007,0.24851849920310765,,,9.364495623221563,0.0,0,-0.44935883987956604,-0.0,0,0
BFA,2007,,,22.75479295321153,6.243553996715776,6.830485755686894,0.5869317589711178,2.2129229650053905,0.23182541160631767,,,9.364495623221563,0.0,0,-1.0670348798964762,-0.0,0,0
BFA,2008,,,22.9694324706317,6.42881186185477,7.059473251657147,0.630661389802377,2.819501812112233,0.24733889141250753,,,9.364495623221563,0.0,0,-0.4604560327896339,-0.0,0,0
BFA,2009,,,22.96935431894409,6.399542107575347,7.1116505738887605,0.7121084663134134,2.915827239553311,0.2644362240136611,,,9.364495623221563,0.0,0,-0.36413060534855557,-0.0,0,0
BFA,2010,,,23.036753257075528,6.4376832509568835,7.428429341939105,0.9907460909822214,2.9399815244101397,0.31745041776152355,,,9.364495623221563,0.0,0,-0.339976320491727,-0.0,0,0
BFA,2011,,,23.214841530606833,6.58620581665112,7.576058919459159,0.9898531028080395,3.2875996664661153,0.33530311964357423,,,9.364495623221563,0.0,0,0.007641821564248641,0.0,0,0
BFA,2012,,,23.253863819287876,6.595056397846815,7.689424962620857,1.094368564774042,3.478119598547998,0.3458476744252102,,,9.364495623221563,0.0,0,0.1981617536461311,0.0,0,0
BFA,2013,,,23.3218210974849,6.633005312116349,7.766212370634288,1.1332070585179395,3.4116437489400666,0.350019951045128,,,9.364495623221563,0.0,0,0.1316859040381999,0.0,0,0
BFA,2014,,,23.35824458019195,6.63969500062259,7.8424298457105515,1.2027348450879618,3.361972605572159,0.31615576593239253,,,9.364495623221563,0.0,0,0.08201476067029212,0.0,0,0
BFA,2015,,,23.19408702707408,6.445917816849948,7.854601928784033,1.4086841119340852,3.6439535786791013,0.37490065702052616,,,9.364495623221563,0.0,0,0.3639957337772346,0.0,0,0
BFA,2016,,,23.2753141047904,6.497894069428423,7.913908812616166,1.416014743187743,4.060849069816275,0.480938408091755,,,9.364495623221563,0.0,0,0.780891224914408,0.0,0,0
BFA,2017,,,23.369933818747885,6.563984623832979,7.991629467194556,1.427644843361577,4.29447750389119,0.5335093974948528,,,9.364495623221563,0.0,0,1.014519658989323,0.0,0,0
BFA,2018,,,23.488959984968304,6.6560394225149215,8.07785378233981,1.4218143598248885,3.8769930125414347,0.4491310518338267,,,9.364495623221563,0.0,0,0.597035167639568,0.0,0,0
BFA,2019,,,23.497903303037226,6.6396837601854255,8.143488417802308,1.5038046576168824,4.0381528778534355,0.5975724995399244,,,9.364495623221563,0.0,0,0.7581950329515688,0.0,0,0
BFA,2020,,,23.598242503583144,6.715670664802603,8.170196839808145,1.454526175005542,4.206576013308801,0.7093061893064703,,,9.364495623221563,0.0,0,0.9266181684069346,0.0,0,0
BFA,2021,,,23.703758387806896,6.797421627137521,8.21722085115122,1.4197992240136985,4.352997849776101,0.7710313362056244,,,9.364495623221563,0.0,0,1.0730400048742346,0.0,0,0
BFA,2022,,,23.647632143015773,6.718204667607621,8.330308705589859,1.6121040379822382,4.052466151562706,0.8238096148625136,,,9.364495623221563,0.0,0,0.7725083066608396,0.0,0,0
BFA,2023,,,23.72428724690789,6.772162404872875,8.371664569863713,1.599502164990838,4.157095336455417,0.9381943567471139,,,9.364495623221563,0.0,0,0.8771374915535506,0.0,0,0
BFA,2024,,,23.864677936122803,6.890093321243876,8.458856187822017,1.5687628665781403,3.822927700141445,0.7122727139344022,,,9.364495623221563,0.0,0,0.5429698552395781,0.0,0,0
BGD,2006,,,24.99709092644833,6.19519696860878,6.694260831370928,0.4990638627621484,3.7363196917683386,1.0032412674178517,1.9194687699221364,0.5324506573241897,7.630422426078074,0.0,0,0.45636184686647185,0.0,0,0
BGD,2007,,,25.10042621274709,6.287775829588981,6.830485755686894,0.5427099260979125,3.4709327929483704,0.793280828223682,1.9194687699221364,0.5324506573241897,7.630422426078074,0.0,0,0.19097494804650372,0.0,0,0
BGD,2008,,,25.241100928510154,6.41846613969135,7.059473251657147,0.6410071119657976,3.2786228042281427,0.6790647267084958,1.9194687699221364,0.5324506573241897,7.630422426078074,0.0,0,-0.0013350406737240306,-0.0,0,0
BGD,2009,,,25.352886247038942,6.520932533305562,7.1116505738887605,0.5907180405831989,3.79323783887551,0.8269279956509732,1.9194687699221364,0.5324506573241897,7.630422426078074,0.0,0,0.5132799939736432,0.0,0,0
BGD,2010,,,25.470591099923126,6.629872080847246,7.428429341939105,0.798557261091859,3.736511861938066,0.7385483988766559,1.9194687699221364,0.5324506573241897,7.630422426078074,0.0,0,0.45655401703619924,0.0,0,0
BGD,2011,,,25.58003082987508,6.730226551843378,7.576058919459159,0.8458323676157811,3.9532591067322964,0.7006880878002851,1.9194687699221364,0.5324506573241897,7.630422426078074,0.0,0,0.6733012618304297,0.0,0,0
BGD,2012,,,25.615948688063796,6.756560850904913,7.689424962620857,0.9328641117159435,3.595507527667462,0.6720869772318312,1.9194687699221364,0.5324506573241897,7.630422426078074,0.0,0,0.3155496827655955,0.0,0,0
BGD,2013,,,25.733894180579753,6.865122259919668,7.766212370634288,0.9010901107146196,3.810379237308483,0.8030982260150523,1.9194687699221364,0.5324506573241897,7.630422426078074,0.0,0,0.5304213924066161,0.0,0,0
BGD,2014,,,25.87590179259345,6.998018194595261,7.8424298457105515,0.8444116511152906,2.6262275719162473,0.49740920765436775,1.9194687699221364,0.5324506573241897,7.630422426078074,0.0,0,-0.6537302729856194,-0.0,0,0
BGD,2015,,,25.997016953932853,7.110195162156987,7.854601928784033,0.744406766627046,2.7997631040498945,0.6085400617914744,1.9194687699221364,0.5324506573241897,7.630422426078074,0.0,0,-0.4801947408519722,-0.0,0,0
BGD,2016,,,26.303842533199152,7.408096417262894,7.913908812616166,0.5058123953532716,2.984096866661546,0.6563327181056927,1.9194687699221364,0.5324506573241897,7.630422426078074,0.0,0,-0.29586097824032054,-0.0,0,0
BGD,2017,,,26.40593514444772,7.501679855354567,7.991629467194556,0.48994961183998864,3.064135713043779,0.6527970777953841,1.9194687699221364,0.5324506573241897,7.630422426078074,0.0,0,-0.21582213185808774,-0.0,0,0
BGD,2018,,,26.49583639194016,7.583371550868579,8.07785378233981,0.49448223147123116,2.37989176748889,0.4493971419200627,1.9194687699221364,0.5324506573241897,7.630422426078074,0.0,0,-0.9000660774129767,-0.0,0,0
BGD,2019,,,26.584711827344105,7.663782873754545,8.143488417802308,0.47970554404776333,2.449530209769074,0.504942590003467,1.9194687699221364,0.5324506573241897,7.630422426078074,0.0,0,-0.8304276351327928,-0.0,0,0
BGD,2020,,,26.647466665904197,7.718174603952346,8.170196839808145,0.45202223585579926,2.462991840950057,0.5485359070803025,1.9194687699221364,0.5324506573241897,7.630422426078074,0.0,0,-0.8169660039518098,-0.0,0,0
BGD,2021,,,26.754603883882176,7.817162041993389,8.21722085115122,0.400058809157831,2.5334406421129296,0.503355748931664,1.9194687699221364,0.5324506573241897,7.630422426078074,0.0,0,-0.7465172027889371,-0.0,0,0
BGD,2022,,,26.854778566074472,7.9070943857110185,8.330308705589859,0.4232143198788405,2.9054576075525187,0.5315725991818602,1.9194687699221364,0.5324506573241897,7.630422426078074,0.0,0,-0.374500237349348,-0.0,0,0
BGD,2023,,,26.80414899948617,7.844247671576308,8.371664569863713,0.527416898287405,2.9921560606440156,0.5056012373971722,1.9194687699221364,0.5324506573241897,7.630422426078074,0.0,0,-0.2878017842578511,-0.0,0,0
BGD,2024,,,26.832778789094657,7.860731249643071,8.458856187822017,0.5981249381789455,2.8237938783764847,0.6556049231793453,1.9194687699221364,0.5324506573241897,7.630422426078074,0.0,0,-0.45616396652538205,-0.0,0,0
BGR,2006,,,24.260807602770647,8.417014332870655,6.694260831370928,1.722753501499727,3.797624758896927,1.0101402113333877,2.6888566867554924,1.1731802555256992,9.023332612064214,0.0,0,0.5176669139950603,0.0,0,0
BGR,2007,,,24.51726001532262,8.680819568262539,6.830485755686894,1.850333812575645,3.5547185839207405,0.9643730612101686,2.6888566867554924,1.1731802555256992,9.023332612064214,0.0,0,0.27476073901887377,0.0,0,0
BGR,2008,,,24.721163085113428,8.891741865498808,7.059473251657147,1.832268613841661,3.9860480922414707,0.9348715683801906,2.6888566867554924,1.1731802555256992,9.023332612064214,0.0,0,0.706090247339604,0.0,0,0
BGR,2009,,,24.675018297051956,8.852039891062804,7.1116505738887605,1.740389317174043,3.6137682996255966,0.8930510971729048,2.6888566867554924,1.1731802555256992,9.023332612064214,0.0,0,0.33381045472372994,0.0,0,0
BGR,2010,,,24.649026945621426,8.832631294098634,7.428429341939105,1.4042019521595295,4.133262863565856,0.8920646257473802,2.6888566867554924,1.1731802555256992,9.023332612064214,0.0,0,0.8533050186639897,0.0,0,0
BGR,2011,,,24.778249905241037,8.968266542923393,7.576058919459159,1.392207623464234,3.8626423745335843,0.6696261588662861,2.6888566867554924,1.1731802555256992,9.023332612064214,0.0,0,0.5826845296317176,0.0,0,0
BGR,2012,,,24.717786852095962,8.913595695741964,7.689424962620857,1.2241707331211078,3.860981276079924,0.7633392517069856,2.6888566867554924,1.1731802555256992,9.023332612064214,0.0,0,0.5810234311780573,0.0,0,0
BGR,2013,,,24.745435969409396,8.961414732148791,7.766212370634288,1.1952023615145029,3.4203366018945363,0.6178427702150143,2.6888566867554924,1.1731802555256992,9.023332612064214,0.0,0,0.14037875699266955,0.0,0,0
BGR,2014,,,24.767786502578534,8.995910358912711,7.8424298457105515,1.15348051320216,3.9880488986439,0.5785673004495243,2.6888566867554924,1.1731802555256992,9.023332612064214,0.0,0,0.7080910537420335,0.0,0,0
BGR,2015,,,24.65054216023576,8.891377567758276,7.854601928784033,1.0367756389742429,3.803784391280822,0.5028202257003384,2.6888566867554924,1.1731802555256992,9.023332612064214,0.0,0,0.5238265463789551,0.0,0,0
BGR,2016,,,24.71099265192515,8.964810463609352,7.913908812616166,1.050901650993186,4.24597748667668,0.5403609641790234,2.6888566867554924,1.1731802555256992,9.023332612064214,0.0,0,0.9660196417748135,0.0,0,0
BGR,2017,,,24.80369183456242,9.070748794421887,7.991629467194556,1.079119327227331,4.091074908376023,0.5542996470783037,2.6888566867554924,1.1731802555256992,9.023332612064214,0.0,0,0.8111170634741565,0.0,0,0
BGR,2018,,,24.914443761926144,9.195215333074866,8.07785378233981,1.1173615507350565,3.98171960560776,0.5502043508101051,2.6888566867554924,1.1731802555256992,9.023332612064214,0.0,0,0.7017617607058932,0.0,0,0
BGR,2019,,,24.950263590071,9.245152346427433,8.143488417802308,1.1016639286251255,3.9011748976411122,0.532551321814288,2.6888566867554924,1.1731802555256992,9.023332612064214,0.0,0,0.6212170527392455,0.0,0,0
BGR,2020,,,24.978743475063283,9.283661613555006,8.170196839808145,1.1134647737468608,3.6363541053390946,0.49988949079894135,2.6888566867554924,1.1731802555256992,9.023332612064214,0.0,1,0.35639626043722794,0.35639626043722794,0,0
BGR,2021,,,25.15858351598754,9.470148180704149,8.21722085115122,1.2529273295529286,3.521745097486481,0.512791115553821,2.6888566867554924,1.1731802555256992,9.023332612064214,0.0,1,0.2417872525846141,0.2417872525846141,0,0
BGR,2022,,,25.22873484936595,9.546806275423434,8.330308705589859,1.2164975698335745,3.293173963305315,0.4867490281924462,2.6888566867554924,1.1731802555256992,9.023332612064214,0.0,1,0.013216118403448274,0.013216118403448274,0,0
BGR,2023,,,25.35024112760862,9.671178330084718,8.371664569863713,1.2995137602210054,3.284879734316452,0.5381378620511265,2.6888566867554924,1.1731802555256992,9.023332612064214,0.0,1,0.00492188941458549,0.00492188941458549,0,0
BGR,2024,,,25.45373870762381,9.775478981709472,8.458856187822017,1.316622793887456,3.253566695401762,0.48157914807417895,2.6888566867554924,1.1731802555256992,9.023332612064214,0.0,1,-0.02639114950010457,-0.02639114950010457,0,0
BHR,2006,,,23.64129386772643,9.866163735121756,6.694260831370928,3.1719029037508273,2.7548447668494536,0.5930102497321499,,,8.697699935767167,0.0,0,-0.5251130780524131,-0.0,1,0
BHR,2007,,,23.80195963121475,9.947906474580241,6.830485755686894,3.1174207188933476,2.4961921505077673,0.5801621732147523,,,8.697699935767167,0.0,0,-0.7837656943940994,-0.0,1,0
BHR,2008,,,23.970181028952236,10.056187149109965,7.059473251657147,2.9967138974528176,2.683493008232463,0.4623147175441819,,,8.697699935767167,0.0,0,-0.5964648366694036,-0.0,1,0
BHR,2009,,,23.85607026843385,9.87638939526007,7.1116505738887605,2.764738821371309,2.7394461882025674,0.5273795159977493,,,8.697699935767167,0.0,0,-0.5405116566992993,-0.0,1,0
BHR,2010,,,24.011890984708693,9.990551512342877,7.428429341939105,2.5621221704037724,3.1657244907958915,0.6622128981512465,,,8.697699935767167,0.0,0,-0.11423335410597524,-0.0,1,0
BHR,2011,,,24.121615195206136,10.127941715596766,7.576058919459159,2.5518827961376065,3.6173059687940845,0.7058519832370217,,,8.697699935767167,0.0,0,0.3373481238922178,0.0,1,0
BHR,2012,,,24.187857468295924,10.182583115817264,7.689424962620857,2.4931581531964078,3.6617841179649515,0.6538899737422962,,,8.697699935767167,0.0,0,0.3818262730630848,0.0,1,0
BHR,2013,,,24.24441647446475,10.203212818045428,7.766212370634288,2.4370004474111395,3.790148873471531,0.750586755937345,,,8.697699935767167,0.0,0,0.5101910285696643,0.0,1,0
BHR,2014,,,24.272093446295212,10.183079358032531,7.8424298457105515,2.3406495123219795,3.0976619710516595,0.4204094170363422,,,8.697699935767167,0.0,0,-0.18229587385020718,-0.0,1,0
BHR,2015,,,24.205222527072888,10.07466622038898,7.854601928784033,2.220064291604947,3.2819805463592724,0.41697335911044625,,,8.697699935767167,0.0,0,0.0020227014574056845,0.0,1,0
BHR,2016,,,24.246228856899716,10.077440920190279,7.913908812616166,2.163532107574113,2.770673843420091,0.349391588714242,,,8.697699935767167,0.0,0,-0.5092840014817757,-0.0,1,0
BHR,2017,,,24.33970399388007,10.117984604438433,7.991629467194556,2.126355137243878,2.8316798013205453,0.36655092331837036,,,8.697699935767167,0.0,0,-0.4482780435813214,-0.0,1,0
BHR,2018,,,24.401286010003034,10.178251797525217,8.07785378233981,2.100398015185407,2.3618877904445736,0.2592363182063564,,,8.697699935767167,0.0,0,-0.9180700544572931,-0.0,1,0
BHR,2019,,,24.423253577724783,10.213166309019025,8.143488417802308,2.069677891216717,2.3041717322872515,0.22807704513786667,,,8.697699935767167,0.0,0,-0.9757861126146152,-0.0,1,0
BHR,2020,,,24.30226437875169,10.099993223126496,8.170196839808145,1.929796383318351,2.284605462897171,0.2231692175452035,,,8.697699935767167,0.0,0,-0.9953523820046959,-0.0,1,0
BHR,2021,,,24.43293303997361,10.209051599755004,8.21722085115122,1.9918307486037836,2.660549980632354,0.4005923563280409,,,8.697699935767167,0.0,0,-0.6194078642695127,-0.0,1,0
BHR,2022,,,24.56181863734424,10.324515001061876,8.330308705589859,1.9942062954720168,2.7431094092477615,0.4158865371241785,,,8.697699935767167,0.0,0,-0.5368484356541052,-0.0,1,0
BHR,2023,,,24.556078102349726,10.285005824295261,8.371664569863713,1.9133412544315487,2.779797130317831,0.49122636946734666,,,8.697699935767167,0.0,0,-0.5001607145840357,-0.0,1,0
BHR,2024,,,24.577887091671524,10.299479345505455,8.458856187822017,1.8406231576834386,2.880832048603128,0.46433435845855064,,,8.697699935767167,0.0,0,-0.3991257962987387,-0.0,1,0
BHS,2006,,,23.042437607294847,10.281402842510598,6.694260831370928,3.5871420111396697,3.271309989183341,2.9170295655000777,,,9.655389588739945,0.0,0,-0.008647855718525665,-0.0,1,0
BHS,2007,,,23.08584853169148,10.310679467480666,6.830485755686894,3.4801937117937722,3.1146123950052367,2.9629720992511888,,,9.655389588739945,0.0,0,-0.16534544989663003,-0.0,1,0
BHS,2008,,,23.077114223878,10.288490819129906,7.059473251657147,3.2290175674727593,3.0349103738987333,2.9158602406478735,,,9.655389588739945,0.0,0,-0.2450474710031334,-0.0,1,0
BHS,2009,,,23.024045300772816,10.22241074053375,7.1116505738887605,3.1107601666449893,3.4196500877539138,2.3421802969400516,,,9.655389588739945,0.0,0,0.13969224285204707,0.0,1,0
BHS,2010,,,23.035381370671907,10.220962638774376,7.428429341939105,2.7925332968352707,3.673925483035008,2.496878825511184,,,9.655389588739945,0.0,0,0.3939676381331414,0.0,1,0
BHS,2011,,,23.03287122986811,10.206950856717633,7.576058919459159,2.6308919372584736,3.851663240183256,2.258334109246177,,,9.655389588739945,0.0,0,0.5717053952813891,0.0,1,0
BHS,2012,,,23.095414305325775,10.259483115138643,7.689424962620857,2.5700581525177864,4.282786053187004,2.323204870960404,,,9.655389588739945,0.0,0,1.0028282082851372,0.0,1,0
BHS,2013,,,23.072285941962644,10.227118476142117,7.766212370634288,2.4609061055078287,4.190170053122386,2.1934442140982227,,,9.655389588739945,0.0,0,0.9102122082205191,0.0,1,0
BHS,2014,,,23.133727278235725,10.279771590058498,7.8424298457105515,2.437341744347947,4.3708353552732655,1.7071499810608237,,,9.655389588739945,0.0,0,1.0908775103713988,0.0,1,0
BHS,2015,,,23.1945467431526,10.332649832174202,7.854601928784033,2.478047903390168,3.7821778682631484,1.2369464931363965,,,9.655389588739945,0.0,0,0.5022200233612817,0.0,1,0
BHS,2016,,,23.198197905587207,10.329295544450423,7.913908812616166,2.415386731834257,4.166722898518917,1.1449272552252505,,,9.655389588739945,0.0,0,0.8867650536170504,0.0,1,0
BHS,2017,,,23.244737432868547,10.369592597636371,7.991629467194556,2.377963130441816,4.515191068714247,1.2270992620904186,,,9.655389588739945,0.0,0,1.2352332238123807,0.0,1,0
BHS,2018,,,23.27420988399572,10.393365354323315,8.07785378233981,2.315511571983505,4.469569428299165,1.214421254802126,,,9.655389588739945,0.0,0,1.1896115833972982,0.0,1,0
BHS,2019,,,23.309299051860176,10.423481131460248,8.143488417802308,2.27999271365794,4.786704737928749,1.2006722148934288,,,9.655389588739945,0.0,0,1.506746893026882,0.0,1,0
BHS,2020,,,23.061526906392928,10.172703435610098,8.170196839808145,2.002506595801952,4.960775668431735,1.2149386408111151,,,9.655389588739945,0.0,0,1.680817823529868,0.0,1,0
BHS,2021,,,23.21125107634401,10.32114011024299,8.21722085115122,2.1039192590917697,4.899424311982907,1.2225440777303185,,,9.655389588739945,0.0,0,1.6194664670810401,0.0,1,0
BHS,2022,,,23.354924434751986,10.461878628760337,8.330308705589859,2.1315699231704777,4.817982370089879,1.2258924145564427,,,9.655389588739945,0.0,0,1.5380245251880127,0.0,1,0
BHS,2023,,,23.4492410868034,10.551422241628911,8.371664569863713,2.1797576717651985,5.001198614907914,1.3123759152088563,,,9.655389588739945,0.0,0,1.7212407700060477,0.0,1,0
BHS,2024,,,23.485349574541043,10.5829273815058,8.458856187822017,2.1240711936837826,4.846546009099479,1.2516920032460142,,,9.655389588739945,0.0,0,1.5665881641976127,0.0,1,0
BIH,2006,,,23.277763993910813,8.060264875575013,6.694260831370928,1.366004044204085,3.6094055299464713,0.5531962607808977,,,9.086128276632994,0.0,0,0.32944768504460464,0.0,0,0
BIH,2007,,,23.481928937764188,8.276773637480407,6.830485755686894,1.4462878817935128,3.342997384023346,0.49745587786431233,,,9.086128276632994,0.0,0,0.0630395391214793,0.0,0,0
BIH,2008,,,23.673623927930343,8.485019756585405,7.059473251657147,1.425546504928258,3.1251984498630367,0.4164853359777371,,,9.086128276632994,0.0,0,-0.15475939503882996,-0.0,0,0
BIH,2009,,,23.591956987080778,8.420664369674297,7.1116505738887605,1.3090137957855363,3.469598910453408,0.481147148710573,,,9.086128276632994,0.0,0,0.18964106555154148,0.0,0,0
BIH,2010,,,23.566797283691184,8.41327125949687,7.428429341939105,0.9848419175577652,3.4732139496594123,0.45739323945530214,,,9.086128276632994,0.0,0,0.19325610475754562,0.0,0,0
BIH,2011,,,23.64880274150532,8.513725938974122,7.576058919459159,0.9376670195149632,3.441316699473852,0.38527966205224207,,,9.086128276632994,0.0,0,0.1613588545719855,0.0,0,0
BIH,2012,,,23.56972843226219,8.453995422514705,7.689424962620857,0.7645704598938483,3.533514017941743,0.4160575288320303,,,9.086128276632994,0.0,0,0.2535561730398763,0.0,0,0
BIH,2013,,,23.623538926111852,8.52408267396993,7.766212370634288,0.7578703033356424,3.2266753852812005,0.34620640391880336,,,9.086128276632994,0.0,0,-0.053282459620666245,-0.0,0,0
BIH,2014,,,23.644206356544522,8.557579712203822,7.8424298457105515,0.7151498664932703,2.5844384998820966,0.2856227122345683,,,9.086128276632994,0.0,0,-0.6955193450197701,-0.0,0,0
BIH,2015,,,23.520812280601174,8.44725530758742,7.854601928784033,0.5926533788033872,2.6677930528473426,0.2545858507511189,,,9.086128276632994,0.0,0,-0.6121647920545241,-0.0,0,0
BIH,2016,,,23.563333667820057,8.502803472287708,7.913908812616166,0.5888946596715421,2.6468651748293053,0.25982395833498245,,,9.086128276632994,0.0,0,-0.6330926700725614,-0.0,0,0
BIH,2017,,,23.631607014277996,8.58392052554111,7.991629467194556,0.5922910583465546,2.7320039866294636,0.2571118426247296,,,9.086128276632994,0.0,0,-0.5479538582724031,-0.0,0,0
BIH,2018,,,23.742912763637527,8.707457631837617,8.07785378233981,0.6296038494978067,2.585205264924743,0.21862291160545336,,,9.086128276632994,0.0,0,-0.6947525799771239,-0.0,0,0
BIH,2019,,,23.742842020817136,8.719705439664365,8.143488417802308,0.5762170218620568,2.7302464249436325,0.2555880527549585,,,9.086128276632994,0.0,0,-0.5497114199582342,-0.0,0,0
BIH,2020,,,23.730236639483778,8.721000905235165,8.170196839808145,0.5508040654270197,2.804185168041566,0.2853923519070429,,,9.086128276632994,0.0,0,-0.4757726768603008,-0.0,0,0
BIH,2021,,,23.88758883444361,8.89499158621009,8.21722085115122,0.6777707350588695,3.0471609619649063,0.2817021344614358,,,9.086128276632994,0.0,0,-0.23279688293696044,-0.0,0,0
BIH,2022,,,23.923352796843773,8.943191928886375,8.330308705589859,0.6128832232965156,2.6069920762350596,0.22498834532643933,,,9.086128276632994,0.0,0,-0.6729657686668071,-0.0,0,0
BIH,2023,,,24.040804814061005,9.066819047398054,8.371664569863713,0.6951544775343415,2.1667128293165336,0.18376128457712637,,,9.086128276632994,0.0,0,-1.113245015585333,-0.0,0,0
BIH,2024,,,24.115670109052463,9.148242542306253,8.458856187822017,0.6893863544842365,2.358289889716408,0.20987574293485825,,,9.086128276632994,0.0,0,-0.9216679551854585,-0.0,0,0
BLR,2006,,,24.33315333460742,8.255366892999483,6.694260831370928,1.5611060616285544,3.0859705504879775,0.3496509228345794,,,8.98919694408088,0.0,0,-0.19398729441388918,-0.0,0,0
BLR,2007,,,24.536036566618186,8.462838600366473,6.830485755686894,1.6323528446795788,2.721957314351456,0.33153594094356736,,,8.98919694408088,0.0,0,-0.5580005305504105,-0.0,0,0
BLR,2008,,,24.83006759094667,8.760323775237941,7.059473251657147,1.7008505235807938,2.630250238815706,0.2840097333395558,,,8.98919694408088,0.0,0,-0.6497076060861606,-0.0,0,0
BLR,2009,,,24.65260145698497,8.585316795689195,7.1116505738887605,1.4736662218004346,2.2495911551427428,0.24159599781737226,,,8.98919694408088,0.0,0,-1.030366689759124,-0.0,0,0
BLR,2010,,,24.770377351563923,8.705277917827742,7.428429341939105,1.2768485758886365,2.1826190118474105,0.22207220987933018,,,8.98919694408088,0.0,0,-1.0973388330544562,-0.0,0,0
BLR,2011,,,24.846560315881604,8.783803711286998,7.576058919459159,1.2077447918278388,2.4402659644688183,0.2816023441413877,,,8.98919694408088,0.0,0,-0.8396918804330484,-0.0,0,0
BLR,2012,,,24.908149981974404,8.846959553382286,7.689424962620857,1.1575345907614292,2.8261849417705625,0.1701197240537273,,,8.98919694408088,0.0,0,-0.45377290313130425,-0.0,0,0
BLR,2013,,,25.04776344602115,8.986956817431702,7.766212370634288,1.220744446797414,2.671337407873511,0.16752973885174924,,,8.98919694408088,0.0,0,-0.6086204370283559,-0.0,0,0
BLR,2014,,,25.090344671847678,9.028976527583128,7.8424298457105515,1.186546681872576,2.250643472042416,0.14537911940721848,,,8.98919694408088,0.0,0,-1.0293143728594507,-0.0,0,0
BLR,2015,,,24.75670562077957,8.694008944147766,7.854601928784033,0.839407015363733,2.2069441112037107,0.175788131896617,,,8.98919694408088,0.0,0,-1.073013733698156,-0.0,0,0
BLR,2016,,,24.58869072565909,8.525116838148579,7.913908812616166,0.611208025532413,2.8689322445105216,0.1605888995479606,,,8.98919694408088,0.0,1,-0.41102560039134506,-0.41102560039134506,0,0
BLR,2017,,,24.72559389469342,8.66311783041242,7.991629467194556,0.6714883632178639,3.0533395797556198,0.16116189039466824,,,8.98919694408088,0.0,1,-0.22661826514624694,-0.22661826514624694,0,0
BLR,2018,,,24.818127375117747,8.75778955290672,8.07785378233981,0.6799357705669102,3.305260408355003,0.14441667179820233,,,8.98919694408088,0.0,1,0.025302563453136084,0.025302563453136084,0,0
BLR,2019,,,24.888537386988688,8.830217430787368,8.143488417802308,0.6867290129850598,3.8233158644610894,0.14118469712839463,,,8.98919694408088,0.0,1,0.5433580195592227,0.5433580195592227,0,0
BLR,2020,,,24.840214219469786,8.78612901577126,8.170196839808145,0.6159321759631151,3.2665533318642574,0.3617052772633142,,,8.98919694408088,0.0,1,-0.013404513037609256,-0.013404513037609256,0,0
BLR,2021,,,24.9670894285506,8.921286552060753,8.21722085115122,0.704065700909533,3.335325308258883,0.3610787570639468,,,8.98919694408088,0.0,1,0.055367463357016256,0.055367463357016256,0,0
BLR,2022,,,25.024288196601354,8.986527604380312,8.330308705589859,0.6562188987904527,2.492187670422676,0.4234434566720167,,,8.98919694408088,0.0,1,-0.7877701744791907,-0.7877701744791907,0,0
BLR,2023,,,25.006559395477836,8.974207053120542,8.371664569863713,0.6025424832568298,2.6560764415038887,0.4306885878128915,,,8.98919694408088,0.0,1,-0.623881403397978,-0.623881403397978,0,0
BLR,2024,,,25.087533705287857,9.060169542359644,8.458856187822017,0.601313354537627,2.582191248654236,0.48235802995150406,,,8.98919694408088,0.0,1,-0.6977665962476305,-0.6977665962476305,0,0
BLZ,2006,,,21.18729106863285,8.616999010374412,6.694260831370928,1.9227381790034839,3.639365901227806,0.7255269006932509,,,9.687991558964717,0.0,0,0.3594080563259392,0.0,1,0
BLZ,2007,,,21.257528915189585,8.659076401099902,6.830485755686894,1.8285906454130085,3.323896753510359,0.6594028920400593,,,9.687991558964717,0.0,0,0.043938908608492255,0.0,1,0
BLZ,2008,,,21.276261819381006,8.650292043513083,7.059473251657147,1.590818791855936,3.9191197915107896,0.6696144944228813,,,9.687991558964717,0.0,0,0.6391619466089229,0.0,1,0
BLZ,2009,,,21.246817786409185,8.594093304773935,7.1116505738887605,1.4824427308851744,4.773023639940554,0.8147179788824369,,,9.687991558964717,0.0,0,1.4930657950386874,0.0,1,0
BLZ,2010,,,21.28230340059953,8.605461793764931,7.428429341939105,1.1770324518258262,4.2807155890878485,0.8598056209062962,,,9.687991558964717,0.0,0,1.0007577441859818,0.0,1,0
BLZ,2011,,,21.328443017548153,8.629816667679444,7.576058919459159,1.053757748220285,4.167843248416158,0.7456357749943855,,,9.687991558964717,0.0,0,0.8878854035142916,0.0,1,0
BLZ,2012,,,21.37407085770346,8.653935832358428,7.689424962620857,0.9645108697375715,4.401481212382073,0.7965660469874053,,,9.687991558964717,0.0,0,1.1215233674802065,0.0,1,0
BLZ,2013,,,21.43385573003993,8.692380952454215,7.766212370634288,0.926168581819927,4.284125103647692,0.7674909407282978,,,9.687991558964717,0.0,0,1.004167258745825,0.0,1,0
BLZ,2014,,,21.48324992657565,8.72064338010604,7.8424298457105515,0.8782135343954884,4.304207349522632,0.5661809325870857,,,9.687991558964717,0.0,0,1.0242495046207654,0.0,1,0
BLZ,2015,,,21.508579693493825,8.724958727608884,7.854601928784033,0.8703567988248508,4.287634829566614,0.4795237862267118,,,9.687991558964717,0.0,0,1.0076769846647475,0.0,1,0
BLZ,2016,,,21.52956532565268,8.72272123905134,7.913908812616166,0.8088124264351748,4.911035032743735,0.5113190346452737,,,9.687991558964717,0.0,0,1.6310771878418682,0.0,1,0
BLZ,2017,,,21.541294466376545,8.711419359378771,7.991629467194556,0.7197898921842159,4.748155600300344,0.5758944313285819,,,9.687991558964717,0.0,0,1.4681977553984775,0.0,1,0
BLZ,2018,,,21.550032240648665,8.701511148889857,8.07785378233981,0.6236573665500469,4.5922173258027525,0.46588676971658777,,,9.687991558964717,0.0,0,1.3122594809008858,0.0,1,0
BLZ,2019,,,21.590865296761148,8.727715751651314,8.143488417802308,0.5842273338490056,4.4268297632608,0.4346400354514682,,,9.687991558964717,0.0,0,1.1468719183589333,0.0,1,0
BLZ,2020,,,21.439780166692234,8.563798261769294,8.170196839808145,0.393601421961149,4.4524060660301235,0.5082560167390429,,,9.687991558964717,0.0,0,1.1724482211282568,0.0,1,0
BLZ,2021,,,21.610583370079816,8.723066760249228,8.21722085115122,0.5058459090980083,4.3230210686735715,0.4241320857281608,,,9.687991558964717,0.0,0,1.0430632237717048,0.0,1,0
BLZ,2022,,,21.769392664738465,8.863363574397674,8.330308705589859,0.5330548688078149,3.843256278582108,0.4497195978292316,,,9.687991558964717,0.0,0,0.5632984336802411,0.0,1,0
BLZ,2023,,,21.839181767031793,8.912575399263273,8.371664569863713,0.5409108293995608,3.7123243468084133,0.45529248110492343,,,9.687991558964717,0.0,0,0.4323665019065466,0.0,1,0
BLZ,2024,,,21.887550940697412,8.946536792950315,8.458856187822017,0.4876806051282987,3.6617457536603397,0.45366502660309993,,,9.687991558964717,0.0,0,0.381787908758473,0.0,1,0
BMU,2006,,,22.538741832791782,11.4904902255664,6.694260831370928,4.796229394195472,4.3582740786599965,2.7200470584721494,,,9.600534807948438,0.0,0,1.0783162337581298,0.0,1,0
BMU,2007,,,22.6353236941965,11.584274971260394,6.830485755686894,4.7537892155735,3.951417758702623,2.616150405593536,,,9.600534807948438,0.0,0,0.6714599138007564,0.0,1,0
BMU,2008,,,22.66631475372069,11.610674145588426,7.059473251657147,4.551200893931279,4.213281137770982,2.604154004894818,,,9.600534807948438,0.0,0,0.9333232928691149,0.0,1,0
BMU,2009,,,22.61878454046532,11.558966257081094,7.1116505738887605,4.4473156831923335,4.27177215653004,2.6105251709447597,,,9.600534807948438,0.0,0,0.9918143116281732,0.0,1,0
BMU,2010,,,22.615553062841823,11.553220833597505,7.428429341939105,4.1247914916584,4.154577003732565,3.004652344517181,,,9.600534807948438,0.0,0,0.8746191588306984,0.0,1,0
BMU,2011,,,22.565827888515884,11.503370127723757,7.576058919459159,3.927311208264598,4.210593022581863,2.819202180729226,,,9.600534807948438,0.0,0,0.9306351776799962,0.0,1,0
BMU,2012,,,22.576149881424726,11.51505812309027,7.689424962620857,3.8256331604694136,4.45176694424187,2.941505793078447,,,9.600534807948438,0.0,0,1.171809099340003,0.0,1,0
BMU,2013,,,22.58978577968858,11.529825918975371,7.766212370634288,3.763613548341083,4.319006564089674,2.8455700084765794,,,9.600534807948438,0.0,0,1.0390487191878077,0.0,1,0
BMU,2014,,,22.581747067308235,11.52249529376653,7.8424298457105515,3.680065448055979,5.277176393340874,2.0149119350481874,,,9.600534807948438,0.0,0,1.9972185484390077,0.0,1,0
BMU,2015,,,22.618565315716175,11.560337220734333,7.854601928784033,3.7057352919502993,3.3647115252571593,2.0779145913112913,,,9.600534807948438,0.0,0,0.08475368035529263,0.0,1,0
BMU,2016,,,22.654774349915712,11.59678263733867,7.913908812616166,3.6828738247225044,3.658189142553224,2.1242540228771962,,,9.600534807948438,0.0,0,0.3782312976513573,0.0,1,0
BMU,2017,,,22.689302930449312,11.629280152912118,7.991629467194556,3.6376506857175626,3.830575696048601,2.2542524623268276,,,9.600534807948438,0.0,0,0.5506178511467343,0.0,1,0
BMU,2018,,,22.700948286716336,11.63695404197451,8.07785378233981,3.5591002596347003,,,,,9.600534807948438,0.0,0,,,1,0
BMU,2019,,,22.72791176625602,11.659602924941444,8.143488417802308,3.516114507139136,,,,,9.600534807948438,0.0,0,,,1,0
BMU,2020,,,22.652954265313976,11.580364895395391,8.170196839808145,3.4101680555872456,,,,,9.600534807948438,0.0,0,,,1,0
BMU,2021,,,22.709774458399913,11.633062010486627,8.21722085115122,3.4158411593354074,,,,,9.600534807948438,0.0,0,,,1,0
BMU,2022,,,22.773263634765232,11.69499009933815,8.330308705589859,3.364681393748292,,,,,9.600534807948438,0.0,0,,,1,0
BMU,2023,,,22.875302421164626,11.797816853054497,8.371664569863713,3.4261522831907847,,,,,9.600534807948438,0.0,0,,,1,0
BMU,2024,,,22.941871207384505,11.865344397292363,8.458856187822017,3.4064882094703464,,,,,9.600534807948438,0.0,0,,,1,0
BOL,2006,,,23.161416680798688,7.0923338738011035,6.694260831370928,0.39807304243017505,4.051027654128519,0.5814571308177257,,,9.853540719683314,0.0,0,0.7710698092266521,0.0,0,0
BOL,2007,,,23.297411852772044,7.211223880506953,6.830485755686894,0.3807381248200592,3.9670126066493316,0.5021165962383894,,,9.853540719683314,0.0,0,0.6870547617474649,0.0,0,0
BOL,2008,,,23.537133026660552,7.43406391070685,7.059473251657147,0.37459065904970235,3.8755861636425397,0.49064127622224724,,,9.853540719683314,0.0,0,0.595628318740673,0.0,0,0
BOL,2009,,,23.57628135811025,7.4565595300948555,7.1116505738887605,0.34490895620609496,4.32615911827206,0.5178155808975925,,,9.853540719683314,0.0,0,1.0462012733701935,0.0,0,0
BOL,2010,,,23.701329115218993,7.565163219025085,7.428429341939105,0.13673387708598028,4.214854466757532,0.4749668228700521,,,9.853540719683314,0.0,0,0.9348966218556654,0.0,0,0
BOL,2011,,,23.899783683967026,7.747390089906487,7.576058919459159,0.1713311704473277,4.064752311989695,0.41493883582212715,,,9.853540719683314,0.0,0,0.7847944670878282,0.0,0,0
BOL,2012,,,24.022227352511823,7.853837240834258,7.689424962620857,0.1644122782134012,4.170254480364726,0.44529364917196784,,,9.853540719683314,0.0,0,0.890296635462859,0.0,0,0
BOL,2013,,,24.146203147394157,7.962075590951969,7.766212370634288,0.19586322031768066,4.3596341498903985,0.4130407895705945,,,9.853540719683314,0.0,0,1.0796763049885318,0.0,0,0
BOL,2014,,,24.219657877115292,8.020084732896116,7.8424298457105515,0.17765488718556455,4.191327827622529,0.4777435659799641,,,9.853540719683314,0.0,0,0.9113699827206623,0.0,0,0
BOL,2015,,,24.219779405937715,8.005037649739139,7.854601928784033,0.15043572095510527,4.575419796024806,0.4809964894083348,,,9.853540719683314,0.0,0,1.2954619511229395,0.0,0,0
BOL,2016,,,24.247893278108936,8.018254463510543,7.913908812616166,0.10434565089437697,5.125195986179491,0.5247652552697641,,,9.853540719683314,0.0,0,1.845238141277624,0.0,0,0
BOL,2017,,,24.55032858791685,8.306077316085474,7.991629467194556,0.3144478488909188,5.163703994251816,0.5377125410191396,,,9.853540719683314,0.0,0,1.8837461493499492,0.0,0,0
BOL,2018,,,24.603055667334427,8.344470686437525,8.07785378233981,0.2666169040977149,5.142965493068356,0.4877132290958694,,,9.853540719683314,0.0,0,1.8630076481664894,0.0,0,0
BOL,2019,,,24.616241459025485,8.34359069574804,8.143488417802308,0.20010227794573154,4.384964305985798,0.5597882445262012,,,9.853540719683314,0.0,0,1.105006461083931,0.0,0,0
BOL,2020,,,24.46837873471629,8.183388327171462,8.170196839808145,0.013191487363316767,4.439823512563122,0.5694086920637753,,,9.853540719683314,0.0,0,1.1598656676612555,0.0,0,0
BOL,2021,,,24.591919698336426,8.296736162382766,8.21722085115122,0.07951531123154609,4.251889126032895,0.5146840430748578,,,9.853540719683314,0.0,0,0.9719312811310279,0.0,0,0
BOL,2022,,,24.654288833010572,8.34746270632322,8.330308705589859,0.017154000733361485,4.322515603396215,0.5016789050647447,,,9.853540719683314,0.0,0,1.0425577584943482,0.0,0,0
BOL,2023,,,24.681030687927763,8.360471123012337,8.371664569863713,0.01119344685137591,4.593055464997897,0.5261928373760744,,,9.853540719683314,0.0,0,1.31309762009603,0.0,0,0
BOL,2024,,,24.72843900835443,8.394158763557042,8.458856187822017,0.06469742426497405,4.463072273580434,0.6349100915169358,,,9.853540719683314,0.0,0,1.1831144286785675,0.0,0,0
BRA,2006,,,27.733240590970663,8.688478187012755,6.694260831370928,1.994217355641827,3.86745586475185,0.8014741715286555,2.6590725523097407,1.0622568576603262,9.731372135457622,0.0,0,0.5874980198499835,0.0,0,0
BRA,2007,,,27.965430144433693,8.910544058412214,6.830485755686894,2.0800583027253197,3.647016254997339,0.7170972224790005,2.6590725523097407,1.0622568576603262,9.731372135457622,0.0,0,0.36705841009547235,0.0,0,0
BRA,2008,,,28.15920820359655,9.09474227121612,7.059473251657147,2.0352690195589727,3.6215496478456393,0.8482927885140062,2.6590725523097407,1.0622568576603262,9.731372135457622,0.0,0,0.34159180294377256,0.0,0,0
BRA,2009,,,28.142044583271066,9.06862232849587,7.1116505738887605,1.9569717546071095,3.378960480727021,0.8185311852334202,2.6590725523097407,1.0622568576603262,9.731372135457622,0.0,0,0.09900263582515434,0.0,0,0
BRA,2010,,,28.423487585926196,9.341656498899543,7.428429341939105,1.9132271569604375,3.4723651074609907,0.9856761917802376,2.6590725523097407,1.0622568576603262,9.731372135457622,0.0,0,0.192407262559124,0.0,0,0
BRA,2011,,,28.592727266363383,9.502758040494355,7.576058919459159,1.9266991210351954,3.709779068133448,0.8712293672407179,2.6590725523097407,1.0622568576603262,9.731372135457622,0.0,0,0.42982122323158123,0.0,0,0
BRA,2012,,,28.533305334084954,9.435220123382098,7.689424962620857,1.7457951607612419,3.8018092133056505,0.9645103754582786,2.6590725523097407,1.0622568576603262,9.731372135457622,0.0,0,0.5218513684037838,0.0,0,0
BRA,2013,,,28.53638012790992,9.430189800731833,7.766212370634288,1.6639774300975452,3.642625770979554,0.8470056382612389,2.6590725523097407,1.0622568576603262,9.731372135457622,0.0,0,0.3626679260776875,0.0,0,0
BRA,2014,,,28.52957293028901,9.415319461333583,7.8424298457105515,1.5728896156230316,3.5528398674561608,0.6505688683893367,2.6590725523097407,1.0622568576603262,9.731372135457622,0.0,0,0.27288202255429406,0.0,0,0
BRA,2015,,,28.22003603000956,9.097865343318206,7.854601928784033,1.243263414534173,3.831881957990449,0.608635836380447,2.6590725523097407,1.0622568576603262,9.731372135457622,0.0,0,0.5519241130885821,0.0,0,0
BRA,2016,,,28.216412404680447,9.086621991284124,7.913908812616166,1.1727131786679585,3.965877629377306,0.6153878869083045,2.6590725523097407,1.0622568576603262,9.731372135457622,0.0,0,0.6859197844754394,0.0,0,0
BRA,2017,,,28.355431944346606,9.218359064350107,7.991629467194556,1.2267295971555514,4.267590398038497,0.6853590097014449,2.6590725523097407,1.0622568576603262,9.731372135457622,0.0,0,0.9876325531366299,0.0,0,0
BRA,2018,,,28.28174809740014,9.137840821689386,8.07785378233981,1.0599870393495756,3.9880747841707493,0.5311873186085571,2.6590725523097407,1.0622568576603262,9.731372135457622,0.0,0,0.7081169392688826,0.0,0,0
BRA,2019,,,28.258716401050087,9.108289181878517,8.143488417802308,0.9648007640762088,3.805627079842149,0.5158047932846245,2.6590725523097407,1.0622568576603262,9.731372135457622,0.0,0,0.5256692349402825,0.0,0,0
BRA,2020,,,28.020429489407306,8.864208763138661,8.170196839808145,0.6940119233305158,3.509301350325464,0.45866916989798806,2.6590725523097407,1.0622568576603262,9.731372135457622,0.0,0,0.22934350542359727,0.0,0,0
BRA,2021,,,28.144232331249842,8.98375799590903,8.21722085115122,0.7665371447578107,3.382693551910913,0.37296998844765067,2.6590725523097407,1.0622568576603262,9.731372135457622,0.0,0,0.10273570700904644,0.0,0,0
BRA,2022,,,28.29983663906367,9.135760494814134,8.330308705589859,0.805451789224275,3.1907326971728254,0.35670665694918213,2.6590725523097407,1.0622568576603262,9.731372135457622,0.0,0,-0.08922514772904133,-0.0,0,0
BRA,2023,,,28.415439314251884,9.247403883046601,8.371664569863713,0.8757393131828888,3.586750765752477,0.44820736325508603,2.6590725523097407,1.0622568576603262,9.731372135457622,0.0,0,0.30679292085061016,0.0,0,0
BRA,2024,,,28.413012896995866,9.240922795514305,8.458856187822017,0.782066607692288,3.728786394571514,0.4645918570048307,2.6590725523097407,1.0622568576603262,9.731372135457622,0.0,0,0.44882854966964736,0.0,0,0
BRB,2006,,,22.162466498360093,9.656281852999607,6.694260831370928,2.9620210216286784,3.175260177334882,3.1926635071962752,,,9.719320093111705,0.0,0,-0.10469766756698462,-0.0,1,0
BRB,2007,,,22.26565925357633,9.754722987385618,6.830485755686894,2.924237231698724,2.7219561604587943,3.2054919737536736,,,9.719320093111705,0.0,0,-0.5580016844430724,-0.0,1,0
BRB,2008,,,22.28988192319591,9.773703017212826,7.059473251657147,2.714229765555679,2.63302472657967,3.308877133777139,,,9.719320093111705,0.0,0,-0.6469331183221967,-0.0,1,0
BRB,2009,,,22.219940254723177,9.698608064971237,7.1116505738887605,2.586957491082477,2.9531370635582705,2.9089249188734265,,,9.719320093111705,0.0,0,-0.32682078134359616,-0.0,1,0
BRB,2010,,,22.414962446089543,9.889552823253977,7.428429341939105,2.461123481314872,3.2925777055334815,3.0203024013352127,,,9.719320093111705,0.0,0,0.012619860631614799,0.0,1,0
BRB,2011,,,22.439432497581144,9.910772856469045,7.576058919459159,2.3347139370098855,3.5221854397189403,2.9930217840455526,,,9.719320093111705,0.0,0,0.24222759481707357,0.0,1,0
BRB,2012,,,22.425556457527904,9.894007524126168,7.689424962620857,2.204582561505312,3.479989329641208,3.038237028297564,,,9.719320093111705,0.0,0,0.20003148473934118,0.0,1,0
BRB,2013,,,22.456700276809055,9.922529646747162,7.766212370634288,2.1563172761128735,3.387234697698962,2.8706107052629224,,,9.719320093111705,0.0,0,0.10727685279709531,0.0,1,0
BRB,2014,,,22.46107954974926,9.924452141361908,7.8424298457105515,2.082022295651356,3.0044508766325304,2.304159136900578,,,9.719320093111705,0.0,0,-0.2755069682693363,-0.0,1,0
BRB,2015,,,22.463665193765166,9.924733975897922,7.854601928784033,2.070132047113889,2.9884038501517036,2.105264946909559,,,9.719320093111705,0.0,0,-0.2915539947501631,-0.0,1,0
BRB,2016,,,22.460046183600404,9.918938047360019,7.913908812616166,2.005029234743853,3.3584791738410527,1.824980571355171,,,9.719320093111705,0.0,0,0.07852132893918595,0.0,1,0
BRB,2017,,,22.4892598082484,9.946104398221374,7.991629467194556,1.9544749310268186,3.6063101043894874,1.847362992130632,,,9.719320093111705,0.0,0,0.3263522594876207,0.0,1,0
BRB,2018,,,22.515208880990244,9.97012793166317,8.07785378233981,1.8922741493233595,3.713213065606047,1.8044348778164736,,,9.719320093111705,0.0,0,0.4332552207041802,0.0,1,0
BRB,2019,,,22.54243143709373,9.995585105170546,8.143488417802308,1.8520966873682383,3.7246996065227598,1.6485784850111458,,,9.719320093111705,0.0,0,0.4447417616208931,0.0,1,0
BRB,2020,,,22.41026589685306,9.861675042765306,8.170196839808145,1.6914782029571604,4.15398054915288,1.7092620096643703,,,9.719320093111705,0.0,0,0.8740227042510136,0.0,1,0
BRB,2021,,,22.506472266322053,9.956288775623504,8.21722085115122,1.739067924472284,4.240843415960257,1.7393563828823655,,,9.719320093111705,0.0,0,0.9608855710583906,0.0,1,0
BRB,2022,,,22.6528498512678,10.102060477103562,8.330308705589859,1.7717517715137028,3.7994553953208974,1.7701336914184986,,,9.719320093111705,0.0,0,0.5194975504190307,0.0,1,0
BRB,2023,,,22.700570570955925,10.149717440934095,8.371664569863713,1.7780528710703827,3.999834179735543,1.8368507071613973,,,9.719320093111705,0.0,0,0.7198763348336761,0.0,1,0
BRB,2024,,,22.751094487120348,10.19977747853431,8.458856187822017,1.7409212907122935,4.0288471131181325,1.7937421329152576,,,9.719320093111705,0.0,0,0.7488892682162658,0.0,1,0
BRN,2006,,,23.260497381985143,10.45376846358435,6.694260831370928,3.7595076322134213,2.712153485162541,0.9689701282867261,,,7.2391424657671,0.0,1,-0.5678043597393256,-0.5678043597393256,0,0
BRN,2007,,,23.32090795180569,10.49729298687962,6.830485755686894,3.666807231192726,2.6541481886842093,1.0092067508680673,,,7.2391424657671,0.0,1,-0.6258096562176574,-0.6258096562176574,0,0
BRN,2008,,,23.49124749513317,10.64914578957714,7.059473251657147,3.589672537919993,2.2469870582570235,0.9768782628817895,,,7.2391424657671,0.0,1,-1.0329707866448432,-1.0329707866448432,0,0
BRN,2009,,,23.20088806210641,10.340014131933785,7.1116505738887605,3.2283635580450243,2.2769046353542595,1.3661264172689125,,,7.2391424657671,0.0,1,-1.0030532095476072,-1.0030532095476072,0,0
BRN,2010,,,23.341181318567283,10.461317619469444,7.428429341939105,3.032888277530339,2.3597184148471197,1.4594061114922694,,,7.2391424657671,0.0,1,-0.920239430054747,-0.920239430054747,0,0
BRN,2011,,,23.64237572939597,10.744684571123353,7.576058919459159,3.1686256516641933,2.2935694386145276,1.2744248072194546,,,7.2391424657671,0.0,1,-0.9863884062873391,-0.9863884062873391,0,0
BRN,2012,,,23.67025122078521,10.757234510925263,7.689424962620857,3.0678095483044068,2.46195263259836,1.3451587848485362,,,7.2391424657671,0.0,1,-0.8180052123035066,-0.8180052123035066,0,0
BRN,2013,,,23.618854413475766,10.692014556551271,7.766212370634288,2.925802185916983,2.4286251690174265,1.3249288938933999,,,7.2391424657671,0.0,1,-0.8513326758844402,-0.8513326758844402,0,0
BRN,2014,,,23.56221548432429,10.621973683711252,7.8424298457105515,2.7795438380007003,2.9078652140517436,1.4293519443967029,,,7.2391424657671,0.0,1,-0.3720926308501231,-0.3720926308501231,0,0
BRN,2015,,,23.282838989259698,10.329576152718698,7.854601928784033,2.474974223934664,3.147454193988913,1.1972689753468593,,,7.2391424657671,0.0,1,-0.13250365091295357,-0.13250365091295357,0,0
BRN,2016,,,23.156902529325876,10.191043265569652,7.913908812616166,2.2771344529534865,3.2010983907100505,0.8940309744287935,,,7.2391424657671,0.0,1,-0.07885945419181617,-0.07885945419181617,0,0
BRN,2017,,,23.218796521713866,10.24083021230151,7.991629467194556,2.249200745106955,3.4838896504671526,1.0540921768665281,,,7.2391424657671,0.0,1,0.2039318055652859,0.2039318055652859,0,0
BRN,2018,,,23.330899458093146,10.341359152802978,8.07785378233981,2.263505370463168,3.80862186572673,1.1650764299921734,,,7.2391424657671,0.0,1,0.5286640208248632,0.5286640208248632,0,0
BRN,2019,,,23.32367405995961,10.32307161958089,8.143488417802308,2.1795832017785823,3.51373384314187,1.0203556630024304,,,7.2391424657671,0.0,1,0.23377599824000317,0.23377599824000317,0,0
BRN,2020,,,23.208655674479033,10.197438405935461,8.170196839808145,2.0272415661273158,2.6121961614913407,1.0987541050923169,,,7.2391424657671,0.0,1,-0.667761683410526,-0.667761683410526,0,0
BRN,2021,,,23.362787103029774,10.34196709143388,8.21722085115122,2.1247462402826596,2.6497525641133555,1.1598322538579067,,,7.2391424657671,0.0,1,-0.6302052807885112,-0.6302052807885112,0,0
BRN,2022,,,23.537568343946397,10.508702789657383,8.330308705589859,2.1783940840675236,2.3765081722534167,1.1863824369730356,,,7.2391424657671,0.0,1,-0.90344967264845,-0.90344967264845,0,0
BRN,2023,,,23.437635008314953,10.40094063655668,8.371664569863713,2.029276066692967,2.4713197810194463,1.2879924026321448,,,7.2391424657671,0.0,1,-0.8086380638824204,-0.8086380638824204,0,0
BRN,2024,,,23.45378234287051,10.408902783226198,8.458856187822017,1.9500465954041815,3.029539168778091,1.2300577569263256,,,7.2391424657671,0.0,1,-0.2504186761237759,-0.2504186761237759,0,0
BTN,2006,,,20.664449450234592,7.248224632061814,6.694260831370928,0.5539638006908856,3.3509268140429205,0.5822767414229532,,,7.7444974810567535,0.0,0,0.07096896914105377,0.0,0,0
BTN,2007,,,20.9510131458912,7.5231655978753675,6.830485755686894,0.6926798421884737,3.0334976251182413,0.5330229488233532,,,7.7444974810567535,0.0,0,-0.24646021978362542,-0.0,0,0
BTN,2008,,,20.999015374985827,7.559870937324489,7.059473251657147,0.500397685667342,3.073141005423629,0.7061597841256718,,,7.7444974810567535,0.0,0,-0.20681683947823792,-0.0,0,0
BTN,2009,,,21.009454643361025,7.559244695087857,7.1116505738887605,0.4475941211990966,3.554121613714463,0.6790920034697345,,,7.7444974810567535,0.0,0,0.2741637688125964,0.0,0,0
BTN,2010,,,21.2591044494168,7.797940120382588,7.428429341939105,0.369510778443483,3.7938941657504195,0.7648218469874525,,,7.7444974810567535,0.0,0,0.5139363208485528,0.0,0,0
BTN,2011,,,21.405214881102257,7.933072482071068,7.576058919459159,0.3570135626119084,3.958923314528857,0.6781846195716886,,,7.7444974810567535,0.0,0,0.6789654696269904,0.0,0,0
BTN,2012,,,21.403017308270112,7.919797143037517,7.689424962620857,0.2303721804166603,4.127638670934409,0.8553791383300435,,,7.7444974810567535,0.0,0,0.8476808260325419,0.0,0,0
BTN,2013,,,21.38785764176588,7.893554227082738,7.766212370634288,0.1273418564484503,4.357391797537913,0.9080582089715267,,,7.7444974810567535,0.0,0,1.0774339526360461,0.0,0,0
BTN,2014,,,21.459989409069646,7.954898814527916,7.8424298457105515,0.11246896881736479,3.8919371979321844,1.0362593840783128,,,7.7444974810567535,0.0,0,0.6119793530303177,0.0,0,0
BTN,2015,,,21.50616953303019,7.990929281246013,7.854601928784033,0.13632735246197925,3.519687815100989,0.9199647335131517,,,7.7444974810567535,0.0,0,0.23972997019912246,0.0,0,0
BTN,2016,,,21.580869591891236,8.055890495367917,7.913908812616166,0.1419816827517515,3.8925507841152545,0.9528190000596997,,,7.7444974810567535,0.0,0,0.6125929392133878,0.0,0,0
BTN,2017,,,21.67544790312354,8.141856057721942,7.991629467194556,0.15022659052738607,4.211532562724181,1.2599686138731163,,,7.7444974810567535,0.0,0,0.9315747178223144,0.0,0,0
BTN,2018,,,21.672347316233726,8.131590759522874,8.07785378233981,0.05373697718306403,4.090149293789819,1.3773586753642126,,,7.7444974810567535,0.0,0,0.8101914488879527,0.0,0,0
BTN,2019,,,21.729647175947196,8.182246154967096,8.143488417802308,0.03875773716478825,4.03010868523585,1.2808165530960904,,,7.7444974810567535,0.0,0,0.7501508403339829,0.0,0,0
BTN,2020,,,21.62245286438827,8.068299278380968,8.170196839808145,0.10189756142717776,3.8156826156249526,1.2014171437384247,,,7.7444974810567535,0.0,0,0.5357247707230859,0.0,0,0
BTN,2021,,,21.74168091938049,8.180492451036471,8.21722085115122,0.03672840011474854,3.5736840241373797,1.1418038961668755,,,7.7444974810567535,0.0,0,0.29372617923551303,0.0,0,0
BTN,2022,,,21.78736526428432,8.2191449567625,8.330308705589859,0.11116374882735869,3.572837154414162,1.2467645636084483,,,7.7444974810567535,0.0,0,0.29287930951229546,0.0,0,0
BTN,2023,,,21.82616784154521,8.250966068174492,8.371664569863713,0.1206985016892208,3.763643814566624,1.318133836245272,,,7.7444974810567535,0.0,0,0.4836859696647573,0.0,0,0
BTN,2024,,,21.93121189505985,8.349496415043264,8.458856187822017,0.10935977277875253,3.6877332368710585,1.414258550947184,,,7.7444974810567535,0.0,0,0.40777539196919177,0.0,0,0
BWA,2006,,,23.01773392424276,8.573872873511588,6.694260831370928,1.8796120421406597,3.2784041675544846,1.7611912831861856,,,9.18160997850932,0.0,0,-0.0015536773473820986,-0.0,0,0
BWA,2007,,,23.08102738735473,8.617784989129651,6.830485755686894,1.7872992334427575,2.529824444393021,1.790290227629133,,,9.18160997850932,0.0,0,-0.7501334005088456,-0.0,0,0
BWA,2008,,,23.096386661471485,8.613062115665286,7.059473251657147,1.5535888640081392,2.726514605977263,1.9101114807138933,,,9.18160997850932,0.0,0,-0.5534432389246038,-0.0,0,0
BWA,2009,,,23.03762724043193,8.533643909950156,7.1116505738887605,1.4219933360613952,2.5320429942578264,1.8354013680490364,,,9.18160997850932,0.0,0,-0.7479148506440403,-0.0,0,0
BWA,2010,,,23.259916492676016,8.734838802441404,7.428429341939105,1.306409460502299,2.866934744563491,2.0337767919561816,,,9.18160997850932,0.0,0,-0.41302310033837575,-0.0,0,0
BWA,2011,,,23.438665207437936,8.893899769239773,7.576058919459159,1.3178408497806142,2.7395952887677195,1.8361652694163573,,,9.18160997850932,0.0,0,-0.5403625561341472,-0.0,0,0
BWA,2012,,,23.355691547341628,8.79414870702776,7.689424962620857,1.104723744406904,3.2076931220004976,1.9676540829256688,,,9.18160997850932,0.0,0,-0.0722647229013691,-0.0,0,0
BWA,2013,,,23.381547120380507,8.804912092565065,7.766212370634288,1.0386997219307768,2.7983831432571575,1.7150760800187248,,,9.18160997850932,0.0,0,-0.48157470164470917,-0.0,0,0
BWA,2014,,,23.462174222312786,8.870995004655118,7.8424298457105515,1.0285651589445663,3.060098001622046,1.4385891765707433,,,9.18160997850932,0.0,0,-0.21985984327982067,-0.0,0,0
BWA,2015,,,23.32823062456759,8.722776084536143,7.854601928784033,0.8681741557521097,3.0591964287955813,1.1663402320235212,,,9.18160997850932,0.0,0,-0.2207614161062854,-0.0,0,0
BWA,2016,,,23.436810063815457,8.81715850652203,7.913908812616166,0.903249693905865,3.50339661902813,1.0492686519753722,,,9.18160997850932,0.0,0,0.22343877412626334,0.0,0,0
BWA,2017,,,23.50240529722207,8.868548975195399,7.991629467194556,0.8769195080008432,3.3421727089407076,1.0624660270222583,,,9.18160997850932,0.0,0,0.06221486403884091,0.0,0,0
BWA,2018,,,23.558356428818975,8.910310295940839,8.07785378233981,0.8324565136010289,3.774470304299556,1.1051163420461652,,,9.18160997850932,0.0,0,0.4945124593976895,0.0,0,0
BWA,2019,,,23.540224740353427,8.877952322767555,8.143488417802308,0.7344639049652475,3.2311832858349363,1.0446998147428332,,,9.18160997850932,0.0,0,-0.0487745590669304,-0.0,0,0
BWA,2020,,,23.42866262805542,8.751996106891053,8.170196839808145,0.5817992670829071,3.2665428919614197,0.9537957166679175,,,9.18160997850932,0.0,0,-0.013414952940447034,-0.0,0,0
BWA,2021,,,23.654469308580726,8.962889776773851,8.21722085115122,0.7456689256226312,3.0678380216851373,0.9281777078565995,,,9.18160997850932,0.0,0,-0.2121198232167294,-0.0,0,0
BWA,2022,,,23.734928082027647,9.027463748032948,8.330308705589859,0.6971550424430895,2.6358365197565083,0.8995747237554025,,,9.18160997850932,0.0,0,-0.6441213251453584,-0.0,0,0
BWA,2023,,,23.689240438052252,8.965372937654006,8.371664569863713,0.5937083677902937,2.4588205106655763,0.8992998203025696,,,9.18160997850932,0.0,0,-0.8211373342362904,-0.0,0,0
BWA,2024,,,23.682658299072227,8.942436957571692,8.458856187822017,0.48358076974967545,3.0659663271934003,0.9626345033108832,,,9.18160997850932,0.0,0,-0.21399151770846636,-0.0,0,0
CAF,2006,,,21.10297527187744,5.810968882067758,6.694260831370928,0.8832919493031701,4.061090254927955,1.3240320676493047,,,9.18004362552077,0.0,0,0.7811324100260886,0.0,0,0
CAF,2007,,,21.253783078876324,5.942502871434915,6.830485755686894,0.8879828842519792,3.671586338291686,1.2434855152285291,,,9.18004362552077,0.0,0,0.3916284933898191,0.0,0,0
CAF,2008,,,21.413111517798107,6.080501168150252,7.059473251657147,0.9789720835068954,3.6440784496395144,1.2373230925063152,,,9.18004362552077,0.0,0,0.36412060473764774,0.0,0,0
CAF,2009,,,21.44954874755519,6.1235266475038985,7.1116505738887605,0.988123926384862,3.749187825322689,1.0185885827613879,,,9.18004362552077,0.0,0,0.4692299804208222,0.0,0,0
CAF,2010,,,21.485281933498126,6.167251858288651,7.428429341939105,1.261177483650454,4.034453351900654,1.012300419995753,,,9.18004362552077,0.0,0,0.7544955069987869,0.0,0,0
CAF,2011,,,21.614436774100483,6.2805031018807975,7.576058919459159,1.2955558175783617,3.9863660294822383,0.9468981177834386,,,9.18004362552077,0.0,0,0.7064081845803716,0.0,0,0
CAF,2012,,,21.643598992098113,6.299676646102367,7.689424962620857,1.3897483165184896,4.603938668850271,1.0965711558092464,,,9.18004362552077,0.0,0,1.3239808239484039,0.0,0,0
CAF,2013,,,21.2489076234007,5.898161498839876,7.766212370634288,1.868050871794412,4.605356085513266,1.5934837516443794,,,9.18004362552077,0.0,0,1.3253982406113995,0.0,0,0
CAF,2014,,,21.36238619538285,6.015792424811891,7.8424298457105515,1.8266374208986607,5.074786315457792,2.2223203712036343,,,9.18004362552077,0.0,0,1.7948284705559252,0.0,0,0
CAF,2015,,,21.25143560617765,5.903515059151974,7.854601928784033,1.9510868696320598,4.4125712011600395,1.9864236991594026,,,9.18004362552077,0.0,0,1.1326133562581728,0.0,0,0
CAF,2016,,,21.324855766208675,5.958879895467099,7.913908812616166,1.9550289171490665,4.6703130174370715,1.8511225494329429,,,9.18004362552077,0.0,0,1.3903551725352048,0.0,0,0
CAF,2017,,,21.451949052815138,6.0691753665444095,7.991629467194556,1.922454100650146,4.979530791650668,1.8695420494746449,,,9.18004362552077,0.0,0,1.6995729467488014,0.0,0,0
CAF,2018,,,21.521213992401027,6.120833457365551,8.07785378233981,1.957020324974259,4.611074494735705,1.6932458090368943,,,9.18004362552077,0.0,0,1.3311166498338385,0.0,0,0
CAF,2019,,,21.521359055427784,6.107531594859889,8.143488417802308,2.0359568229424188,4.488940430129282,1.7945827980730298,,,9.18004362552077,0.0,0,1.2089825852274152,0.0,0,0
CAF,2020,,,21.56772577440003,6.137465834861335,8.170196839808145,2.03273100494681,4.466955857605942,2.2244992963366763,,,9.18004362552077,0.0,0,1.1869980127040756,0.0,0,0
CAF,2021,,,21.64613425332964,6.199013416666125,8.21722085115122,2.0182074344850953,4.0222692127916275,1.969618013349117,,,9.18004362552077,0.0,0,0.7423113678897608,0.0,0,0
CAF,2022,,,21.5914659781996,6.147099464251818,8.330308705589859,2.183209241338041,3.6285799463470565,1.7809202818831738,,,9.18004362552077,0.0,0,0.3486221014451898,0.0,0,0
CAF,2023,,,21.66151063929724,6.206533380030961,8.371664569863713,2.165131189832752,3.499289806986088,1.731758387283013,,,9.18004362552077,0.0,0,0.21933196208422112,0.0,0,0
CAF,2024,,,21.73540997598432,6.246418732311045,8.458856187822017,2.2124374555109716,3.7241538683891835,1.6501933854798387,,,9.18004362552077,0.0,0,0.4441960234873168,0.0,0,0
CAN,2006,,,27.908115780518216,10.609176975137109,6.694260831370928,3.91491614376618,3.867079177602969,5.079572576420515,3.216193077116227,2.1412340826840985,9.469264109227177,0.0,0,0.5871213327011024,0.0,0,1
CAN,2007,,,28.015480750904064,10.706835403789789,6.830485755686894,3.876349648102895,3.497228908280596,4.858304905550908,3.216193077116227,2.1412340826840985,9.469264109227177,0.0,0,0.21727106337872915,0.0,0,1
CAN,2008,,,28.071205435714084,10.75172137710787,7.059473251657147,3.692248125450723,3.2020003027445747,4.836179123296228,3.216193077116227,2.1412340826840985,9.469264109227177,0.0,0,-0.077957542157292,-0.0,0,1
CAN,2009,,,27.94920409519682,10.618272959742951,7.1116505738887605,3.5066223858541905,3.0646726306089125,4.847639478523822,3.216193077116227,2.1412340826840985,9.469264109227177,0.0,0,-0.21528521429295422,-0.0,0,1
CAN,2010,,,28.111809623791775,10.769764968040741,7.428429341939105,3.3413356261016363,3.4352921140527948,4.871392457375168,3.216193077116227,2.1412340826840985,9.469264109227177,0.0,0,0.15533426915092807,0.0,0,1
CAN,2011,,,28.215098536693937,10.86329980843319,7.576058919459159,3.287240888974031,3.4318817326156337,4.603066107915574,3.216193077116227,2.1412340826840985,9.469264109227177,0.0,0,0.15192388771376697,0.0,0,1
CAN,2012,,,28.234440220104343,10.871804026620234,7.689424962620857,3.1823790639993774,3.432674966664983,4.87090353273276,3.216193077116227,2.1412340826840985,9.469264109227177,0.0,0,0.15271712176311647,0.0,0,1
CAN,2013,,,28.244358470378756,10.871188467089112,7.766212370634288,3.1049760964548243,3.4963896855944743,4.7571505208948786,3.216193077116227,2.1412340826840985,9.469264109227177,0.0,0,0.21643184069260757,0.0,0,1
CAN,2014,,,28.22199806911657,10.838813837357959,7.8424298457105515,2.9963839916474075,3.2379613894107773,4.462336486160209,3.216193077116227,2.1412340826840985,9.469264109227177,0.0,0,-0.041996455491089435,-0.0,0,1
CAN,2015,,,28.0734674957427,10.682680262531703,7.854601928784033,2.828078333747669,3.38875176808508,4.276928832196443,3.216193077116227,2.1412340826840985,9.469264109227177,0.0,0,0.10879392318321335,0.0,0,1
CAN,2016,,,28.054978352900836,10.652875722287137,7.913908812616166,2.738966909670971,3.6878600914916917,4.300753503901887,3.216193077116227,2.1412340826840985,9.469264109227177,0.0,0,0.407902246589825,0.0,0,1
CAN,2017,,,28.13135357642237,10.71729658826351,7.991629467194556,2.7256671210689545,3.9545544147928715,4.564414940072388,3.216193077116227,2.1412340826840985,9.469264109227177,0.0,0,0.6745965698910048,0.0,0,1
CAN,2018,,,28.176439879186088,10.748050629459298,8.07785378233981,2.670196847119488,3.543202214957542,4.20728277256318,3.216193077116227,2.1412340826840985,9.469264109227177,0.0,0,0.26324437005567525,0.0,0,1
CAN,2019,,,28.187047011995553,10.744040636274953,8.143488417802308,2.600552218472645,3.495804862674408,3.983823387895901,3.216193077116227,2.1412340826840985,9.469264109227177,0.0,1,0.21584701777254134,0.21584701777254134,0,1
CAN,2020,,,28.135237124362625,10.6813870589307,8.170196839808145,2.511190219122554,3.5015807412705606,3.761452994789712,3.216193077116227,2.1412340826840985,9.469264109227177,0.0,1,0.22162289636869392,0.22162289636869392,0,1
CAN,2021,,,28.33529513839528,10.875906048739488,8.21722085115122,2.6586851975882677,3.4478390089567914,3.579736770180444,3.216193077116227,2.1412340826840985,9.469264109227177,0.0,1,0.1678811640549247,0.1678811640549247,0,1
CAN,2022,,,28.419734254963355,10.94194153572786,8.330308705589859,2.611632830138001,3.4587385959999675,3.6506625402156256,3.216193077116227,2.1412340826840985,9.469264109227177,0.0,1,0.17878075109810077,0.17878075109810077,0,1
CAN,2023,,,28.417929020299916,10.912312560616128,8.371664569863713,2.540647990752415,3.5034149788505182,3.6645939627031026,3.216193077116227,2.1412340826840985,9.469264109227177,0.0,1,0.22345713394865152,0.22345713394865152,0,1
CAN,2024,,,28.45083451059582,10.915373999659545,8.458856187822017,2.4565178118375286,3.4122674463056777,3.393533786414146,3.216193077116227,2.1412340826840985,9.469264109227177,0.0,1,0.13230960140381098,0.13230960140381098,0,1
CCK,2006,,,,,6.694260831370928,,,,,,,0.0,0,,,0,0
CCK,2007,,,,,6.830485755686894,,,,,,,0.0,0,,,0,0
CCK,2008,,,,,7.059473251657147,,,,,,,0.0,0,,,0,0
CCK,2009,,,,,7.1116505738887605,,,,,,,0.0,0,,,0,0
CCK,2010,,,,,7.428429341939105,,,,,,,0.0,0,,,0,0
CCK,2011,,,,,7.576058919459159,,,,,,,0.0,0,,,0,0
CCK,2012,,,,,7.689424962620857,,,,,,,0.0,0,,,0,0
CCK,2013,,,,,7.766212370634288,,,,,,,0.0,0,,,0,0
CCK,2014,,,,,7.8424298457105515,,,,,,,0.0,0,,,0,0
CCK,2015,,,,,7.854601928784033,,,,,,,0.0,0,,,0,0
CCK,2016,,,,,7.913908812616166,,,,,,,0.0,0,,,0,0
CCK,2017,,,,,7.991629467194556,,,,,,,0.0,0,,,0,0
CCK,2018,,,,,8.07785378233981,,,,,,,0.0,0,,,0,0
CCK,2019,,,,,8.143488417802308,,,,,,,0.0,0,,,0,0
CCK,2020,,,,,8.170196839808145,,,,,,,0.0,0,,,0,0
CCK,2021,,,,,8.21722085115122,,,,,,,0.0,0,,,0,0
CCK,2022,,,,,8.330308705589859,,,,,,,0.0,0,,,0,0
CCK,2023,,,,,8.371664569863713,,,,,,,0.0,0,,,0,0
CCK,2024,,,,,8.458856187822017,,,,,,,0.0,0,,,0,0
CHE,2006,,,26.82887276002763,11.000603612503868,6.694260831370928,4.30634278113294,4.109365672485068,5.395742783150808,3.4605305778999784,2.261052738777701,9.162910552118722,0.0,0,0.8294078275832013,0.0,1,0
CHE,2007,,,26.935859598723816,11.09865354142182,6.830485755686894,4.268167785734926,3.6045355412965434,5.393296817203023,3.4605305778999784,2.261052738777701,9.162910552118722,0.0,0,0.3245776963946767,0.0,1,0
CHE,2008,,,27.07712086716148,11.227208629120906,7.059473251657147,4.167735377463758,3.4009887119722726,5.349624201798584,3.4605305778999784,2.261052738777701,9.162910552118722,0.0,0,0.12103086707040589,0.0,1,0
CHE,2009,,,27.057716285527352,11.195309201174043,7.1116505738887605,4.083658627285282,3.2497338302183927,5.230352903398177,3.4605305778999784,2.261052738777701,9.162910552118722,0.0,0,-0.03022401468347402,-0.0,1,0
CHE,2010,,,27.136724127788792,11.263901462858895,7.428429341939105,3.83547212091979,3.4901846155691487,5.542131872445796,3.4605305778999784,2.261052738777701,9.162910552118722,0.0,0,0.21022677066728201,0.0,1,0
CHE,2011,,,27.312510884228832,11.428569429872613,7.576058919459159,3.8525105104134543,3.540968597414398,5.322215701145055,3.4605305778999784,2.261052738777701,9.162910552118722,0.0,0,0.26101075251253114,0.0,1,0
CHE,2012,,,27.271316639983997,11.376756992339098,7.689424962620857,3.6873320297182417,3.6656638439728964,5.7213547019209114,3.4605305778999784,2.261052738777701,9.162910552118722,0.0,0,0.38570599907102965,0.0,1,0
CHE,2013,,,27.3007772061123,11.394718760889281,7.766212370634288,3.6285063902549934,3.600478059570146,5.437931426614225,3.4605305778999784,2.261052738777701,9.162910552118722,0.0,0,0.3205202146682793,0.0,1,0
CHE,2014,,,27.331493318582375,11.413233833625027,7.8424298457105515,3.5708039879144753,3.5486981517329705,5.547428733594518,3.4605305778999784,2.261052738777701,9.162910552118722,0.0,0,0.26874030683110384,0.0,1,0
CHE,2015,,,27.283162916982697,11.353520060500577,7.854601928784033,3.498918131716543,3.7411548404043993,4.991126669215618,3.4605305778999784,2.261052738777701,9.162910552118722,0.0,0,0.46119699550253257,0.0,1,0
CHE,2016,,,27.272355304090482,11.331792135869636,7.913908812616166,3.41788332325347,3.992859039637555,4.993168364258966,3.4605305778999784,2.261052738777701,9.162910552118722,0.0,0,0.7129011947356885,0.0,1,0
CHE,2017,,,27.28381610971382,11.333921382605585,7.991629467194556,3.342291915411029,4.214829961460596,5.2027371070700825,3.4605305778999784,2.261052738777701,9.162910552118722,0.0,0,0.9348721165587297,0.0,1,0
CHE,2018,,,27.330951340334984,11.373690273475024,8.07785378233981,3.295836491135214,3.836373331138966,5.133168762753184,3.4605305778999784,2.261052738777701,9.162910552118722,0.0,0,0.5564154862370994,0.0,1,0
CHE,2019,,,27.325018596461856,11.360624392917453,8.143488417802308,3.217135975115145,3.7609576462965415,4.807793259458879,3.4605305778999784,2.261052738777701,9.162910552118722,0.0,0,0.4809998013946748,0.0,1,0
CHE,2020,,,27.351434427549826,11.37973346205495,8.170196839808145,3.209536622246805,4.013926386663582,4.604592435560204,3.4605305778999784,2.261052738777701,9.162910552118722,0.0,0,0.733968541761715,0.0,1,0
CHE,2021,,,27.457512637796828,11.478156661906986,8.21722085115122,3.2609358107557664,3.664143850587751,4.579242266356996,3.4605305778999784,2.261052738777701,9.162910552118722,0.0,0,0.38418600568588435,0.0,1,0
CHE,2022,,,27.478428101137006,11.49077285340816,8.330308705589859,3.160464147818301,3.4161786944574994,4.612985445961549,3.4605305778999784,2.261052738777701,9.162910552118722,0.0,0,0.13622084955563274,0.0,1,0
CHE,2023,,,27.556766507018327,11.556461416744707,8.371664569863713,3.184796846880994,3.5781073367023484,4.686134434217792,3.4605305778999784,2.261052738777701,9.162910552118722,0.0,0,0.29814949180048167,0.0,1,0
CHE,2024,,,27.6004792105862,11.5871240453218,8.458856187822017,3.128267857499784,3.319997166696584,4.322580184221521,3.4605305778999784,2.261052738777701,9.162910552118722,0.0,0,0.04003932179471725,0.0,1,0
CHI,2006,,,22.99293230397449,11.04683577680411,6.694260831370928,4.352574945433182,,,,,,,0,,,0,0
CHI,2007,,,23.16688213970154,11.213710179893646,6.830485755686894,4.383224424206752,,,,,,,0,,,0,0
CHI,2008,,,,,7.059473251657147,,,,,,,,0,,,0,0
CHI,2009,,,22.931623293745297,10.964372717666418,7.1116505738887605,3.8527221437776573,,,,,,,0,,,0,0
CHI,2010,,,22.909582170279304,10.935309182286627,7.428429341939105,3.506879840347522,,,,,,,0,,,0,0
CHI,2011,,,22.99008695805306,11.008997054111122,7.576058919459159,3.4329381346519625,,,,,,,0,,,0,0
CHI,2012,,,22.969771264737464,10.98205987395236,7.689424962620857,3.292634911331504,,,,,,,0,,,0,0
CHI,2013,,,22.984481474202276,10.990507351503592,7.766212370634288,3.2242949808693036,,,,,,,0,,,0,0
CHI,2014,,,23.077301673304913,11.077478589545985,7.8424298457105515,3.235048743835433,,,,,,,0,,,0,0
CHI,2015,,,23.036719034592462,11.032432150423855,7.854601928784033,3.1778302216398213,,,,,,,0,,,0,0
CHI,2016,,,22.939078494110376,10.932170456539506,7.913908812616166,3.0182616439233403,,,,,,,0,,,0,0
CHI,2017,,,22.939207977859777,10.929643038402375,7.991629467194556,2.9380135712078195,,,,,,,0,,,0,0
CHI,2018,,,23.028486857191115,11.015095242995935,8.07785378233981,2.937241460656125,,,,,,,0,,,0,0
CHI,2019,,,23.029032328828286,11.011466328376095,8.143488417802308,2.867977910573787,,,,,,,0,,,0,0
CHI,2020,,,22.96820177127057,10.94704404238695,8.170196839808145,2.7768472025788054,,,,,,,0,,,0,0
CHI,2021,,,23.135381349343056,11.111184360035274,8.21722085115122,2.8939635088840543,,,,,,,0,,,0,0
CHI,2022,,,23.14880037492947,11.121764686402036,8.330308705589859,2.7914559808121773,,,,,,,0,,,0,0
CHI,2023,,,23.249579976890097,11.219701697781902,8.371664569863713,2.8480371279181895,,,,,,,0,,,0,0
CHI,2024,,,,,8.458856187822017,,,,,,,,0,,,0,0
CHL,2006,,,25.75920180699082,9.139773750611525,6.694260831370928,2.4455129192405964,3.479521920996604,3.638087983191254,3.1183567917760695,1.671700514738836,9.791720447328014,0.0,0,0.19956407609473725,0.0,0,0
CHL,2007,,,25.873611338942595,9.244395247680954,6.830485755686894,2.41390949199406,3.148870392069539,3.4819178513351665,3.1183567917760695,1.671700514738836,9.791720447328014,0.0,0,-0.1310874528323276,-0.0,0,0
CHL,2008,,,25.91563693006628,9.27642946010548,7.059473251657147,2.216956208448332,3.1222114325089914,3.3262079660895765,3.1183567917760695,1.671700514738836,9.791720447328014,0.0,0,-0.15774641239287535,-0.0,0,0
CHL,2009,,,25.86946820390286,9.220172053882784,7.1116505738887605,2.1085214799940237,3.0641251283456676,3.432400285303658,3.1183567917760695,1.671700514738836,9.791720447328014,0.0,0,-0.21583271655619907,-0.0,0,0
CHL,2010,,,26.103399149920605,9.444057463664135,7.428429341939105,2.0156281217250305,3.4455974293840077,3.5879049501224496,3.1183567917760695,1.671700514738836,9.791720447328014,0.0,0,0.165639584482141,0.0,0,0
CHL,2011,,,26.250241814446575,9.58103408697891,7.576058919459159,2.004975167519751,3.6926348417317656,3.25152285032256,3.1183567917760695,1.671700514738836,9.791720447328014,0.0,0,0.4126769968298989,0.0,0,0
CHL,2012,,,26.310607309342135,9.631803952522098,7.689424962620857,1.9423789899012416,3.802650389767969,3.41722257998835,3.1183567917760695,1.671700514738836,9.791720447328014,0.0,0,0.5226925448661022,0.0,0,0
CHL,2013,,,26.34870838807766,9.660367584428581,7.766212370634288,1.894155213794293,3.688965301176696,3.2200690481697607,3.1183567917760695,1.671700514738836,9.791720447328014,0.0,0,0.4090074562748294,0.0,0,0
CHL,2014,,,26.28225749547159,9.58394850722071,7.8424298457105515,1.7415186615101579,3.8104904279695586,2.8001554533957,3.1183567917760695,1.671700514738836,9.791720447328014,0.0,1,0.5305325830676919,0.5305325830676919,0,0
CHL,2015,,,26.214062808143154,9.505538153004625,7.854601928784033,1.650936224220592,3.456182181968529,2.264166421694144,3.1183567917760695,1.671700514738836,9.791720447328014,0.0,1,0.17622433706666252,0.17622433706666252,0,0
CHL,2016,,,26.242102770885772,9.521483961380758,7.913908812616166,1.6075751487645924,3.855378063499314,2.1808729287286845,3.1183567917760695,1.671700514738836,9.791720447328014,0.0,1,0.5754202185974471,0.5754202185974471,0,0
CHL,2017,,,26.344225459504866,9.607767167421903,7.991629467194556,1.6161377002273474,3.897717615569331,2.268195760962559,3.1183567917760695,1.671700514738836,9.791720447328014,0.0,1,0.6177597706674645,0.6177597706674645,0,0
CHL,2018,,,26.413143969344564,9.658831818775825,8.07785378233981,1.580978036436015,3.545696231250036,2.2446824175897007,3.1183567917760695,1.671700514738836,9.791720447328014,0.0,1,0.26573838634816926,0.26573838634816926,0,0
CHL,2019,,,26.351995826776083,9.58169249668174,8.143488417802308,1.4382040788794317,3.7182248298410014,1.9671565460520368,3.1183567917760695,1.671700514738836,9.791720447328014,0.0,1,0.43826698493913474,0.43826698493913474,0,0
CHL,2020,,,26.26100832961898,9.481740079989581,8.170196839808145,1.311543240181436,4.088500528368325,1.8697585180427776,3.1183567917760695,1.671700514738836,9.791720447328014,0.0,1,0.8085426834664582,0.8085426834664582,0,0
CHL,2021,,,26.477448270732012,9.693765040190545,8.21722085115122,1.4765441890393252,3.834407825671291,1.7918205083718346,3.1183567917760695,1.671700514738836,9.791720447328014,0.0,1,0.5544499807694243,0.5544499807694243,0,0
CHL,2022,,,26.4307057619826,9.642064635526193,8.330308705589859,1.311755929936334,3.5583638106966937,1.8012535508505267,3.1183567917760695,1.671700514738836,9.791720447328014,0.0,1,0.278405965794827,0.278405965794827,0,0
CHL,2023,,,26.539789757156132,9.745752343604009,8.371664569863713,1.3740877737402961,3.6967715518039173,1.7964136001163247,3.1183567917760695,1.671700514738836,9.791720447328014,0.0,1,0.41681370690205055,0.41681370690205055,0,0
CHL,2024,,,26.52011547377941,9.720703805270718,8.458856187822017,1.2618476174487014,3.5215381635955354,1.721739833263064,3.1183567917760695,1.671700514738836,9.791720447328014,0.0,1,0.2415803186936687,0.2415803186936687,0,0
CHN,2006,,,28.65759965460885,7.663528357467109,6.694260831370928,0.9692675260961803,1.6230671398238834,0.1650700451680169,1.8489623672168012,0.6453924585884333,7.887846384630117,1.0,1,-1.6568907050779833,-1.6568907050779833,0,1
CHN,2007,,,28.913080944614517,7.913786928808856,6.830485755686894,1.0833011731219617,1.3691223031513862,0.1129181935609912,1.8489623672168012,0.6453924585884333,7.887846384630117,1.0,1,-1.9108355417504805,-1.9108355417504805,0,1
CHN,2008,,,29.171611806522975,8.167193921400939,7.059473251657147,1.1077206697437916,1.4417156694925077,0.10835758765498103,1.8489623672168012,0.6453924585884333,7.887846384630117,1.0,1,-1.838242175409359,-1.838242175409359,0,1
CHN,2009,,,29.277673325200087,8.268281626069204,7.1116505738887605,1.156631052180443,1.4546866659746063,0.0929251783815657,1.8489623672168012,0.6453924585884333,7.887846384630117,1.0,1,-1.8252711789272604,-1.8252711789272604,0,1
CHN,2010,,,29.454370474549485,8.440149178531815,7.428429341939105,1.01171983659271,1.5232910288541308,0.13939652557701507,1.8489623672168012,0.6453924585884333,7.887846384630117,1.0,1,-1.756666816047736,-1.756666816047736,0,1
CHN,2011,,,29.66856680648276,8.64888093451629,7.576058919459159,1.072822015057131,1.387914720818946,0.13341074315553514,1.8489623672168012,0.6453924585884333,7.887846384630117,1.0,1,-1.8920431240829207,-1.8920431240829207,0,1
CHN,2012,,,29.791312506362353,8.764843179807412,7.689424962620857,1.0754182171865558,1.316553310281302,0.12287061410126116,1.8489623672168012,0.6453924585884333,7.887846384630117,1.0,1,-1.9634045346205646,-1.9634045346205646,0,1
CHN,2013,,,29.907582946755518,8.874452890423676,7.766212370634288,1.1082405197893879,1.266802380869411,0.11539431045707421,1.8489623672168012,0.6453924585884333,7.887846384630117,1.0,1,-2.0131554640324554,-2.0131554640324554,0,1
CHN,2014,,,29.99888194277621,8.95944862254895,7.8424298457105515,1.117018776838398,1.4377512849792615,0.10404432573941659,1.8489623672168012,0.6453924585884333,7.887846384630117,1.0,1,-1.8422065599226052,-1.8422065599226052,0,1
CHN,2015,,,30.05412459232143,9.008876710627593,7.854601928784033,1.1542747818435597,1.902912933463894,0.13946669647661178,1.8489623672168012,0.6453924585884333,7.887846384630117,1.0,1,-1.3770449114379728,-1.3770449114379728,0,1
CHN,2016,,,30.06953682853307,9.018558437778536,7.913908812616166,1.10464962516237,2.406168388944983,0.17660407379326837,1.8489623672168012,0.6453924585884333,7.887846384630117,1.0,1,-0.8737894559568837,-0.8737894559568837,0,1
CHN,2017,,,30.159749980055587,9.102719139166227,7.991629467194556,1.1110896719716719,2.156162833100556,0.11372166703167008,1.8489623672168012,0.6453924585884333,7.887846384630117,1.0,1,-1.123795011801311,-1.123795011801311,0,1
CHN,2018,,,30.280577831647307,9.21887027022332,8.07785378233981,1.14101648788351,2.198636467214969,0.09937070154351275,1.8489623672168012,0.6453924585884333,7.887846384630117,1.0,1,-1.0813213776868977,-1.0813213776868977,0,1
CHN,2019,,,30.309310635367726,9.244055665042044,8.143488417802308,1.100567247239736,2.293939879087757,0.12417692270192292,1.8489623672168012,0.6453924585884333,7.887846384630117,1.0,1,-0.9860179658141095,-0.9860179658141095,0,1
CHN,2020,,,30.3388322329001,9.271196853872112,8.170196839808145,1.1010000140639669,2.148059498673004,0.15417690381868274,1.8489623672168012,0.6453924585884333,7.887846384630117,1.0,1,-1.1318983462288625,-1.1318983462288625,0,1
CHN,2021,,,30.532536041895522,9.464008140867122,8.21722085115122,1.2467872897159022,2.114704867451176,0.1617959348164574,1.8489623672168012,0.6453924585884333,7.887846384630117,1.0,1,-1.1652529774506908,-1.1652529774506908,0,1
CHN,2022,,,30.538837877796663,9.47044097178179,8.330308705589859,1.1401322661919302,1.874281001946344,0.1383117471376936,1.8489623672168012,0.6453924585884333,7.887846384630117,1.0,1,-1.4056768429555226,-1.4056768429555226,0,1
CHN,2023,,,30.536301007448845,9.468942046749863,8.371664569863713,1.0972774768861502,2.5950004660076766,0.20196553533560743,1.8489623672168012,0.6453924585884333,7.887846384630117,1.0,1,-0.6849573788941901,-0.6849573788941901,0,1
CHN,2024,,,30.56112992992396,9.495001603298615,8.458856187822017,1.0361454154765983,2.7424030037324405,0.18947610445978033,1.8489623672168012,0.6453924585884333,7.887846384630117,1.0,1,-0.5375548411694262,-0.5375548411694262,0,1
CIV,2006,,,23.95333530906798,7.115119442709541,6.694260831370928,0.4208586113386126,3.8697248884352575,1.2968951142572325,,,9.403618354000649,0.0,0,0.5897670435333908,0.0,0,0
CIV,2007,,,24.082254532287585,7.22076745143717,6.830485755686894,0.39028169575027594,3.663461486538495,1.2395570189888803,,,9.403618354000649,0.0,0,0.3835036416366284,0.0,0,0
CIV,2008,,,24.251924902986854,7.367690053903486,7.059473251657147,0.3082168022463385,3.578206072852746,1.0392280489004315,,,9.403618354000649,0.0,0,0.29824822795087913,0.0,0,0
CIV,2009,,,24.2462917859872,7.339832415412403,7.1116505738887605,0.22818184152364207,2.6655656755001735,0.5411421013555983,,,9.403618354000649,0.0,0,-0.6143921694016932,-0.0,0,0
CIV,2010,,,24.276792468641048,7.348297186646269,7.428429341939105,0.08013215529283624,3.7747955454171067,0.9758171421969416,,,9.403618354000649,0.0,0,0.49483770051524,0.0,0,0
CIV,2011,,,24.325871209512464,7.3756493507127505,7.576058919459159,0.2004095687464087,3.763106784804592,0.8841172343648868,,,9.403618354000649,0.0,0,0.48314893990272534,0.0,0,0
CIV,2012,,,24.315147016350917,7.344037955635286,7.689424962620857,0.3453870069855709,3.854498377513493,0.6535855432469003,,,9.403618354000649,0.0,0,0.5745405326116262,0.0,0,0
CIV,2013,,,24.47887443021179,7.487822570658096,7.766212370634288,0.27838979997619173,3.290450763855957,0.452029507790031,,,9.403618354000649,0.0,0,0.010492918954090324,0.0,0,0
CIV,2014,,,24.61187702429764,7.596575810196303,7.8424298457105515,0.2458540355142489,3.3476838542513367,0.3567786136989148,,,9.403618354000649,0.0,0,0.06772600934947004,0.0,0,0
CIV,2015,,,24.54787749819268,7.503685666289025,7.854601928784033,0.3509162624950086,3.1626310692196555,0.29273190843392227,,,9.403618354000649,0.0,0,-0.11732677568221117,-0.0,0,0
CIV,2016,,,24.60292598981448,7.529726476879414,7.913908812616166,0.3841823357367513,3.3822524039692436,0.3694918203581514,,,9.403618354000649,0.0,0,0.10229455906737694,0.0,0,0
CIV,2017,,,24.68431410265321,7.582890872101584,7.991629467194556,0.40873859509297183,3.7651655024169464,0.4712205196953783,,,9.403618354000649,0.0,0,0.48520765751507966,0.0,0,0
CIV,2018,,,24.792676753054497,7.664283839799413,8.07785378233981,0.4135699425403967,3.3356992933278313,0.3297064696431428,,,9.403618354000649,0.0,0,0.055741448425964624,0.0,0,0
CIV,2019,,,24.823971701403476,7.669387104030772,8.143488417802308,0.47410131377153597,3.139836010373842,0.399300860327026,,,9.403618354000649,0.0,0,-0.14012183452802462,-0.0,0,0
CIV,2020,,,24.866842573659532,7.686955995933119,8.170196839808145,0.4832408438750262,3.012080049440219,0.44314996449725924,,,9.403618354000649,0.0,0,-0.2678777954616476,-0.0,0,0
CIV,2021,,,25.010908117096914,7.806281665627012,8.21722085115122,0.4109391855242075,2.8466525877336877,0.3023654212988966,,,9.403618354000649,0.0,0,-0.433305257168179,-0.0,0,0
CIV,2022,,,24.984858148350586,7.755069403385334,8.330308705589859,0.5752393022045252,2.398335128525632,0.22226185898493542,,,9.403618354000649,0.0,0,-0.8816227163762349,-0.0,0,0
CIV,2023,,,25.114999116462215,7.860171903377896,8.371664569863713,0.5114926664858164,2.4606146137016913,0.2376484650424975,,,9.403618354000649,0.0,0,-0.8193432312001754,-0.0,0,0
CIV,2024,,,25.190474019912934,7.911284986702227,8.458856187822017,0.5475712011197897,2.722508837679631,0.24764049819958942,,,9.403618354000649,0.0,0,-0.5574490072222358,-0.0,0,0
CMR,2006,,,23.763517882603157,7.082930184112721,6.694260831370928,0.3886693527417924,2.41873664461339,0.2517298188224676,,,9.252399361103047,0.0,0,-0.8612212002884765,-0.0,0,0
CMR,2007,,,23.898325624327523,7.189675143373808,6.830485755686894,0.35918938768691433,2.060819596608379,0.21811876640394967,,,9.252399361103047,0.0,0,-1.2191382482934876,-0.0,0,0
CMR,2008,,,24.04524474457189,7.307968418291184,7.059473251657147,0.24849516663403648,1.7817748128854336,0.2241137364630866,,,9.252399361103047,0.0,0,-1.498183032016433,-0.0,0,0
CMR,2009,,,24.053073559875056,7.287143311327217,7.1116505738887605,0.17549273743845628,1.744879313093864,0.2263675156540914,,,9.252399361103047,0.0,0,-1.5350785318080027,-0.0,0,0
CMR,2010,,,24.03772459790954,7.243217734696508,7.428429341939105,0.18521160724259733,1.6906016360751728,0.23780020077965455,,,9.252399361103047,0.0,0,-1.589356208826694,-0.0,0,0
CMR,2011,,,24.145275482952204,7.322484390031291,7.576058919459159,0.2535745294278682,1.869506586514247,0.3191794417375167,,,9.252399361103047,0.0,0,-1.4104512583876196,-0.0,0,0
CMR,2012,,,24.129618650810652,7.27869708604632,7.689424962620857,0.410727876574537,1.982633901816723,0.3471650179895243,,,9.252399361103047,0.0,0,-1.2973239430851438,-0.0,0,0
CMR,2013,,,24.241612607044,7.362600105177694,7.766212370634288,0.40361226545659434,1.939714587564411,0.3648957165664166,,,9.252399361103047,0.0,0,-1.3402432573374556,-0.0,0,0
CMR,2014,,,24.317464892319506,7.408193170949621,7.8424298457105515,0.4342366747609301,2.113006746197931,0.4189494055046503,,,9.252399361103047,0.0,0,-1.1669510987039358,-0.0,0,0
CMR,2015,,,24.195550034676792,7.254884878703265,7.854601928784033,0.599717050080768,2.2762792244870815,0.5408176514748672,,,9.252399361103047,0.0,0,-1.0036786204147852,-0.0,0,0
CMR,2016,,,24.244150722410033,7.273592243929721,7.913908812616166,0.6403165686864449,2.546847630127581,0.6328081323710651,,,9.252399361103047,0.0,0,-0.7331102147742858,-0.0,0,0
CMR,2017,,,24.30951845308649,7.31060999478726,7.991629467194556,0.6810194724072955,2.6761533710986822,0.6684779405386639,,,9.252399361103047,0.0,0,-0.6038044738031845,-0.0,0,0
CMR,2018,,,24.411033477970044,7.384421920918873,8.07785378233981,0.6934318614209367,2.5315611927085886,0.708481655537636,,,9.252399361103047,0.0,0,-0.7483966521932781,-0.0,0,0
CMR,2019,,,24.40380454170895,7.3493765405330835,8.143488417802308,0.7941118772692244,2.6770774350274067,0.9035761689474753,,,9.252399361103047,0.0,0,-0.60288040987446,-0.0,0,0
CMR,2020,,,24.431291849686872,7.3496189850297755,8.170196839808145,0.82057785477837,2.8050873947777033,0.9514499921047213,,,9.252399361103047,0.0,0,-0.4748704501241634,-0.0,0,0
CMR,2021,,,24.53019356591189,7.421971093596723,8.21722085115122,0.7952497575544966,2.652618484143713,0.8898982162472896,,,9.252399361103047,0.0,0,-0.6273393607581537,-0.0,0,0
CMR,2022,,,24.515315546480867,7.380802565069575,8.330308705589859,0.9495061405202838,2.735844040234685,0.926632843143702,,,9.252399361103047,0.0,0,-0.5441138046671816,-0.0,0,0
CMR,2023,,,24.611293268518576,7.450355753493796,8.371664569863713,0.9213088163699164,2.653444845676027,0.8425317671151721,,,9.252399361103047,0.0,0,-0.6265129992258398,-0.0,0,0
CMR,2024,,,24.69914014593607,7.512075801479336,8.458856187822017,0.9467803863426809,2.5670730730768105,0.8439495769913977,,,9.252399361103047,0.0,0,-0.7128847718250562,-0.0,0,0
COD,2006,,,23.463075945825224,5.543008020984117,6.694260831370928,1.1512528103868114,3.6575712468605857,1.6985935632626648,,,9.19172049295742,0.0,0,0.37761340195871895,0.0,0,0
COD,2007,,,23.634246420632383,5.683925337297399,6.830485755686894,1.1465604183894946,3.4851419442047677,1.627538687192592,,,9.19172049295742,0.0,0,0.20518409930290105,0.0,0,0
COD,2008,,,23.84666497197628,5.866185760354809,7.059473251657147,1.1932874913023381,3.464222407843816,1.5519861475900678,,,9.19172049295742,0.0,0,0.18426456294194926,0.0,0,0
COD,2009,,,23.646817636173363,5.635428652632895,7.1116505738887605,1.4762219212558652,3.323158348799654,1.4489818649100557,,,9.19172049295742,0.0,0,0.04320050389778718,0.0,0,0
COD,2010,,,23.90803216842537,5.864768025601373,7.428429341939105,1.5636613163377318,3.8818963230425227,1.6646424866773426,,,9.19172049295742,0.0,0,0.601938478140656,0.0,0,0
COD,2011,,,23.996341155498126,5.92027535621509,7.576058919459159,1.6557835632440696,3.9657324404257324,1.763239776446456,,,9.19172049295742,0.0,0,0.6857745955238657,0.0,0,0
COD,2012,,,24.125441737327325,6.015989889084487,7.689424962620857,1.6734350735363694,4.195761886141159,1.6360135482275286,,,9.19172049295742,0.0,0,0.915804041239292,0.0,0,0
COD,2013,,,24.275500174691253,6.132031241518356,7.766212370634288,1.634181129115932,3.755601067721895,1.4976583819470994,,,9.19172049295742,0.0,0,0.47564322282002847,0.0,0,0
COD,2014,,,24.370098081501492,6.19272224499501,7.8424298457105515,1.6497076007155416,3.879794453531762,1.740367759096041,,,9.19172049295742,0.0,0,0.5998366086298952,0.0,0,0
COD,2015,,,24.416624606190094,6.206226335413076,7.854601928784033,1.6483755933709574,3.8635005345279194,1.8381499064234916,,,9.19172049295742,0.0,0,0.5835426896260527,0.0,0,0
COD,2016,,,24.376523922065424,6.1307155689645825,7.913908812616166,1.7831932436515832,3.857979120634819,1.9786007212578485,,,9.19172049295742,0.0,0,0.5780212757329521,0.0,0,0
COD,2017,,,24.34860684476201,6.066230029603368,7.991629467194556,1.9253994375911878,4.09372839072087,2.1052334537475215,,,9.19172049295742,0.0,0,0.8137705458190037,0.0,0,0
COD,2018,,,24.56615211966622,6.250302653664887,8.07785378233981,1.8275511286749229,3.5643337889509663,1.7955090516308603,,,9.19172049295742,0.0,0,0.2843759440490996,0.0,0,0
COD,2019,,,24.570129335932894,6.222584584351987,8.143488417802308,1.9209038334503212,3.5317756594942664,1.802347519345366,,,9.19172049295742,0.0,0,0.2518178145923997,0.0,0,0
COD,2020,,,24.566838461189956,6.187083904685741,8.170196839808145,1.9831129351224046,3.825673393536948,1.9789303618786496,,,9.19172049295742,0.0,0,0.5457155486350813,0.0,0,0
COD,2021,,,24.801943132220597,6.389809490906777,8.21722085115122,1.8274113602444428,3.6212245628084534,1.7304874441143403,,,9.19172049295742,0.0,0,0.3412667179065867,0.0,0,0
COD,2022,,,24.977776466537,6.533408805780686,8.330308705589859,1.7968998998091728,3.5829285506836324,1.8537087260469585,,,9.19172049295742,0.0,0,0.30297070578176566,0.0,0,0
COD,2023,,,24.96952508710367,6.492561074917365,8.371664569863713,1.8791034949463477,3.5412596205694533,1.8243440645607893,,,9.19172049295742,0.0,0,0.2613017756675866,0.0,0,0
COD,2024,,,25.050257661551043,6.540867886606065,8.458856187822017,1.917988301215951,3.721626577020251,1.9488050016917915,,,9.19172049295742,0.0,0,0.4416687321183841,0.0,0,0
COG,2006,,,22.811704907820065,7.651396950578692,6.694260831370928,0.9571361192077639,2.3346117577029775,0.5999129624611395,,,9.250955305060698,0.0,0,-0.9453460871988892,-0.0,0,0
COG,2007,,,22.896050105707527,7.699149694081825,6.830485755686894,0.8686639383949313,2.0220250596626155,0.5639966168897693,,,9.250955305060698,0.0,0,-1.2579327852392512,-0.0,0,0
COG,2008,,,23.1785598000117,7.948770861695433,7.059473251657147,0.8892976100382857,1.8632976554104028,0.5473232819983119,,,9.250955305060698,0.0,0,-1.4166601894914639,-0.0,0,0
COG,2009,,,22.997790895256564,7.728042555166016,7.1116505738887605,0.6163919812772551,1.9241265691891851,0.49508176421470734,,,9.250955305060698,0.0,0,-1.3558312757126816,-0.0,0,0
COG,2010,,,23.299565627036927,7.988392981897728,7.428429341939105,0.5599636399586227,2.0252407316076493,0.45027851234151645,,,9.250955305060698,0.0,0,-1.2547171132942174,-0.0,0,0
COG,2011,,,23.474080693286734,8.130402149954334,7.576058919459159,0.5543432304951743,2.0840819837596714,0.48680162839022906,,,9.250955305060698,0.0,0,-1.1958758611421954,-0.0,0,0
COG,2012,,,23.596429904573746,8.22478727869983,7.689424962620857,0.5353623160789738,2.076637089011461,0.43934115311746,,,9.250955305060698,0.0,0,-1.2033207558904055,-0.0,0,0
COG,2013,,,23.611341666720353,8.21538976264776,7.766212370634288,0.44917739201347207,2.1421534730094534,0.43268936775746775,,,9.250955305060698,0.0,0,-1.1378043718924133,-0.0,0,0
COG,2014,,,23.609145357504755,8.189032560150018,7.8424298457105515,0.34660271443946655,2.2088809019563453,0.5340784224405476,,,9.250955305060698,0.0,0,-1.0710769429455214,-0.0,0,0
COG,2015,,,23.24376433725351,7.799487665806785,7.854601928784033,0.05511426297724853,2.0533731375011017,0.6006827463006208,,,9.250955305060698,0.0,0,-1.226584707400765,-0.0,0,0
COG,2016,,,23.11489864601132,7.646404980371864,7.913908812616166,0.2675038322443015,2.173615983991952,0.6786259644023636,,,9.250955305060698,0.0,0,-1.1063418609099145,-0.0,0,0
COG,2017,,,23.194282553307588,7.701486480325731,7.991629467194556,0.29014298686882434,2.451604958826234,0.7517121493993811,,,9.250955305060698,0.0,0,-0.8283528860756326,-0.0,0,0
COG,2018,,,23.41612796691102,7.898943491691299,8.07785378233981,0.17891029064851072,2.1339518509982454,0.7161018383948967,,,9.250955305060698,0.0,0,-1.1460059939036213,-0.0,0,0
COG,2019,,,23.36065304267918,7.819405125487231,8.143488417802308,0.32408329231507693,1.937029190369902,0.7905130480957879,,,9.250955305060698,0.0,0,-1.3429286545319647,-0.0,0,0
COG,2020,,,23.162886329456544,7.597690643142918,8.170196839808145,0.5725061966652278,2.211807482456873,0.9290055754365377,,,9.250955305060698,0.0,0,-1.0681503624449937,-0.0,0,0
COG,2021,,,23.41962733797516,7.830490222829694,8.21722085115122,0.3867306283215255,2.152688452855128,0.7747148445071623,,,9.250955305060698,0.0,0,-1.1272693920467387,-0.0,0,0
COG,2022,,,23.48435305439962,7.871249409225721,8.330308705589859,0.45905929636413845,2.052763863217114,0.6891647414540717,,,9.250955305060698,0.0,0,-1.2271939816847528,-0.0,0,0
COG,2023,,,23.452493916802972,7.8151983678206465,8.371664569863713,0.5564662020430662,1.8850603077976427,0.6565845174991266,,,9.250955305060698,0.0,0,-1.394897537104224,-0.0,0,0
COG,2024,,,23.478198738237563,7.81692028097681,8.458856187822017,0.6419359068452062,2.0101299160691215,0.7140985449141529,,,9.250955305060698,0.0,0,-1.2698279288327452,-0.0,0,0
COK,2006,,,,,6.694260831370928,,,,,,9.2988932269446,0.0,0,,,1,0
COK,2007,,,,,6.830485755686894,,,,,,9.2988932269446,0.0,0,,,1,0
COK,2008,,,,,7.059473251657147,,,,,,9.2988932269446,0.0,0,,,1,0
COK,2009,,,,,7.1116505738887605,,3.340332598755953,0.6588001956736966,,,9.2988932269446,0.0,0,0.060374753854086194,0.0,1,0
COK,2010,,,,,7.428429341939105,,3.846541765648433,0.7344581763848628,,,9.2988932269446,0.0,0,0.5665839207465662,0.0,1,0
COK,2011,,,,,7.576058919459159,,3.6994571032538994,0.674178153248269,,,9.2988932269446,0.0,0,0.4194992583520327,0.0,1,0
COK,2012,,,,,7.689424962620857,,4.400568046840213,0.6673556065929053,,,9.2988932269446,0.0,0,1.1206102019383466,0.0,1,0
COK,2013,,,,,7.766212370634288,,4.291155167257767,0.6322302807055599,,,9.2988932269446,0.0,0,1.0111973223558999,0.0,1,0
COK,2014,,,,,7.8424298457105515,,4.806353895102771,0.8179381614452806,,,9.2988932269446,0.0,0,1.5263960502009044,0.0,1,0
COK,2015,,,,,7.854601928784033,,,,,,9.2988932269446,0.0,0,,,1,0
COK,2016,,,,,7.913908812616166,,,,,,9.2988932269446,0.0,0,,,1,0
COK,2017,,,,,7.991629467194556,,,,,,9.2988932269446,0.0,0,,,1,0
COK,2018,,,,,8.07785378233981,,,,,,9.2988932269446,0.0,0,,,1,0
COK,2019,,,,,8.143488417802308,,,,,,9.2988932269446,0.0,0,,,1,0
COK,2020,,,,,8.170196839808145,,,,,,9.2988932269446,0.0,0,,,1,0
COK,2021,,,,,8.21722085115122,,,,,,9.2988932269446,0.0,0,,,1,0
COK,2022,,,,,8.330308705589859,,3.2277737097768244,1.139845030281793,,,9.2988932269446,0.0,0,-0.052184135125042275,-0.0,1,0
COK,2023,,,,,8.371664569863713,,3.3916499289890374,1.2748438500479924,,,9.2988932269446,0.0,0,0.11169208408717068,0.0,1,0
COK,2024,,,,,8.458856187822017,,3.0889930556633707,1.1873992177247257,,,9.2988932269446,0.0,0,-0.19096478923849602,-0.0,1,0
COL,2006,,,25.809583323348644,8.240082672573331,6.694260831370928,1.545821841202403,4.415633428156113,1.0430597088953408,3.4987168319550563,2.444386026635565,9.785868878371655,0.0,0,1.1356755832542462,0.0,0,0
COL,2007,,,26.05225566173221,8.470086100993974,6.830485755686894,1.6396003453070804,3.7297305551768107,0.8058135831882195,3.4987168319550563,2.444386026635565,9.785868878371655,0.0,0,0.44977271027494403,0.0,0,0
COL,2008,,,26.214284662529774,8.620081186310896,7.059473251657147,1.5606079346537491,3.787145181144658,0.8182359917177942,3.4987168319550563,2.444386026635565,9.785868878371655,0.0,0,0.5071873362427914,0.0,0,0
COL,2009,,,26.172021270565544,8.566168657337226,7.1116505738887605,1.4545180834484652,3.8132984533347245,0.8379153907720654,3.4987168319550563,2.444386026635565,9.785868878371655,0.0,0,0.5333406084328578,0.0,0,0
COL,2010,,,26.380999256491126,8.763786959626445,7.428429341939105,1.3353576176873405,3.481201812766632,0.7004291648046074,3.4987168319550563,2.444386026635565,9.785868878371655,0.0,0,0.2012439678647655,0.0,0,0
COL,2011,,,26.53729527352686,8.90936960389555,7.576058919459159,1.3333106844363911,3.635141658114538,0.6748995278054473,3.4987168319550563,2.444386026635565,9.785868878371655,0.0,0,0.35518381321267123,0.0,0,0
COL,2012,,,26.63863505423077,9.00068030633393,7.689424962620857,1.3112553437130732,3.998159533463198,0.7812418769887031,3.4987168319550563,2.444386026635565,9.785868878371655,0.0,0,0.7182016885613312,0.0,0,0
COL,2013,,,26.668931695784764,9.021489854600409,7.766212370634288,1.255277483966121,3.785195575342625,0.7167612633858211,3.4987168319550563,2.444386026635565,9.785868878371655,0.0,0,0.5052377304407583,0.0,0,0
COL,2014,,,26.666697202410198,9.010328245586576,7.8424298457105515,1.1678983998760248,3.9648917200115603,0.5433698082542223,3.4987168319550563,2.444386026635565,9.785868878371655,0.0,0,0.6849338751096936,0.0,0,0
COL,2015,,,26.405117479941964,8.740099099350715,7.854601928784033,0.8854971705666816,3.9504497293875986,0.525172591700391,3.4987168319550563,2.444386026635565,9.785868878371655,0.0,0,0.6704918844857319,0.0,0,0
COL,2016,,,26.36772320023699,8.692799334152472,7.913908812616166,0.7788905215363062,3.9674080725318714,0.544404949912949,3.4987168319550563,2.444386026635565,9.785868878371655,0.0,0,0.6874502276300047,0.0,0,0
COL,2017,,,26.465842251511656,8.77640361281022,7.991629467194556,0.7847741456156649,3.8834573808194786,0.5310196921963556,3.4987168319550563,2.444386026635565,9.785868878371655,0.0,0,0.6034995359176119,0.0,0,0
COL,2018,,,26.53500012125111,8.827170104063562,8.07785378233981,0.749316321723752,3.8781538469641776,0.43045291376717887,3.4987168319550563,2.444386026635565,9.785868878371655,0.0,0,0.5981960020623109,0.0,0,0
COL,2019,,,26.50101630146092,8.77532473350093,8.143488417802308,0.6318363156986226,4.170371345165117,0.5368615588253934,3.4987168319550563,2.444386026635565,9.785868878371655,0.0,0,0.8904135002632505,0.0,0,0
COL,2020,,,26.322977121967636,8.582922337274953,8.170196839808145,0.4127254974668073,3.8075117626831534,0.4741817608050621,3.4987168319550563,2.444386026635565,9.785868878371655,0.0,0,0.5275539177812867,0.0,0,0
COL,2021,,,26.48696565033496,8.735946583102677,8.21722085115122,0.5187257319514575,4.144783611099875,0.5518989720339674,3.4987168319550563,2.444386026635565,9.785868878371655,0.0,0,0.8648257661980083,0.0,0,0
COL,2022,,,26.56864188812422,8.806939891338876,8.330308705589859,0.4766311857490173,3.8548452743471344,0.5140530170542755,3.4987168319550563,2.444386026635565,9.785868878371655,0.0,0,0.5748874294452677,0.0,0,0
COL,2023,,,26.628359648219394,8.855448364999955,8.371664569863713,0.48378379513624203,3.8813060962354133,0.4944670255560831,3.4987168319550563,2.444386026635565,9.785868878371655,0.0,0,0.6013482513335466,0.0,0,0
COL,2024,,,26.76471990761713,8.981063832301487,8.458856187822017,0.5222076444794705,3.8730844601428194,0.4632001911391285,3.4987168319550563,2.444386026635565,9.785868878371655,0.0,0,0.5931266152409527,0.0,0,0
COM,2006,,,20.350023903019242,7.0374485138316984,6.694260831370928,0.34318768246077,4.387508139541776,0.6341342185287117,,,8.928991403022433,0.0,0,1.1075502946399092,0.0,0,0
COM,2007,,,20.49469904750844,7.162193066045255,6.830485755686894,0.331707310358361,4.094023820604003,0.7650944818213218,,,8.928991403022433,0.0,0,0.8140659757021367,0.0,0,0
COM,2008,,,20.6351547004966,7.282780207572918,7.059473251657147,0.22330695591577054,3.8639324087771563,0.8228171782452464,,,8.928991403022433,0.0,0,0.5839745638752896,0.0,0,0
COM,2009,,,20.623822417037957,7.251561392290802,7.1116505738887605,0.13991081840204167,3.737585515238182,0.7419335812969389,,,8.928991403022433,0.0,0,0.45762767033631535,0.0,0,0
COM,2010,,,20.626732300207593,7.234592198620315,7.428429341939105,0.19383714331878998,3.7516270962555334,0.6471518814292854,,,8.928991403022433,0.0,0,0.47166925135366666,0.0,0,0
COM,2011,,,20.746090829237293,7.333963547896911,7.576058919459159,0.24209537156224847,4.082573287859103,0.7048981553415977,,,8.928991403022433,0.0,0,0.8026154429572361,0.0,0,0
COM,2012,,,20.73898455472272,7.306742287109562,7.689424962620857,0.38268267551129487,3.960680875565277,0.5797278060189838,,,8.928991403022433,0.0,0,0.6807230306634104,0.0,0,0
COM,2013,,,20.833216597619906,7.379835834277329,7.766212370634288,0.3863765363569591,3.5198129198574613,0.5234364243660033,,,8.928991403022433,0.0,0,0.23985507495559455,0.0,0,0
COM,2014,,,20.86266907331381,7.387534160366523,7.8424298457105515,0.45489568534402824,3.413809801301473,0.5974437619100357,,,8.928991403022433,0.0,0,0.13385195639960612,0.0,0,0
COM,2015,,,20.688705034421833,7.192460787629863,7.854601928784033,0.6621411411541702,3.4075242798887144,0.655861854709389,,,8.928991403022433,0.0,0,0.12756643498684772,0.0,0,0
COM,2016,,,20.736019653362224,7.219264248750914,7.913908812616166,0.6946445638652516,3.2085733738753435,0.6358954631599554,,,8.928991403022433,0.0,0,-0.07138447102652323,-0.0,0,0
COM,2017,,,20.797853468026013,7.261172283540853,7.991629467194556,0.7304571836537024,3.225716013350333,0.6564059208779315,,,8.928991403022433,0.0,0,-0.054241831551533615,-0.0,0,0
COM,2018,,,20.896208086388658,7.339999486541877,8.07785378233981,0.7378542957979333,2.9373642014119477,0.6458438027272146,,,8.928991403022433,0.0,0,-0.34259364348991905,-0.0,0,0
COM,2019,,,20.901428366883426,7.325981196766604,8.143488417802308,0.8175072210357035,2.1652427726642878,0.7219987112293214,,,8.928991403022433,0.0,0,-1.114715072237579,-0.0,0,0
COM,2020,,,20.926238677664596,7.3311715695715245,8.170196839808145,0.839025270236621,2.2731118463924185,0.8372746745796014,,,8.928991403022433,0.0,0,-1.0068459985094482,-0.0,0,0
COM,2021,,,20.984890837627884,7.370060530726971,8.21722085115122,0.8471603204242486,2.425425429721619,0.8735050892729048,,,8.928991403022433,0.0,0,-0.8545324151802478,-0.0,0,0
COM,2022,,,20.96976823291962,7.335554157317665,8.330308705589859,0.9947545482721942,2.09404160736336,0.7475912604685466,,,8.928991403022433,0.0,0,-1.1859162375385068,-0.0,0,0
COM,2023,,,21.10578821813476,7.452341399165533,8.371664569863713,0.9193231706981795,1.83300468457886,0.6152695436045361,,,8.928991403022433,0.0,0,-1.4469531603230068,-0.0,0,0
COM,2024,,,21.19955137379548,7.5271862758517925,8.458856187822017,0.9316699119702241,1.9548697772895949,0.5877276398216947,,,8.928991403022433,0.0,0,-1.3250880676122718,-0.0,0,0
CPV,2006,,,20.825435579613536,7.721790297822534,6.694260831370928,1.0275294664516057,4.1567077564403805,1.623283460764477,,,9.52305914415503,0.0,0,0.8767499115385138,0.0,0,0
CPV,2007,,,21.223811849266284,8.109097652393574,6.830485755686894,1.2786118967066802,3.9051109491391123,1.6885305722870037,,,9.52305914415503,0.0,0,0.6251531042372456,0.0,0,0
CPV,2008,,,21.39601674467858,8.270947032703532,7.059473251657147,1.2114737810463847,3.650491908302302,1.685006682690054,,,9.52305914415503,0.0,0,0.37053406340043527,0.0,0,0
CPV,2009,,,21.339712612996166,8.205142047417487,7.1116505738887605,1.0934914735287267,3.5070098670657455,1.6652497814785547,,,9.52305914415503,0.0,0,0.22705202216387876,0.0,0,0
CPV,2010,,,21.32470963275086,8.18296724717603,7.428429341939105,0.7545379052369254,3.667476431909299,1.7017446513317778,,,9.52305914415503,0.0,0,0.38751858700743247,0.0,0,0
CPV,2011,,,21.439552222818826,8.294552980626891,7.576058919459159,0.718494061167732,3.8881983201841446,1.67387974884189,,,9.52305914415503,0.0,0,0.6082404752822779,0.0,0,0
CPV,2012,,,21.371980978366572,8.225988968832535,7.689424962620857,0.5365640062116785,3.961271140498003,1.6692325337800222,,,9.52305914415503,0.0,0,0.6813132955961363,0.0,0,0
CPV,2013,,,21.4307649910423,8.284245730426901,7.766212370634288,0.5180333597926134,3.8259220300399623,1.4819824692715589,,,9.52305914415503,0.0,0,0.5459641851380956,0.0,0,0
CPV,2014,,,21.437161337410853,8.290444917258588,7.8424298457105515,0.44801507154803666,3.664069973284833,1.3572332988170575,,,9.52305914415503,0.0,0,0.3841121283829665,0.0,0,0
CPV,2015,,,21.282800261773826,8.13595112243954,7.854601928784033,0.28134919365550637,3.6705025828136586,1.29975324395714,,,9.52305914415503,0.0,0,0.3905447379117919,0.0,0,0
CPV,2016,,,21.338337948509245,8.191176598211477,7.913908812616166,0.2772677855953116,3.7846489381013027,1.1960728208860907,,,9.52305914415503,0.0,0,0.504691093199436,0.0,0,0
CPV,2017,,,21.41478245884326,8.266959933443609,7.991629467194556,0.275330466249053,3.8742658533197845,1.2964444024788022,,,9.52305914415503,0.0,0,0.5943080084179178,0.0,0,0
CPV,2018,,,21.514038472718116,8.36519870874094,8.07785378233981,0.2873449264011292,3.8231735622989436,1.4312133069023707,,,9.52305914415503,0.0,0,0.5432157173970769,0.0,0,0
CPV,2019,,,21.535163196139838,8.384982337539077,8.143488417802308,0.2414939197367687,3.4160006721325606,1.3036512170163161,,,9.52305914415503,0.0,0,0.13604282723069394,0.0,0,0
CPV,2020,,,21.32296219555173,8.171663511209541,8.170196839808145,0.0014666714013955584,3.3732515681666584,1.236549822541309,,,9.52305914415503,0.0,0,0.09329372326479168,0.0,0,0
CPV,2021,,,21.44200406477627,8.286885058681952,8.21722085115122,0.06966420753073166,3.785302822283607,1.1861824415269508,,,9.52305914415503,0.0,0,0.5053449773817404,0.0,0,0
CPV,2022,,,21.532863318507385,8.371777428954365,8.330308705589859,0.04146872336450613,3.35977523284597,1.169848335985192,,,9.52305914415503,0.0,0,0.07981738794410331,0.0,0,0
CPV,2023,,,21.641365147360265,8.475308381834846,8.371664569863713,0.10364381197113381,3.562861465887086,1.2363085791914599,,,9.52305914415503,0.0,0,0.2829036209852194,0.0,0,0
CPV,2024,,,21.72158690872678,8.550667680316492,8.458856187822017,0.09181149249447529,3.626480721396044,1.2548081144794387,,,9.52305914415503,0.0,0,0.34652287649417746,0.0,0,0
CRI,2006,,,23.846315123781444,8.567239026473445,6.694260831370928,1.8729781951025162,3.3184735678504804,1.6144059128002155,,,9.745213131764677,0.0,0,0.03851572294861372,0.0,1,0
CRI,2007,,,24.014823214091535,8.722207312337249,6.830485755686894,1.8917215566503547,3.1442017600915957,1.5946242785377087,,,9.745213131764677,0.0,0,-0.13575608481027102,-0.0,1,0
CRI,2008,,,24.150837203998393,8.844659657056912,7.059473251657147,1.7851864053997648,3.202921732140581,1.6398857297132035,,,9.745213131764677,0.0,0,-0.07703611276128575,-0.0,1,0
CRI,2009,,,24.149016446997475,8.829474937779947,7.1116505738887605,1.7178243638911868,3.136811513659128,1.7856041272682541,,,9.745213131764677,0.0,0,-0.1431463312427388,-0.0,1,0
CRI,2010,,,24.35182763527607,9.019880372411336,7.428429341939105,1.5914510304722311,3.2802376614840503,1.9919212351019124,,,9.745213131764677,0.0,0,0.0002798165821835674,0.0,1,0
CRI,2011,,,24.478930048105735,9.135227859385596,7.576058919459159,1.5591689399264368,3.657893733318224,1.7008670444037763,,,9.745213131764677,0.0,0,0.3779358884163573,0.0,1,0
CRI,2012,,,24.578330171961106,9.222960315992161,7.689424962620857,1.5335353533713043,3.908679306333397,1.8787335245233818,,,9.745213131764677,0.0,0,0.6287214614315304,0.0,1,0
CRI,2013,,,24.65410409537385,9.287601384736778,7.766212370634288,1.52138901410249,3.9112287947539173,1.8005374182480842,,,9.745213131764677,0.0,0,0.6312709498520506,0.0,1,0
CRI,2014,,,24.674825059908486,9.297572362743816,7.8424298457105515,1.4551425170332646,4.037557686152711,1.6876913571205323,,,9.745213131764677,0.0,0,0.7575998412508445,0.0,1,0
CRI,2015,,,24.756477997519575,9.368600648303643,7.854601928784033,1.5139987195196092,4.236750499326994,1.551451315695022,,,9.745213131764677,0.0,0,0.9567926544251271,0.0,1,0
CRI,2016,,,24.798207025149775,9.400219147265025,7.913908812616166,1.4863103346488593,4.636904718631363,1.494677631695561,,,9.745213131764677,0.0,0,1.356946873729496,0.0,1,0
CRI,2017,,,24.82617436782776,9.418743030458433,7.991629467194556,1.4271135632638776,4.277330008577716,1.5449113201340883,,,9.745213131764677,0.0,0,0.9973721636758497,0.0,1,0
CRI,2018,,,24.859516061448968,9.443039778895606,8.07785378233981,1.3651859965557964,4.419940688084882,1.5696790143815749,,,9.745213131764677,0.0,0,1.1399828431830152,0.0,1,0
CRI,2019,,,24.893853663165764,9.468994596763809,8.143488417802308,1.3255061789615006,4.182669000356437,1.492308619922641,,,9.745213131764677,0.0,0,0.9027111554545706,0.0,1,0
CRI,2020,,,24.863325865975188,9.431536845578764,8.170196839808145,1.2613400057706183,4.241785766290959,1.5966473568934731,,,9.745213131764677,0.0,0,0.9618279213890921,0.0,1,0
CRI,2021,,,24.90667290262771,9.469798232908374,8.21722085115122,1.2525773817571544,4.129510301162009,1.502165435560574,,,9.745213131764677,0.0,0,0.8495524562601422,0.0,1,0
CRI,2022,,,24.98596298652589,9.544793786369972,8.330308705589859,1.214485080780113,3.8095055453317994,1.5334629147916183,,,9.745213131764677,0.0,0,0.5295477004299327,0.0,1,0
CRI,2023,,,25.195049043376468,9.749215198730674,8.371664569863713,1.3775506288669614,3.539744068160137,1.574444556867192,,,9.745213131764677,0.0,0,0.25978622325827017,0.0,1,0
CRI,2024,,,25.2950410084368,9.844442335303391,8.458856187822017,1.3855861474813747,3.6092210042903634,1.4948855652791506,,,9.745213131764677,0.0,0,0.3292631593884967,0.0,1,0
CUB,2006,,,24.611732065959462,8.373318816287323,6.694260831370928,1.679057984916395,4.630320501499323,0.37020613780624273,,,9.676057954231055,0.0,0,1.3503626565974565,0.0,0,0
CUB,2007,,,24.717106043079728,8.477919765911908,6.830485755686894,1.6474340102250142,4.099730993490051,0.33682365695461397,,,9.676057954231055,0.0,0,0.8197731485881845,0.0,0,0
CUB,2008,,,24.75399819783544,8.514414206570622,7.059473251657147,1.454940954913475,4.226698591989919,0.3586917522636741,,,9.676057954231055,0.0,0,0.9467407470880524,0.0,0,0
CUB,2009,,,24.774728671685246,8.534882842375193,7.1116505738887605,1.4232322684864327,3.890789752009078,0.3153288549972766,,,9.676057954231055,0.0,0,0.6108319071072112,0.0,0,0
CUB,2010,,,24.81029979105613,8.570215825700398,7.428429341939105,1.141786483761293,4.3800365326143575,0.3957196312011255,,,9.676057954231055,0.0,0,1.1000786877124908,0.0,0,0
CUB,2011,,,24.95722740350443,8.716775102936483,7.576058919459159,1.1407161834773234,4.452725817295578,0.3775343115860818,,,9.676057954231055,0.0,0,1.1727679723937112,0.0,0,0
CUB,2012,,,25.01565492198326,8.77506070431501,7.689424962620857,1.0856357416941531,4.05112195116587,0.26334036670825894,,,9.676057954231055,0.0,0,0.7711641062640031,0.0,0,0
CUB,2013,,,25.06899149189396,8.828840433758625,7.766212370634288,1.062628063124337,3.4760451030181705,0.21734872295412266,,,9.676057954231055,0.0,0,0.1960872581163038,0.0,0,0
CUB,2014,,,25.113460274119284,8.874406633010937,7.8424298457105515,1.0319767873003851,3.1323361376986383,0.2426452038865987,,,9.676057954231055,0.0,0,-0.14762170720322842,-0.0,0,0
CUB,2015,,,25.190699228562163,8.952595020259022,7.854601928784033,1.0979930914749882,3.750959494492826,0.27192376362445564,,,9.676057954231055,0.0,0,0.47100164959095947,0.0,0,0
CUB,2016,,,25.238187498213147,9.000922040277104,7.913908812616166,1.0870132276609379,3.493275363846053,0.26252687233970096,,,9.676057954231055,0.0,0,0.21331751894418627,0.0,0,0
CUB,2017,,,25.296435935088738,9.06075024487442,7.991629467194556,1.0691207776798644,3.656045396035119,0.27086323856557887,,,9.676057954231055,0.0,0,0.37608755113325243,0.0,0,0
CUB,2018,,,25.32893625879568,9.095093599033225,8.07785378233981,1.0172398166934151,3.7576693643790615,0.324860445550578,,,9.676057954231055,0.0,0,0.4777115194771948,0.0,0,0
CUB,2019,,,25.362137687967515,9.130459276839085,8.143488417802308,0.9869708590367772,3.2223931016941054,0.2754149324564708,,,9.676057954231055,0.0,0,-0.05756474320776128,-0.0,0,0
CUB,2020,,,25.399378991745067,9.17006813730988,8.170196839808145,0.9998712975017341,3.06291623233701,0.26530616936801904,,,9.676057954231055,0.0,0,-0.21704161256485666,-0.0,0,0
CUB,2021,,,,,8.21722085115122,,2.638718522616697,0.18029308824318915,,,9.676057954231055,0.0,0,-0.6412393222851698,-0.0,0,0
CUB,2022,,,,,8.330308705589859,,2.7586683418664046,0.16255759485460106,,,9.676057954231055,0.0,0,-0.5212895030354621,-0.0,0,0
CUB,2023,,,,,8.371664569863713,,3.3119158638717354,0.19490877554234917,,,9.676057954231055,0.0,0,0.03195801896986872,0.0,0,0
CUB,2024,,,,,8.458856187822017,,3.2519735293031133,0.29503105018650183,,,9.676057954231055,0.0,0,-0.027984315598753362,-0.0,0,0
CUW,2006,,,21.622443667558123,9.764234897688127,6.694260831370928,3.069974066317198,,,,,,,0,,,1,0
CUW,2007,,,21.676401966367077,9.798444574517733,6.830485755686894,2.967958818830839,,,,,,,0,,,1,0
CUW,2008,,,21.7647701147107,9.874230469788081,7.059473251657147,2.814757218130934,,,,,,,0,,,1,0
CUW,2009,,,21.777282765464705,9.880231599924581,7.1116505738887605,2.768581026035821,,,,,,,0,,,1,0
CUW,2010,,,21.80552608790142,9.895819780807992,7.428429341939105,2.467390438868887,,,,,,,0,,,1,0
CUW,2011,,,21.79829973887817,9.874384455157076,7.576058919459159,2.2983255356979164,,,,,,,0,,,1,0
CUW,2012,,,21.82614775010942,9.893933170437956,7.689424962620857,2.204508207817099,,,,,,,0,,,1,0
CUW,2013,,,21.833005520337966,9.889454151601075,7.766212370634288,2.1232417809667874,,,,,,,0,,,1,0
CUW,2014,,,21.84148693780304,9.884459155109782,7.8424298457105515,2.042029309399231,,,,,,,0,,,1,0
CUW,2015,,,21.841281724903432,9.871058003185025,7.854601928784033,2.016456074400992,,,,,,,0,,,1,0
CUW,2016,,,21.830074499248905,9.849247613124811,7.913908812616166,1.9353388005086458,,,,,,,0,,,1,0
CUW,2017,,,21.83296089759612,9.8489386510889,7.991629467194556,1.857309183894345,,,,,,,0,,,1,0
CUW,2018,,,21.837214849339798,9.858444390272698,8.07785378233981,1.7805906079328881,,,,,,,0,,,1,0
CUW,2019,,,21.830548473968932,9.863742410077009,8.143488417802308,1.720253992274701,,,,,,,0,,,1,0
CUW,2020,,,21.6531941913754,9.698908943101184,8.170196839808145,1.5287121032930386,,,,,,,0,,,1,0
CUW,2021,,,21.731075701693957,9.786705539656616,8.21722085115122,1.569484688505396,,,,,,,0,,,1,0
CUW,2022,,,21.846629545577763,9.906340503798253,8.330308705589859,1.576031798208394,,,,,,,0,,,1,0
CUW,2023,,,21.911541888186857,9.962596245552005,8.371664569863713,1.5909316756882923,,,,,,,0,,,1,0
CUW,2024,,,21.99335728556423,10.035957560171513,8.458856187822017,1.577101372349496,,,,,,,0,,,1,0
CXR,2006,,,,,6.694260831370928,,,,,,,0.0,0,,,0,0
CXR,2007,,,,,6.830485755686894,,,,,,,0.0,0,,,0,0
CXR,2008,,,,,7.059473251657147,,,,,,,0.0,0,,,0,0
CXR,2009,,,,,7.1116505738887605,,,,,,,0.0,0,,,0,0
CXR,2010,,,,,7.428429341939105,,,,,,,0.0,0,,,0,0
CXR,2011,,,,,7.576058919459159,,,,,,,0.0,0,,,0,0
CXR,2012,,,,,7.689424962620857,,,,,,,0.0,0,,,0,0
CXR,2013,,,,,7.766212370634288,,,,,,,0.0,0,,,0,0
CXR,2014,,,,,7.8424298457105515,,,,,,,0.0,0,,,0,0
CXR,2015,,,,,7.854601928784033,,,,,,,0.0,0,,,0,0
CXR,2016,,,,,7.913908812616166,,,,,,,0.0,0,,,0,0
CXR,2017,,,,,7.991629467194556,,,,,,,0.0,0,,,0,0
CXR,2018,,,,,8.07785378233981,,,,,,,0.0,0,,,0,0
CXR,2019,,,,,8.143488417802308,,,,,,,0.0,0,,,0,0
CXR,2020,,,,,8.170196839808145,,,,,,,0.0,0,,,0,0
CXR,2021,,,,,8.21722085115122,,,,,,,0.0,0,,,0,0
CXR,2022,,,,,8.330308705589859,,,,,,,0.0,0,,,0,0
CXR,2023,,,,,8.371664569863713,,,,,,,0.0,0,,,0,0
CXR,2024,,,,,8.458856187822017,,,,,,,0.0,0,,,0,0
CYM,2006,,,22.158418988726826,11.374641008557585,6.694260831370928,4.680380177186657,2.7390332055944144,3.023502904959397,,,9.69244362959041,0.0,0,-0.5409246393074523,-0.0,1,0
CYM,2007,,,22.219821251102417,11.40632264264944,6.830485755686894,4.575836886962547,2.4958284525832357,2.9541111730312917,,,9.69244362959041,0.0,0,-0.784129392318631,-0.0,1,0
CYM,2008,,,22.246262905706757,11.40372558417596,7.059473251657147,4.344252332518813,2.426943660485262,2.618062772182902,,,9.69244362959041,0.0,0,-0.8530141844166046,-0.0,1,0
CYM,2009,,,22.177619366054707,11.306805820544598,7.1116505738887605,4.195155246655838,2.725758894032578,2.3095066095643855,,,9.69244362959041,0.0,0,-0.5541989508692886,-0.0,1,0
CYM,2010,,,22.14802127357671,11.24945029320133,7.428429341939105,3.8210209512622244,2.8235394243650167,2.4715353540041662,,,9.69244362959041,0.0,0,-0.45641842053685,-0.0,1,0
CYM,2011,,,22.15502892481496,11.22898253672948,7.576058919459159,3.6529236172703214,3.11753764676628,2.396152684783837,,,9.69244362959041,0.0,0,-0.1624201981355866,-0.0,1,0
CYM,2012,,,22.179786697259157,11.226597027424928,7.689424962620857,3.5371720648040714,3.4053736470977722,2.5150889670295906,,,9.69244362959041,0.0,0,0.12541580219590553,0.0,1,0
CYM,2013,,,22.206186789017522,11.226758687077702,7.766212370634288,3.4605463164434136,3.238635532262276,2.436641079501926,,,9.69244362959041,0.0,0,-0.04132231263959074,-0.0,1,0
CYM,2014,,,22.24121405672341,11.236451098099689,7.8424298457105515,3.3940212523891375,3.5207965822112213,1.8778973606115332,,,9.69244362959041,0.0,0,0.24083873730935457,0.0,1,0
CYM,2015,,,22.272564546671305,11.243465811300291,7.854601928784033,3.388863882516258,2.835437001998185,1.7775376467561825,,,9.69244362959041,0.0,0,-0.44452084290368177,-0.0,1,0
CYM,2016,,,22.3144017320128,11.261925683483497,7.913908812616166,3.3480168708673315,2.676255422324283,1.49713651850943,,,9.69244362959041,0.0,0,-0.6037024225775838,-0.0,1,0
CYM,2017,,,22.365418983317024,11.290455992047736,7.991629467194556,3.2988265248531805,2.716191606971971,1.6010754500532867,,,9.69244362959041,0.0,0,-0.5637662379298956,-0.0,1,0
CYM,2018,,,22.433485919720237,11.336970237907716,8.07785378233981,3.2591164555679057,2.655590788941181,1.568846707259868,,,9.69244362959041,0.0,0,-0.6243670559606858,-0.0,1,0
CYM,2019,,,22.505294213563886,11.38797758967846,8.143488417802308,3.244489171876152,2.7023061143498137,1.568025954010226,,,9.69244362959041,0.0,0,-0.577651730552053,-0.0,1,0
CYM,2020,,,22.455869248532487,11.318597694098793,8.170196839808145,3.1484008542906476,2.804830980735297,1.5318057145358053,,,9.69244362959041,0.0,0,-0.4751268641665698,-0.0,1,0
CYM,2021,,,22.525109919785347,11.36731773059228,8.21722085115122,3.15009687944106,3.2461931305882974,1.895868631238777,,,9.69244362959041,0.0,0,-0.03376471431356931,-0.0,1,0
CYM,2022,,,22.61841127992274,11.43968663319872,8.330308705589859,3.109377927608861,3.203134263879929,1.9522740862936285,,,9.69244362959041,0.0,0,-0.07682358102193776,-0.0,1,0
CYM,2023,,,22.712312723338737,11.513577590701084,8.371664569863713,3.1419130208373716,3.0752673866067295,1.9885542222330734,,,9.69244362959041,0.0,0,-0.2046904582951372,-0.0,1,0
CYM,2024,,,22.772935628775905,11.554958572249507,8.458856187822017,3.096102384427491,3.236080764470306,1.9643177051622762,,,9.69244362959041,0.0,0,-0.04387708043156069,-0.0,1,0
CYP,2006,,,23.722629259234353,10.193514919508441,6.694260831370928,3.499254088137513,3.297439691230385,3.1077018300159893,,,8.939786241926788,0.0,0,0.017481846328518458,0.0,1,0
CYP,2007,,,23.90001577900295,10.349610766735573,6.830485755686894,3.519125011048679,2.964727096144507,3.0292724781426084,,,8.939786241926788,0.0,0,-0.3152307487573598,-0.0,1,0
CYP,2008,,,24.05398298845984,10.478467187490057,7.059473251657147,3.4189939358329102,2.8862187192627884,3.2650811372435986,,,8.939786241926788,0.0,0,-0.3937391256390783,-0.0,1,0
CYP,2009,,,23.98321415073342,10.380853478772533,7.1116505738887605,3.2692029048837723,2.9222055914756457,3.0310762149624515,,,8.939786241926788,0.0,0,-0.35775225342622097,-0.0,1,0
CYP,2010,,,23.9736380194146,10.34512473602766,7.428429341939105,2.9166953940885554,2.98530247386149,3.3112360219220918,,,8.939786241926788,0.0,0,-0.29465537104037676,-0.0,1,0
CYP,2011,,,24.04258602822692,10.38855849405601,7.576058919459159,2.812499574596851,3.1537285344293977,2.8279908092029054,,,8.939786241926788,0.0,0,-0.126229310472469,-0.0,1,0
CYP,2012,,,23.94403718815248,10.274772783601769,7.689424962620857,2.585347820980912,3.13904685398819,2.8177780235746135,,,8.939786241926788,0.0,0,-0.14091099091367676,-0.0,1,0
CYP,2013,,,23.89963946305363,10.231521665347005,7.766212370634288,2.465309294712717,3.1855813208122497,2.5189713221362506,,,8.939786241926788,0.0,0,-0.09437652408961705,-0.0,1,0
CYP,2014,,,23.868534396806105,10.203336397586813,7.8424298457105515,2.360906551876262,3.2403845030302003,2.0768772985361137,,,8.939786241926788,0.0,0,-0.03957334187166639,-0.0,1,0
CYP,2015,,,23.714451242387153,10.047086891698926,7.854601928784033,2.192484962914893,3.056358852736881,1.78551062158329,,,8.939786241926788,0.0,0,-0.2235989921649857,-0.0,1,0
CYP,2016,,,23.769997837376582,10.09741009533132,7.913908812616166,2.183501282715154,3.256320349423164,1.7577477235666714,,,8.939786241926788,0.0,0,-0.023637495478702863,-0.0,1,0
CYP,2017,,,23.85643488984532,10.175324685974921,7.991629467194556,2.1836952187803655,3.342769345151988,1.950417820430251,,,8.939786241926788,0.0,0,0.06281150025012128,0.0,1,0
CYP,2018,,,23.97185623802841,10.279193782399297,8.07785378233981,2.2013400000594867,3.2420507537631953,1.7775664588280602,,,8.939786241926788,0.0,0,-0.03790709113867141,-0.0,1,0
CYP,2019,,,23.988897784633046,10.282853965582078,8.143488417802308,2.1393655477797697,3.2706369392154344,1.8047054614042006,,,8.939786241926788,0.0,0,-0.00932090568643229,-0.0,1,0
CYP,2020,,,23.96410204836096,10.244603635440122,8.170196839808145,2.074406795631976,3.3581146685230276,1.6124577600066443,,,8.939786241926788,0.0,1,0.07815682362116094,0.07815682362116094,1,0
CYP,2021,,,24.136807958236965,10.402377304472694,8.21722085115122,2.185156453321474,3.193018601949582,1.4705989858566906,,,8.939786241926788,0.0,1,-0.08693924295228461,-0.08693924295228461,1,0
CYP,2022,,,24.164262195427444,10.41123998231273,8.330308705589859,2.080931276722872,2.9984557197021267,1.4437308311866026,,,8.939786241926788,0.0,1,-0.28150212519974005,-0.28150212519974005,1,0
CYP,2023,,,24.28076702458149,10.508451042795182,8.371664569863713,2.136786472931469,2.9905025080517427,1.4451688895882482,,,8.939786241926788,0.0,1,-0.28945533685012403,-0.28945533685012403,1,0
CYP,2024,,,24.35118839678585,10.56293089894196,8.458856187822017,2.104074711119944,2.974425434348269,1.3699511067080998,,,8.939786241926788,0.0,1,-0.3055324105535977,-0.3055324105535977,1,0
CZE,2006,,,25.774635175369585,9.632929937105501,6.694260831370928,2.938669105734573,2.7801774580540672,2.1459524249257123,2.8992333612852463,1.3163693069525149,9.094035068934941,0.0,0,-0.49978038684779946,-0.0,0,0
CZE,2007,,,25.97050410872724,9.822963448409306,6.830485755686894,2.992477692722412,2.8547329789947002,1.9452445462209464,2.8992333612852463,1.3163693069525149,9.094035068934941,0.0,0,-0.42522486590716646,-0.0,0,0
CZE,2008,,,26.189240533973436,10.03340574762557,7.059473251657147,2.9739324959684232,3.166836339914423,2.192030824882601,2.8992333612852463,1.3163693069525149,9.094035068934941,0.0,0,-0.11312150498744389,-0.0,0,0
CZE,2009,,,26.055848788641363,9.89431670777932,7.1116505738887605,2.782666133890559,3.193734564328154,2.162794928056868,2.8992333612852463,1.3163693069525149,9.094035068934941,0.0,0,-0.08622328057371265,-0.0,0,0
CZE,2010,,,26.075923022120598,9.91147732451675,7.428429341939105,2.483047982577644,3.1292717094324862,2.2173387519098573,2.8992333612852463,1.3163693069525149,9.094035068934941,0.0,0,-0.15068613546938048,-0.0,0,0
CZE,2011,,,26.167540604396127,10.00102743011892,7.576058919459159,2.4249685106597614,2.95509638678153,2.096923246301677,2.8992333612852463,1.3163693069525149,9.094035068934941,0.0,0,-0.3248614581203366,-0.0,0,0
CZE,2012,,,26.072101507321083,9.904189076486476,7.689424962620857,2.2147641138656198,3.0129410828609644,2.1053129396528623,2.8992333612852463,1.3163693069525149,9.094035068934941,0.0,0,-0.2670167620409023,-0.0,0,0
CZE,2013,,,26.08467236485388,9.916428234558763,7.766212370634288,2.1502158639244753,3.073316809661173,2.0572708784975235,2.8992333612852463,1.3163693069525149,9.094035068934941,0.0,0,-0.20664103524069377,-0.0,0,0
CZE,2014,,,26.07470343213985,9.905406526029457,7.8424298457105515,2.062976680318906,2.93469188646399,1.99706552955313,2.8992333612852463,1.3163693069525149,9.094035068934941,0.0,0,-0.34526595843787655,-0.0,0,0
CZE,2015,,,25.96558252337345,9.794319729778335,7.854601928784033,1.939717800994302,2.783303329198411,1.9274562235553307,2.8992333612852463,1.3163693069525149,9.094035068934941,0.0,0,-0.49665451570345587,-0.0,0,0
CZE,2016,,,26.012343949251264,9.839160671497723,7.913908812616166,1.9252518588815573,2.767727474959624,1.883840056302011,2.8992333612852463,1.3163693069525149,9.094035068934941,0.0,0,-0.5122303699422428,-0.0,0,0
CZE,2017,,,26.12397540870747,9.948135704318434,7.991629467194556,1.956506237123878,2.6501110415837745,2.045135102283972,2.8992333612852463,1.3163693069525149,9.094035068934941,0.0,0,-0.6298468033180922,-0.0,0,0
CZE,2018,,,26.25266460956277,10.07348063255074,8.07785378233981,1.9956268502109307,2.660211650403268,1.933188561710656,2.8992333612852463,1.3163693069525149,9.094035068934941,0.0,0,-0.6197461944985987,-0.0,0,0
CZE,2019,,,26.271540857996932,10.088418992342875,8.143488417802308,1.9449305745405674,2.7097738618265863,1.9022466976871748,2.8992333612852463,1.3163693069525149,9.094035068934941,0.0,0,-0.5701839830752804,-0.0,0,0
CZE,2020,,,26.249155575498257,10.063601483022085,8.170196839808145,1.8934046432139393,2.8520816890950247,1.8862326250331234,2.8992333612852463,1.3163693069525149,9.094035068934941,0.0,1,-0.427876155806842,-0.427876155806842,0,0
CZE,2021,,,26.39649533505613,10.229059956680212,8.21722085115122,2.011839105528992,3.1249343325603527,2.169146463529599,2.8992333612852463,1.3163693069525149,9.094035068934941,0.0,1,-0.155023512341514,-0.155023512341514,0,0
CZE,2022,,,26.433133851504195,10.249988747456268,8.330308705589859,1.9196800418664086,3.1659581132718415,2.326292680553065,2.8992333612852463,1.3163693069525149,9.094035068934941,0.0,1,-0.11399973163002519,-0.11399973163002519,0,0
CZE,2023,,,26.566982110687565,10.366013115935042,8.371664569863713,1.994348546071329,2.9064490700260324,2.3705891593516166,2.8992333612852463,1.3163693069525149,9.094035068934941,0.0,1,-0.37350877487583434,-0.37350877487583434,0,0
CZE,2024,,,26.572828520065777,10.368093994821677,8.458856187822017,1.909237806999661,2.963227375707528,2.363741805003242,2.8992333612852463,1.3163693069525149,9.094035068934941,0.0,1,-0.31673046919433867,-0.31673046919433867,0,0
DEU,2006,,,28.744951728912167,10.518141563712833,6.694260831370928,3.8238807323419044,3.6122340526533843,4.577854881788075,3.327779816351237,2.056238541837477,9.133356838587105,0.0,0,0.33227620775151756,0.0,0,1
DEU,2007,,,28.879218443688565,10.653745464215234,6.830485755686894,3.82325970852834,3.403507936287355,4.528477986779041,3.327779816351237,2.056238541837477,9.133356838587105,0.0,0,0.12355009138548834,0.0,0,1
DEU,2008,,,28.968177153811485,10.744605602785109,7.059473251657147,3.6851323511279617,3.207156652711805,4.267628935115979,3.327779816351237,2.056238541837477,9.133356838587105,0.0,0,-0.07280119219006176,-0.0,0,1
DEU,2009,,,28.877635367371425,10.656597650446685,7.1116505738887605,3.544947076557924,3.236893510009563,4.3472702769477705,3.327779816351237,2.056238541837477,9.133356838587105,0.0,0,-0.04306433489230388,-0.0,0,1
DEU,2010,,,28.874337828607388,10.654832096152019,7.428429341939105,3.2264027542129137,3.504779711372437,4.330697772735535,3.327779816351237,2.056238541837477,9.133356838587105,0.0,0,0.22482186647057034,0.0,0,1
DEU,2011,,,28.972207174994274,10.771238588826478,7.576058919459159,3.1951796693673185,3.5968851817381813,4.18994918965356,3.327779816351237,2.056238541837477,9.133356838587105,0.0,0,0.3169273368363146,0.0,0,1
DEU,2012,,,28.91097760432338,10.708131740149913,7.689424962620857,3.018706777529056,3.5679042508673664,4.444268799746151,3.327779816351237,2.056238541837477,9.133356838587105,0.0,0,0.2879464059654997,0.0,0,1
DEU,2013,,,28.967868844176458,10.762293977856173,7.766212370634288,2.9960816072218845,3.502471298073649,4.346878955816506,3.327779816351237,2.056238541837477,9.133356838587105,0.0,0,0.2225134531717825,0.0,0,1
DEU,2014,,,29.008494369162555,10.798750729250589,7.8424298457105515,2.9563208835400374,3.2546261466750175,4.381524606047962,3.327779816351237,2.056238541837477,9.133356838587105,0.0,0,-0.02533169822684922,-0.0,0,1
DEU,2015,,,28.862151661306545,10.643750994955075,7.854601928784033,2.789149066171042,3.5122316886905454,4.055480765567222,3.327779816351237,2.056238541837477,9.133356838587105,0.0,0,0.23227384378867866,0.0,0,1
DEU,2016,,,28.89424005691781,10.667767205180603,7.913908812616166,2.753858392564437,3.735960221060246,3.9024112795753543,3.327779816351237,2.056238541837477,9.133356838587105,0.0,0,0.45600237615837935,0.0,0,1
DEU,2017,,,28.95686236620753,10.726652268871367,7.991629467194556,2.735022801676812,4.047961433335415,4.104330436534616,3.327779816351237,2.056238541837477,9.133356838587105,0.0,0,0.7680035884335479,0.0,0,1
DEU,2018,,,29.03107863263584,10.797863268279754,8.07785378233981,2.7200094859399435,3.771231614057983,4.13503273565981,3.327779816351237,2.056238541837477,9.133356838587105,0.0,0,0.4912737691561162,0.0,0,1
DEU,2019,,,29.00723857368021,10.771768010581992,8.143488417802308,2.628279592779684,3.6670073870299986,3.931319997552921,3.327779816351237,2.056238541837477,9.133356838587105,0.0,0,0.3870495421281319,0.0,0,1
DEU,2020,,,29.002556841464838,10.766269346780126,8.170196839808145,2.5960725069719803,3.8117598872230225,3.7828452415015144,3.327779816351237,2.056238541837477,9.133356838587105,0.0,1,0.5318020423211558,0.5318020423211558,0,1
DEU,2021,,,29.102403578385214,10.865692813127952,8.21722085115122,2.648471961976732,3.7155784650327313,3.8871872556425395,3.327779816351237,2.056238541837477,9.133356838587105,0.0,1,0.43562062013086456,0.43562062013086456,0,1
DEU,2022,,,29.066348875081406,10.829857675525991,8.330308705589859,2.499548969936132,3.587239357521965,3.7950477086618313,3.327779816351237,2.056238541837477,9.133356838587105,0.0,1,0.3072815126200985,0.3072815126200985,0,1
DEU,2023,,,29.148827730314622,10.911021419964431,8.371664569863713,2.5393568501007184,3.657167328510336,3.6274830238782916,3.327779816351237,2.056238541837477,9.133356838587105,0.0,1,0.3772094836084694,0.3772094836084694,0,1
DEU,2024,,,29.175513507676996,10.934957619034956,8.458856187822017,2.476101431212939,3.8189252202466135,3.4442610894774273,3.327779816351237,2.056238541837477,9.133356838587105,0.0,1,0.5389673753447468,0.5389673753447468,0,1
DJI,2006,,,20.46043725394244,6.80068733776563,6.694260831370928,0.10642650639470119,2.3356537985389703,0.14561216292962054,,,8.839931838248086,0.0,0,-0.9443040463628964,-0.0,1,0
DJI,2007,,,20.55829558671897,6.876855995494581,6.830485755686894,0.046370239807687064,1.8025828127398262,0.08145520050348075,,,8.839931838248086,0.0,0,-1.4773750321620405,-0.0,1,0
DJI,2008,,,20.722370775766365,7.020326832620934,7.059473251657147,0.03914641903621341,2.4834821208620177,0.10636819797735902,,,8.839931838248086,0.0,0,-0.796475724039849,-0.0,1,0
DJI,2009,,,20.771208675308063,7.048332181142906,7.1116505738887605,0.06331839274585427,1.9157568898826545,0.11360151629102784,,,8.839931838248086,0.0,0,-1.3642009550192122,-0.0,1,0
DJI,2010,,,20.844254130592304,7.101044409404169,7.428429341939105,0.32738493253493584,1.7975939692356828,0.09388020461872587,,,8.839931838248086,0.0,0,-1.4823638756661839,-0.0,1,0
DJI,2011,,,20.93768706053728,7.174988844866695,7.576058919459159,0.40107007459246447,1.5816324129749932,0.08742501980155998,,,8.839931838248086,0.0,0,-1.6983254319268735,-0.0,1,0
DJI,2012,,,21.026057882749942,7.244365776465976,7.689424962620857,0.4450591861548805,2.0810456272258087,0.07980367248302592,,,8.839931838248086,0.0,0,-1.198912217676058,-0.0,1,0
DJI,2013,,,21.438389967076414,7.638171743090445,7.766212370634288,0.12804062754384304,1.4277989835736897,0.1111954497977155,,,8.839931838248086,0.0,0,-1.852158861328177,-0.0,1,0
DJI,2014,,,21.52106036373202,7.702836490140126,7.8424298457105515,0.13959335557042518,2.1758951478408304,0.24641622350941136,,,8.839931838248086,0.0,0,-1.1040626970610363,-0.0,1,0
DJI,2015,,,21.608846519749477,7.773226518816672,7.854601928784033,0.08137540996736181,2.209838731809306,0.3320919601619347,,,8.839931838248086,0.0,0,-1.0701191130925607,-0.0,1,0
DJI,2016,,,21.680681325325036,7.828209335231141,7.913908812616166,0.08569947738502481,2.5410543086920674,0.41019545521020984,,,8.839931838248086,0.0,0,-0.7389035362097993,-0.0,1,0
DJI,2017,,,21.739431345610665,7.870530742976865,7.991629467194556,0.12109872421769019,2.6852850698886717,0.44092819746070894,,,8.839931838248086,0.0,0,-0.594672775013195,-0.0,1,0
DJI,2018,,,21.7926088140766,7.907682274149238,8.07785378233981,0.17017150819057214,2.376218522510528,0.2993645448807439,,,8.839931838248086,0.0,0,-0.9037393223913388,-0.0,1,0
DJI,2019,,,21.8510651598291,7.950562011253851,8.143488417802308,0.19292640654845705,1.759083635813579,0.34050548998264524,,,8.839931838248086,0.0,0,-1.5208742090882876,-0.0,1,0
DJI,2020,,,21.86880503011162,7.953279015902467,8.170196839808145,0.21691782390567838,1.8619882955275184,0.3779006976875671,,,8.839931838248086,0.0,0,-1.4179695493743483,-0.0,1,0
DJI,2021,,,21.944920478072316,8.014967569442286,8.21722085115122,0.2022532817089342,1.757390911840377,0.3411225514361647,,,8.839931838248086,0.0,0,-1.5225669330614897,-0.0,1,0
DJI,2022,,,21.993816774076354,8.049828572190243,8.330308705589859,0.28048013339961564,1.5055768155162854,0.29390776315949724,,,8.839931838248086,0.0,0,-1.7743810293855813,-0.0,1,0
DJI,2023,,,22.0838441075442,8.126014878423078,8.371664569863713,0.24564969144063475,1.5754284559295,0.27439483170978957,,,8.839931838248086,0.0,0,-1.7045293889723667,-0.0,1,0
DJI,2024,,,22.146891131514188,8.175469729435386,8.458856187822017,0.2833864583866301,1.6230456949393113,0.2776669924513043,,,8.839931838248086,0.0,0,-1.6569121499625554,-0.0,1,0
DMA,2006,,,19.847814877212265,8.708768647791016,6.694260831370928,2.014507816420088,3.204937709311426,1.8556979947400951,,,9.710359010065016,0.0,0,-0.07502013559044052,-0.0,1,0
DMA,2007,,,19.912877140748314,8.773235210525593,6.830485755686894,1.9427494548386992,2.901090672215768,1.8941014491724921,,,9.710359010065016,0.0,0,-0.3788671726860988,-0.0,1,0
DMA,2008,,,19.989304377885826,8.849560778103609,7.059473251657147,1.7900875264464613,2.9585287380193566,1.8549999963996002,,,9.710359010065016,0.0,0,-0.32142910688251014,-0.0,1,0
DMA,2009,,,20.06087774482831,8.92098892074691,7.1116505738887605,1.8093383468581488,3.0287126011765246,1.851089338449485,,,9.710359010065016,0.0,0,-0.25124524372534207,-0.0,1,0
DMA,2010,,,20.069068677635343,8.929252463067273,7.428429341939105,1.5008231211281684,2.850866966984483,2.213876183276613,,,9.710359010065016,0.0,0,-0.42909087791738365,-0.0,1,0
DMA,2011,,,20.092307196257494,8.949677591586145,7.576058919459159,1.3736186721269856,3.0211242988512748,1.9724960787535233,,,9.710359010065016,0.0,0,-0.25883354605059194,-0.0,1,0
DMA,2012,,,20.07002289656568,8.926452428691555,7.689424962620857,1.237027466070698,3.1067459538546505,2.073088335414299,,,9.710359010065016,0.0,0,-0.17321189104721624,-0.0,1,0
DMA,2013,,,20.116894203101186,8.964723421472065,7.766212370634288,1.1985110508377774,2.9865533917677345,1.9982202319947977,,,9.710359010065016,0.0,0,-0.2934044531341322,-0.0,1,0
DMA,2014,,,20.165096225016413,9.003531279161203,7.8424298457105515,1.1611014334506518,4.03395373590166,1.6170610368267404,,,9.710359010065016,0.0,0,0.7539958909997933,0.0,1,0
DMA,2015,,,20.18400263398518,9.021912056472,7.854601928784033,1.1673101276879674,3.273967832658008,1.2090266360387751,,,9.710359010065016,0.0,0,-0.0059900122438585335,-0.0,1,0
DMA,2016,,,20.233404112199498,9.082798062696035,7.913908812616166,1.1688892500798698,3.369172705686106,1.0710689989919897,,,9.710359010065016,0.0,0,0.08921486078423913,0.0,1,0
DMA,2017,,,20.149421524166996,9.01489089578227,7.991629467194556,1.0232614285877153,4.604016518557184,1.246707585850855,,,9.710359010065016,0.0,0,1.3240586736553177,0.0,1,0
DMA,2018,,,20.258439891443096,9.128621351970367,8.07785378233981,1.0507675696305565,4.553867920843395,1.143269202178221,,,9.710359010065016,0.0,0,1.273910075941528,0.0,1,0
DMA,2019,,,20.283611779545986,9.158115060197826,8.143488417802308,1.014626642395518,4.074292295052203,0.9689047931052167,,,9.710359010065016,0.0,0,0.7943344501503362,0.0,1,0
DMA,2020,,,20.0863939643538,8.965430190391503,8.170196839808145,0.7952333505833575,3.9048906503946865,1.0276346138016639,,,9.710359010065016,0.0,0,0.6249328054928198,0.0,1,0
DMA,2021,,,20.148632289289203,9.033174001316079,8.21722085115122,0.8159531501648587,3.872760266313685,0.9696878117257365,,,9.710359010065016,0.0,0,0.5928024214118182,0.0,1,0
DMA,2022,,,20.2501581357911,9.140310630436536,8.330308705589859,0.8100019248466772,2.565606544847165,0.9498668412296517,,,9.710359010065016,0.0,0,-0.7143513000547017,-0.0,1,0
DMA,2023,,,20.306706076832633,9.201598485554166,8.371664569863713,0.8299339156904537,2.0848130861266734,1.0026890868247655,,,9.710359010065016,0.0,0,-1.1951447587751933,-0.0,1,0
DMA,2024,,,20.350579798915255,9.250068531141398,8.458856187822017,0.7912123433193816,2.79000336331896,0.9681264682908871,,,9.710359010065016,0.0,0,-0.4899544815829069,-0.0,1,0
DNK,2006,,,26.370076297602147,10.861288275136685,6.694260831370928,4.167027443765757,4.192604864303599,6.421801255527863,3.13515704771262,2.7820609992229453,9.110201311873462,0.0,0,0.912647019401732,0.0,0,0
DNK,2007,,,26.492252728466834,10.979030045458158,6.830485755686894,4.148544289771264,3.592066805606439,6.334759827771399,3.13515704771262,2.7820609992229453,9.110201311873462,0.0,0,0.31210896070457217,0.0,0,0
DNK,2008,,,26.595325799285483,11.076227640374215,7.059473251657147,4.016754388717068,3.5257517381956456,6.147878259520798,3.13515704771262,2.7820609992229453,9.110201311873462,0.0,0,0.24579389329377888,0.0,0,0
DNK,2009,,,26.499738369116443,10.975289419584382,7.1116505738887605,3.863638845695621,3.57906579277447,6.123288888855098,3.13515704771262,2.7820609992229453,9.110201311873462,0.0,0,0.2991079478726033,0.0,0,0
DNK,2010,,,26.49889008047087,10.969999159393712,7.428429341939105,3.541569817454607,3.950502676261782,6.09009112726833,3.13515704771262,2.7820609992229453,9.110201311873462,0.0,0,0.6705448313599152,0.0,0,0
DNK,2011,,,26.564824501830497,11.03181620220139,7.576058919459159,3.4557572827422316,4.039355252489235,5.985125854977512,3.13515704771262,2.7820609992229453,9.110201311873462,0.0,0,0.7593974075873686,0.0,0,0
DNK,2012,,,26.512591477045465,10.975820454990158,7.689424962620857,3.2863954923693015,4.31479194334525,5.969507504069406,3.13515704771262,2.7820609992229453,9.110201311873462,0.0,0,1.0348340984433837,0.0,0,0
DNK,2013,,,26.565740165594235,11.02480012993141,7.766212370634288,3.2585877592971224,4.205187886929597,5.770311036513476,3.13515704771262,2.7820609992229453,9.110201311873462,0.0,0,0.9252300420277302,0.0,0,0
DNK,2014,,,26.589259566289293,11.043248997796363,7.8424298457105515,3.2008191520858116,3.83342572066221,5.084967350955563,3.13515704771262,2.7820609992229453,9.110201311873462,0.0,0,0.5534678757603433,0.0,0,0
DNK,2015,,,26.43289426512862,10.879819458138824,7.854601928784033,3.0252175293547907,4.0322510437933445,4.883126692801885,3.13515704771262,2.7820609992229453,9.110201311873462,0.0,0,0.7522931988914778,0.0,0,0
DNK,2016,,,26.46685170551651,10.90597297208536,7.913908812616166,2.9920641594691944,4.197870998648463,4.736735003130902,3.13515704771262,2.7820609992229453,9.110201311873462,0.0,0,0.9179131537465959,0.0,0,0
DNK,2017,,,26.52722720771287,10.959914965244344,7.991629467194556,2.968285498049789,4.323262692815457,4.85935077396869,3.13515704771262,2.7820609992229453,9.110201311873462,0.0,0,1.0433048479135905,0.0,0,0
DNK,2018,,,26.59620969333851,11.023939061611191,8.07785378233981,2.946085279271381,3.9638587411066744,4.951700859167855,3.13515704771262,2.7820609992229453,9.110201311873462,0.0,0,0.6839008962048077,0.0,0,0
DNK,2019,,,26.56797326730715,10.992121326420907,8.143488417802308,2.8486329086185993,3.8379153285097645,4.854304568014201,3.13515704771262,2.7820609992229453,9.110201311873462,0.0,0,0.5579574836078978,0.0,0,0
DNK,2020,,,26.597159575059024,11.018391222398016,8.170196839808145,2.8481943825898703,4.2407668422272335,5.113344993255102,3.13515704771262,2.7820609992229453,9.110201311873462,0.0,1,0.9608089973253668,0.9608089973253668,0,0
DNK,2021,,,26.72989029493566,11.146787797380554,8.21722085115122,2.9295669462293343,4.104355069655044,5.318833800524443,3.13515704771262,2.7820609992229453,9.110201311873462,0.0,1,0.8243972247531777,0.8243972247531777,0,0
DNK,2022,,,26.715016109073805,11.124038586871299,8.330308705589859,2.7937298812814397,3.8230496058627788,5.336242945018374,3.13515704771262,2.7820609992229453,9.110201311873462,0.0,1,0.543091760960912,0.543091760960912,0,0
DNK,2023,,,26.726292549158874,11.127903171799169,8.371664569863713,2.756238601935456,3.8659088319409216,5.291572172540758,3.13515704771262,2.7820609992229453,9.110201311873462,0.0,1,0.5859509870390549,0.5859509870390549,0,0
DNK,2024,,,26.77423607901629,11.170808089674908,8.458856187822017,2.711951901852892,3.757001152494762,4.955317966504242,3.13515704771262,2.7820609992229453,9.110201311873462,0.0,1,0.47704330759289526,0.47704330759289526,0,0
DOM,2006,,,24.357684619622304,8.30774115790901,6.694260831370928,1.613480326538082,3.1122326115399117,0.4325554402591379,,,9.701893264026529,0.0,0,-0.167725233361955,-0.0,0,0
DOM,2007,,,24.506670128666602,8.444546278205335,6.830485755686894,1.6140605225184412,3.0078244521918753,0.40116940208109736,,,9.701893264026529,0.0,0,-0.2721333927099914,-0.0,0,0
DOM,2008,,,24.596369901610476,8.521899127914168,7.059473251657147,1.4624258762570204,3.230025794127128,0.4190291733928495,,,9.701893264026529,0.0,0,-0.04993205077473872,-0.0,0,0
DOM,2009,,,24.599118127962075,8.51196994799959,7.1116505738887605,1.40031937411083,3.335026958108389,0.43501659346904725,,,9.701893264026529,0.0,0,0.05506911320652241,0.0,0,0
DOM,2010,,,24.708558882965242,8.608609382019452,7.428429341939105,1.180180040080347,3.563496842435335,0.46678527676338827,,,9.701893264026529,0.0,0,0.28353899753346834,0.0,0,0
DOM,2011,,,24.782816408283207,8.670173496523594,7.576058919459159,1.0941145770644347,3.3762743052410245,0.38622513100500955,,,9.701893264026529,0.0,0,0.09631646033915775,0.0,0,0
DOM,2012,,,24.826927452904417,8.701815374742651,7.689424962620857,1.0123904121217944,3.5504792116364623,0.43680494410470705,,,9.701893264026529,0.0,0,0.2705213667345956,0.0,0,0
DOM,2013,,,24.859318679454795,8.722025191892458,7.766212370634288,0.9558128212581698,3.172783754467421,0.38757906190714725,,,9.701893264026529,0.0,0,-0.10717409043444581,-0.0,0,0
DOM,2014,,,24.928172300628592,8.779011409860257,7.8424298457105515,0.9365815641497051,3.239155978124633,0.4004178350309449,,,9.701893264026529,0.0,0,-0.04080186677723363,-0.0,0,0
DOM,2015,,,24.98547775341884,8.824818042218277,7.854601928784033,0.970216113434244,3.356874668273661,0.3368457957866972,,,9.701893264026529,0.0,0,0.07691682337179451,0.0,0,0
DOM,2016,,,25.048098944989437,8.876326991264788,7.913908812616166,0.9624181786486226,3.5891314121286606,0.34855873533750464,,,9.701893264026529,0.0,0,0.3091735672267939,0.0,0,0
DOM,2017,,,25.09360284770597,8.910952144496719,7.991629467194556,0.919322677302163,3.638183996880243,0.39034286983315675,,,9.701893264026529,0.0,0,0.35822615197837626,0.0,0,0
DOM,2018,,,25.165855115626098,8.972461565044354,8.07785378233981,0.8946077827045436,3.6417300945385827,0.37009201195894353,,,9.701893264026529,0.0,0,0.36177224963671595,0.0,0,0
DOM,2019,,,25.213542778684104,9.009816094639277,8.143488417802308,0.8663276768369688,3.442001831859035,0.3506235447924058,,,9.701893264026529,0.0,0,0.16204398695716815,0.0,0,0
DOM,2020,,,25.08695883801143,8.872798746320544,8.170196839808145,0.702601906512399,3.4392426641961653,0.4056541290804794,,,9.701893264026529,0.0,0,0.1592848192942986,0.0,0,0
DOM,2021,,,25.275570119136436,9.05100173126772,8.21722085115122,0.8337808801164996,3.6016591203183514,0.3903028853635067,,,9.701893264026529,0.0,0,0.32170127541648474,0.0,0,0
DOM,2022,,,25.45487573541943,9.22071105019958,8.330308705589859,0.8904023446097202,3.354739940490651,0.41681596360386214,,,9.701893264026529,0.0,0,0.07478209558878435,0.0,0,0
DOM,2023,,,25.514552363368473,9.271476086111296,8.371664569863713,0.899811516247583,3.3354447436136865,0.442371198521482,,,9.701893264026529,0.0,0,0.055486898711819777,0.0,0,0
DOM,2024,,,25.545820990495073,9.294282713351858,8.458856187822017,0.8354265255298419,3.619777146806965,0.5235119835591109,,,9.701893264026529,0.0,0,0.3398193019050981,0.0,0,0
DZA,2006,,,25.53613498781733,8.205399024144914,6.694260831370928,1.511138192773985,3.185450393924241,0.4168683273278823,,,9.236145536183134,0.0,0,-0.09450745097762558,-0.0,0,0
DZA,2007,,,25.682486705177585,8.335060024725827,6.830485755686894,1.5045742690389332,2.6096596508914014,0.32613570712124684,,,9.236145536183134,0.0,0,-0.6702981940104653,-0.0,0,0
DZA,2008,,,25.918352908034148,8.552737696965488,7.059473251657147,1.4932644453083412,2.1788497115896384,0.26940261942499627,,,9.236145536183134,0.0,0,-1.1011081333122283,-0.0,0,0
DZA,2009,,,25.736014177515752,8.351240114228373,7.1116505738887605,1.2395895403396127,2.645769054007256,0.4262753272831296,,,9.236145536183134,0.0,0,-0.6341887908946107,-0.0,0,0
DZA,2010,,,25.90384109541038,8.499596443805036,7.428429341939105,1.0711671018659308,3.2045430742465784,0.42256210238411235,,,9.236145536183134,0.0,0,-0.07541477065528834,-0.0,0,0
DZA,2011,,,26.109282433932954,8.685468838592291,7.576058919459159,1.1094099191331317,3.6098313420557786,0.5295578930730771,,,9.236145536183134,0.0,0,0.3298734971539119,0.0,0,0
DZA,2012,,,26.148848896639564,8.70510722228401,7.689424962620857,1.0156822596631532,3.188653336789911,0.4136509620234075,,,9.236145536183134,0.0,0,-0.09130450811195567,-0.0,0,0
DZA,2013,,,26.160046173405522,8.696109187466437,7.766212370634288,0.9298968168321489,3.00772674068531,0.38282043147516237,,,9.236145536183134,0.0,0,-0.27223110421655683,-0.0,0,0
DZA,2014,,,26.199489461321832,8.715173822959517,7.8424298457105515,0.872743977248966,2.5855980753786674,0.39257534725825566,,,9.236145536183134,0.0,0,-0.6943597695231993,-0.0,0,0
DZA,2015,,,25.957011911736434,8.452133793801268,7.854601928784033,0.5975318650172348,2.695564920665911,0.40076449012985743,,,9.236145536183134,0.0,0,-0.5843929242359556,-0.0,0,0
DZA,2016,,,25.92045726225832,8.395022233204992,7.913908812616166,0.48111342058882656,3.011372021739496,0.5002423002942424,,,9.236145536183134,0.0,0,-0.26858582316237056,-0.0,0,0
DZA,2017,,,25.96966285414414,8.423907819012364,7.991629467194556,0.43227835181780794,3.2168748195352177,0.4533742480266567,,,9.236145536183134,0.0,0,-0.063083025366649,-0.0,0,0
DZA,2018,,,25.993978082400428,8.428844984934633,8.07785378233981,0.3509912025948232,2.806740764175003,0.2753416270874553,,,9.236145536183134,0.0,0,-0.47321708072686386,-0.0,0,0
DZA,2019,,,25.98833486303681,8.404797636427078,8.143488417802308,0.2613092186247705,2.9088032855083767,0.4720305355144656,,,9.236145536183134,0.0,0,-0.37115455939348996,-0.0,0,0
DZA,2020,,,25.828443836566667,8.227787488311003,8.170196839808145,0.05759064850285789,2.7150770020708914,0.40120434780325603,,,9.236145536183134,0.0,0,-0.5648808428309753,-0.0,0,0
DZA,2021,,,25.95025477776966,8.333404783490614,8.21722085115122,0.1161839323393945,2.1425987307717564,0.35254631421796745,,,9.236145536183134,0.0,0,-1.1373591141301103,-0.0,0,0
DZA,2022,,,26.14194799112623,8.509222175778113,8.330308705589859,0.1789134701882542,2.19357493988277,0.28688181392691214,,,9.236145536183134,0.0,0,-1.0863829050190965,-0.0,0,0
DZA,2023,,,26.236387629613468,8.58867205414596,8.371664569863713,0.21700748428224692,2.2051931264956806,0.2382108177074249,,,9.236145536183134,0.0,0,-1.0747647184061861,-0.0,0,0
DZA,2024,,,26.31917457253463,8.65747513187585,8.458856187822017,0.19861894405383396,2.0179263160286656,0.17633444374884658,,,9.236145536183134,0.0,0,-1.2620315288732011,-0.0,0,0
ECU,2006,,,24.545161969992503,8.084460715734057,6.694260831370928,1.3901998843631285,3.5768876107037952,0.5747627898902293,,,9.822395169145745,0.0,0,0.29692976580192854,0.0,0,0
ECU,2007,,,24.632258756296977,8.154478584722467,6.830485755686894,1.3239928290355731,3.5592219507680136,0.5369227368810214,,,9.822395169145745,0.0,0,0.2792641058661469,0.0,0,0
ECU,2008,,,24.836422961348536,8.341590811895546,7.059473251657147,1.2821175602383992,3.763316681841531,0.510479917906827,,,9.822395169145745,0.0,0,0.4833588369396642,0.0,0,0
ECU,2009,,,24.819192114264066,8.307302262727573,7.1116505738887605,1.1956516888388125,4.052364659985253,0.5512518546828388,,,9.822395169145745,0.0,0,0.7724068150833863,0.0,0,0
ECU,2010,,,24.944996495999323,8.41633576393151,7.428429341939105,0.9879064219924052,3.951071456113827,0.5218172044321764,,,9.822395169145745,0.0,0,0.6711136112119602,0.0,0,0
ECU,2011,,,25.092544662470956,8.547468560636602,7.576058919459159,0.9714096411774431,4.352738660442806,0.5094944160303253,,,9.822395169145745,0.0,0,1.072780815540939,0.0,0,0
ECU,2012,,,25.19758729161143,8.636589845718136,7.689424962620857,0.9471648830972796,3.8768839909983357,0.3971823940776465,,,9.822395169145745,0.0,0,0.596926146096469,0.0,0,0
ECU,2013,,,25.2935374295503,8.717565894045311,7.766212370634288,0.9513535234110231,3.350706038287091,0.26816374758568734,,,9.822395169145745,0.0,0,0.07074819338522431,0.0,0,0
ECU,2014,,,25.355251200800755,8.764959076637384,7.8424298457105515,0.9225292309268323,3.305154329345856,0.29631480407323735,,,9.822395169145745,0.0,0,0.025196484443989142,0.0,0,0
ECU,2015,,,25.300134876911734,8.695533446764424,7.854601928784033,0.8409315179803905,3.5824190054733545,0.3406374802353825,,,9.822395169145745,0.0,0,0.30246116057148775,0.0,0,0
ECU,2016,,,25.304874958152368,8.685692613228005,7.913908812616166,0.7717838006118392,3.849770544832317,0.34212243826855304,,,9.822395169145745,0.0,0,0.5698126999304503,0.0,0,0
ECU,2017,,,25.372141721181592,8.737664767859222,7.991629467194556,0.7460353006646665,4.0356671298189415,0.38023441928658475,,,9.822395169145745,0.0,0,0.7557092849170748,0.0,0,0
ECU,2018,,,25.400560953732203,8.748926761306318,8.07785378233981,0.6710729789665084,3.8834918030228778,0.356522457722764,,,9.822395169145745,0.0,0,0.6035339581210111,0.0,0,0
ECU,2019,,,25.401647729276274,8.733119988887672,8.143488417802308,0.5896315710853646,3.4512455902010375,0.3112298765055102,,,9.822395169145745,0.0,0,0.1712877452991708,0.0,0,0
ECU,2020,,,25.286211722726396,8.605871456514745,8.170196839808145,0.43567461670659924,3.1478924488998894,0.34373380425149963,,,9.822395169145745,0.0,0,-0.1320653960019773,-0.0,0,0
ECU,2021,,,25.397766861304213,8.709683454857418,8.21722085115122,0.49246260370619765,2.9998541016348774,0.3011928207832196,,,9.822395169145745,0.0,0,-0.2801037432669893,-0.0,0,0
ECU,2022,,,25.47800296489677,8.781952321929632,8.330308705589859,0.4516436163397728,3.5249937010017818,0.3185971268789442,,,9.822395169145745,0.0,0,0.24503585609991507,0.0,0,0
ECU,2023,,,25.51734252630045,8.81256732306309,8.371664569863713,0.4409027531993779,4.056649902480602,0.375992250892991,,,9.822395169145745,0.0,0,0.7766920575787357,0.0,0,0
ECU,2024,,,25.541952373103516,8.82857168488022,8.458856187822017,0.3697154970582037,4.262531395256742,0.44818339216089526,,,9.822395169145745,0.0,0,0.9825735503548754,0.0,0,0
EGY,2006,,,25.40006888483901,7.169333851821889,6.694260831370928,0.475073020450961,2.584803409179713,0.18724331132917116,,,8.971580264531532,0.0,0,-0.6951544357221535,-0.0,0,0
EGY,2007,,,25.594162539241346,7.344552184516528,6.830485755686894,0.5140664288296337,2.0603658119703065,0.09305160549475948,,,8.971580264531532,0.0,0,-1.2195920329315602,-0.0,0,0
EGY,2008,,,25.815899966208754,7.547615570157506,7.059473251657147,0.4881423185003584,2.46662275436692,0.09474902869213175,,,8.971580264531532,0.0,0,-0.8133350905349466,-0.0,0,0
EGY,2009,,,25.9657903562567,7.678622307960794,7.1116505738887605,0.566971734072033,2.7297260912259564,0.19140255328318065,,,8.971580264531532,0.0,0,-0.5502317536759103,-0.0,0,0
EGY,2010,,,26.112262979788248,7.8059154190820585,7.428429341939105,0.37748607714295357,3.097152988101277,0.28448387937705555,,,8.971580264531532,0.0,0,-0.18280485680058955,-0.0,0,0
EGY,2011,,,26.187053882445202,7.859661714116598,7.576058919459159,0.28360279465743865,3.467855623058047,0.5685210052298718,,,8.971580264531532,0.0,0,0.18789777815618036,0.0,0,0
EGY,2012,,,26.35489569145879,8.005055943581185,7.689424962620857,0.3156309809603286,3.482302585120114,0.5279157226606978,,,8.971580264531532,0.0,0,0.20234474021824722,0.0,0,0
EGY,2013,,,26.387732503488674,8.014840119179505,7.766212370634288,0.24862774854521685,3.6669162685765597,0.6293140214251436,,,8.971580264531532,0.0,0,0.386958423674693,0.0,0,0
EGY,2014,,,26.44552787087745,8.049871090906265,7.8424298457105515,0.20744124519571372,2.8106706509590285,0.47237525039351064,,,8.971580264531532,0.0,0,-0.46928719394283824,-0.0,0,0
EGY,2015,,,26.520437182691225,8.103791147239486,7.854601928784033,0.24918921845545228,2.8773444513794737,0.553943227528767,,,8.971580264531532,0.0,0,-0.402613393522393,-0.0,0,0
EGY,2016,,,26.529730396840275,8.092737531895827,7.913908812616166,0.17882871927966093,3.0960527069224044,0.6214931299385934,,,8.971580264531532,0.0,0,-0.18390513797946229,-0.0,0,0
EGY,2017,,,26.238156303548045,7.781181654214873,7.991629467194556,0.21044781297968296,3.1444996071475813,0.545383609137943,,,8.971580264531532,0.0,0,-0.13545823775428545,-0.0,0,0
EGY,2018,,,26.2938545097088,7.81790847719232,8.07785378233981,0.2599453051474896,2.209696702109813,0.3648729997079356,,,8.971580264531532,0.0,0,-1.0702611427920536,-0.0,0,0
EGY,2019,,,26.48744958452481,7.993953808190951,8.143488417802308,0.149534609611357,2.1313873990555465,0.3982583183405999,,,8.971580264531532,0.0,0,-1.1485704458463202,-0.0,0,0
EGY,2020,,,26.67343390601354,8.163688590984505,8.170196839808145,0.006508248823640983,1.855525498621786,0.3989742008068023,,,8.971580264531532,0.0,0,-1.4244323462800808,-0.0,0,0
EGY,2021,,,26.774582390905923,8.249929021970582,8.21722085115122,0.032708170819361726,1.6513654449674453,0.36340301618897014,,,8.971580264531532,0.0,0,-1.6285923999344214,-0.0,0,0
EGY,2022,,,26.890253299799863,8.35073896111049,8.330308705589859,0.02043025552063149,2.0377394735778167,0.3078800192404974,,,8.971580264531532,0.0,0,-1.24221837132405,-0.0,0,0
EGY,2023,,,26.70449334250881,8.148095591128989,8.371664569863713,0.2235689787347237,2.2815020545387856,0.2754499365000702,,,8.971580264531532,0.0,0,-0.9984557903630811,-0.0,0,0
EGY,2024,,,26.686999180513713,8.113269008603684,8.458856187822017,0.3455871792183327,1.6803807849661903,0.25063432545572617,,,8.971580264531532,0.0,0,-1.5995770599356764,-0.0,0,0
ERI,2006,,,20.914845966964254,6.104787439378565,6.694260831370928,0.5894733919923638,3.6235705280797736,0.7783648090673186,,,8.887550365289398,0.0,0,0.34361268317790694,0.0,0,0
ERI,2007,,,20.999361918557874,6.174718218628331,6.830485755686894,0.6557675370585629,2.948678646276008,0.8510657139515363,,,8.887550365289398,0.0,0,-0.33127919862585875,-0.0,0,0
ERI,2008,,,21.045486138351876,6.194542026674369,7.059473251657147,0.8649312249827785,2.51709234338985,0.8789743264786377,,,8.887550365289398,0.0,0,-0.7628655015120165,-0.0,0,0
ERI,2009,,,21.342064159306272,6.466029201048852,7.1116505738887605,0.6456213728399085,2.407152889996553,0.9056555209856043,,,8.887550365289398,0.0,0,-0.8728049549053138,-0.0,0,0
ERI,2010,,,21.186695056515454,6.291012525547268,7.428429341939105,1.1374168163918368,2.7447534561754856,0.9802475835661725,,,8.887550365289398,0.0,0,-0.5352043887263811,-0.0,0,0
ERI,2011,,,21.448396850776174,6.534779131699235,7.576058919459159,1.0412797877599242,2.7298498279661656,1.079028404178507,,,8.887550365289398,0.0,0,-0.5501080169357011,-0.0,0,0
ERI,2012,,,,,7.689424962620857,,2.4660729464716904,1.044504221116421,,,8.887550365289398,0.0,0,-0.8138848984301763,-0.0,0,0
ERI,2013,,,,,7.766212370634288,,2.2910065303518246,1.1802871087438167,,,8.887550365289398,0.0,0,-0.9889513145500421,-0.0,0,0
ERI,2014,,,,,7.8424298457105515,,2.2224397824851096,1.4136975558421139,,,8.887550365289398,0.0,0,-1.057518062416757,-0.0,0,0
ERI,2015,,,,,7.854601928784033,,2.0872912669823167,1.6612410074471182,,,8.887550365289398,0.0,0,-1.19266657791955,-0.0,0,0
ERI,2016,,,,,7.913908812616166,,2.267427206076148,1.6926598915024265,,,8.887550365289398,0.0,0,-1.012530638825719,-0.0,0,0
ERI,2017,,,,,7.991629467194556,,2.391057328467648,1.6494324716541255,,,8.887550365289398,0.0,0,-0.8889005164342185,-0.0,0,0
ERI,2018,,,,,8.07785378233981,,2.3423656567090427,1.7231876384252682,,,8.887550365289398,0.0,0,-0.937592188192824,-0.0,0,0
ERI,2019,,,,,8.143488417802308,,2.331040882808602,1.8586122187742553,,,8.887550365289398,0.0,0,-0.9489169620932647,-0.0,0,0
ERI,2020,,,,,8.170196839808145,,2.409172541209939,1.8505662980000226,,,8.887550365289398,0.0,0,-0.8707853036919277,-0.0,0,0
ERI,2021,,,,,8.21722085115122,,2.2344488677790024,1.7430003284086704,,,8.887550365289398,0.0,0,-1.0455089771228643,-0.0,0,0
ERI,2022,,,,,8.330308705589859,,2.410157074723188,1.732340615184649,,,8.887550365289398,0.0,0,-0.8698007701786787,-0.0,0,0
ERI,2023,,,,,8.371664569863713,,2.5826539158416373,1.6918970149869264,,,8.887550365289398,0.0,0,-0.6973039290602294,-0.0,0,0
ERI,2024,,,,,8.458856187822017,,2.2570455323409244,1.8583584217943174,,,8.887550365289398,0.0,0,-1.0229123125609423,-0.0,0,0
ESH,2006,,,,,6.694260831370928,,,,,,9.404149855794103,0.0,0,,,0,0
ESH,2007,,,,,6.830485755686894,,,,,,9.404149855794103,0.0,0,,,0,0
ESH,2008,,,,,7.059473251657147,,,,,,9.404149855794103,0.0,0,,,0,0
ESH,2009,,,,,7.1116505738887605,,,,,,9.404149855794103,0.0,0,,,0,0
ESH,2010,,,,,7.428429341939105,,,,,,9.404149855794103,0.0,0,,,0,0
ESH,2011,,,,,7.576058919459159,,,,,,9.404149855794103,0.0,0,,,0,0
ESH,2012,,,,,7.689424962620857,,,,,,9.404149855794103,0.0,0,,,0,0
ESH,2013,,,,,7.766212370634288,,,,,,9.404149855794103,0.0,0,,,0,0
ESH,2014,,,,,7.8424298457105515,,,,,,9.404149855794103,0.0,0,,,0,0
ESH,2015,,,,,7.854601928784033,,,,,,9.404149855794103,0.0,0,,,0,0
ESH,2016,,,,,7.913908812616166,,,,,,9.404149855794103,0.0,0,,,0,0
ESH,2017,,,,,7.991629467194556,,,,,,9.404149855794103,0.0,0,,,0,0
ESH,2018,,,,,8.07785378233981,,,,,,9.404149855794103,0.0,0,,,0,0
ESH,2019,,,,,8.143488417802308,,,,,,9.404149855794103,0.0,0,,,0,0
ESH,2020,,,,,8.170196839808145,,,,,,9.404149855794103,0.0,0,,,0,0
ESH,2021,,,,,8.21722085115122,,,,,,9.404149855794103,0.0,0,,,0,0
ESH,2022,,,,,8.330308705589859,,,,,,9.404149855794103,0.0,0,,,0,0
ESH,2023,,,,,8.371664569863713,,,,,,9.404149855794103,0.0,0,,,0,0
ESH,2024,,,,,8.458856187822017,,,,,,9.404149855794103,0.0,0,,,0,0
ESP,2006,,,27.86359738556384,10.25490774286739,6.694260831370928,3.5606469114964616,3.955812788431643,2.879640084058929,3.096241150584741,1.4249062174832503,9.268921495506799,0.0,0,0.6758549435297763,0.0,0,0
ESP,2007,,,28.02086232195537,10.393661866174403,6.830485755686894,3.5631761104875093,3.677725760340766,2.8443063827204695,3.096241150584741,1.4249062174832503,9.268921495506799,0.0,0,0.39776791543889933,0.0,0,0
ESP,2008,,,28.123345918619677,10.480192157848068,7.059473251657147,3.4207189061909204,3.7617759848708197,2.8628994483995274,3.096241150584741,1.4249062174832503,9.268921495506799,0.0,0,0.48181813996895295,0.0,0,0
ESP,2009,,,28.034208692995858,10.382197572418518,7.1116505738887605,3.270546998529757,3.8532276513552888,2.6273064337447143,3.096241150584741,1.4249062174832503,9.268921495506799,0.0,0,0.5732698064534221,0.0,0,0
ESP,2010,,,27.98728833199924,10.330673128371389,7.428429341939105,2.902243786432284,4.093152601483939,2.714285445828546,3.096241150584741,1.4249062174832503,9.268921495506799,0.0,0,0.8131947565820723,0.0,0,0
ESP,2011,,,28.028164130774083,10.367995543181516,7.576058919459159,2.791936623722357,3.9872517273556816,2.4825771311090254,3.096241150584741,1.4249062174832503,9.268921495506799,0.0,0,0.7072938824538149,0.0,0,0
ESP,2012,,,27.91694775726504,10.256129910046859,7.689424962620857,2.566704947426002,4.138674446234665,2.59743093232223,3.096241150584741,1.4249062174832503,9.268921495506799,0.0,0,0.8587166013327985,0.0,0,0
ESP,2013,,,27.940112555911377,10.28291139649337,7.766212370634288,2.516699025859082,3.5923256858316033,2.2691797189149887,3.096241150584741,1.4249062174832503,9.268921495506799,0.0,0,0.3123678409297366,0.0,0,0
ESP,2014,,,27.95328181777457,10.299163755580002,7.8424298457105515,2.4567339098694507,3.1212393694653855,1.919578400886483,3.096241150584741,1.4249062174832503,9.268921495506799,0.0,0,-0.1587184754364812,-0.0,0,0
ESP,2015,,,27.81846683637056,10.165176266554539,7.854601928784033,2.3105743377705057,3.1215044099610694,1.783356147520913,3.096241150584741,1.4249062174832503,9.268921495506799,0.0,0,-0.15845343494079733,-0.0,0,0
ESP,2016,,,27.848561533298938,10.19449930475678,7.913908812616166,2.2805904921406146,3.2788957962877365,1.8270516847146465,3.096241150584741,1.4249062174832503,9.268921495506799,0.0,0,-0.0010620486141301733,-0.0,0,0
ESP,2017,,,27.909980825545993,10.253487256138124,7.991629467194556,2.2618577889435683,3.47049888837113,1.8673663619915721,3.096241150584741,1.4249062174832503,9.268921495506799,0.0,0,0.19054104346926337,0.0,0,0
ESP,2018,,,27.98984371852549,10.328834411872553,8.07785378233981,2.2509806295327426,3.0943141796685225,1.8525881104303892,3.096241150584741,1.4249062174832503,9.268921495506799,0.0,0,-0.1856436652333442,-0.0,0,0
ESP,2019,,,27.969987658955418,10.301811374547727,8.143488417802308,2.158322956745419,3.121386388032517,1.8706800320964998,3.096241150584741,1.4249062174832503,9.268921495506799,0.0,0,-0.1585714568693497,-0.0,0,0
ESP,2020,,,27.88549575202163,10.21221936571773,8.170196839808145,2.0420225259095837,3.2559277069152124,1.7898724769259566,3.096241150584741,1.4249062174832503,9.268921495506799,0.0,1,-0.02403013798665432,-0.02403013798665432,0,0
ESP,2021,,,28.010309860831953,10.335253007576831,8.21722085115122,2.1180321564256115,3.3189024968340823,1.8789778007561866,3.096241150584741,1.4249062174832503,9.268921495506799,0.0,1,0.038944651932215635,0.038944651932215635,0,0
ESP,2022,,,28.001791708673668,10.319546306626945,8.330308705589859,1.989237601037086,3.485352864174112,1.8879186089012185,3.096241150584741,1.4249062174832503,9.268921495506799,0.0,1,0.20539501927224535,0.20539501927224535,0,0
ESP,2023,,,28.11312744904924,10.419098385133672,8.371664569863713,2.04743381526996,3.674898347289153,1.7843134084909622,3.096241150584741,1.4249062174832503,9.268921495506799,0.0,1,0.3949405023872865,0.3949405023872865,0,0
ESP,2024,,,28.176637454537932,10.472396264528527,8.458856187822017,2.0135400767065104,3.6210735655206983,1.7088533634107979,3.096241150584741,1.4249062174832503,9.268921495506799,0.0,1,0.34111572061883155,0.34111572061883155,0,0
EST,2006,,,23.557988148427384,9.444738757178463,6.694260831370928,2.7504779258075347,3.2337950817529735,2.7671623013224242,2.774322271642407,1.4908484816265124,9.007621680801726,0.0,0,-0.04616276314889323,-0.0,0,0
EST,2007,,,23.834568217944664,9.725880712046655,6.830485755686894,2.8953949563597607,2.927366205779048,2.6568029122142685,2.774322271642407,1.4908484816265124,9.007621680801726,0.0,0,-0.35259163912281855,-0.0,0,0
EST,2008,,,23.91550751721549,9.809501348512892,7.059473251657147,2.750028096855745,2.958314488782416,2.734705440775418,2.774322271642407,1.4908484816265124,9.007621680801726,0.0,0,-0.3216433561194507,-0.0,0,0
EST,2009,,,23.700527801719854,9.59644931379145,7.1116505738887605,2.484798739902689,3.1260947687418663,2.60294345833602,2.774322271642407,1.4908484816265124,9.007621680801726,0.0,0,-0.1538630761600004,-0.0,0,0
EST,2010,,,23.69492851901777,9.59313061077466,7.428429341939105,2.1647012688355547,3.106269697273089,2.956693742684088,2.774322271642407,1.4908484816265124,9.007621680801726,0.0,0,-0.1736881476287775,-0.0,0,0
EST,2011,,,23.8718872432584,9.77312516325173,7.576058919459159,2.1970662437925714,3.3867451892295364,2.945392338475173,2.774322271642407,1.4908484816265124,9.007621680801726,0.0,0,0.10678734432766968,0.0,0,0
EST,2012,,,23.86902914980932,9.773846513917094,7.689424962620857,2.084421551296238,3.58553679397095,3.0351404467518925,2.774322271642407,1.4908484816265124,9.007621680801726,0.0,0,0.30557894906908345,0.0,0,0
EST,2013,,,23.960022159895885,9.868398442029909,7.766212370634288,2.1021860713956206,3.4004065335378817,3.027096516626342,2.774322271642407,1.4908484816265124,9.007621680801726,0.0,0,0.12044868863601499,0.0,0,0
EST,2014,,,24.021163134469887,9.932161978354891,7.8424298457105515,2.0897321326443397,3.593073401179421,3.1221778384347885,2.774322271642407,1.4908484816265124,9.007621680801726,0.0,0,0.3131155562775545,0.0,0,0
EST,2015,,,23.872227555447058,9.782570874036644,7.854601928784033,1.9279689452526103,3.86208316897419,2.860228684855318,2.774322271642407,1.4908484816265124,9.007621680801726,0.0,0,0.5821253240723232,0.0,0,0
EST,2016,,,23.924426787386786,9.834478983720828,7.913908812616166,1.9205701711046625,3.852857408487864,2.7991600381965256,2.774322271642407,1.4908484816265124,9.007621680801726,0.0,0,0.5728995635859975,0.0,0,0
EST,2017,,,24.036340748915585,9.945182238934962,7.991629467194556,1.953552771740406,3.732054225170635,2.9214609725519094,2.774322271642407,1.4908484816265124,9.007621680801726,0.0,0,0.4520963802687681,0.0,0,0
EST,2018,,,24.164409077136938,10.069770175776512,8.07785378233981,1.9919163934367017,3.584549523282153,2.9590271931307313,2.774322271642407,1.4908484816265124,9.007621680801726,0.0,0,0.30459167838028645,0.0,0,0
EST,2019,,,24.185048585381004,10.086694140130202,8.143488417802308,1.9432057223278942,3.6493933048071425,3.056834984315964,2.774322271642407,1.4908484816265124,9.007621680801726,0.0,0,0.3694354599052758,0.0,0,0
EST,2020,,,24.183385105127734,10.083055068025153,8.170196839808145,1.912858228217008,3.515951127672711,3.122300433419889,2.774322271642407,1.4908484816265124,9.007621680801726,0.0,1,0.2359932827708442,0.2359932827708442,0,0
EST,2021,,,24.339604199147203,10.238214192481523,8.21722085115122,2.0209933413303034,3.4922308622738143,3.242546526487486,2.774322271642407,1.4908484816265124,9.007621680801726,0.0,1,0.2122730173719476,0.2122730173719476,0,0
EST,2022,,,24.366798537225502,10.252043015444999,8.330308705589859,1.9217343098551396,3.1719545932680804,3.317271309020777,2.774322271642407,1.4908484816265124,9.007621680801726,0.0,1,-0.10800325163378632,-0.10800325163378632,0,0
EST,2023,,,24.448244415850915,10.317714380709674,8.371664569863713,1.9460498108459614,3.336831250650494,3.302027777748394,2.774322271642407,1.4908484816265124,9.007621680801726,0.0,1,0.05687340574862709,0.05687340574862709,0,0
EST,2024,,,24.487494381603536,10.35546578294303,8.458856187822017,1.8966095951210136,3.1819262042616066,3.1160223976395947,2.774322271642407,1.4908484816265124,9.007621680801726,0.0,1,-0.09803164064026015,-0.09803164064026015,0,0
ETH,2006,,,23.449867021882323,5.243574642984934,6.694260831370928,1.450686188385994,3.697058763812658,0.6987247064779649,,,8.910140409978315,0.0,0,0.4171009189107915,0.0,0,0
ETH,2007,,,23.704271036178238,5.4686770647071645,6.830485755686894,1.3618086909797293,3.114713661517328,0.596142557999865,,,8.910140409978315,0.0,0,-0.1652441833845386,-0.0,0,0
ETH,2008,,,24.021577882912876,5.7570403425454515,7.059473251657147,1.3024329091116957,2.6372991700171475,0.5284630394471831,,,8.910140409978315,0.0,0,-0.6426586748847192,-0.0,0,0
ETH,2009,,,24.202577579478636,5.90964343807342,7.1116505738887605,1.2020071358153404,2.253911922725134,0.43634164735004816,,,8.910140409978315,0.0,0,-1.0260459221767326,-0.0,0,0
ETH,2010,,,24.12225379076418,5.800967903562083,7.428429341939105,1.627461438377022,2.6338019505648456,0.4821753139866531,,,8.910140409978315,0.0,0,-0.6461558943370211,-0.0,0,0
ETH,2011,,,24.1875244956998,5.837803162749173,7.576058919459159,1.7382557567099859,2.7766746639986186,0.4646735730872378,,,8.910140409978315,0.0,0,-0.5032831809032481,-0.0,0,0
ETH,2012,,,24.491666049020665,6.113905676726077,7.689424962620857,1.5755192858947797,2.9233464087972623,0.462188108791292,,,8.910140409978315,0.0,0,-0.35661143610460444,-0.0,0,0
ETH,2013,,,24.587112298606872,6.18216720313197,7.766212370634288,1.5840451675023184,2.689793941985343,0.39813407185637967,,,8.910140409978315,0.0,0,-0.5901639029165238,-0.0,0,0
ETH,2014,,,24.74166894627891,6.309893872624317,7.8424298457105515,1.532535973086235,1.9463139405158043,0.3132109660477971,,,8.910140409978315,0.0,0,-1.3336439043860624,-0.0,0,0
ETH,2015,,,24.852066867556502,6.39344377528803,7.854601928784033,1.4611581534960036,2.5204885861167083,0.4697243075229847,,,8.910140409978315,0.0,0,-0.7594692587851584,-0.0,0,0
ETH,2016,,,24.94974727504648,6.4640453577018855,7.913908812616166,1.4498634549142801,3.091758103190407,0.6240367888220025,,,8.910140409978315,0.0,0,-0.1881997417114598,-0.0,0,0
ETH,2017,,,25.05880447860759,6.545850151556607,7.991629467194556,1.4457793156379486,3.0884388232467463,0.6522567023278891,,,8.910140409978315,0.0,0,-0.19151902165512036,-0.0,0,0
ETH,2018,,,25.146169277502015,6.6062474324985425,8.07785378233981,1.4716063498412675,2.6246513759941563,0.38719103886251166,,,8.910140409978315,0.0,0,-0.6553064689077104,-0.0,0,0
ETH,2019,,,25.243254067317828,6.676419824488206,8.143488417802308,1.467068593314102,2.771149183977245,0.4376348576462199,,,8.910140409978315,0.0,0,-0.5088086609246218,-0.0,0,0
ETH,2020,,,25.315115812134835,6.721173840827129,8.170196839808145,1.4490229989810164,3.435353175416027,0.6692431274909327,,,8.910140409978315,0.0,0,0.15539533051416043,0.0,0,0
ETH,2021,,,25.415264519936517,6.794597594748415,8.21722085115122,1.4226232564028045,3.8162251285817357,0.9207104494974141,,,8.910140409978315,0.0,0,0.536267283679869,0.0,0,0
ETH,2022,,,25.536590230564787,6.889696355283074,8.330308705589859,1.4406123503067851,3.3859894487865505,0.8081071875746858,,,8.910140409978315,0.0,0,0.1060316038846838,0.0,0,0
ETH,2023,,,25.63499450860787,6.962064391349717,8.371664569863713,1.4096001785139958,3.4154626700858226,0.8258618372348038,,,8.910140409978315,0.0,0,0.1355048251839559,0.0,0,0
ETH,2024,,,25.73216828354512,7.033403125165516,8.458856187822017,1.4254530626565005,3.2196524972905523,0.7760390104449005,,,8.910140409978315,0.0,0,-0.06030534761131445,-0.0,0,0
FIN,2006,,,26.103366249288932,10.626533739027481,6.694260831370928,3.932272907656553,4.112667573061718,6.086741663174816,2.8838781193160856,1.7344198665023234,9.012854577107236,0.0,0,0.8327097281598514,0.0,0,0
FIN,2007,,,26.269849524771097,10.788762716188637,6.830485755686894,3.9582769605017436,3.655776171334196,5.731263721786916,2.8838781193160856,1.7344198665023234,9.012854577107236,0.0,0,0.3758183264323294,0.0,0,0
FIN,2008,,,26.378203463186853,10.892461161759316,7.059473251657147,3.832987910102169,3.3909719908893945,5.874753096080348,2.8838781193160856,1.7344198665023234,9.012854577107236,0.0,0,0.11101414598752779,0.0,0,0
FIN,2009,,,26.258553852131733,10.76802908676937,7.1116505738887605,3.65637851288061,3.1541829619083313,5.979950078764244,2.8838781193160856,1.7344198665023234,9.012854577107236,0.0,0,-0.12577488299353545,-0.0,0,0
FIN,2010,,,26.242442602851984,10.74734289213496,7.428429341939105,3.3189135501958544,3.291528580074167,6.217005091772357,2.8838781193160856,1.7344198665023234,9.012854577107236,0.0,0,0.011570735172300228,0.0,0,0
FIN,2011,,,26.340498339115243,10.840763041323228,7.576058919459159,3.264704121864069,3.4794381835821366,5.947763031687063,2.8838781193160856,1.7344198665023234,9.012854577107236,0.0,0,0.19948033868026993,0.0,0,0
FIN,2012,,,26.274065666829397,10.76957227417055,7.689424962620857,3.080147311549693,3.6475002601671926,6.333788117635604,2.8838781193160856,1.7344198665023234,9.012854577107236,0.0,0,0.36754241526532594,0.0,0,0
FIN,2013,,,26.322680031761436,10.813579401374739,7.766212370634288,3.0473670307404506,3.547567437423641,5.972702215765281,2.8838781193160856,1.7344198665023234,9.012854577107236,0.0,0,0.2676095925217741,0.0,0,0
FIN,2014,,,26.33448895099151,10.821252718529616,7.8424298457105515,2.978822872819064,3.532224586142084,5.519941402566324,2.8838781193160856,1.7344198665023234,9.012854577107236,0.0,0,0.2522667412402173,0.0,0,0
FIN,2015,,,26.175208317405776,10.658678246085698,7.854601928784033,2.8040763173016643,3.9069990243105286,5.168721569869198,2.8838781193160856,1.7344198665023234,9.012854577107236,0.0,0,0.6270411794086619,0.0,0,0
FIN,2016,,,26.198799328022567,10.679395042685613,7.913908812616166,2.765486230069447,3.982364099291483,4.95890004066122,2.8838781193160856,1.7344198665023234,9.012854577107236,0.0,0,0.7024062543896163,0.0,0,0
FIN,2017,,,26.259994166248536,10.738243175594528,7.991629467194556,2.7466137083999724,3.951844801918569,5.322688909786901,2.8838781193160856,1.7344198665023234,9.012854577107236,0.0,0,0.6718869570167021,0.0,0,0
FIN,2018,,,26.335916660095574,10.812839259033648,8.07785378233981,2.734985476693838,3.8084067549188867,5.287680203610193,2.8838781193160856,1.7344198665023234,9.012854577107236,0.0,0,0.52844891001702,0.0,0,0
FIN,2019,,,26.31057000365403,10.78639068568719,8.143488417802308,2.6429022678848817,3.7184233370551247,5.179552770521343,2.8838781193160856,1.7344198665023234,9.012854577107236,0.0,0,0.43846549215325803,0.0,0,0
FIN,2020,,,26.321688950041253,10.796073220102286,8.170196839808145,2.625876380294141,3.713667939234973,5.337146515998217,2.8838781193160856,1.7344198665023234,9.012854577107236,0.0,1,0.43371009433310626,0.43371009433310626,0,0
FIN,2021,,,26.40760453559841,10.879915919715371,8.21722085115122,2.662695068564151,3.7654228131736187,5.432130353369765,2.8838781193160856,1.7344198665023234,9.012854577107236,0.0,1,0.485464968271752,0.485464968271752,0,0
FIN,2022,,,26.35895895792527,10.828550896777168,8.330308705589859,2.498242191187309,3.532366620073029,5.111243144090838,2.8838781193160856,1.7344198665023234,9.012854577107236,0.0,1,0.25240877517116234,0.25240877517116234,0,0
FIN,2023,,,26.41089095379787,10.875490968895958,8.371664569863713,2.5038263990322456,3.7860668908480997,4.994297816504417,2.8838781193160856,1.7344198665023234,9.012854577107236,0.0,1,0.506109045946233,0.506109045946233,0,0
FIN,2024,,,26.42280409334264,10.880977707897094,8.458856187822017,2.422121520075077,3.6074321680437644,4.8605197988844635,2.8838781193160856,1.7344198665023234,9.012854577107236,0.0,1,0.3274743231418977,0.3274743231418977,0,0
FJI,2006,,,21.84699518563143,8.147608415636649,6.694260831370928,1.4533475842657202,2.655170608587513,0.376906353464046,,,9.061437846463665,0.0,0,-0.6247872363143538,-0.0,0,0
FJI,2007,,,21.940642782956438,8.232904535579541,6.830485755686894,1.4024187798926473,2.394017521251571,0.12279171194433952,,,9.061437846463665,0.0,0,-0.8859403236502956,-0.0,0,0
FJI,2008,,,21.98263150799233,8.268711912719679,7.059473251657147,1.2092386610625319,2.8018089897274265,0.14931879166537643,,,9.061437846463665,0.0,0,-0.47814885517444017,-0.0,0,0
FJI,2009,,,21.777795486131307,8.05963428568171,7.1116505738887605,0.9479837117929497,2.902286771175682,0.1716175122970384,,,9.061437846463665,0.0,0,-0.3776710737261846,-0.0,0,0
FJI,2010,,,21.86754172870439,8.145881516620681,7.428429341939105,0.7174521746815765,2.291401271750733,0.08269548197668684,,,9.061437846463665,0.0,0,-0.9885565731511337,-0.0,0,0
FJI,2011,,,22.052834252297774,8.328355140986021,7.576058919459159,0.752296221526862,2.8782071563615355,0.0920980814871102,,,9.061437846463665,0.0,0,-0.40175068854033125,-0.0,0,0
FJI,2012,,,22.10254265875216,8.375952935996727,7.689424962620857,0.6865279733758705,3.2722049730691745,0.10977985753070728,,,9.061437846463665,0.0,0,-0.007752871832692243,-0.0,0,0
FJI,2013,,,22.15595893326519,8.427803083949389,7.766212370634288,0.6615907133151007,3.160239446183958,0.10387741278219022,,,9.061437846463665,0.0,0,-0.11971839871790868,-0.0,0,0
FJI,2014,,,22.303708370772956,8.574207873101425,7.8424298457105515,0.7317780273908738,2.656894862470977,0.24868317148844388,,,9.061437846463665,0.0,0,-0.6230629824308895,-0.0,0,0
FJI,2015,,,22.267093698407965,8.536511597309282,7.854601928784033,0.6819096685252486,2.665756781739867,0.22783207736251399,,,9.061437846463665,0.0,0,-0.6142010631619996,-0.0,0,0
FJI,2016,,,22.318648159633355,8.587426143486585,7.913908812616166,0.6735173308704194,3.6010747538522794,0.30111075277930227,,,9.061437846463665,0.0,0,0.32111690895041267,0.0,0,0
FJI,2017,,,22.401010631533204,8.670231506153632,7.991629467194556,0.6786020389590766,3.499168324932183,0.30516039791836114,,,9.061437846463665,0.0,0,0.2192104800303163,0.0,0,0
FJI,2018,,,22.44271001574746,8.713650991514301,8.07785378233981,0.6357972091744912,3.600243891424385,0.49219520708243314,,,9.061437846463665,0.0,0,0.32028604652251813,0.0,0,0
FJI,2019,,,22.39941001054607,8.672841054894672,8.143488417802308,0.529352637092364,3.0935421228771665,0.6597923382613732,,,9.061437846463665,0.0,0,-0.18641572202470025,-0.0,0,0
FJI,2020,,,22.164928647647443,8.43828974136586,8.170196839808145,0.2680929015577149,2.734439037727851,0.5490237438563534,,,9.061437846463665,0.0,0,-0.5455188071740156,-0.0,0,0
FJI,2021,,,22.148509998607754,8.419962455166226,8.21722085115122,0.20274160401500652,2.253700268349664,0.5102097271598126,,,9.061437846463665,0.0,0,-1.0262575765522026,-0.0,0,0
FJI,2022,,,22.328266295549735,8.596765804832636,8.330308705589859,0.2664570992427766,1.8647874241331446,0.5281340772338053,,,9.061437846463665,0.0,0,-1.4151704207687221,-0.0,0,0
FJI,2023,,,22.423763731356132,8.687139466637046,8.371664569863713,0.31547489677333296,2.5643262562881914,0.7102421245973267,,,9.061437846463665,0.0,0,-0.7156315886136753,-0.0,0,0
FJI,2024,,,22.509698797023322,8.768067314334736,8.458856187822017,0.30921112651271976,2.0624021626636337,0.7245179521660559,,,9.061437846463665,0.0,0,-1.217555682238233,-0.0,0,0
FLK,2006,,,,,6.694260831370928,,,,,,9.656957020298455,0.0,0,,,0,0
FLK,2007,,,,,6.830485755686894,,,,,,9.656957020298455,0.0,0,,,0,0
FLK,2008,,,,,7.059473251657147,,,,,,9.656957020298455,0.0,0,,,0,0
FLK,2009,,,,,7.1116505738887605,,,,,,9.656957020298455,0.0,0,,,0,0
FLK,2010,,,,,7.428429341939105,,,,,,9.656957020298455,0.0,0,,,0,0
FLK,2011,,,,,7.576058919459159,,,,,,9.656957020298455,0.0,0,,,0,0
FLK,2012,,,,,7.689424962620857,,,,,,9.656957020298455,0.0,0,,,0,0
FLK,2013,,,,,7.766212370634288,,,,,,9.656957020298455,0.0,0,,,0,0
FLK,2014,,,,,7.8424298457105515,,,,,,9.656957020298455,0.0,0,,,0,0
FLK,2015,,,,,7.854601928784033,,,,,,9.656957020298455,0.0,0,,,0,0
FLK,2016,,,,,7.913908812616166,,,,,,9.656957020298455,0.0,0,,,0,0
FLK,2017,,,,,7.991629467194556,,,,,,9.656957020298455,0.0,0,,,0,0
FLK,2018,,,,,8.07785378233981,,,,,,9.656957020298455,0.0,0,,,0,0
FLK,2019,,,,,8.143488417802308,,,,,,9.656957020298455,0.0,0,,,0,0
FLK,2020,,,,,8.170196839808145,,,,,,9.656957020298455,0.0,0,,,0,0
FLK,2021,,,,,8.21722085115122,,,,,,9.656957020298455,0.0,0,,,0,0
FLK,2022,,,,,8.330308705589859,,,,,,9.656957020298455,0.0,0,,,0,0
FLK,2023,,,,,8.371664569863713,,,,,,9.656957020298455,0.0,0,,,0,0
FLK,2024,,,,,8.458856187822017,,,,,,9.656957020298455,0.0,0,,,0,0
FRA,2006,,,28.47166612855778,10.503190872626895,6.694260831370928,3.808930041255967,3.6826925015525553,3.623898304493728,4.028736937458799,1.8733299516968904,9.199120463550356,0.0,0,0.40273465665068864,0.0,0,1
FRA,2007,,,28.607773411381512,10.633115898624695,6.830485755686894,3.802630142937801,3.452159314182818,3.669692068440947,4.028736937458799,1.8733299516968904,9.199120463550356,0.0,0,0.17220146928095126,0.0,0,1
FRA,2008,,,28.704931797007667,10.724694078119368,7.059473251657147,3.665220826462221,3.2167642340225115,3.591644309982135,4.028736937458799,1.8733299516968904,9.199120463550356,0.0,0,-0.06319361087935516,-0.0,0,1
FRA,2009,,,28.62430099318056,10.638929764159013,7.1116505738887605,3.527279190270252,3.4167028743315075,3.385234139987286,4.028736937458799,1.8733299516968904,9.199120463550356,0.0,0,0.13674502942964084,0.0,0,1
FRA,2010,,,28.604157112078706,10.61385611934683,7.428429341939105,3.1854267774077245,3.308127809189626,3.583546518184568,4.028736937458799,1.8733299516968904,9.199120463550356,0.0,0,0.028169964287759086,0.0,0,1
FRA,2011,,,28.685475488875525,10.690347822033576,7.576058919459159,3.114288902574417,3.654815647660618,3.22138458671965,4.028736937458799,1.8733299516968904,9.199120463550356,0.0,0,0.37485780275875147,0.0,0,1
FRA,2012,,,28.617959332089832,10.617994516053528,7.689424962620857,2.9285695534326717,3.7236344272989013,3.488814345907029,4.028736937458799,1.8733299516968904,9.199120463550356,0.0,0,0.44367658239703456,0.0,0,1
FRA,2013,,,28.66636611345938,10.661232147292914,7.766212370634288,2.895019776658626,3.574656822152738,3.1897267954494453,4.028736937458799,1.8733299516968904,9.199120463550356,0.0,0,0.29469897725087124,0.0,0,1
FRA,2014,,,28.682274854571848,10.672392409943663,7.8424298457105515,2.829962564233112,3.4581759917001857,2.8146272062992033,4.028736937458799,1.8733299516968904,9.199120463550356,0.0,0,0.17821814679831904,0.0,0,1
FRA,2015,,,28.52403644607786,10.510598309049092,7.854601928784033,2.6559963802650586,3.753914973028461,2.5684279775285614,4.028736937458799,1.8733299516968904,9.199120463550356,0.0,0,0.4739571281265942,0.0,0,1
FRA,2016,,,28.53540428120262,10.519327456288199,7.913908812616166,2.6054186436720332,4.129939683206953,2.4977223056480655,4.028736937458799,1.8733299516968904,9.199120463550356,0.0,0,0.8499818383050859,0.0,0,1
FRA,2017,,,28.58224195535614,10.563263109278209,7.991629467194556,2.571633642083653,3.999498207675149,2.6913007322443256,4.028736937458799,1.8733299516968904,9.199120463550356,0.0,0,0.7195403627732824,0.0,0,1
FRA,2018,,,28.65403890483578,10.631475112939684,8.07785378233981,2.5536213305998743,3.8289182483534616,2.6913237762452056,4.028736937458799,1.8733299516968904,9.199120463550356,0.0,0,0.5489604034515949,0.0,0,1
FRA,2019,,,28.632679496841067,10.606790113654695,8.143488417802308,2.463301695852387,3.7094666106837306,2.604534712063904,4.028736937458799,1.8733299516968904,9.199120463550356,0.0,0,0.4295087657818639,0.0,0,1
FRA,2020,,,28.60479782880602,10.575662867809294,8.170196839808145,2.4054660280011486,3.6496930670141876,2.463287919126093,4.028736937458799,1.8733299516968904,9.199120463550356,0.0,1,0.3697352221123209,0.3697352221123209,0,1
FRA,2021,,,28.71838157013104,10.685677585810422,8.21722085115122,2.4684567346592026,3.8377183141204836,2.5719094371187348,4.028736937458799,1.8733299516968904,9.199120463550356,0.0,1,0.5577604692186169,0.5577604692186169,0,1
FRA,2022,,,28.65877741897098,10.62105022535698,8.330308705589859,2.2907415197671206,3.6912181238372255,2.54359797478018,4.028736937458799,1.8733299516968904,9.199120463550356,0.0,1,0.41126027893535877,0.41126027893535877,0,1
FRA,2023,,,28.748210002239357,10.707731877190923,8.371664569863713,2.3360673073272107,3.8275326648956907,2.4680328267964615,4.028736937458799,1.8733299516968904,9.199120463550356,0.0,1,0.547574819993824,0.547574819993824,0,1
FRA,2024,,,28.78173320411877,10.738635126651344,8.458856187822017,2.2797789388293275,3.6812244042271898,2.2009351125875902,4.028736937458799,1.8733299516968904,9.199120463550356,0.0,1,0.40126655932532307,0.40126655932532307,0,1
FRO,2006,,,21.425214587251006,10.6393033723523,6.694260831370928,3.9450425409813716,,,,,9.189509201911193,0.0,0,,,0,0
FRO,2007,,,21.572995871468077,10.786195427555,6.830485755686894,3.9557096718681066,,,,,9.189509201911193,0.0,0,,,0,0
FRO,2008,,,21.635497642363593,10.845209962520366,7.059473251657147,3.785736710863219,,,,,9.189509201911193,0.0,0,,,0,0
FRO,2009,,,21.55446269917143,10.759182046361545,7.1116505738887605,3.6475314724727843,,,,,9.189509201911193,0.0,0,,,0,0
FRO,2010,,,21.5699049594249,10.777374549507755,7.428429341939105,3.34894520756865,,,,,9.189509201911193,0.0,0,,,0,0
FRO,2011,,,21.641850204135046,10.851665522571842,7.576058919459159,3.275606603112683,,,,,9.189509201911193,0.0,0,,,0,0
FRO,2012,,,21.61000432679185,10.82502454792426,7.689424962620857,3.135599585303403,,,,,9.189509201911193,0.0,0,,,0,0
FRO,2013,,,21.71284811556206,10.928800641107577,7.766212370634288,3.1625882704732886,,,,,9.189509201911193,0.0,0,,,0,0
FRO,2014,,,21.792796895867394,11.00498410746416,7.8424298457105515,3.162554261753609,,,,,9.189509201911193,0.0,0,,,0,0
FRO,2015,,,21.668690415171277,10.871198640340236,7.854601928784033,3.0165967115562022,,,,,9.189509201911193,0.0,0,,,0,0
FRO,2016,,,21.75761649726112,10.948636302950353,7.913908812616166,3.0347274903341876,,,,,9.189509201911193,0.0,0,,,0,0
FRO,2017,,,21.8152083916004,10.991856500136825,7.991629467194556,3.000227032942269,,,,,9.189509201911193,0.0,0,,,0,0
FRO,2018,,,21.882848076807118,11.043325990360241,8.07785378233981,2.965472208020431,,,,,9.189509201911193,0.0,0,,,0,0
FRO,2019,,,21.906964319419608,11.052011960001668,8.143488417802308,2.90852354219936,,,,,9.189509201911193,0.0,0,,,0,0
FRO,2020,,,21.908610197697,11.038880518844309,8.170196839808145,2.868683679036163,,,,,9.189509201911193,0.0,0,,,0,0
FRO,2021,,,22.031477491717396,11.147954751355872,8.21722085115122,2.930733900204652,,,,,9.189509201911193,0.0,0,,,0,0
FRO,2022,,,22.008424578425508,11.113483164450214,8.330308705589859,2.783174458860355,,,,,9.189509201911193,0.0,0,,,0,0
FRO,2023,,,22.095240920361373,11.191158252899058,8.371664569863713,2.819493683035345,,,,,9.189509201911193,0.0,0,,,0,0
FRO,2024,,,22.12270768231732,11.214186188072647,8.458856187822017,2.7553300002506305,,,,,9.189509201911193,0.0,0,,,0,0
FSM,2006,,,19.33697147582652,7.7221304221513964,6.694260831370928,1.027869590780468,5.1619007542004605,1.8079343010864362,,,8.540729037649335,0.0,0,1.8819429092985938,0.0,1,0
FSM,2007,,,19.348900046691796,7.7417559064825845,6.830485755686894,0.9112701507956906,5.0030449425508445,1.6146781895384625,,,8.540729037649335,0.0,0,1.7230870976489778,0.0,1,0
FSM,2008,,,19.380030965286966,7.781515132482557,7.059473251657147,0.7220418808254099,4.42803902894028,1.372079433008304,,,8.540729037649335,0.0,0,1.1480811840384129,0.0,1,0
FSM,2009,,,19.439528064151613,7.850039785475422,7.1116505738887605,0.7383892115866617,4.558552290600295,1.4812227444056834,,,8.540729037649335,0.0,0,1.278594445698428,0.0,1,0
FSM,2010,,,19.492264360232557,7.906646209868887,7.428429341939105,0.478216867929782,4.460436025436833,1.4594924691354485,,,8.540729037649335,0.0,0,1.180478180534966,0.0,1,0
FSM,2011,,,19.54561034093785,7.9585240480679325,7.576058919459159,0.38246512860877324,4.4035443148416435,1.0972444508685302,,,8.540729037649335,0.0,0,1.1235864699397768,0.0,1,0
FSM,2012,,,19.596254073756604,8.007386605211218,7.689424962620857,0.31796164259036175,4.642182785046921,1.2186489821221569,,,8.540729037649335,0.0,0,1.3622249401450541,0.0,1,0
FSM,2013,,,19.56490354387253,7.9738972945423034,7.766212370634288,0.2076849239080154,4.52026796785941,1.1704643560462997,,,8.540729037649335,0.0,0,1.2403101229575433,0.0,1,0
FSM,2014,,,19.571252771551187,7.977706304613341,7.8424298457105515,0.13527645890278972,4.904935517183832,1.3580329388667784,,,8.540729037649335,0.0,0,1.624977672281965,0.0,1,0
FSM,2015,,,19.558513745773755,7.96201948938421,7.854601928784033,0.10741756060017682,5.180117810557068,1.2817112641194586,,,8.540729037649335,0.0,0,1.900159965655201,0.0,1,0
FSM,2016,,,19.605470728861526,8.005679730869717,7.913908812616166,0.09177091825355177,5.300290325504995,1.1877135591971124,,,8.540729037649335,0.0,0,2.020332480603128,0.0,1,0
FSM,2017,,,19.704388516297154,8.100882219095839,7.991629467194556,0.10925275190128314,5.167884334487329,1.286682528111266,,,8.540729037649335,0.0,0,1.8879264895854626,0.0,1,0
FSM,2018,,,19.79186146726221,8.184453437593849,8.07785378233981,0.1065996552540387,5.47539497173587,1.375756287915381,,,8.540729037649335,0.0,0,2.1954371268340034,0.0,1,0
FSM,2019,,,19.794396322865396,8.183600322237414,8.143488417802308,0.04011190443510593,5.179341854119587,1.3694810870982916,,,8.540729037649335,0.0,0,1.8993840092177199,0.0,1,0
FSM,2020,,,19.7368280856699,8.120299648617124,8.170196839808145,0.04989719119102176,4.446162583548422,1.2335094912189402,,,8.540729037649335,0.0,0,1.1662047386465555,0.0,1,0
FSM,2021,,,19.785756320498542,8.1628649609265,8.21722085115122,0.05435589022471987,4.108631826599564,1.22625044563824,,,8.540729037649335,0.0,0,0.8286739816976971,0.0,1,0
FSM,2022,,,19.844350125597717,8.217078635842967,8.330308705589859,0.11323006974689243,4.111926820248564,1.3892644094294158,,,8.540729037649335,0.0,0,0.831968975346697,0.0,1,0
FSM,2023,,,19.909025247485733,8.277161858443991,8.371664569863713,0.09450271141972166,4.055027515128283,1.3961041793021518,,,8.540729037649335,0.0,0,0.7750696702264164,0.0,1,0
FSM,2024,,,19.991629979229444,8.35507195381394,8.458856187822017,0.10378423400807613,4.286849808272113,1.6289188422455478,,,8.540729037649335,0.0,0,1.0068919633702467,0.0,1,0
GAB,2006,,,23.05808559609161,8.831567318707283,6.694260831370928,2.137306487336354,1.3906542348723763,0.08865196925405244,,,9.28263684721681,0.0,0,-1.8893036100294904,-0.0,0,0
GAB,2007,,,23.245420870494158,8.987639584747548,6.830485755686894,2.157153829060654,1.661209436717169,0.12478968906005687,,,9.28263684721681,0.0,0,-1.6187484081846977,-0.0,0,0
GAB,2008,,,23.468698417908485,9.178709880549095,7.059473251657147,2.1192366288919473,2.218420123107662,0.16261508561293522,,,9.28263684721681,0.0,0,-1.0615377217942048,-0.0,0,0
GAB,2009,,,23.21760280354659,8.894337732853888,7.1116505738887605,1.7826871589651274,1.9611364285516715,0.14889683163958448,,,9.28263684721681,0.0,0,-1.3188214163501952,-0.0,0,0
GAB,2010,,,23.38858896754295,9.03082447006512,7.428429341939105,1.6023951281260151,1.887892019085558,0.10808731162935654,,,9.28263684721681,0.0,0,-1.3920658258163088,-0.0,0,0
GAB,2011,,,23.625253630245577,9.232015160776537,7.576058919459159,1.6559562413173783,2.17224688582695,0.1260941242209164,,,9.28263684721681,0.0,0,-1.1077109590749168,-0.0,0,0
GAB,2012,,,23.566456536304802,9.137443376384681,7.689424962620857,1.4480184137638243,2.774684415183831,0.14456265766546086,,,9.28263684721681,0.0,0,-0.5052734297180357,-0.0,0,0
GAB,2013,,,23.590922936937154,9.126708847380323,7.766212370634288,1.360496476746035,2.1161067278186896,0.11419573486335118,,,9.28263684721681,0.0,0,-1.1638511170831771,-0.0,0,0
GAB,2014,,,23.62490536858912,9.12710687885886,7.8424298457105515,1.2846770331483093,2.1759075954179057,0.20360477622676712,,,9.28263684721681,0.0,0,-1.104050249483961,-0.0,0,0
GAB,2015,,,23.38932028290575,8.860375230643234,7.854601928784033,1.0057733018592003,2.0715992937210035,0.21986517201289746,,,9.28263684721681,0.0,0,-1.2083585511808632,-0.0,0,0
GAB,2016,,,23.364028159760522,8.80643455339645,7.913908812616166,0.8925257407802842,1.988003659939007,0.2627774913850591,,,9.28263684721681,0.0,0,-1.2919541849628597,-0.0,0,0
GAB,2017,,,23.426604120055803,8.842421556445338,7.991629467194556,0.8507920892507821,2.263909336539555,0.3070466913375187,,,9.28263684721681,0.0,0,-1.0160485083623119,-0.0,0,0
GAB,2018,,,23.548644238547624,8.939092845953938,8.07785378233981,0.8612390636141285,2.201916841145258,0.26567646862803174,,,9.28263684721681,0.0,0,-1.0780410037566086,-0.0,0,0
GAB,2019,,,23.54906384140382,8.914784535606321,8.143488417802308,0.7712961178040132,1.985303542374916,0.31175871340298794,,,9.28263684721681,0.0,0,-1.2946543025269508,-0.0,0,0
GAB,2020,,,23.45387539566411,8.795703853885234,8.170196839808145,0.6255070140770886,2.249640828809408,0.35087749170544885,,,9.28263684721681,0.0,0,-1.0303170160924586,-0.0,0,0
GAB,2021,,,23.690852466787344,9.009619681428562,8.21722085115122,0.7923988302773424,1.890998395571107,0.26346482027558776,,,9.28263684721681,0.0,0,-1.3889594493307598,-0.0,0,0
GAB,2022,,,23.740791680790338,9.037082505306179,8.330308705589859,0.7067737997163199,2.2292985421371254,0.2846536218121028,,,9.28263684721681,0.0,0,-1.0506593027647413,-0.0,0,0
GAB,2023,,,23.68793934553237,8.962241041081258,8.371664569863713,0.5905764712175454,1.8107631939115238,0.263893727492125,,,9.28263684721681,0.0,0,-1.4691946509903429,-0.0,0,0
GAB,2024,,,23.762808487786042,9.015546532358671,8.458856187822017,0.5566903445366549,2.466667931318801,0.2780780736954272,,,9.28263684721681,0.0,0,-0.8132899135830658,-0.0,0,0
GBR,2006,,,28.631490636609524,10.707620520232188,6.694260831370928,4.01335968886126,3.847259820897688,4.778832804097071,3.442732373126834,2.623786521125059,9.204467963085452,0.0,0,0.5673019759958211,0.0,0,1
GBR,2007,,,28.763938169622104,10.832281392120352,6.830485755686894,4.001795636433458,3.3749717807139996,4.433002944620426,3.442732373126834,2.623786521125059,9.204467963085452,0.0,0,0.09501393581213291,0.0,0,1
GBR,2008,,,28.711215443208015,10.771688339483077,7.059473251657147,3.71221508782593,3.2357418842703396,4.1122535230083335,3.442732373126834,2.623786521125059,9.204467963085452,0.0,0,-0.04421596063152711,-0.0,0,1
GBR,2009,,,28.518648204842595,10.571557192521722,7.1116505738887605,3.459906618632961,3.4669246448981887,3.7639037879595754,3.442732373126834,2.623786521125059,9.204467963085452,0.0,0,0.18696679999632204,0.0,0,1
GBR,2010,,,28.54600726963339,10.59107737084605,7.428429341939105,3.1626480289069443,3.6709582977657016,4.146257757335479,3.442732373126834,2.623786521125059,9.204467963085452,0.0,0,0.3910004528638349,0.0,0,1
GBR,2011,,,28.6151910454598,10.652446081050094,7.576058919459159,3.076387161590935,3.908230652319271,3.830020130508876,3.442732373126834,2.623786521125059,9.204467963085452,0.0,0,0.6282728074174044,0.0,0,1
GBR,2012,,,28.631548564879214,10.66168077478667,7.689424962620857,2.9722558121658142,3.9968133659729146,4.069405795675253,3.442732373126834,2.623786521125059,9.204467963085452,0.0,0,0.7168555210710479,0.0,0,1
GBR,2013,,,28.65953575638407,10.682988186430784,7.766212370634288,2.9167758157964956,4.084275518116589,4.003542262882306,3.442732373126834,2.623786521125059,9.204467963085452,0.0,0,0.8043176732147219,0.0,0,1
GBR,2014,,,28.757690163286927,10.773671120131155,7.8424298457105515,2.9312412744206036,3.7656341451307194,3.870072212233431,3.442732373126834,2.623786521125059,9.204467963085452,0.0,0,0.48567630022885266,0.0,0,1
GBR,2015,,,28.71132682035767,10.720091425900469,7.854601928784033,2.8654894971164353,3.9813249201833587,3.787086273575977,3.442732373126834,2.623786521125059,9.204467963085452,0.0,0,0.701367075281492,0.0,0,1
GBR,2016,,,28.626791051459662,10.627613338313234,7.913908812616166,2.713704525697068,4.174844833593822,3.624470749566448,3.442732373126834,2.623786521125059,9.204467963085452,0.0,0,0.894886988691955,0.0,0,1
GBR,2017,,,28.623946312608624,10.619326615977824,7.991629467194556,2.6276971487832688,4.420517827449267,3.7711211290661573,3.442732373126834,2.623786521125059,9.204467963085452,0.0,0,1.1405599825474,0.0,0,1
GBR,2018,,,28.694706503262754,10.685202145763926,8.07785378233981,2.6073483634241157,4.393362163220544,3.538156742058733,3.442732373126834,2.623786521125059,9.204467963085452,0.0,0,1.1134043183186777,0.0,0,1
GBR,2019,,,28.687320744035397,10.672685276456262,8.143488417802308,2.529196858653954,4.179641535605083,3.291815025999661,3.442732373126834,2.623786521125059,9.204467963085452,0.0,0,0.8996836907032164,0.0,0,1
GBR,2020,,,28.63312304691192,10.616808015624416,8.170196839808145,2.4466111758162707,4.070028161542963,3.225342297041882,3.442732373126834,2.623786521125059,9.204467963085452,0.0,1,0.7900703166410961,0.7900703166410961,0,1
GBR,2021,,,28.792470225202177,10.77259545997725,8.21722085115122,2.55537460882603,4.163277891237848,3.1192109026747903,3.442732373126834,2.623786521125059,9.204467963085452,0.0,1,0.8833200463359812,0.8833200463359812,0,1
GBR,2022,,,28.78829354135853,10.758642597718076,8.330308705589859,2.428333892128217,3.804306321798705,3.1314968117653024,3.442732373126834,2.623786521125059,9.204467963085452,0.0,1,0.5243484768968383,0.5243484768968383,0,1
GBR,2023,,,28.86089457958123,10.818170786320431,8.371664569863713,2.4465062164567186,3.716971737716346,2.936119002063124,3.442732373126834,2.623786521125059,9.204467963085452,0.0,1,0.4370138928144791,0.4370138928144791,0,1
GBR,2024,,,28.93814767145194,10.88446641515752,8.458856187822017,2.425610227335504,3.717181506337839,2.8571621344618854,3.442732373126834,2.623786521125059,9.204467963085452,0.0,1,0.43722366143597213,0.43722366143597213,0,1
GEO,2006,,,22.770345683945283,7.5989105433550295,6.694260831370928,0.904649711984101,4.365588225590486,0.7294285582543315,,,8.8170002581287,0.0,0,1.085630380688619,0.0,0,0
GEO,2007,,,23.042996214781034,7.876777541535253,6.830485755686894,1.046291785848359,2.964585256037012,0.5410466336930645,,,8.8170002581287,0.0,0,-0.31537258886485464,-0.0,0,0
GEO,2008,,,23.272331649276975,8.109150881324604,7.059473251657147,1.0496776296674568,3.691159012231805,0.6026202611616962,,,8.8170002581287,0.0,0,0.4112011673299385,0.0,0,0
GEO,2009,,,23.099744313755508,7.9454453962306415,7.1116505738887605,0.833794822341881,3.688564490739026,0.6986857323153156,,,8.8170002581287,0.0,0,0.4086066458371591,0.0,0,0
GEO,2010,,,23.243129955865143,8.096125790909602,7.428429341939105,0.6676964489704966,3.5521241089898337,0.7994002053855352,,,8.8170002581287,0.0,0,0.27216626408796696,0.0,0,0
GEO,2011,,,23.46251042556947,8.323527901010868,7.576058919459159,0.7474689815517088,3.2134498911098937,0.8394976384518521,,,8.8170002581287,0.0,0,-0.06650795379197305,-0.0,0,0
GEO,2012,,,23.550247571453387,8.418630702082925,7.689424962620857,0.7292057394620688,3.317852978769301,1.041548213928105,,,8.8170002581287,0.0,0,0.03789513386743426,0.0,0,0
GEO,2013,,,23.586475360093015,8.45786821213662,7.766212370634288,0.6916558415023326,3.1383822042474874,1.0175891985249204,,,8.8170002581287,0.0,0,-0.14157564065437933,-0.0,0,0
GEO,2014,,,23.611747760747413,8.482671073788465,7.8424298457105515,0.6402412280779135,3.7473832319884552,1.0764133191023477,,,8.8170002581287,0.0,0,0.46742538708658854,0.0,0,0
GEO,2015,,,23.44612557673235,8.315474075721646,7.854601928784033,0.46087214693761247,3.989669062188778,0.931647173274165,,,8.8170002581287,0.0,0,0.7097112172869111,0.0,0,0
GEO,2016,,,23.46052195615451,8.329272289152755,7.913908812616166,0.415363476536589,4.22274137042547,1.0326923003641966,,,8.8170002581287,0.0,0,0.9427835255236032,0.0,0,0
GEO,2017,,,23.52499612482556,8.393612597077144,7.991629467194556,0.40198312988258866,4.650075122022461,1.0984999567753697,,,8.8170002581287,0.0,0,1.370117277120594,0.0,0,0
GEO,2018,,,23.608208711790816,8.477215549505885,8.07785378233981,0.3993617671660754,4.539524179341988,0.9495855169105561,,,8.8170002581287,0.0,0,1.259566334440121,0.0,0,0
GEO,2019,,,23.593340615332853,8.464063110450166,8.143488417802308,0.3205746926478579,4.50894565124256,0.8858103176523063,,,8.8170002581287,0.0,0,1.2289878063406934,0.0,0,0
GEO,2020,,,23.496533654528744,8.366569587151373,8.170196839808145,0.19637274734322752,3.9312824368678707,0.8570764833563823,,,8.8170002581287,0.0,0,0.651324591966004,0.0,0,0
GEO,2021,,,23.65994402040869,8.533776319101591,8.21722085115122,0.31655546795037104,3.9342965704947157,0.8139441320138611,,,8.8170002581287,0.0,0,0.654338725592849,0.0,0,0
GEO,2022,,,23.941524229626783,8.814307628813294,8.330308705589859,0.4839989232234352,3.1694526620108876,0.7132138586790355,,,8.8170002581287,0.0,0,-0.1105051828909791,-0.0,0,0
GEO,2023,,,24.150060579535467,9.022041338393533,8.371664569863713,0.6503767685298207,3.1205068585454225,0.759936566133812,,,8.8170002581287,0.0,0,-0.15945098635644417,-0.0,0,0
GEO,2024,,,24.25518217391958,9.101381752721446,8.458856187822017,0.6425255648994295,2.831289758238792,0.5445913265593222,,,8.8170002581287,0.0,0,-0.44866808666307456,-0.0,0,0
GHA,2006,,,23.76229883507091,6.8095259729931135,6.694260831370928,0.11526514162218504,3.2180252177346462,0.8007932677976747,,,9.367505646201453,0.0,0,-0.06193262716722048,-0.0,0,0
GHA,2007,,,23.935211267554173,6.956664117299285,6.830485755686894,0.12617836161239104,3.228863175257033,0.7791203977360283,,,9.367505646201453,0.0,0,-0.05109466964483378,-0.0,0,0
GHA,2008,,,24.079444347602557,7.07551939906139,7.059473251657147,0.016046147404242816,2.8604531594593423,0.6993770520668932,,,9.367505646201453,0.0,0,-0.4195046854425244,-0.0,0,0
GHA,2009,,,23.983234467874208,6.954356669472054,7.1116505738887605,0.1572939044167061,2.8659744975579358,0.7454234433732299,,,9.367505646201453,0.0,0,-0.41398334734393094,-0.0,0,0
GHA,2010,,,24.195159478353396,7.141951537551207,7.428429341939105,0.28647780438789816,3.153978413539166,0.8320297112118129,,,9.367505646201453,0.0,0,-0.12597943136270073,-0.0,0,0
GHA,2011,,,24.395422950859327,7.31816529551182,7.576058919459159,0.2578936239473393,3.1500200942380427,0.7715818795212946,,,9.367505646201453,0.0,0,-0.12993775066382396,-0.0,0,0
GHA,2012,,,24.443442897718363,7.341986151567393,7.689424962620857,0.34743881105346386,3.2560350458231384,0.8085917783178348,,,9.367505646201453,0.0,0,-0.023922799078728296,-0.0,0,0
GHA,2013,,,24.863948702201007,7.7383991629550435,7.766212370634288,0.027813207679244556,3.207441506998831,0.7361982139954645,,,9.367505646201453,0.0,0,-0.07251633790303558,-0.0,0,0
GHA,2014,,,24.724737034359013,7.575537639805813,7.8424298457105515,0.26689220590473806,3.152654998771941,0.6009164923451016,,,9.367505646201453,0.0,0,-0.12730284612992548,-0.0,0,0
GHA,2015,,,24.62396104911127,7.4516903812515745,7.854601928784033,0.40291154753245895,3.0452983317831186,0.5311324433050703,,,9.367505646201453,0.0,0,-0.2346595131187481,-0.0,0,0
GHA,2016,,,24.7511888510987,7.5561560628478945,7.913908812616166,0.3577527497682711,3.3159099014894515,0.5224209374388958,,,9.367505646201453,0.0,0,0.035952056587584824,0.0,0,0
GHA,2017,,,24.82401334705743,7.607026979528979,7.991629467194556,0.3846024876655765,3.382558720657455,0.6366056536322914,,,9.367505646201453,0.0,0,0.1026008757555883,0.0,0,0
GHA,2018,,,24.931821938181315,7.694083856988851,8.07785378233981,0.38376992535095944,2.974937010952815,0.5461927214931449,,,9.367505646201453,0.0,0,-0.3050208339490519,-0.0,0,0
GHA,2019,,,24.947945866767235,7.690129733579404,8.143488417802308,0.4533586842229038,2.900780069116402,0.47895444690911176,,,9.367505646201453,0.0,0,-0.37917777578546463,-0.0,0,0
GHA,2020,,,24.971878841488163,7.694144509785387,8.170196839808145,0.4760523300227586,2.911868594160758,0.500924551721956,,,9.367505646201453,0.0,0,-0.36808925074110865,-0.0,0,0
GHA,2021,,,25.09920151850013,7.801876728359405,8.21722085115122,0.4153441227918151,2.8473861425904365,0.4247054933399619,,,9.367505646201453,0.0,0,-0.43257170231143016,-0.0,0,0
GHA,2022,,,25.026235779505477,7.709708085930337,8.330308705589859,0.6206006196595224,2.771522476626676,0.41232422789482653,,,9.367505646201453,0.0,0,-0.5084353682751908,-0.0,0,0
GHA,2023,,,25.112108525407653,7.776494802863717,8.371664569863713,0.5951697669999954,2.7135942607599874,0.4216045406932188,,,9.367505646201453,0.0,0,-0.5663635841418793,-0.0,0,0
GHA,2024,,,25.14557734916737,7.791213625590123,8.458856187822017,0.6676425622318938,2.6337448151924407,0.4338819439951798,,,9.367505646201453,0.0,0,-0.646213029709426,-0.0,0,0
GIB,2006,,,,,6.694260831370928,,,,,,9.303629419759444,0.0,0,,,1,0
GIB,2007,,,,,6.830485755686894,,,,,,9.303629419759444,0.0,0,,,1,0
GIB,2008,,,,,7.059473251657147,,,,,,9.303629419759444,0.0,0,,,1,0
GIB,2009,,,,,7.1116505738887605,,,,,,9.303629419759444,0.0,0,,,1,0
GIB,2010,,,,,7.428429341939105,,,,,,9.303629419759444,0.0,0,,,1,0
GIB,2011,,,,,7.576058919459159,,,,,,9.303629419759444,0.0,0,,,1,0
GIB,2012,,,,,7.689424962620857,,,,,,9.303629419759444,0.0,0,,,1,0
GIB,2013,,,,,7.766212370634288,,,,,,9.303629419759444,0.0,0,,,1,0
GIB,2014,,,,,7.8424298457105515,,,,,,9.303629419759444,0.0,0,,,1,0
GIB,2015,,,,,7.854601928784033,,,,,,9.303629419759444,0.0,0,,,1,0
GIB,2016,,,,,7.913908812616166,,,,,,9.303629419759444,0.0,0,,,1,0
GIB,2017,,,,,7.991629467194556,,,,,,9.303629419759444,0.0,0,,,1,0
GIB,2018,,,,,8.07785378233981,,,,,,9.303629419759444,0.0,0,,,1,0
GIB,2019,,,,,8.143488417802308,,,,,,9.303629419759444,0.0,0,,,1,0
GIB,2020,,,,,8.170196839808145,,,,,,9.303629419759444,0.0,0,,,1,0
GIB,2021,,,,,8.21722085115122,,,,,,9.303629419759444,0.0,0,,,1,0
GIB,2022,,,,,8.330308705589859,,,,,,9.303629419759444,0.0,0,,,1,0
GIB,2023,,,,,8.371664569863713,,,,,,9.303629419759444,0.0,0,,,1,0
GIB,2024,,,,,8.458856187822017,,,,,,9.303629419759444,0.0,0,,,1,0
GIN,2006,,,22.163105667652328,6.102515090613621,6.694260831370928,0.5917457407573075,3.3440641454626214,1.1668960577305474,,,9.460056523693293,0.0,0,0.06410630056075473,0.0,0,0
GIN,2007,,,22.560941220840938,6.477200914161763,6.830485755686894,0.35328484152513084,3.3062861918054005,1.5080571449728577,,,9.460056523693293,0.0,0,0.026328346903533806,0.0,0,0
GIN,2008,,,22.664045703316216,6.556114536140167,7.059473251657147,0.5033587155169803,2.8454386643727245,1.3696738859413025,,,9.460056523693293,0.0,0,-0.4345191805291422,-0.0,0,0
GIN,2009,,,22.62789337049098,6.495546354372843,7.1116505738887605,0.6161042195159174,2.8961033297649834,1.3163539740855628,,,9.460056523693293,0.0,0,-0.3838545151368833,-0.0,0,0
GIN,2010,,,22.648020513800756,6.491080566678987,7.428429341939105,0.9373487752601184,3.3954928506108146,1.0302397784119648,,,9.460056523693293,0.0,0,0.11553500570894792,0.0,0,0
GIN,2011,,,22.638000351595707,6.456290669208766,7.576058919459159,1.1197682502503934,3.511406215281097,0.9571385764470349,,,9.460056523693293,0.0,0,0.23144837037923027,0.0,0,0
GIN,2012,,,22.756407459307813,6.550156161286645,7.689424962620857,1.1392688013342118,3.6665963256712217,0.8264321422264161,,,9.460056523693293,0.0,0,0.38663848076935503,0.0,0,0
GIN,2013,,,22.848709557507615,6.618011109635536,7.766212370634288,1.1482012609987517,3.309668612274842,0.7727308683042123,,,9.460056523693293,0.0,0,0.02971076737297551,0.0,0,0
GIN,2014,,,22.895568353942444,6.640067971431341,7.8424298457105515,1.2023618742792106,3.4090790313861095,0.8306335987205129,,,9.460056523693293,0.0,0,0.12912118648424276,0.0,0,0
GIN,2015,,,22.897358448406877,6.616542938138529,7.854601928784033,1.2380589906455048,2.9708625321092064,0.6093648321679339,,,9.460056523693293,0.0,0,-0.30909531279266034,-0.0,0,0
GIN,2016,,,22.874557606603894,6.568073009408832,7.913908812616166,1.3458358032073336,3.1720199187159945,0.5452671607779932,,,9.460056523693293,0.0,0,-0.10793792618587217,-0.0,0,0
GIN,2017,,,23.057801846573852,6.725752017556182,7.991629467194556,1.2658774496383733,3.2233896008709912,0.6187624088101676,,,9.460056523693293,0.0,0,-0.05656824403087546,-0.0,0,0
GIN,2018,,,23.196186808504425,6.8386984221985685,8.07785378233981,1.2391553601412415,3.035299571529369,0.5660242199072955,,,9.460056523693293,0.0,0,-0.2446582733724978,-0.0,0,0
GIN,2019,,,23.32171405834123,6.938615626862378,8.143488417802308,1.2048727909399295,2.9209312788149364,0.5004642823792996,,,9.460056523693293,0.0,0,-0.3590265660869303,-0.0,0,0
GIN,2020,,,23.36863845046469,6.9600260236254465,8.170196839808145,1.210170816182699,2.913867716654865,0.6508684233340172,,,9.460056523693293,0.0,0,-0.3660901282470017,-0.0,0,0
GIN,2021,,,23.560536570291823,7.126863101510255,8.21722085115122,1.0903577496409653,2.203809783789072,0.5786744285727689,,,9.460056523693293,0.0,0,-1.0761480611127947,-0.0,0,0
GIN,2022,,,23.714510684142507,7.256012174446394,8.330308705589859,1.0742965311434647,2.023989875197863,0.5342971614836736,,,9.460056523693293,0.0,0,-1.2559679697040038,-0.0,0,0
GIN,2023,,,23.83266671820836,7.349548303516146,8.371664569863713,1.0221162663475667,2.058530554169834,0.5248476021997756,,,9.460056523693293,0.0,0,-1.2214272907320325,-0.0,0,0
GIN,2024,,,23.942488733314622,7.43541073839336,8.458856187822017,1.0234454494286567,2.0279553402922117,0.6275891020422971,,,9.460056523693293,0.0,0,-1.252002504609655,-0.0,0,0
GLP,2006,,,,,6.694260831370928,,,,,,9.705393257524433,0.0,0,,,0,0
GLP,2007,,,,,6.830485755686894,,,,,,9.705393257524433,0.0,0,,,0,0
GLP,2008,,,,,7.059473251657147,,,,,,9.705393257524433,0.0,0,,,0,0
GLP,2009,,,,,7.1116505738887605,,,,,,9.705393257524433,0.0,0,,,0,0
GLP,2010,,,,,7.428429341939105,,,,,,9.705393257524433,0.0,0,,,0,0
GLP,2011,,,,,7.576058919459159,,,,,,9.705393257524433,0.0,0,,,0,0
GLP,2012,,,,,7.689424962620857,,,,,,9.705393257524433,0.0,0,,,0,0
GLP,2013,,,,,7.766212370634288,,,,,,9.705393257524433,0.0,0,,,0,0
GLP,2014,,,,,7.8424298457105515,,,,,,9.705393257524433,0.0,0,,,0,0
GLP,2015,,,,,7.854601928784033,,,,,,9.705393257524433,0.0,0,,,0,0
GLP,2016,,,,,7.913908812616166,,,,,,9.705393257524433,0.0,0,,,0,0
GLP,2017,,,,,7.991629467194556,,,,,,9.705393257524433,0.0,0,,,0,0
GLP,2018,,,,,8.07785378233981,,,,,,9.705393257524433,0.0,0,,,0,0
GLP,2019,,,,,8.143488417802308,,,,,,9.705393257524433,0.0,0,,,0,0
GLP,2020,,,,,8.170196839808145,,,,,,9.705393257524433,0.0,0,,,0,0
GLP,2021,,,,,8.21722085115122,,,,,,9.705393257524433,0.0,0,,,0,0
GLP,2022,,,,,8.330308705589859,,,,,,9.705393257524433,0.0,0,,,0,0
GLP,2023,,,,,8.371664569863713,,,,,,9.705393257524433,0.0,0,,,0,0
GLP,2024,,,,,8.458856187822017,,,,,,9.705393257524433,0.0,0,,,0,0
GMB,2006,,,20.77596500598271,6.420881030400967,6.694260831370928,0.27337980096996173,2.394885615920154,0.10299912868053013,,,9.476324998095498,0.0,0,-0.8850722289817128,-0.0,0,0
GMB,2007,,,20.96989389344906,6.585794214312171,6.830485755686894,0.24469154137472326,1.6465927640875335,0.06501951186922732,,,9.476324998095498,0.0,0,-1.6333650808143332,-0.0,0,0
GMB,2008,,,21.169083681157673,6.755917538892748,7.059473251657147,0.30355571276439886,1.3287220849747543,0.06020768038424281,,,9.476324998095498,0.0,0,-1.9512357599271124,-0.0,0,0
GMB,2009,,,21.094927670327543,6.652718542668024,7.1116505738887605,0.4589320312207361,1.2771883032704594,0.05419229467575202,,,9.476324998095498,0.0,0,-2.002769541631407,-0.0,0,0
GMB,2010,,,21.157185530671338,6.68590261001385,7.428429341939105,0.7425267319252553,1.0753930449324915,0.03857605164161052,,,9.476324998095498,0.0,0,-2.204564799969375,-0.0,0,0
GMB,2011,,,21.06663821058424,6.5661215206518975,7.576058919459159,1.0099373988072617,0.9786597872356164,0.03592448377920446,,,9.476324998095498,0.0,0,-2.3012980576662505,-0.0,0,0
GMB,2012,,,21.070398716634035,6.540422833124257,7.689424962620857,1.1490021294965995,1.3471748975466271,0.05755439439122781,,,9.476324998095498,0.0,0,-1.9327829473552396,-0.0,0,0
GMB,2013,,,21.042162708727226,6.482897410878011,7.766212370634288,1.283314959756277,1.1101530718868082,0.07778764897645789,,,9.476324998095498,0.0,0,-2.1698047730150583,-0.0,0,0
GMB,2014,,,20.929842285673978,6.342129403880538,7.8424298457105515,1.5003004418300137,1.5313351891545592,0.16473354969854095,,,9.476324998095498,0.0,0,-1.7486226557473075,-0.0,0,0
GMB,2015,,,21.04402716455647,6.428971398775769,7.854601928784033,1.4256305300082648,1.327756817121961,0.224674382056858,,,9.476324998095498,0.0,0,-1.9522010277799058,-0.0,0,0
GMB,2016,,,21.118396990514604,6.477059284225161,7.913908812616166,1.4368495283910043,1.8792349036911413,0.2897255509204037,,,9.476324998095498,0.0,0,-1.4007229412107254,-0.0,0,0
GMB,2017,,,21.131998575660102,6.4654020555202045,7.991629467194556,1.526227411674351,2.1845040294177864,0.16363078322042432,,,9.476324998095498,0.0,0,-1.0954538154840803,-0.0,0,0
GMB,2018,,,21.23649137530215,6.545665425074072,8.07785378233981,1.5321883572657384,2.557241051356235,0.21942835696324983,,,9.476324998095498,0.0,0,-0.7227167935456316,-0.0,0,0
GMB,2019,,,21.318585001486024,6.604196844061903,8.143488417802308,1.539291573740405,2.4630096582007344,0.1959495841750782,,,9.476324998095498,0.0,0,-0.8169481867011323,-0.0,0,0
GMB,2020,,,21.317791350931852,6.5797165805873075,8.170196839808145,1.590480259220838,2.677839891885219,0.25262372911338554,,,9.476324998095498,0.0,0,-0.6021179530166476,-0.0,0,0
GMB,2021,,,21.423467497122836,6.661715248936414,8.21722085115122,1.5555056022148062,2.51891287123168,0.23422043506615298,,,9.476324998095498,0.0,0,-0.7610449736701868,-0.0,0,0
GMB,2022,,,21.51387294307826,6.728921483912127,8.330308705589859,1.601387221677732,2.323742101793308,0.21726526991734232,,,9.476324998095498,0.0,0,-0.9562157431085585,-0.0,0,0
GMB,2023,,,21.591316371252127,6.783352507115536,8.371664569863713,1.5883120627481766,2.350623950243425,0.22372742124230258,,,9.476324998095498,0.0,0,-0.9293338946584417,-0.0,0,0
GMB,2024,,,21.600769476460385,6.770032586602595,8.458856187822017,1.688823601219421,2.33468766199477,0.23269036987577962,,,9.476324998095498,0.0,0,-0.9452701829070969,-0.0,0,0
GNB,2006,,,20.268792035264106,6.105937834852485,6.694260831370928,0.5883229965184436,2.6210614267977297,0.40843852645254675,,,9.474952108984153,0.0,0,-0.658896418104137,-0.0,0,0
GNB,2007,,,20.439792227166546,6.252038343865029,6.830485755686894,0.5784474118218652,2.6385786643845,0.42000279031549126,,,9.474952108984153,0.0,0,-0.6413791805173665,-0.0,0,0
GNB,2008,,,20.67477654874842,6.461796764709139,7.059473251657147,0.597676486948008,2.6911631498848125,0.5648357623264967,,,9.474952108984153,0.0,0,-0.5887946950170542,-0.0,0,0
GNB,2009,,,20.60692057973214,6.36851306830368,7.1116505738887605,0.7431375055850804,2.774357358828634,0.5734977100944052,,,9.474952108984153,0.0,0,-0.5056004860732326,-0.0,0,0
GNB,2010,,,20.66151014833499,6.397253433695517,7.428429341939105,1.031175908243588,2.835600764607254,0.5152809421550181,,,9.474952108984153,0.0,0,-0.44435708029461285,-0.0,0,0
GNB,2011,,,20.86916051748903,6.578611526203278,7.576058919459159,0.9974473932558814,2.970020051275915,0.5791413014100023,,,9.474952108984153,0.0,0,-0.30993779362595175,-0.0,0,0
GNB,2012,,,20.771496013031904,6.45435174782368,7.689424962620857,1.2350732147971764,2.9874281537259386,0.8360319720642176,,,9.474952108984153,0.0,0,-0.2925296911759281,-0.0,0,0
GNB,2013,,,20.827340067416376,6.483572892020436,7.766212370634288,1.2826394786138522,3.0643216995143927,0.943385421785173,,,9.474952108984153,0.0,0,-0.215636145387474,-0.0,0,0
GNB,2014,,,20.85011936307748,6.480079072112533,7.8424298457105515,1.3623507735980187,3.6578672237840553,1.1937775069143155,,,9.474952108984153,0.0,0,0.37790937888218856,0.0,0,0
GNB,2015,,,20.865098821750497,6.469353935004025,7.854601928784033,1.3852479937800082,3.358483958152062,1.127455765313959,,,9.474952108984153,0.0,0,0.0785261132501951,0.0,0,0
GNB,2016,,,20.9424610149668,6.521600598569827,7.913908812616166,1.3923082140463388,3.6378359170054146,1.1921143099894762,,,9.474952108984153,0.0,0,0.35787807210354794,0.0,0,0
GNB,2017,,,21.10851368397226,6.66329001005566,7.991629467194556,1.3283394571388953,3.6389040965560873,1.253005431060676,,,9.474952108984153,0.0,0,0.35894625165422056,0.0,0,0
GNB,2018,,,21.1641840529684,6.695219779326951,8.07785378233981,1.3826340030128588,3.0280575242396752,0.9596395398981147,,,9.474952108984153,0.0,0,-0.2519003206621915,-0.0,0,0
GNB,2019,,,21.190900838287366,6.698526965169703,8.143488417802308,1.4449614526326053,3.336021584003883,0.9965040024339417,,,9.474952108984153,0.0,0,0.05606373910201645,0.0,0,0
GNB,2020,,,21.25686741025127,6.74160403705006,8.170196839808145,1.4285928027580859,3.6427885221650254,0.9884540096072721,,,9.474952108984153,0.0,0,0.36283067726315865,0.0,0,0
GNB,2021,,,21.369117661874693,6.831463900798938,8.21722085115122,1.385756950352282,3.8766518711449223,0.9332129582699156,,,9.474952108984153,0.0,0,0.5966940262430556,0.0,0,0
GNB,2022,,,21.341818748953465,6.781741449013709,8.330308705589859,1.54856725657615,3.6720422511438233,0.9517356296203761,,,9.474952108984153,0.0,0,0.3920844062419566,0.0,0,0
GNB,2023,,,21.454069372169407,6.871539153503246,8.371664569863713,1.5001254163604667,3.379533184386654,0.8389765018806012,,,9.474952108984153,0.0,0,0.09957533948478714,0.0,0,0
GNB,2024,,,21.510712327436657,6.906130052409297,8.458856187822017,1.55272613541272,2.9661805184525067,0.8992027617993671,,,9.474952108984153,0.0,0,-0.31377732644935996,-0.0,0,0
GNQ,2006,,,23.034466578309047,9.228659951556825,6.694260831370928,2.5343991201858964,1.5618013092306184,0.6437788911564882,,,9.281220927332996,0.0,0,-1.7181565356712483,-0.0,0,0
GNQ,2007,,,23.293716860048132,9.442796688105965,6.830485755686894,2.6123109324190708,1.6349651598117358,0.7184294356083795,,,9.281220927332996,0.0,0,-1.6449926850901309,-0.0,0,0
GNQ,2008,,,23.706413937712956,9.809756666329202,7.059473251657147,2.7502834146720545,1.7082353016179856,0.7078074880700913,,,9.281220927332996,0.0,0,-1.571722543283881,-0.0,0,0
GNQ,2009,,,23.43316733488856,9.490431350175374,7.1116505738887605,2.3787807762866136,1.5792085924131858,0.6471785414433923,,,9.281220927332996,0.0,0,-1.700749252488681,-0.0,0,0
GNQ,2010,,,23.51531665278985,9.526621991026197,7.428429341939105,2.0981926490870917,1.6519551143920344,0.6572993155154666,,,9.281220927332996,0.0,0,-1.6280027305098324,-0.0,0,0
GNQ,2011,,,23.784661483236917,9.75256080082828,7.576058919459159,2.17650188136912,1.4744325478371667,0.7081196715719492,,,9.281220927332996,0.0,0,-1.8055252970647,-0.0,0,0
GNQ,2012,,,23.83180630965982,9.758957171774226,7.689424962620857,2.069532209153369,1.43979123069407,0.6451760665918301,,,9.281220927332996,0.0,0,-1.8401666142077968,-0.0,0,0
GNQ,2013,,,23.811979867257122,9.699170129817622,7.766212370634288,1.932957759183334,1.4044144249621395,0.7500327740627225,,,9.281220927332996,0.0,0,-1.8755434199397272,-0.0,0,0
GNQ,2014,,,23.80358982873297,9.651729898837898,7.8424298457105515,1.8093000531273464,1.5421896923095975,1.020869812976459,,,9.281220927332996,0.0,0,-1.7377681525922692,-0.0,0,0
GNQ,2015,,,23.30238334136714,9.112607363052838,7.854601928784033,1.2580054342688047,1.5406758134456815,1.1278826584779988,,,9.281220927332996,0.0,0,-1.7392820314561852,-0.0,0,0
GNQ,2016,,,23.1428166403787,8.91639847825962,7.913908812616166,1.0024896656434539,1.9560770264810121,1.149311783737449,,,9.281220927332996,0.0,0,-1.3238808184208546,-0.0,0,0
GNQ,2017,,,23.224776693993487,8.963045595616009,7.991629467194556,0.9714161284214535,2.013603962464675,1.1131195746811693,,,9.281220927332996,0.0,0,-1.2663538824371918,-0.0,0,0
GNQ,2018,,,23.29564995973563,8.999924337149348,8.07785378233981,0.9220705548095385,2.560125371662269,1.0783446070302685,,,9.281220927332996,0.0,0,-0.7198324732395975,-0.0,0,0
GNQ,2019,,,23.153728052871042,8.825287886070482,8.143488417802308,0.6817994682681743,2.22150375815391,1.0682051711040608,,,9.281220927332996,0.0,0,-1.0584540867479566,-0.0,0,0
GNQ,2020,,,23.015175753231713,8.659396504112262,8.170196839808145,0.48919966430411677,1.9334478535506612,1.1429302599845341,,,9.281220927332996,0.0,0,-1.3465099913512055,-0.0,0,0
GNQ,2021,,,23.226002420588653,8.845868064304248,8.21722085115122,0.6286472131530285,1.941900736133456,1.0344339879961348,,,9.281220927332996,0.0,0,-1.3380571087684108,-0.0,0,0
GNQ,2022,,,23.339759323783284,8.93449459328561,8.330308705589859,0.6041858876957509,1.8468555244159808,0.9686045693636531,,,9.281220927332996,0.0,0,-1.433102320485886,-0.0,0,0
GNQ,2023,,,23.252334040538052,8.8229635867578,8.371664569863713,0.4512990168940867,1.7913500585659416,0.9098890215001351,,,9.281220927332996,0.0,0,-1.488607786335925,-0.0,0,0
GNQ,2024,,,23.307594524066428,8.854176805383059,8.458856187822017,0.3953206175610422,2.1609972669210715,0.9710957591734252,,,9.281220927332996,0.0,0,-1.1189605779807952,-0.0,0,0
GRC,2006,,,26.318250098768555,10.102994888254251,6.694260831370928,3.408734056883323,3.3530807903914317,2.006409796051044,4.013139024739699,2.5219422682272636,9.044009598387753,0.0,0,0.073122945489565,0.0,0,0
GRC,2007,,,26.473381481877887,10.255578695544223,6.830485755686894,3.425092939857329,3.394068660365694,1.9026458819175838,4.013139024739699,2.5219422682272636,9.044009598387753,0.0,0,0.11411081546382729,0.0,0,0
GRC,2008,,,26.58439786826765,10.363940503566726,7.059473251657147,3.3044672519095784,3.529985885402641,1.7339638208710593,4.013139024739699,2.5219422682272636,9.044009598387753,0.0,0,0.2500280405007742,0.0,0,0
GRC,2009,,,26.51270310260914,10.289615473894749,7.1116505738887605,3.177964900005988,3.9280444791865596,1.7168106904796565,4.013139024739699,2.5219422682272636,9.044009598387753,0.0,0,0.6480866342846929,0.0,0,0
GRC,2010,,,26.415035257625014,10.19065882458394,7.428429341939105,2.762229482644835,3.897492534375094,1.532773325508786,4.013139024739699,2.5219422682272636,9.044009598387753,0.0,0,0.6175346894732274,0.0,0,0
GRC,2011,,,26.369518345602323,10.146621425335269,7.576058919459159,2.5705625058761097,4.155895620080608,1.3228653441410854,4.013139024739699,2.5219422682272636,9.044009598387753,0.0,0,0.8759377751787416,0.0,0,0
GRC,2012,,,26.19906448175999,9.98157509099837,7.689424962620857,2.2921501283775125,3.7716256583475185,1.1212068887800697,4.013139024739699,2.5219422682272636,9.044009598387753,0.0,0,0.4916678134456518,0.0,0,0
GRC,2013,,,26.18945198545077,9.979213802755735,7.766212370634288,2.2130014321214473,3.554734999696196,1.147769507566387,4.013139024739699,2.5219422682272636,9.044009598387753,0.0,0,0.2747771547943292,0.0,0,0
GRC,2014,,,26.178209024150664,9.97463197435595,7.8424298457105515,2.132202128645398,3.4897292873670356,0.9353496741824275,4.013139024739699,2.5219422682272636,9.044009598387753,0.0,0,0.20977144246516888,0.0,0,0
GRC,2015,,,25.994044334256152,9.797055898070218,7.854601928784033,1.9424539692861842,3.555053698251543,0.8602000507091284,4.013139024739699,2.5219422682272636,9.044009598387753,0.0,0,0.2750958533496761,0.0,0,0
GRC,2016,,,25.986459728018016,9.793630422114855,7.913908812616166,1.8797216094986897,3.8110455540887735,0.812700268742217,4.013139024739699,2.5219422682272636,9.044009598387753,0.0,0,0.5310877091869068,0.0,0,0
GRC,2017,,,26.02348691021588,9.832635436560311,7.991629467194556,1.8410059693657557,3.737237817242856,0.9045432648445412,4.013139024739699,2.5219422682272636,9.044009598387753,0.0,0,0.45727997234098927,0.0,0,0
GRC,2018,,,26.085960181089536,9.897137509816558,8.07785378233981,1.8192837274767477,3.5150022314479084,0.9543904655306238,4.013139024739699,2.5219422682272636,9.044009598387753,0.0,0,0.23504438654604165,0.0,0,0
GRC,2019,,,26.057460110657452,9.869690833311724,8.143488417802308,1.726202415509416,3.2929626235152964,0.9667407632652476,4.013139024739699,2.5219422682272636,9.044009598387753,0.0,0,0.013004778613429746,0.0,0,0
GRC,2020,,,25.977437909357775,9.791814553077758,8.170196839808145,1.6216177132696128,3.1902262316777077,0.99129993940862,4.013139024739699,2.5219422682272636,9.044009598387753,0.0,1,-0.08973161322415901,-0.08973161322415901,0,0
GRC,2021,,,26.10915351627061,9.935610859540501,8.21722085115122,1.7183900083892816,3.3570410342079766,1.0845311933895623,4.013139024739699,2.5219422682272636,9.044009598387753,0.0,1,0.07708318930610991,0.07708318930610991,0,0
GRC,2022,,,26.10771589689119,9.946771027619993,8.330308705589859,1.6164623220301344,3.248375348373519,1.1042342832737941,4.013139024739699,2.5219422682272636,9.044009598387753,0.0,1,-0.03158249652834755,-0.03158249652834755,0,0
GRC,2023,,,26.216105806126617,10.058082864776438,8.371664569863713,1.686418294912725,3.3216211493781085,1.0938109386601926,4.013139024739699,2.5219422682272636,9.044009598387753,0.0,1,0.04166330447624178,0.04166330447624178,0,0
GRC,2024,,,26.26937398794254,10.111564091791761,8.458856187822017,1.6527079039697448,3.709489334976947,0.9454511818097843,4.013139024739699,2.5219422682272636,9.044009598387753,0.0,1,0.4295314900750804,0.4295314900750804,0,0
GRD,2006,,,20.364732977675175,8.755270812656915,6.694260831370928,2.061009981285987,3.6798337419634812,1.3872841202160668,,,9.730994338957132,0.0,0,0.3998758970616145,0.0,1,0
GRD,2007,,,20.447095374389203,8.834125499243418,6.830485755686894,2.0036397435565245,3.365204024506635,1.2704928460203104,,,9.730994338957132,0.0,0,0.0852461796047681,0.0,1,0
GRD,2008,,,20.532076320213385,8.91572821605562,7.059473251657147,1.856254964398472,3.0974286788848113,1.268228196700529,,,9.730994338957132,0.0,0,-0.18252916601705538,-0.0,1,0
GRD,2009,,,20.463556267877124,8.843985113438825,7.1116505738887605,1.732334539550064,3.0471663783080274,1.2653272020978017,,,9.730994338957132,0.0,0,-0.2327914665938393,-0.0,1,0
GRD,2010,,,20.46321814640761,8.840667273376196,7.428429341939105,1.4122379314370912,3.0528224486660944,1.4353214907347562,,,9.730994338957132,0.0,0,-0.22713539623577228,-0.0,1,0
GRD,2011,,,20.473079343736078,8.846120084963426,7.576058919459159,1.2700611655042664,3.3659473938133333,1.2965159432523243,,,9.730994338957132,0.0,0,0.0859895489114666,0.0,1,0
GRD,2012,,,20.49997412650903,8.866824164232435,7.689424962620857,1.1773992016115784,3.4362854992045127,1.3976119164479748,,,9.730994338957132,0.0,0,0.15632765430264595,0.0,1,0
GRD,2013,,,20.552024885096447,8.912581313197702,7.766212370634288,1.1463689425634138,3.334648138331691,1.3163750899125979,,,9.730994338957132,0.0,0,0.054690293429824344,0.0,1,0
GRD,2014,,,20.630598088768423,8.985487136498039,7.8424298457105515,1.1430572907874872,3.5513939786137416,1.0229261837237633,,,9.730994338957132,0.0,0,0.2714361337118749,0.0,1,0
GRD,2015,,,20.720268757595008,9.070402717871168,7.854601928784033,1.215800789087135,3.429174627911048,0.952889150152156,,,9.730994338957132,0.0,0,0.1492167830091815,0.0,1,0
GRD,2016,,,20.783081416979833,9.129264213312124,7.913908812616166,1.2153554006959588,3.2159312313062354,1.026923596811701,,,9.730994338957132,0.0,0,-0.06402661359563133,-0.0,1,0
GRD,2017,,,20.841657740702935,9.185168872422581,7.991629467194556,1.1935394052280257,3.1979107923965935,0.9574825781538574,,,9.730994338957132,0.0,0,-0.08204705250527322,-0.0,1,0
GRD,2018,,,20.877286349572124,9.218608226797118,8.07785378233981,1.1407544444573077,3.462416215871571,0.8934800582286595,,,9.730994338957132,0.0,0,0.1824583709697043,0.0,1,0
GRD,2019,,,20.91676237472117,9.255580711151664,8.143488417802308,1.112092293349356,3.047223081136263,0.7638627088789686,,,9.730994338957132,0.0,0,-0.23273476376560387,-0.0,1,0
GRD,2020,,,20.765761097442685,9.101480284518916,8.170196839808145,0.9312834447107701,3.145902696930056,0.846639030638268,,,9.730994338957132,0.0,0,-0.13405514797181084,-0.0,1,0
GRD,2021,,,20.838576683457404,9.171317698233391,8.21722085115122,0.9540968470821714,2.8418964071680066,0.7388550231609116,,,9.730994338957132,0.0,0,-0.4380614377338601,-0.0,1,0
GRD,2022,,,20.925396072821673,9.256210725385344,8.330308705589859,0.925902019795485,2.415586864104314,0.8013365539573281,,,9.730994338957132,0.0,0,-0.8643709807975526,-0.0,1,0
GRD,2023,,,21.013259125368617,9.342637843430836,8.371664569863713,0.9709732735671235,2.2491307845808635,0.9010455860557931,,,9.730994338957132,0.0,0,-1.0308270603210032,-0.0,1,0
GRD,2024,,,21.024311002008776,9.35261412070485,8.458856187822017,0.8937579328828331,2.6426374102251184,0.9502713731206994,,,9.730994338957132,0.0,0,-0.6373204346767483,-0.0,1,0
GRL,2006,,,21.42294510166685,10.476093734693094,6.694260831370928,3.781832903322166,,,,,9.294119781781976,0.0,0,,,0,0
GRL,2007,,,21.53411218105037,10.591143286084892,6.830485755686894,3.7606575303979977,,,,,9.294119781781976,0.0,0,,,0,0
GRL,2008,,,21.639193428660658,10.70024640246169,7.059473251657147,3.6407731508045433,,,,,9.294119781781976,0.0,0,,,0,0
GRL,2009,,,21.65147087208479,10.712612615626048,7.1116505738887605,3.6009620417372874,5.481485336380454,3.4971309917813227,,,9.294119781781976,0.0,0,2.2015274914785876,0.0,0,0
GRL,2010,,,21.64082264200878,10.698225135953653,7.428429341939105,3.2697957940145477,5.445542391996455,3.7136173646464865,,,9.294119781781976,0.0,0,2.1655845470945887,0.0,0,0
GRL,2011,,,21.710745939742704,10.761871081998011,7.576058919459159,3.185812162538852,5.3593712491802155,3.6417709917748318,,,9.294119781781976,0.0,0,2.0794134042783488,0.0,0,0
GRL,2012,,,21.682492865393268,10.735025219842097,7.689424962620857,3.04560025722124,5.532947096594754,3.7634801050539433,,,9.294119781781976,0.0,0,2.252989251692887,0.0,0,0
GRL,2013,,,21.710926821741946,10.769231834838125,7.766212370634288,3.0030194642038373,5.502356608258673,3.659001532771136,,,9.294119781781976,0.0,0,2.222398763356806,0.0,0,0
GRL,2014,,,21.767796986818375,10.829435986581144,7.8424298457105515,2.9870061408705926,5.781109322854151,3.5815937654982615,,,9.294119781781976,0.0,0,2.5011514779522845,0.0,0,0
GRL,2015,,,21.639201714994094,10.704061100249618,7.854601928784033,2.8494591714655844,5.399212236307047,3.2822228170910335,,,9.294119781781976,0.0,0,2.1192543914051805,0.0,0,0
GRL,2016,,,21.71915839573903,10.782735501210665,7.913908812616166,2.868826688594499,5.257132843841927,3.1752373461194403,,,9.294119781781976,0.0,0,1.9771749989400607,0.0,0,0
GRL,2017,,,21.771150874164377,10.834977183076305,7.991629467194556,2.843347715881749,5.1976187751902,3.346988188609403,,,9.294119781781976,0.0,0,1.9176609302883336,0.0,0,0
GRL,2018,,,21.84030141845818,10.906783818775203,8.07785378233981,2.828930036435393,5.472286861941626,3.385835764655289,,,9.294119781781976,0.0,0,2.1923290170397594,0.0,0,0
GRL,2019,,,21.820981047318824,10.883864270491307,8.143488417802308,2.7403758526889987,5.146645738793511,3.181908675505817,,,9.294119781781976,0.0,0,1.8666878938916445,0.0,0,0
GRL,2020,,,21.851315740708905,10.91167658084727,8.170196839808145,2.741479741039125,5.21488745670708,3.253488257798906,,,9.294119781781976,0.0,0,1.9349296118052135,0.0,0,0
GRL,2021,,,21.91524049074171,10.970540268935732,8.21722085115122,2.753319417784512,5.342287431265984,3.1811622743753003,,,9.294119781781976,0.0,0,2.062329586364117,0.0,0,0
GRL,2022,,,21.871409212623274,10.926567790259318,8.330308705589859,2.596259084669459,4.059212583132017,2.864914642948714,,,9.294119781781976,0.0,0,0.7792547382301502,0.0,0,0
GRL,2023,,,21.925199756476225,10.97676443985768,8.371664569863713,2.6050998699939676,3.8147281457020883,2.8926418039291466,,,9.294119781781976,0.0,0,0.5347703008002216,0.0,0,0
GRL,2024,,,,,8.458856187822017,,3.1078125074491,3.420813455185375,,,9.294119781781976,0.0,0,-0.1721453374527666,-0.0,0,0
GTM,2006,,,24.115901566276754,7.70756768761689,6.694260831370928,1.0133068562459613,3.6276286848966723,0.5634900197850797,,,9.697577768094192,0.0,0,0.34767083999480564,0.0,0,0
GTM,2007,,,24.23683462515924,7.807435106181165,6.830485755686894,0.9769493504942712,3.341503707191924,0.4724733560880276,,,9.697577768094192,0.0,0,0.06154586229005732,0.0,0,0
GTM,2008,,,24.374020702774878,7.924093997409978,7.059473251657147,0.8646207457528305,3.386305631942964,0.4250492696939072,,,9.697577768094192,0.0,0,0.10634778704109715,0.0,0,0
GTM,2009,,,24.33758736327819,7.867736078369997,7.1116505738887605,0.7560855044812369,3.2848115965373563,0.46227399676614783,,,9.697577768094192,0.0,0,0.004853751635489623,0.0,0,0
GTM,2010,,,24.428918295038898,7.939251363539998,7.428429341939105,0.5108220216008927,3.1994375738212724,0.41698697400544926,,,9.697577768094192,0.0,0,-0.08052027108059434,-0.0,0,0
GTM,2011,,,24.570771788147663,8.061166218016941,7.576058919459159,0.48510729855778223,3.6223505832245735,0.3823623702829786,,,9.697577768094192,0.0,0,0.3423927383227068,0.0,0,0
GTM,2012,,,24.627134273814647,8.097614836319716,7.689424962620857,0.4081898736988592,3.5634319904616887,0.4039512422658074,,,9.697577768094192,0.0,0,0.283474145559822,0.0,0,0
GTM,2013,,,24.693490204395477,8.144434747990546,7.766212370634288,0.3782223773562583,3.4570495795449796,0.37664368830130407,,,9.697577768094192,0.0,0,0.1770917346431129,0.0,0,0
GTM,2014,,,24.78115661067836,8.213150031087679,7.8424298457105515,0.37072018537712736,3.460892098673841,0.4052962725780385,,,9.697577768094192,0.0,0,0.18093425377197425,0.0,0,0
GTM,2015,,,24.85339680110961,8.267065144732472,7.854601928784033,0.4124632159484385,3.53102336260504,0.4147827767199707,,,9.697577768094192,0.0,0,0.2510655177031733,0.0,0,0
GTM,2016,,,24.913729466975372,8.308972204575173,7.913908812616166,0.39506339195900786,4.153601681569569,0.4680209171366003,,,9.697577768094192,0.0,0,0.8736438366677022,0.0,0,0
GTM,2017,,,24.995111756617344,8.37216688506665,7.991629467194556,0.3805374178720937,4.116496312184098,0.5177783243134805,,,9.697577768094192,0.0,0,0.8365384672822311,0.0,0,0
GTM,2018,,,25.01821321970378,8.378608120822063,8.07785378233981,0.3007543384822533,4.015741531903498,0.44539425392696685,,,9.697577768094192,0.0,0,0.7357836870016317,0.0,0,0
GTM,2019,,,25.069306831983553,8.414495437576539,8.143488417802308,0.27100701977423114,3.8854123235666047,0.485569594231531,,,9.697577768094192,0.0,0,0.605454478664738,0.0,0,0
GTM,2020,,,25.076371619542982,8.40684645408132,8.170196839808145,0.23664961427317444,3.7509260795463675,0.5085294740872958,,,9.697577768094192,0.0,0,0.47096823464450077,0.0,0,0
GTM,2021,,,25.18289592526275,8.499563172741766,8.21722085115122,0.28234232159054606,3.9233080773458355,0.48011586676226176,,,9.697577768094192,0.0,0,0.6433502324439688,0.0,0,0
GTM,2022,,,25.283540399271104,8.586145275728807,8.330308705589859,0.255836570138948,4.0704823651997,0.4574695609146458,,,9.697577768094192,0.0,0,0.7905245202978333,0.0,0,0
GTM,2023,,,25.3705188040454,8.657724983311365,8.371664569863713,0.2860604134476521,3.7617517316026987,0.3776317552072066,,,9.697577768094192,0.0,0,0.481793886700832,0.0,0,0
GTM,2024,,,25.452559582923033,8.724352822222906,8.458856187822017,0.2654966344008898,4.236840855243543,0.3545158803460988,,,9.697577768094192,0.0,0,0.9568830103416759,0.0,0,0
GUF,2006,,,,,6.694260831370928,,3.267777423615897,1.6738697477643714,,,9.735731994625395,0.0,0,-0.012180421285969523,-0.0,0,0
GUF,2007,,,,,6.830485755686894,,2.712916361151616,1.46466958030703,,,9.735731994625395,0.0,0,-0.5670414837502507,-0.0,0,0
GUF,2008,,,,,7.059473251657147,,2.65233813513339,1.4227990670989197,,,9.735731994625395,0.0,0,-0.6276197097684766,-0.0,0,0
GUF,2009,,,,,7.1116505738887605,,3.199732430099048,3.0082057877867983,,,9.735731994625395,0.0,0,-0.08022541480281875,-0.0,0,0
GUF,2010,,,,,7.428429341939105,,3.476094809719922,3.234467224778436,,,9.735731994625395,0.0,0,0.19613696481805531,0.0,0,0
GUF,2011,,,,,7.576058919459159,,3.6185957636243065,3.0311416029267377,,,9.735731994625395,0.0,0,0.33863791872243976,0.0,0,0
GUF,2012,,,,,7.689424962620857,,3.634660850649976,3.1567867567650514,,,9.735731994625395,0.0,0,0.3547030057481093,0.0,0,0
GUF,2013,,,,,7.766212370634288,,3.564820656166087,3.0751271963097935,,,9.735731994625395,0.0,0,0.2848628112642202,0.0,0,0
GUF,2014,,,,,7.8424298457105515,,3.359752274331096,2.6496560233912825,,,9.735731994625395,0.0,0,0.07979442942922921,0.0,0,0
GUF,2015,,,,,7.854601928784033,,3.1745150416326755,2.5327611031031654,,,9.735731994625395,0.0,0,-0.1054428032691912,-0.0,0,0
GUF,2016,,,,,7.913908812616166,,3.366513869706127,2.488174635483447,,,9.735731994625395,0.0,0,0.08655602480426028,0.0,0,0
GUF,2017,,,,,7.991629467194556,,3.595821626994446,2.5851591996054726,,,9.735731994625395,0.0,0,0.31586378209257937,0.0,0,0
GUF,2018,,,,,8.07785378233981,,3.5592053144567557,2.6637336590509277,,,9.735731994625395,0.0,0,0.279247469554889,0.0,0,0
GUF,2019,,,,,8.143488417802308,,3.6779172196791894,2.5107882754962567,,,9.735731994625395,0.0,0,0.3979593747773227,0.0,0,0
GUF,2020,,,,,8.170196839808145,,3.529722024004945,2.4806891255814976,,,9.735731994625395,0.0,0,0.24976417910307847,0.0,0,0
GUF,2021,,,,,8.21722085115122,,3.4500128186697885,2.466320643111293,,,9.735731994625395,0.0,0,0.17005497376792178,0.0,0,0
GUF,2022,,,,,8.330308705589859,,3.2531391704188763,2.287716118517725,,,9.735731994625395,0.0,0,-0.026818674482990357,-0.0,0,0
GUF,2023,,,,,8.371664569863713,,3.43541292043515,2.3379223640064164,,,9.735731994625395,0.0,0,0.15545507553328308,0.0,0,0
GUF,2024,,,,,8.458856187822017,,3.3111968772742175,2.25060689550789,,,9.735731994625395,0.0,0,0.031239032372350817,0.0,0,0
GUM,2006,,,22.167357296792517,10.154632777846881,6.694260831370928,3.460371946475953,5.647933355743139,1.6776751264992535,,,,,0,2.3679755108412723,0.0,1,0
GUM,2007,,,22.204188327145083,10.188870700289687,6.830485755686894,3.3583849446027934,5.477326762551849,1.8663244268838615,,,,,0,2.197368917649982,0.0,1,0
GUM,2008,,,22.26185200840856,10.243960050907376,7.059473251657147,3.1844867992502284,6.036913727981452,1.874412044789847,,,,,0,2.7569558830795855,0.0,1,0
GUM,2009,,,22.297698140181698,10.27691344684908,7.1116505738887605,3.1652628729603203,5.8877275089052095,1.826740074941366,,,,,0,2.6077696640033428,0.0,1,0
GUM,2010,,,22.32245137291616,10.299568661110074,7.428429341939105,2.871139319170969,5.725939545908142,1.8015925510805195,,,,,0,2.4459817010062754,0.0,1,0
GUM,2011,,,22.329498618431565,10.306489805113594,7.576058919459159,2.7304308856544353,5.511188806872247,1.7290876263289519,,,,,0,2.2312309619703803,0.0,1,0
GUM,2012,,,22.38434698253235,10.36261192462131,7.689424962620857,2.673186962000454,5.53822589802303,1.821780772423547,,,,,0,2.258268053121163,0.0,1,0
GUM,2013,,,22.40947958818256,10.389941361099323,7.766212370634288,2.623728990465035,5.478196747436169,1.750334778385403,,,,,0,2.198238902534302,0.0,1,0
GUM,2014,,,22.447816556481015,10.431174678404895,7.8424298457105515,2.588744832694344,3.531926477619734,1.940172307706959,,,,,0,0.2519686327178672,0.0,1,0
GUM,2015,,,22.480951325840714,10.467826496345793,7.854601928784033,2.61322456756176,3.664769013980018,1.7602748215488877,,,,,0,0.3848111690781515,0.0,1,0
GUM,2016,,,22.498387665021443,10.489346234792194,7.913908812616166,2.5754374221760283,4.0427852807541,1.5154509763689339,,,,,0,0.7628274358522336,0.0,1,0
GUM,2017,,,22.51718962900384,10.512682523634385,7.991629467194556,2.52105305643983,4.256284985542088,1.7974923598314898,,,,,0,0.9763271406402212,0.0,1,0
GUM,2018,,,22.523489384586597,10.523955171621456,8.07785378233981,2.4461013892816457,4.332504456274256,2.1111297117027927,,,,,0,1.0525466113723891,0.0,1,0
GUM,2019,,,22.572507741587827,10.578342015445878,8.143488417802308,2.4348535976435706,4.247361016469782,2.02593118082533,,,,,0,0.967403171567915,0.0,1,0
GUM,2020,,,22.500926381794965,10.504599934242922,8.170196839808145,2.3344030944347764,3.4273515783701565,1.9727216609012712,,,,,0,0.14739373346828977,0.0,1,0
GUM,2021,,,22.553284018291556,10.547310009658018,8.21722085115122,2.330089158506798,3.1659905770336074,1.9234232963086744,,,,,0,-0.11396726786825928,-0.0,1,0
GUM,2022,,,22.65623547472599,10.641444407361282,8.330308705589859,2.3111357017714234,3.046194492221572,1.9978331859286884,,,,,0,-0.2337633526802949,-0.0,1,0
GUM,2023,,,,,8.371664569863713,,3.231631493884165,1.9800940172878656,,,,,0,-0.048326351017701885,-0.0,1,0
GUM,2024,,,,,8.458856187822017,,3.4262378977138273,2.058782923963538,,,,,0,0.14628005281196055,0.0,1,0
GUY,2006,,,21.590289847206225,8.050577587615745,6.694260831370928,1.3563167562448166,3.56055865613137,0.5347782938916952,,,9.750902063824599,0.0,0,0.2806008112295033,0.0,0,0
GUY,2007,,,21.727923278576764,8.190988382568172,6.830485755686894,1.3605026268812779,3.8493590448298525,0.43755396793797,,,9.750902063824599,0.0,0,0.5694011999279858,0.0,0,0
GUY,2008,,,21.830238887943196,8.296287850230017,7.059473251657147,1.2368145985728702,3.27453646040231,0.44141749800433977,,,9.750902063824599,0.0,0,-0.005421384499556758,-0.0,0,0
GUY,2009,,,21.875628397524867,8.345011802404743,7.1116505738887605,1.2333612285159825,3.282338874333418,0.4509167377864593,,,9.750902063824599,0.0,0,0.0023810294315511626,0.0,0,0
GUY,2010,,,21.956674868115698,8.429838874960845,7.428429341939105,1.0014095330217403,3.200103804065572,0.4439685553297859,,,9.750902063824599,0.0,0,-0.07985404083629488,-0.0,0,0
GUY,2011,,,22.029267378446196,8.506581426455384,7.576058919459159,0.9305225069962244,3.6823473507059794,0.4211785844766062,,,9.750902063824599,0.0,0,0.4023895058041127,0.0,0,0
GUY,2012,,,22.12520924445131,8.602342380785771,7.689424962620857,0.9129174181649145,3.5186619371137455,0.43432315160676,,,9.750902063824599,0.0,0,0.23870409221187883,0.0,0,0
GUY,2013,,,22.150654378461148,8.622797893340648,7.766212370634288,0.8565855227063599,3.4819075646311695,0.4370569799245936,,,9.750902063824599,0.0,0,0.20194971972930276,0.0,0,0
GUY,2014,,,22.14097653417085,8.607525219764524,7.8424298457105515,0.7650953740539723,3.1060964282006815,0.3551606176800645,,,9.750902063824599,0.0,0,-0.17386141670118516,-0.0,0,0
GUY,2015,,,22.177181507923553,8.637713030730161,7.854601928784033,0.7831111019461279,3.0175887990412082,0.28621677491906433,,,9.750902063824599,0.0,0,-0.26236904586065846,-0.0,0,0
GUY,2016,,,22.223490786247382,8.677759516213339,7.913908812616166,0.7638507035971731,3.3785410580704403,0.29363425242517205,,,9.750902063824599,0.0,0,0.09858321316857355,0.0,0,0
GUY,2017,,,22.28102603040402,8.728857514776253,7.991629467194556,0.7372280475816977,3.351487511638603,0.34980553018708216,,,9.750902063824599,0.0,0,0.07152966673673644,0.0,0,0
GUY,2018,,,22.289302806783372,8.707546899245747,8.07785378233981,0.629693116905937,3.53418449852657,0.370486235365288,,,9.750902063824599,0.0,0,0.2542266536247033,0.0,0,0
GUY,2019,,,22.366865570940043,8.764962923369191,8.143488417802308,0.6214745055668836,3.563591374906241,0.3379061637195466,,,9.750902063824599,0.0,0,0.2836335300043742,0.0,0,0
GUY,2020,,,22.422774151810067,8.821099347419706,8.170196839808145,0.6509025076115602,3.4928846333658288,0.3727485288076866,,,9.750902063824599,0.0,0,0.21292678846396207,0.0,0,0
GUY,2021,,,22.807864322493337,9.196329694041983,8.21722085115122,0.9791088428907635,3.3871753931924444,0.3116348750421087,,,9.750902063824599,0.0,0,0.10721754829057772,0.0,0,0
GUY,2022,,,23.412363466618743,9.793309495956418,8.330308705589859,1.463000790366559,3.1282956743673864,0.3021326174504311,,,9.750902063824599,0.0,0,-0.15166217053448028,-0.0,0,0
GUY,2023,,,23.55167374732706,9.926896425341734,8.371664569863713,1.5552318554780218,3.311164235203553,0.30857274665494044,,,9.750902063824599,0.0,0,0.03120639030168615,0.0,0,0
GUY,2024,,,23.928558410874505,10.29806864937607,8.458856187822017,1.8392124615540535,2.7411511751148834,0.2670045776188665,,,9.750902063824599,0.0,0,-0.5388066697869833,-0.0,0,0
HKG,2006,,,25.988726500066218,10.247931330268898,6.694260831370928,3.5536704988979695,3.0804080536139042,4.17641886482111,1.4090722187376885,0.24588887197081366,7.136055113788562,0.0,0,-0.19954979128796246,-0.0,0,1
HKG,2007,,,26.07794909686316,10.328557594343668,6.830485755686894,3.4980718386567737,2.829138391956456,3.9338199749721294,1.4090722187376885,0.24588887197081366,7.136055113788562,0.0,0,-0.4508194529454106,-0.0,0,1
HKG,2008,,,26.113609584527254,10.358235694138262,7.059473251657147,3.298762442481115,2.899603140644087,3.8094943072055294,1.4090722187376885,0.24588887197081366,7.136055113788562,0.0,0,-0.38035470425777973,-0.0,0,1
HKG,2009,,,26.089465171231804,10.331937747499367,7.1116505738887605,3.2202871736106067,2.9850906992632726,3.6194397143781174,1.4090722187376885,0.24588887197081366,7.136055113788562,0.0,0,-0.29486714563859406,-0.0,0,1
HKG,2010,,,26.155408728539687,10.390536840843868,7.428429341939105,2.9621074989047633,3.314794873774562,3.9151961262649926,1.4090722187376885,0.24588887197081366,7.136055113788562,0.0,0,0.03483702887269535,0.0,0,1
HKG,2011,,,26.23876348048784,10.467166159873837,7.576058919459159,2.8911072404146783,3.2116957904039394,3.690067542070597,1.4090722187376885,0.24588887197081366,7.136055113788562,0.0,0,-0.06826205449792733,-0.0,0,1
HKG,2012,,,26.29400771615439,10.511370815568016,7.689424962620857,2.8219458529471595,3.1450590609973057,4.002431900538903,1.4090722187376885,0.24588887197081366,7.136055113788562,0.0,0,-0.134898783904561,-0.0,0,1
HKG,2013,,,26.34256783766499,10.555911111720034,7.766212370634288,2.789698741085746,3.159524604348325,3.625777494300255,1.4090722187376885,0.24588887197081366,7.136055113788562,0.0,0,-0.12043324055354176,-0.0,0,1
HKG,2014,,,26.398168598255534,10.604488162805215,7.8424298457105515,2.762058317094663,3.376472025833099,3.604434058799215,1.4090722187376885,0.24588887197081366,7.136055113788562,0.0,0,0.09651418093123221,0.0,0,1
HKG,2015,,,26.457854305361035,10.655661890799847,7.854601928784033,2.801059962015813,3.6045794806854907,3.4230540569422634,1.4090722187376885,0.24588887197081366,7.136055113788562,0.0,0,0.324621635783624,0.0,0,1
HKG,2016,,,26.494271717591978,10.685885639577464,7.913908812616166,2.771976826961298,3.7076218693776215,3.3905703868278594,1.4090722187376885,0.24588887197081366,7.136055113788562,0.0,0,0.4276640244757548,0.0,0,1
HKG,2017,,,26.555949428836858,10.739878212046195,7.991629467194556,2.7482487448516393,3.6918002323539167,3.4576364581733023,1.4090722187376885,0.24588887197081366,7.136055113788562,0.0,0,0.41184238745205004,0.0,0,1
HKG,2018,,,26.614166874885004,10.790093352124666,8.07785378233981,2.712239569784856,3.579475997935698,3.450025801710859,1.4090722187376885,0.24588887197081366,7.136055113788562,0.0,0,0.29951815303383134,0.0,0,1
HKG,2019,,,26.61787400845427,10.786407650980696,8.143488417802308,2.6429192331783877,4.249535550040969,2.810319093878151,1.4090722187376885,0.24588887197081366,7.136055113788562,0.0,1,0.9695777051391024,0.9695777051391024,0,1
HKG,2020,,,26.566645456602497,10.738768425747955,8.170196839808145,2.568571585939809,3.902759257977853,2.426921858262476,1.4090722187376885,0.24588887197081366,7.136055113788562,0.0,1,0.6228014130759862,0.6228014130759862,0,1
HKG,2021,,,26.633938272050614,10.815179008687553,8.21722085115122,2.5979581575363326,3.607163205906626,2.174024096499035,1.4090722187376885,0.24588887197081366,7.136055113788562,0.0,1,0.32720536100475917,0.32720536100475917,0,1
HKG,2022,,,26.60567843152089,10.795998313401263,8.330308705589859,2.465689607811404,3.1162165055385262,2.049262753267644,1.4090722187376885,0.24588887197081366,7.136055113788562,0.0,1,-0.16374133936334045,-0.16374133936334045,0,1
HKG,2023,,,26.665441122422735,10.830225757633372,8.371664569863713,2.458561187769659,3.234875686131902,2.119076970932894,1.4090722187376885,0.24588887197081366,7.136055113788562,0.0,1,-0.045082158769964575,-0.045082158769964575,0,1
HKG,2024,,,26.735436236690862,10.901814476573362,8.458856187822017,2.4429582887513455,3.2233523177550123,2.1300329537668046,1.4090722187376885,0.24588887197081366,7.136055113788562,0.0,1,-0.056605527146854406,-0.056605527146854406,0,1
HND,2006,,,23.1136307426708,7.262521863524089,6.694260831370928,0.5682610321531607,3.1288347198434576,0.4648736945839971,,,9.705764397693828,0.0,0,-0.15112312505840908,-0.0,0,0
HND,2007,,,23.237833037890194,7.363747386198851,6.830485755686894,0.5332616305119569,3.0320543530894355,0.3528273254988681,,,9.705764397693828,0.0,0,-0.2479034918124312,-0.0,0,0
HND,2008,,,23.353839559151027,7.457315320964593,7.059473251657147,0.3978420693074458,3.0879899083771614,0.36534111063898683,,,9.705764397693828,0.0,0,-0.19196793652470534,-0.0,0,0
HND,2009,,,23.40343057606247,7.485018452421594,7.1116505738887605,0.37336787853283315,2.8268154523766404,0.34899209879657994,,,9.705764397693828,0.0,0,-0.45314239252522626,-0.0,0,0
HND,2010,,,23.485762845707974,7.54609099766531,7.428429341939105,0.1176616557262049,2.8787006757376177,0.3442856905065776,,,9.705764397693828,0.0,0,-0.40125716916424903,-0.0,0,0
HND,2011,,,23.59741085527202,7.637071024858434,7.576058919459159,0.06101210539927493,3.2937667445325065,0.341939228636567,,,9.705764397693828,0.0,0,0.013808899630639804,0.0,0,0
HND,2012,,,23.64257886003795,7.662013902543044,7.689424962620857,0.0274110600778128,3.9580590279418955,0.4377467775019568,,,9.705764397693828,0.0,0,0.6781011830400288,0.0,0,0
HND,2013,,,23.641021931891352,7.640665542547515,7.766212370634288,0.1255468280867733,3.896041233173182,0.4489681761436278,,,9.705764397693828,0.0,0,0.6160833882713153,0.0,0,0
HND,2014,,,23.706750107598758,7.687025897326175,7.8424298457105515,0.1554039483843761,3.584031599833005,0.4197900510362293,,,9.705764397693828,0.0,0,0.3040737549311383,0.0,0,0
HND,2015,,,23.76682551066679,7.728064776258591,7.854601928784033,0.12653715252544284,3.630381536431138,0.3689555819765184,,,9.705764397693828,0.0,0,0.35042369152927133,0.0,0,0
HND,2016,,,23.80138905669556,7.74385265469053,7.913908812616166,0.1700561579256359,3.8684679997818034,0.4508763104835236,,,9.705764397693828,0.0,0,0.5885101548799367,0.0,0,0
HND,2017,,,23.864666401684374,7.7886292385558455,7.991629467194556,0.20300022863871003,3.7013557345517643,0.4729224324053145,,,9.705764397693828,0.0,0,0.42139788964989755,0.0,0,0
HND,2018,,,23.904138638612665,7.80980201117464,8.07785378233981,0.26805177116516976,3.511755685176825,0.39352510114224254,,,9.705764397693828,0.0,0,0.2317978402749583,0.0,0,0
HND,2019,,,23.937419559892206,7.824976555077984,8.143488417802308,0.31851186272432397,3.133107747139488,0.43403715129352544,,,9.705764397693828,0.0,0,-0.14685009776237878,-0.0,0,0
HND,2020,,,23.873958426073667,7.743969778005341,8.170196839808145,0.42622706180280456,3.176299958380291,0.4622798292477097,,,9.705764397693828,0.0,0,-0.10365788652157581,-0.0,0,0
HND,2021,,,24.060611803816773,7.913940649430753,8.21722085115122,0.303280201720467,3.3896740184372662,0.49939504423659126,,,9.705764397693828,0.0,0,0.10971617353539953,0.0,0,0
HND,2022,,,24.170902743038628,8.007463622850228,8.330308705589859,0.3228450827396312,3.3112898330718883,0.3963906355212324,,,9.705764397693828,0.0,0,0.031331988170021585,0.0,0,0
HND,2023,,,24.260036852337787,8.07944999330781,8.371664569863713,0.292214576555903,3.498610697929988,0.411039095770848,,,9.705764397693828,0.0,0,0.2186528530281211,0.0,0,0
HND,2024,,,24.333647698969827,8.136213926962379,8.458856187822017,0.322642260859638,3.7081010169199304,0.4522949053317733,,,9.705764397693828,0.0,0,0.42814317201806373,0.0,0,0
HRV,2006,,,24.62692683903063,9.350209503587623,6.694260831370928,2.6559486722166943,2.931753535083293,1.0293108283308758,2.4474459508465616,0.8636867052345983,9.098646733251702,0.0,0,-0.34820430981857386,-0.0,0,0
HRV,2007,,,24.805715724748506,9.529216915908147,6.830485755686894,2.6987311602212536,2.9644793240779252,1.059619576473021,2.4474459508465616,0.8636867052345983,9.098646733251702,0.0,0,-0.31547852082394146,-0.0,0,0
HRV,2008,,,24.949706855131893,9.673326840870102,7.059473251657147,2.6138535892129546,2.923158428446846,1.0361233722640943,2.4474459508465616,0.8636867052345983,9.098646733251702,0.0,0,-0.3567994164550208,-0.0,0,0
HRV,2009,,,24.85547523537653,9.580145496281663,7.1116505738887605,2.4684949223929022,2.8672590129864868,1.0515835329024676,2.4474459508465616,0.8636867052345983,9.098646733251702,0.0,0,-0.4126988319153799,-0.0,0,0
HRV,2010,,,24.800381619100815,9.527320092714135,7.428429341939105,2.0988907507750296,2.650136101058949,1.1258154052757454,2.4474459508465616,0.8636867052345983,9.098646733251702,0.0,0,-0.6298217438429177,-0.0,0,0
HRV,2011,,,24.864639503966107,9.595030619864282,7.576058919459159,2.018971700405123,2.661779956172095,0.9785209577040468,2.4474459508465616,0.8636867052345983,9.098646733251702,0.0,0,-0.6181778887297718,-0.0,0,0
HRV,2012,,,24.77587645873895,9.511010359247837,7.689424962620857,1.8215853966269808,2.7881931484367057,1.117263625152539,2.4474459508465616,0.8636867052345983,9.098646733251702,0.0,0,-0.49176469646516097,-0.0,0,0
HRV,2013,,,24.81505497015378,9.556415661942227,7.766212370634288,1.7902032913079386,2.6049015031810483,1.0492366167375518,2.4474459508465616,0.8636867052345983,9.098646733251702,0.0,0,-0.6750563417208184,-0.0,0,0
HRV,2014,,,24.811040692447232,9.560065205365872,7.8424298457105515,1.7176353596553202,2.606923449442319,0.9128156144949169,2.4474459508465616,0.8636867052345983,9.098646733251702,0.0,0,-0.6730343954595477,-0.0,0,0
HRV,2015,,,24.65507717659967,9.416042708105977,7.854601928784033,1.5614407793219431,2.7126290904583708,0.7803154589488716,2.4474459508465616,0.8636867052345983,9.098646733251702,0.0,0,-0.567328754443496,-0.0,0,0
HRV,2016,,,24.68694734705536,9.458776338376117,7.913908812616166,1.5448675257599511,2.8160105424721618,0.7175521352608069,2.4474459508465616,0.8636867052345983,9.098646733251702,0.0,0,-0.46394730242970494,-0.0,0,0
HRV,2017,,,24.751866264087884,9.539762807454807,7.991629467194556,1.548133340260251,2.724682835188106,0.8023155066282667,2.4474459508465616,0.8636867052345983,9.098646733251702,0.0,0,-0.5552750097137609,-0.0,0,0
HRV,2018,,,24.84503554652919,9.646040822346537,8.07785378233981,1.5681870400067268,2.866459933009324,0.8346098735153613,2.4474459508465616,0.8636867052345983,9.098646733251702,0.0,0,-0.4134979118925428,-0.0,0,0
HRV,2019,,,24.841770534164386,9.652698839592427,8.143488417802308,1.5092104217901188,2.728367017834242,0.7852989011780184,2.4474459508465616,0.8636867052345983,9.098646733251702,0.0,0,-0.5515908270676246,-0.0,0,0
HRV,2020,,,24.783015921926744,9.602892864794631,8.170196839808145,1.4326960249864857,2.7533629401095023,0.8091636263912919,2.4474459508465616,0.8636867052345983,9.098646733251702,0.0,1,-0.5265949047923644,-0.5265949047923644,0,0
HRV,2021,,,24.95740513093337,9.786322082692894,8.21722085115122,1.5691012315416746,2.98947290848582,0.9315699060992976,2.4474459508465616,0.8636867052345983,9.098646733251702,0.0,1,-0.29048493641604667,-0.29048493641604667,0,0
HRV,2022,,,24.988708938350804,9.82366110963221,8.330308705589859,1.4933524040423514,3.0768918794344935,0.980208245170576,2.4474459508465616,0.8636867052345983,9.098646733251702,0.0,1,-0.2030659654673732,-0.2030659654673732,0,0
HRV,2023,,,25.173200359280678,10.007103968298786,8.371664569863713,1.6354393984350732,3.1154202311026475,1.0523629760084083,2.4474459508465616,0.8636867052345983,9.098646733251702,0.0,1,-0.16453761379921916,-0.16453761379921916,0,0
HRV,2024,,,25.25567062477989,10.087887954310162,8.458856187822017,1.6290317664881453,3.152084928467542,1.0269842407539207,2.4474459508465616,0.8636867052345983,9.098646733251702,0.0,1,-0.12787291643432486,-0.12787291643432486,0,0
HTI,2006,,,22.75649839020543,6.719985749244102,6.694260831370928,0.025724917873173325,3.8583933171536593,1.0400215424480483,,,9.703070658197081,0.0,0,0.5784354722517926,0.0,0,0
HTI,2007,,,22.94557728710321,6.892201933802809,6.830485755686894,0.061716178115915454,3.5288112441897375,0.9813026188396051,,,9.703070658197081,0.0,0,0.24885339928787076,0.0,0,0
HTI,2008,,,23.068236114989503,6.998199625448248,7.059473251657147,0.06127362620889887,3.54967282054874,0.8494266694575527,,,9.703070658197081,0.0,0,0.2697149756468731,0.0,0,0
HTI,2009,,,23.17401252536163,7.087450782883659,7.1116505738887605,0.024199791005101723,3.809166897213096,0.8697506154481238,,,9.703070658197081,0.0,0,0.5292090523112294,0.0,0,0
HTI,2010,,,23.196379279860896,7.098150270247613,7.428429341939105,0.33027907169149184,3.9623126068030152,0.9833639096817532,,,9.703070658197081,0.0,0,0.6823547619011485,0.0,0,0
HTI,2011,,,23.288887740420222,7.179338102830608,7.576058919459159,0.39672081662855163,3.9558173951924958,1.0133699455814285,,,9.703070658197081,0.0,0,0.675859550290629,0.0,0,0
HTI,2012,,,23.341312952331013,7.216264428709141,7.689424962620857,0.47316053391171575,3.844880966699599,0.8680242314812712,,,9.703070658197081,0.0,0,0.5649231217977322,0.0,0,0
HTI,2013,,,23.4247940563704,7.284705824873745,7.766212370634288,0.48150654576054297,3.4755576651550038,0.7378701853290323,,,9.703070658197081,0.0,0,0.19559982025313705,0.0,0,0
HTI,2014,,,23.441060638013454,7.286321148886471,7.8424298457105515,0.5561086968240803,4.389380547236808,1.2473079382338634,,,9.703070658197081,0.0,0,1.1094227023349412,0.0,0,0
HTI,2015,,,23.421240739499883,7.252143846797231,7.854601928784033,0.6024580819868026,3.9363432568995034,1.2833712961408907,,,9.703070658197081,0.0,0,0.6563854119976367,0.0,0,0
HTI,2016,,,23.367259358227518,7.184176193194044,7.913908812616166,0.7297326194221219,3.9921655211518114,1.329277719205941,,,9.703070658197081,0.0,0,0.7122076762499447,0.0,0,0
HTI,2017,,,23.43752056087007,7.2408213295931,7.991629467194556,0.7508081376014557,4.148541516323495,1.3003503302532238,,,9.703070658197081,0.0,0,0.8685836714216282,0.0,0,0
HTI,2018,,,23.52078279144569,7.31080446423179,8.07785378233981,0.76704931810802,3.646124099481075,1.0438005293365256,,,9.703070658197081,0.0,0,0.36616625457920815,0.0,0,0
HTI,2019,,,23.432388191720577,7.20946749844469,8.143488417802308,0.9340209193576179,3.7168392090215545,1.254096682444268,,,9.703070658197081,0.0,0,0.4368813641196878,0.0,0,0
HTI,2020,,,23.397981395877085,7.162649703280781,8.170196839808145,1.0075471365273643,3.8049903316149116,1.3878233233387587,,,9.703070658197081,0.0,0,0.5250324867130449,0.0,0,0
HTI,2021,,,23.75605196579913,7.5091598392645755,8.21722085115122,0.7080610118866444,4.025962740683371,1.5813401825673414,,,9.703070658197081,0.0,0,0.7460048957815046,0.0,0,0
HTI,2022,,,23.724632563412168,7.4664614540125935,8.330308705589859,0.8638472515772655,3.584510122748114,1.478280674826875,,,9.703070658197081,0.0,0,0.3045522778462475,0.0,0,0
HTI,2023,,,23.697380570848765,7.427646135088784,8.371664569863713,0.9440184347749287,3.397569384972722,1.515622335229672,,,9.703070658197081,0.0,0,0.11761154007085528,0.0,0,0
HTI,2024,,,23.911915725315996,7.630634022435559,8.458856187822017,0.8282221653864577,3.684593461071774,1.6556464213777229,,,9.703070658197081,0.0,0,0.4046356161699074,0.0,0,0
HUN,2006,,,25.473437358401192,9.348230055293758,6.694260831370928,2.6539692239228296,3.069717260574637,2.3757769549513013,4.506984775363819,3.173696276584298,9.068750424817893,0.0,0,-0.21024058432722992,-0.0,0,0
HUN,2007,,,25.66578877818773,9.542130626660908,6.830485755686894,2.7116448709740144,3.300299630591288,2.127407217044324,4.506984775363819,3.173696276584298,9.068750424817893,0.0,0,0.020341785689421243,0.0,0,0
HUN,2008,,,25.78730454835247,9.665397370500392,7.059473251657147,2.6059241188432445,3.457639302246871,1.9525559524808351,4.506984775363819,3.173696276584298,9.068750424817893,0.0,0,0.1776814573450043,0.0,0,0
HUN,2009,,,25.596992163312862,9.476634073600286,7.1116505738887605,2.364983499711525,3.459138884733625,1.8584967351311674,4.506984775363819,3.173696276584298,9.068750424817893,0.0,0,0.17918103983175815,0.0,0,0
HUN,2010,,,25.605300323016316,9.487202372060642,7.428429341939105,2.058773030121537,3.3561633055604903,1.804769177651199,4.506984775363819,3.173696276584298,9.068750424817893,0.0,0,0.07620546065862355,0.0,0,0
HUN,2011,,,25.677068346207143,9.561803999610943,7.576058919459159,1.9857450801517835,3.2271669520969484,1.6217116131097715,4.506984775363819,3.173696276584298,9.068750424817893,0.0,0,-0.05279089280491833,-0.0,0,0
HUN,2012,,,25.57896335023236,9.468863379701636,7.689424962620857,1.7794384170807795,3.18329084248528,1.568463734210562,4.506984775363819,3.173696276584298,9.068750424817893,0.0,0,-0.09666700241658654,-0.0,0,0
HUN,2013,,,25.633314784427178,9.528027410362041,7.766212370634288,1.761815039727753,2.7419253301149618,1.4775008108728167,4.506984775363819,3.173696276584298,9.068750424817893,0.0,0,-0.538032514786905,-0.0,0,0
HUN,2014,,,25.672938051543166,9.571679553250561,7.8424298457105515,1.72924970754001,2.668470999123593,1.059302404089767,4.506984775363819,3.173696276584298,9.068750424817893,0.0,0,-0.6114868457782738,-0.0,0,0
HUN,2015,,,25.55353068258463,9.455866846819694,7.854601928784033,1.6012649180356604,2.532629618464332,0.9086499853247796,4.506984775363819,3.173696276584298,9.068750424817893,0.0,0,-0.7473282264375345,-0.0,0,0
HUN,2016,,,25.582950798034766,9.489172942419579,7.913908812616166,1.5752641298034131,2.3612206366975363,0.7664415642460107,4.506984775363819,3.173696276584298,9.068750424817893,0.0,0,-0.9187372082043304,-0.0,0,0
HUN,2017,,,25.68845107543791,9.598060078716424,7.991629467194556,1.6064306115218683,2.3397211753689344,0.8692164899667226,4.506984775363819,3.173696276584298,9.068750424817893,0.0,0,-0.9402366695329323,-0.0,0,0
HUN,2018,,,25.805816693612304,9.717462569588667,8.07785378233981,1.6396087872488572,2.0882417426003226,0.7421651397915942,4.506984775363819,3.173696276584298,9.068750424817893,0.0,0,-1.1917161023015441,-0.0,0,0
HUN,2019,,,25.828827491949408,9.741724799142766,8.143488417802308,1.5982363813404579,2.163894524908051,0.6639105625215949,4.506984775363819,3.173696276584298,9.068750424817893,0.0,0,-1.116063319993816,-0.0,0,0
HUN,2020,,,25.7888215950664,9.704239398689388,8.170196839808145,1.534042558881243,2.1324175391196505,0.6950517427043382,4.506984775363819,3.173696276584298,9.068750424817893,0.0,1,-1.1475403057822162,-1.1475403057822162,0,0
HUN,2021,,,25.93429552710394,9.853804967119558,8.21722085115122,1.636584115968338,2.1232913196945633,0.6931527686780657,4.506984775363819,3.173696276584298,9.068750424817893,0.0,1,-1.1566665252073034,-1.1566665252073034,0,0
HUN,2022,,,25.89943014875947,9.821628090283692,8.330308705589859,1.491319384693833,2.2638678113545008,0.6118386110667721,4.506984775363819,3.173696276584298,9.068750424817893,0.0,1,-1.016090033547366,-1.016090033547366,0,0
HUN,2023,,,26.084696542490082,10.0082371758293,8.371664569863713,1.636572605965588,2.2711635889271258,0.5882342467111679,4.506984775363819,3.173696276584298,9.068750424817893,0.0,1,-1.008794255974741,-1.008794255974741,0,0
HUN,2024,,,26.129756708639565,10.056442442753424,8.458856187822017,1.5975862549314073,2.078624534836811,0.511978422449935,4.506984775363819,3.173696276584298,9.068750424817893,0.0,1,-1.2013333100650558,-1.2013333100650558,0,0
IDN,2006,,,26.62198582817102,7.351360791581556,6.694260831370928,0.657099960210628,3.5378097288995916,0.6837758240940515,0.9916904503618115,0.1670383756437259,7.708142557677536,0.0,1,0.25785188399772485,0.25785188399772485,0,0
IDN,2007,,,26.792193007189415,7.508359317358648,6.830485755686894,0.6778735616717544,3.2749960389957073,0.5217184772725909,0.9916904503618115,0.1670383756437259,7.708142557677536,0.0,1,-0.004961805906159356,-0.004961805906159356,0,0
IDN,2008,,,26.958124766113,7.661317571980574,7.059473251657147,0.6018443203234272,2.9884028942619265,0.4484034433571473,0.9916904503618115,0.1670383756437259,7.708142557677536,0.0,1,-0.2915549506399402,-0.2915549506399402,0,0
IDN,2009,,,27.014057054765768,7.704579998126537,7.1116505738887605,0.5929294242377763,3.0550339985904786,0.482347755483544,0.9916904503618115,0.1670383756437259,7.708142557677536,0.0,1,-0.22492384631138806,-0.22492384631138806,0,0
IDN,2010,,,27.350108290501566,8.028025819848873,7.428429341939105,0.5995964779097678,3.211981712882643,0.5028980958677961,0.9916904503618115,0.1670383756437259,7.708142557677536,0.0,1,-0.06797613201922381,-0.06797613201922381,0,0
IDN,2011,,,27.517817819870736,8.182968466153389,7.576058919459159,0.6069095466942294,3.3548957484955264,0.49025009169587636,0.9916904503618115,0.1670383756437259,7.708142557677536,0.0,1,0.0749379035936597,0.0749379035936597,0,0
IDN,2012,,,27.545321510916256,8.197613775535693,7.689424962620857,0.5081888129148364,3.542547078198033,0.5531004192002327,0.9916904503618115,0.1670383756437259,7.708142557677536,0.0,1,0.2625892332961661,0.2625892332961661,0,0
IDN,2013,,,27.53948037325106,8.179368837713598,7.766212370634288,0.4131564670793102,3.4207574281394653,0.5203994616711504,0.9916904503618115,0.1670383756437259,7.708142557677536,0.0,1,0.14079958323759856,0.14079958323759856,0,0
IDN,2014,,,27.51540233655429,8.143537191896439,7.8424298457105515,0.3011073461858871,3.2950054821173764,0.4485804501372311,0.9916904503618115,0.1670383756437259,7.708142557677536,0.0,1,0.015047637215509724,0.015047637215509724,0,0
IDN,2015,,,27.481191027025265,8.09810248419129,7.854601928784033,0.24350055540725712,3.149505999285143,0.3726397416958873,0.9916904503618115,0.1670383756437259,7.708142557677536,0.0,1,-0.13045184561672363,-0.13045184561672363,0,0
IDN,2016,,,27.560467059323575,8.16663363448735,7.913908812616166,0.25272482187118506,3.4766891511069926,0.4122092132542057,0.9916904503618115,0.1670383756437259,7.708142557677536,0.0,1,0.1967313062051259,0.1967313062051259,0,0
IDN,2017,,,27.64651914284897,8.242462424035642,7.991629467194556,0.2508329568410863,3.6193417609600638,0.46762589912488156,0.9916904503618115,0.1670383756437259,7.708142557677536,0.0,1,0.33938391605819707,0.33938391605819707,0,0
IDN,2018,,,27.67242361359333,8.258669460684754,8.07785378233981,0.18081567834494372,3.343699187616671,0.4201937730077829,0.9916904503618115,0.1670383756437259,7.708142557677536,0.0,1,0.06374134271480436,0.06374134271480436,0,0
IDN,2019,,,27.743545791812117,8.320435589311186,8.143488417802308,0.1769471715088784,3.3544181064009284,0.44426868216414644,0.9916904503618115,0.1670383756437259,7.708142557677536,0.0,1,0.07446026149906171,0.07446026149906171,0,0
IDN,2020,,,27.688397968457593,8.256789754082872,8.170196839808145,0.0865929142747266,3.1974873847946466,0.4597966041975166,0.9916904503618115,0.1670383756437259,7.708142557677536,0.0,1,-0.08247046010722014,-0.08247046010722014,0,0
IDN,2021,,,27.802037080582156,8.363382852988169,8.21722085115122,0.14616200183694872,3.3922948527515073,0.46700645489849707,0.9916904503618115,0.1670383756437259,7.708142557677536,0.0,1,0.11233700784964062,0.11233700784964062,0,0
IDN,2022,,,27.907971698912664,8.461856966622147,8.330308705589859,0.13154826103228778,3.5004277196095264,0.5092244609836397,0.9916904503618115,0.1670383756437259,7.708142557677536,0.0,1,0.22046987470765966,0.22046987470765966,0,0
IDN,2023,,,27.946683263838196,8.492141870174391,8.371664569863713,0.12047730031067871,3.413270871296932,0.47341169232948527,0.9916904503618115,0.1670383756437259,7.708142557677536,0.0,1,0.13331302639506548,0.13331302639506548,0,0
IDN,2024,,,27.9648482777515,8.502168168954181,8.458856187822017,0.043311981132164945,3.0613279471570856,0.3413768100097516,0.9916904503618115,0.1670383756437259,7.708142557677536,0.0,1,-0.21862989774478114,-0.21862989774478114,0,0
IMN,2006,,,21.95370525084798,10.66025507350554,6.694260831370928,3.965994242134612,,,,,,,0,,,1,0
IMN,2007,,,22.219837504053054,10.91581990037038,6.830485755686894,4.085334144683486,,,,,,,0,,,1,0
IMN,2008,,,22.50308623582335,11.188258113562812,7.059473251657147,4.128784861905665,,,,,,,0,,,1,0
IMN,2009,,,22.425633142281875,11.099772465462795,7.1116505738887605,3.9881218915740346,,,,,,,0,,,1,0
IMN,2010,,,22.501664748334377,11.164605719352144,7.428429341939105,3.736176377413039,,,,,,,0,,,1,0
IMN,2011,,,22.605119946972444,11.262010559275884,7.576058919459159,3.685951639816725,,,,,,,0,,,1,0
IMN,2012,,,22.623913846777327,11.281361605085209,7.689424962620857,3.5919366424643524,,,,,,,0,,,1,0
IMN,2013,,,22.669343918002166,11.32909467597463,7.766212370634288,3.5628823053403424,,,,,,,0,,,1,0
IMN,2014,,,22.765583539097808,11.428298002797822,7.8424298457105515,3.585868157087271,,,,,,,0,,,1,0
IMN,2015,,,22.681217606973323,11.347502543463673,7.854601928784033,3.4929006146796393,,,,,,,0,,,1,0
IMN,2016,,,22.64698552642568,11.314790884138054,7.913908812616166,3.400882071521888,,,,,,,0,,,1,0
IMN,2017,,,22.666284428547822,11.332377979767076,7.991629467194556,3.34074851257252,,,,,,,0,,,1,0
IMN,2018,,,22.737054831315504,11.400806880754146,8.07785378233981,3.3229530984143363,,,,,,,0,,,1,0
IMN,2019,,,22.713188478556205,11.375128436560631,8.143488417802308,3.2316400187583234,,,,,,,0,,,1,0
IMN,2020,,,22.62301620549181,11.283682513006543,8.170196839808145,3.1134856731983973,,,,,,,0,,,1,0
IMN,2021,,,22.794069330638738,11.454236143584009,8.21722085115122,3.2370152924327886,,,,,,,0,,,1,0
IMN,2022,,,22.728960915668083,11.388818642673115,8.330308705589859,3.0585099370832562,,,,,,,0,,,1,0
IMN,2023,,,22.74826834326308,11.4077339064099,8.371664569863713,3.0360693365461877,,,,,,,0,,,1,0
IMN,2024,,,,,8.458856187822017,,,,,,,,0,,,1,0
IND,2006,,,27.569422151431365,6.6866949982259065,6.694260831370928,0.007565833145021905,4.258583009598747,0.9543499089450626,2.1633145205339908,0.43592559453119345,8.110688543173408,0.0,0,0.9786251646968807,0.0,0,0
IND,2007,,,27.8271933401982,6.929406272553527,6.830485755686894,0.09892051686663272,4.17158022782541,0.8625054335642948,2.1633145205339908,0.43592559453119345,8.110688543173408,0.0,0,0.891622382923543,0.0,0,0
IND,2008,,,27.812421531106732,6.9002467452873875,7.059473251657147,0.15922650636975977,3.9711213516374904,0.8267000945779414,2.1633145205339908,0.43592559453119345,8.110688543173408,0.0,0,0.6911635067356237,0.0,0,0
IND,2009,,,27.9250987061341,6.998463747119226,7.1116505738887605,0.1131868267695344,4.391418240627693,0.914669579465026,2.1633145205339908,0.43592559453119345,8.110688543173408,0.0,0,1.111460395725826,0.0,0,0
IND,2010,,,28.147201688022804,7.20602069281963,7.428429341939105,0.22240864911947522,4.266462504525215,0.8840825746396107,2.1633145205339908,0.43592559453119345,8.110688543173408,0.0,1,0.9865046596233484,0.9865046596233484,0,0
IND,2011,,,28.231533042320507,7.276183770962893,7.576058919459159,0.29987514849626606,4.907330168988754,0.8740037906725225,2.1633145205339908,0.43592559453119345,8.110688543173408,0.0,1,1.627372324086887,1.627372324086887,0,0
IND,2012,,,28.234045314606547,7.264955481588603,7.689424962620857,0.42446948103225335,4.4737764485457845,0.8358402389269534,2.1633145205339908,0.43592559453119345,8.110688543173408,0.0,1,1.1938186036439178,1.1938186036439178,0,0
IND,2013,,,28.249833418082037,7.267416542013342,7.766212370634288,0.4987958286209464,4.556096495421688,0.8483500718520841,2.1633145205339908,0.43592559453119345,8.110688543173408,0.0,1,1.2761386505198211,1.2761386505198211,0,0
IND,2014,,,28.343542635589493,7.348512856808263,7.8424298457105515,0.4939169889022885,3.697253978777393,0.6113129451638112,2.1633145205339908,0.43592559453119345,8.110688543173408,0.0,1,0.4172961338755261,0.4172961338755261,0,0
IND,2015,,,28.37466574529629,7.3677074101766316,7.854601928784033,0.48689451860740185,4.080627994176651,0.6039822657020921,2.1633145205339908,0.43592559453119345,8.110688543173408,0.0,1,0.8006701492747843,0.8006701492747843,0,0
IND,2016,,,28.46166545254542,7.44279082078555,7.913908812616166,0.4711179918306154,4.30322391992564,0.6328321447540727,2.1633145205339908,0.43592559453119345,8.110688543173408,0.0,1,1.023266075023773,1.023266075023773,0,0
IND,2017,,,28.606136926803075,7.575638333608506,7.991629467194556,0.4159911335860498,4.0595622468452275,0.6199721918133893,2.1633145205339908,0.43592559453119345,8.110688543173408,0.0,1,0.7796044019433608,0.7796044019433608,0,0
IND,2018,,,28.625357353157383,7.583885769292524,8.07785378233981,0.49396801304728566,3.85961649323454,0.5761953752932892,2.1633145205339908,0.43592559453119345,8.110688543173408,0.0,1,0.5796586483326731,0.5796586483326731,0,0
IND,2019,,,28.673276877356702,7.621405153982032,8.143488417802308,0.5220832638202761,3.5438020649195545,0.49496470296437584,2.1633145205339908,0.43592559453119345,8.110688543173408,0.0,1,0.2638442200176878,0.2638442200176878,0,0
IND,2020,,,28.614915010096915,7.553308900253144,8.170196839808145,0.6168879395550011,3.5916506009242584,0.4935536108879976,2.1633145205339908,0.43592559453119345,8.110688543173408,0.0,1,0.31169275602239166,0.31169275602239166,0,0
IND,2021,,,28.783891330816473,7.7140587387714135,8.21722085115122,0.5031621123798065,3.017971844855423,0.35288053746683107,2.1633145205339908,0.43592559453119345,8.110688543173408,0.0,1,-0.26198600004644357,-0.26198600004644357,0,0
IND,2022,,,28.809657186556787,7.73192258910563,8.330308705589859,0.598386116484229,3.57121555189972,0.4304038684299847,2.1633145205339908,0.43592559453119345,8.110688543173408,0.0,1,0.29125770699785347,0.29125770699785347,0,0
IND,2023,,,28.884042916822423,7.797475423973605,8.371664569863713,0.5741891458901076,3.9108444648530463,0.46114606028934224,2.1633145205339908,0.43592559453119345,8.110688543173408,0.0,1,0.6308866199511796,0.6308866199511796,0,0
IND,2024,,,28.955656398467845,7.860181840149165,8.458856187822017,0.5986743476728513,3.4000604316615726,0.40906244417755827,2.1633145205339908,0.43592559453119345,8.110688543173408,0.0,1,0.12010258675970586,0.12010258675970586,0,0
IRL,2006,,,26.17078142797267,10.90281641258988,6.694260831370928,4.208555581218952,3.407985540405623,4.537298915241149,3.3359812851877653,2.439714618656238,9.235721527953945,0.0,0,0.12802769550375626,0.0,0,0
IRL,2007,,,26.321981380324303,11.0251067648951,6.830485755686894,4.1946210092082055,3.178497650968685,4.404330088093844,3.3359812851877653,2.439714618656238,9.235721527953945,0.0,0,-0.10146019393318184,-0.0,0,0
IRL,2008,,,26.341662781120927,11.024401085580001,7.059473251657147,3.9649278339228538,3.3371357239471333,4.363686740059323,3.3359812851877653,2.439714618656238,9.235721527953945,0.0,0,0.05717787904526661,0.0,0,0
IRL,2009,,,26.188973491016117,10.861555162715955,7.1116505738887605,3.749904588827195,3.4092678138311716,3.9360991581099403,3.3359812851877653,2.439714618656238,9.235721527953945,0.0,0,0.1293099689293049,0.0,0,0
IRL,2010,,,26.12473900126259,10.791871829121638,7.428429341939105,3.3634424871825326,3.6891616535964316,3.9530645075745237,3.3359812851877653,2.439714618656238,9.235721527953945,0.0,0,0.40920380869456485,0.0,0,0
IRL,2011,,,26.207962645286305,10.870734748752772,7.576058919459159,3.294675829293613,3.5006560657482564,3.6569272663415577,3.3359812851877653,2.439714618656238,9.235721527953945,0.0,0,0.22069822084638968,0.0,0,0
IRL,2012,,,26.147871424581822,10.80640609001531,7.689424962620857,3.116981127394453,3.4625775756085178,3.9451495030947448,3.3359812851877653,2.439714618656238,9.235721527953945,0.0,0,0.18261973070665105,0.0,0,0
IRL,2013,,,26.21601548567072,10.869284589515651,7.766212370634288,3.103072218881363,3.591441632884854,3.9264354035274707,3.3359812851877653,2.439714618656238,9.235721527953945,0.0,0,0.31148378798298726,0.0,0,0
IRL,2014,,,26.308604215460043,10.954563305539116,7.8424298457105515,3.1121334598285646,3.5612081067881984,3.9027499667411987,3.3359812851877653,2.439714618656238,9.235721527953945,0.0,0,0.28125026188633173,0.0,0,0
IRL,2015,,,26.434028521674954,11.070539158679278,7.854601928784033,3.2159372298952444,3.702057724281623,3.6160427182844366,3.3359812851877653,2.439714618656238,9.235721527953945,0.0,0,0.42209987937975635,0.0,0,0
IRL,2016,,,26.444990558184625,11.06866064668071,7.913908812616166,3.1547518340645446,3.7833280981909323,3.4635516295876734,3.3359812851877653,2.439714618656238,9.235721527953945,0.0,0,0.5033702532890656,0.0,0,0
IRL,2017,,,26.57648852190615,11.186660621746835,7.991629467194556,3.1950311545522796,3.7603522007295824,3.512104535607307,3.3359812851877653,2.439714618656238,9.235721527953945,0.0,0,0.4803943558277157,0.0,0,0
IRL,2018,,,26.704125146333453,11.299783138220052,8.07785378233981,3.221929355880242,3.613661353818456,3.5162777793094313,3.3359812851877653,2.439714618656238,9.235721527953945,0.0,0,0.3337035089165892,0.0,0,0
IRL,2019,,,26.732599264928115,11.312370715854257,8.143488417802308,3.1688822980519493,3.5357503314176535,3.2124131087276884,3.3359812851877653,2.439714618656238,9.235721527953945,0.0,0,0.2557924865157868,0.0,0,0
IRL,2020,,,26.80092878608784,11.36806234571297,8.170196839808145,3.197865505904824,3.504993202815351,3.184116272674849,3.3359812851877653,2.439714618656238,9.235721527953945,0.0,1,0.22503535791348428,0.22503535791348428,0,0
IRL,2021,,,26.99688619700436,11.55006175996797,8.21722085115122,3.3328409088167508,3.696427366816379,3.5648907475089207,3.3359812851877653,2.439714618656238,9.235721527953945,0.0,1,0.41646952191451225,0.41646952191451225,0,0
IRL,2022,,,27.030164642238518,11.563530038795156,8.330308705589859,3.2332213332052966,3.5413657884955043,3.8427894112008083,3.3359812851877653,2.439714618656238,9.235721527953945,0.0,1,0.2614079435936376,0.2614079435936376,0,0
IRL,2023,,,27.064282309980552,11.578890316516071,8.371664569863713,3.207225746652359,3.4570590845334235,3.980967669401391,3.3359812851877653,2.439714618656238,9.235721527953945,0.0,1,0.17710123963155677,0.17710123963155677,0,0
IRL,2024,,,27.135342625829942,11.634213047994296,8.458856187822017,3.175356860172279,3.550843723181967,3.7270766337803383,3.3359812851877653,2.439714618656238,9.235721527953945,0.0,1,0.27088587828010047,0.27088587828010047,0,0
IRN,2006,,,26.305265490221263,8.193929816232913,6.694260831370928,1.4996689848619846,2.3829514156709113,0.3833764955173275,2.852325700412664,1.046895620297446,8.694743215867494,0.0,0,-0.8970064292309554,-0.0,0,0
IRN,2007,,,26.58044611332374,8.452759552801167,6.830485755686894,1.622273797114273,2.2002017255075015,0.37276230411547867,2.852325700412664,1.046895620297446,8.694743215867494,0.0,0,-1.0797561193943652,-0.0,0,0
IRN,2008,,,26.729793733876438,8.589962404901545,7.059473251657147,1.5304891532443978,1.8832565947916515,0.44833828804820225,2.852325700412664,1.046895620297446,8.694743215867494,0.0,0,-1.3967012501102152,-0.0,0,0
IRN,2009,,,26.749274542007996,8.59702470242646,7.1116505738887605,1.485374128537699,2.727158448065956,0.7364636790093567,2.852325700412664,1.046895620297446,8.694743215867494,0.0,0,-0.5527993968359106,-0.0,0,0
IRN,2010,,,26.911672804987916,8.746906226190578,7.428429341939105,1.3184768842514734,3.0604447544587323,0.725929113519729,2.852325700412664,1.046895620297446,8.694743215867494,0.0,0,-0.21951309044313438,-0.0,0,0
IRN,2011,,,27.167527860092363,8.990402605842695,7.576058919459159,1.4143436863835355,2.664737941453071,0.5562676838227427,2.852325700412664,1.046895620297446,8.694743215867494,0.0,0,-0.6152199034487955,-0.0,0,0
IRN,2012,,,27.19099455484253,9.001356226255238,7.689424962620857,1.3119312636343814,2.298086382675636,0.45837833774661907,2.852325700412664,1.046895620297446,8.694743215867494,0.0,0,-0.9818714622262306,-0.0,0,0
IRN,2013,,,26.93867329547492,8.735965916314798,7.766212370634288,0.9697535456805104,2.3606420104366976,0.5039245676991769,2.852325700412664,1.046895620297446,8.694743215867494,0.0,0,-0.9193158344651691,-0.0,0,0
IRN,2014,,,26.859446973782507,8.643308303861676,7.8424298457105515,0.800878458151125,1.9747806006831718,0.4150452840544418,2.852325700412664,1.046895620297446,8.694743215867494,0.0,0,-1.3051772442186949,-0.0,0,0
IRN,2015,,,26.737449554338216,8.507694936536325,7.854601928784033,0.6530930077522914,1.9415481981730038,0.370085389771452,2.852325700412664,1.046895620297446,8.694743215867494,0.0,0,-1.3384096467288629,-0.0,0,0
IRN,2016,,,26.89416875694654,8.650079283284937,7.913908812616166,0.7361704706687711,2.364068030319814,0.3585424393463828,2.852325700412664,1.046895620297446,8.694743215867494,0.0,0,-0.9158898145820529,-0.0,0,0
IRN,2017,,,26.958146831321425,8.699670313449975,7.991629467194556,0.7080408462554191,2.5063709964911305,0.35576495520561263,2.852325700412664,1.046895620297446,8.694743215867494,0.0,0,-0.7735868484107362,-0.0,0,0
IRN,2018,,,26.744054458764257,8.472825475206632,8.07785378233981,0.39497169286682166,2.741134241646144,0.5014662460469194,2.852325700412664,1.046895620297446,8.694743215867494,0.0,0,-0.5388236032557225,-0.0,0,0
IRN,2019,,,26.57543498558495,8.2934228299372,8.143488417802308,0.14993441213489156,2.838445982070564,0.7503829294659141,2.852325700412664,1.046895620297446,8.694743215867494,0.0,0,-0.4415118628313026,-0.0,0,0
IRN,2020,,,26.361386775336328,8.071687044706623,8.170196839808145,0.09850979510152236,2.6026310527743464,0.8653056817412338,2.852325700412664,1.046895620297446,8.694743215867494,0.0,0,-0.6773267921275203,-0.0,0,0
IRN,2021,,,26.73294028673426,8.434930263735113,8.21722085115122,0.21770941258389342,2.291352936045309,0.7716398008555473,2.852325700412664,1.046895620297446,8.694743215867494,0.0,0,-0.9886049088565576,-0.0,0,0
IRN,2022,,,26.76983926096327,8.459819209378395,8.330308705589859,0.129510503788536,2.515273263970439,0.7867327330309877,2.852325700412664,1.046895620297446,8.694743215867494,0.0,0,-0.7646845809314278,-0.0,0,0
IRN,2023,,,26.84906563356887,8.527004763420573,8.371664569863713,0.15534019355686013,2.8978265695888368,0.887020545085821,2.852325700412664,1.046895620297446,8.694743215867494,0.0,0,-0.38213127531302993,-0.0,0,0
IRN,2024,,,26.88711121433983,8.554521651974477,8.458856187822017,0.0956654641524608,3.033416391878997,0.9589434738260297,2.852325700412664,1.046895620297446,8.694743215867494,0.0,0,-0.24654145302286956,-0.0,0,0
IRQ,2006,,,24.899912888810718,7.730418332126871,6.694260831370928,1.0361575007559427,4.767934267291716,2.390963288253661,,,8.791680291855208,0.0,0,1.4879764223898495,0.0,0,0
IRQ,2007,,,25.210069712050768,8.048465580765402,6.830485755686894,1.2179798250785083,4.1351603258863285,2.2218094967045583,,,8.791680291855208,0.0,0,0.8552024809844618,0.0,0,0
IRQ,2008,,,25.60314253184051,8.421335401602187,7.059473251657147,1.3618621499450398,3.6932812500100654,1.709963192943448,,,8.791680291855208,0.0,0,0.41332340510819865,0.0,0,0
IRQ,2009,,,25.43870270658053,8.220056446711109,7.1116505738887605,1.108405872822348,3.736591884131098,1.5714367412183303,,,8.791680291855208,0.0,0,0.4566340392292312,0.0,0,0
IRQ,2010,,,25.654256896437328,8.403296784387633,7.428429341939105,0.9748674424485282,4.077645587473831,1.435747767773887,,,8.791680291855208,0.0,0,0.7976877425719642,0.0,0,0
IRQ,2011,,,25.94766571405244,8.661387434150706,7.576058919459159,1.0853285146915468,3.8568777813107324,1.165036765518786,,,8.791680291855208,0.0,0,0.5769199364088657,0.0,0,0
IRQ,2012,,,26.10777225806307,8.776104761343317,7.689424962620857,1.0866797987224608,4.007303623113462,1.143081831275741,,,8.791680291855208,0.0,0,0.7273457782115957,0.0,0,0
IRQ,2013,,,26.181308353318332,8.8024251882536,7.766212370634288,1.0362128176193126,3.9459863043242676,1.2222858636182472,,,8.791680291855208,0.0,0,0.6660284594224009,0.0,0,0
IRQ,2014,,,26.154432859554834,8.74023950116899,7.8424298457105515,0.8978096554584383,3.8179630064270142,1.4715644031804802,,,8.791680291855208,0.0,0,0.5380051615251475,0.0,0,0
IRQ,2015,,,25.839906068770592,8.398441612691233,7.854601928784033,0.5438396839071995,4.16903810916357,1.7131064617011338,,,8.791680291855208,0.0,0,0.8890802642617035,0.0,0,0
IRQ,2016,,,25.83972288679895,8.37434330798439,7.913908812616166,0.460434495368224,4.541268154856099,1.8366142973834751,,,8.791680291855208,0.0,0,1.2613103099542324,0.0,0,0
IRQ,2017,,,25.95553773441791,8.467852650962367,7.991629467194556,0.4762231837678117,4.549175885782821,1.8120184420795127,,,8.791680291855208,0.0,0,1.2692180408809546,0.0,0,0
IRQ,2018,,,26.149833351890514,8.638824691468628,8.07785378233981,0.5609709091288178,4.14267706406083,1.6688982359076385,,,8.791680291855208,0.0,0,0.8627192191589637,0.0,0,0
IRQ,2019,,,26.177030604217094,8.643271832226084,8.143488417802308,0.49978341442377605,4.117876698381069,1.8038517023978056,,,8.791680291855208,0.0,0,0.8379188534792026,0.0,0,0
IRQ,2020,,,25.921203582099885,8.365250943157374,8.170196839808145,0.19505410334922857,4.186615549758482,1.9107407155477565,,,8.791680291855208,0.0,0,0.9066577048566153,0.0,0,0
IRQ,2021,,,26.068905365500076,8.490539991846253,8.21722085115122,0.27331914069503327,4.06257638698559,1.7459035651784323,,,8.791680291855208,0.0,0,0.7826185420837235,0.0,0,0
IRQ,2022,,,26.384044188449423,8.782741848873016,8.330308705589859,0.452433143283157,4.119992195098798,1.9146091151408422,,,8.791680291855208,0.0,0,0.8400343501969316,0.0,0,0
IRQ,2023,,,26.317534931555958,8.69371770289459,8.371664569863713,0.32205313303087735,3.9683696784010816,1.8263622845099106,,,8.791680291855208,0.0,0,0.6884118334992149,0.0,0,0
IRQ,2024,,,26.3567733958458,8.711708488695376,8.458856187822017,0.25285230087335897,3.7206442319990436,1.3673484644533083,,,8.791680291855208,0.0,0,0.4406863870971769,0.0,0,0
ISL,2006,,,23.595227488656754,10.971161870774518,6.694260831370928,4.276901039403589,3.9504486367735656,4.992389414512824,,,9.236804098145369,0.0,0,0.6704907918716989,0.0,0,0
ISL,2007,,,23.812493464068933,11.16312699129263,6.830485755686894,4.332641235605736,3.568154958825232,4.875791883987596,,,9.236804098145369,0.0,0,0.2881971139233652,0.0,0,0
ISL,2008,,,23.627317012420082,10.95935481793779,7.059473251657147,3.8998815662806425,3.4431518822156586,4.914638859991192,,,9.236804098145369,0.0,0,0.1631940373137919,0.0,0,0
ISL,2009,,,23.304432506019065,10.633057891747061,7.1116505738887605,3.5214073178583005,3.423759220707866,4.902446996354603,,,9.236804098145369,0.0,0,0.1438013758059995,0.0,0,0
ISL,2010,,,23.356787270045427,10.686851685776372,7.428429341939105,3.2584223438372666,3.7406045037905944,4.411035567533415,,,9.236804098145369,0.0,0,0.4606466588887277,0.0,0,0
ISL,2011,,,23.45724404151546,10.784253773564156,7.576058919459159,3.208194854104997,3.643874082757382,4.328093765542133,,,9.236804098145369,0.0,0,0.3639162378555154,0.0,0,0
ISL,2012,,,23.427559512688806,10.749248237388327,7.689424962620857,3.0598232747674707,3.569967995938398,4.475701857081648,,,9.236804098145369,0.0,0,0.2900101510365314,0.0,0,0
ISL,2013,,,23.511009143614203,10.823239009310038,7.766212370634288,3.05702663867575,3.574167712954868,4.443032559002869,,,9.236804098145369,0.0,0,0.2942098680530014,0.0,0,0
ISL,2014,,,23.61653248476186,10.917637302905415,7.8424298457105515,3.075207457194864,3.3946587758277915,3.9932460934683927,,,9.236804098145369,0.0,0,0.11470093092592482,0.0,0,0
ISL,2015,,,23.596857987853443,10.8875434021307,7.854601928784033,3.032941473346666,3.731999086995316,3.853327785288266,,,9.236804098145369,0.0,0,0.4520412420934492,0.0,0,0
ISL,2016,,,23.771766698353897,11.048571297672773,7.913908812616166,3.134662485056607,3.9662646688708936,3.7044880553019595,,,9.236804098145369,0.0,0,0.6863068239690269,0.0,0,0
ISL,2017,,,23.944542237641024,11.19789101019551,7.991629467194556,3.206261543000955,3.689678289364538,3.9633845992351024,,,9.236804098145369,0.0,0,0.4097204444626712,0.0,0,0
ISL,2018,,,24.00709206852879,11.23365941339099,8.07785378233981,3.15580563105118,3.2913086333843777,4.060863641293564,,,9.236804098145369,0.0,0,0.011350788482511032,0.0,0,0
ISL,2019,,,23.94156897874477,11.14614700102435,8.143488417802308,3.0026585832220416,3.0405474025801693,3.9826358321951427,,,9.236804098145369,0.0,0,-0.2394104423216974,-0.0,0,0
ISL,2020,,,23.81588273388997,11.004229893656962,8.170196839808145,2.8340330538488168,3.182966418178512,3.8630727351443004,,,9.236804098145369,0.0,0,-0.09699142672335492,-0.0,0,0
ISL,2021,,,23.990355370435257,11.162309363799661,8.21722085115122,2.945088512648441,3.0722969202426147,4.069062369034672,,,9.236804098145369,0.0,0,-0.207660924659252,-0.0,0,0
ISL,2022,,,24.096620099082628,11.24343635812161,8.330308705589859,2.9131276525317507,2.763115042226028,3.599319196197204,,,9.236804098145369,0.0,0,-0.5168428026758387,-0.0,0,0
ISL,2023,,,24.179645494830172,11.31692628471425,8.371664569863713,2.9452617148505382,2.914030435361906,3.574288009392321,,,9.236804098145369,0.0,0,-0.3659274095399607,-0.0,0,0
ISL,2024,,,24.22541267548566,11.360510004663812,8.458856187822017,2.9016538168417956,2.9484059874828006,3.544471763466769,,,9.236804098145369,0.0,0,-0.3315518574190661,-0.0,0,0
ISR,2006,,,25.79032252224721,10.021259662434986,6.694260831370928,3.3269988310640572,5.015865125397883,2.4750771620641885,,,8.922483750958353,0.0,0,1.7359072804960163,0.0,1,0
ISR,2007,,,25.940638202156656,10.153814333652633,6.830485755686894,3.3233285779657393,4.32624691608947,2.1244763771647546,,,8.922483750958353,0.0,0,1.0462890711876036,0.0,1,0
ISR,2008,,,26.12121345835884,10.316623798795122,7.059473251657147,3.257150547137975,4.158753213868208,2.124770579272734,,,8.922483750958353,0.0,0,0.8787953689663417,0.0,1,0
ISR,2009,,,26.085086734187822,10.256595001243982,7.1116505738887605,3.144944427355221,4.520278993928879,2.225871727272772,,,8.922483750958353,0.0,0,1.2403211490270123,0.0,1,0
ISR,2010,,,26.201288246593684,10.354528989551058,7.428429341939105,2.926099647611953,4.153561543283213,2.316275097861347,,,8.922483750958353,0.0,0,0.8736036983813462,0.0,1,0
ISR,2011,,,26.313279779318776,10.448039743660189,7.576058919459159,2.87198082420103,4.295624985708499,2.2495030341791975,,,8.922483750958353,0.0,0,1.0156671408066322,0.0,1,0
ISR,2012,,,26.29607404328421,10.412372494412956,7.689424962620857,2.7229475317920997,4.083859565050989,2.260476762483136,,,8.922483750958353,0.0,0,0.8039017201491219,0.0,1,0
ISR,2013,,,26.420511408314418,10.518149330495293,7.766212370634288,2.7519369598610046,4.279835206583998,2.2249510544062177,,,8.922483750958353,0.0,0,0.9998773616821315,0.0,1,0
ISR,2014,,,26.473857978840943,10.552300463035857,7.8424298457105515,2.709870617325306,3.546409411741172,1.839453266106945,,,8.922483750958353,0.0,0,0.26645156683930526,0.0,1,0
ISR,2015,,,26.43647438049247,10.49510397493118,7.854601928784033,2.6405020461471462,3.901153303409662,1.84789493544163,,,8.922483750958353,0.0,0,0.6211954585077955,0.0,1,0
ISR,2016,,,26.494968467308272,10.533994572122163,7.913908812616166,2.620085759505997,3.8143630213816873,2.0067040877485076,,,8.922483750958353,0.0,0,0.5344051764798206,0.0,1,0
ISR,2017,,,26.60201179979649,10.62165064786627,7.991629467194556,2.630021180671714,3.904996375293911,1.9772850020238322,,,8.922483750958353,0.0,0,0.6250385303920445,0.0,1,0
ISR,2018,,,26.651445536058567,10.651818155476326,8.07785378233981,2.5739643731365156,3.4700950855776744,1.7837235466090897,,,8.922483750958353,0.0,0,0.19013724067580773,0.0,1,0
ISR,2019,,,26.71274784783155,10.694030640853509,8.143488417802308,2.5505422230512007,3.747222954727112,1.8787752211216173,,,8.922483750958353,0.0,0,0.46726510982524516,0.0,1,0
ISR,2020,,,26.741637371669782,10.705283370770655,8.170196839808145,2.5350865309625092,3.8521769161198294,1.6779819860139034,,,8.922483750958353,0.0,0,0.5722190712179627,0.0,1,0
ISR,2021,,,26.91713030558712,10.86395724951325,8.21722085115122,2.6467363983620302,4.065785819416397,1.949033102188969,,,8.922483750958353,0.0,0,0.7858279745145302,0.0,1,0
ISR,2022,,,26.986964913741993,10.914128169189288,8.330308705589859,2.583819463599429,4.2604671940741285,1.9498244774673041,,,8.922483750958353,0.0,0,0.9805093491722618,0.0,1,0
ISR,2023,,,26.964308241046528,10.861427755894688,8.371664569863713,2.4897631860309755,4.2786850251721456,1.8235068199307352,,,8.922483750958353,0.0,0,0.9987271802702788,0.0,1,0
ISR,2024,,,27.01905659825997,10.9007409714981,8.458856187822017,2.441884783676084,3.992593500350483,1.7455572596795081,,,8.922483750958353,0.0,1,0.7126356554486164,0.7126356554486164,1,0
ITA,2006,,,28.303232491125172,10.420408423466538,6.694260831370928,3.72614759209561,3.9015949263624483,1.946350206354663,3.739413031161778,2.1569640253310687,9.141749062709472,0.0,0,0.6216370814605816,0.0,0,0
ITA,2007,,,28.42966465157717,10.540756614326574,6.830485755686894,3.7102708586396798,3.777257772192238,1.811849277748431,3.739413031161778,2.1569640253310687,9.141749062709472,0.0,0,0.4972999272903711,0.0,0,0
ITA,2008,,,28.51375854480025,10.617137594536132,7.059473251657147,3.5576643428789847,3.850428717045763,1.7295628185129208,3.739413031161778,2.1569640253310687,9.141749062709472,0.0,0,0.5704708721438965,0.0,0,0
ITA,2009,,,28.42378026441696,10.521361827943439,7.1116505738887605,3.4097112540546783,3.706471569391426,1.6571476392948263,3.739413031161778,2.1569640253310687,9.141749062709472,0.0,0,0.4265137244895594,0.0,0,0
ITA,2010,,,28.394130949701434,10.487290251657045,7.428429341939105,3.0588609097179402,3.5751381656254995,1.7443176636196531,3.739413031161778,2.1569640253310687,9.141749062709472,0.0,0,0.29518032072363276,0.0,0,0
ITA,2011,,,28.466957833798936,10.556655463643745,7.576058919459159,2.9805965441845856,3.380943560927871,1.4099150804742546,3.739413031161778,2.1569640253310687,9.141749062709472,0.0,0,0.10098571602600437,0.0,0,0
ITA,2012,,,28.371972019580905,10.458934518544364,7.689424962620857,2.7695095559235074,3.4728248648725812,1.5023480705277468,3.739413031161778,2.1569640253310687,9.141749062709472,0.0,0,0.19286701997071454,0.0,0,0
ITA,2013,,,28.397988104456868,10.482952874237286,7.766212370634288,2.716740503602998,3.5954968046727767,1.4588707163242305,3.739413031161778,2.1569640253310687,9.141749062709472,0.0,0,0.31553895977090995,0.0,0,0
ITA,2014,,,28.407247393348865,10.492061390931296,7.8424298457105515,2.6496315452207444,3.724280741606319,1.335237384729412,3.739413031161778,2.1569640253310687,9.141749062709472,0.0,0,0.44432289670445213,0.0,0,0
ITA,2015,,,28.24373237130293,10.330057804498121,7.854601928784033,2.475455875714088,3.7733719713676437,1.2368908309004703,3.739413031161778,2.1569640253310687,9.141749062709472,0.0,0,0.493414126465777,0.0,0,0
ITA,2016,,,28.26606830383127,10.35429464189032,7.913908812616166,2.4403858292741543,3.9325264747971245,1.2390997131000645,3.739413031161778,2.1569640253310687,9.141749062709472,0.0,0,0.6525686298952578,0.0,0,0
ITA,2017,,,28.309420533151776,10.399527880336423,7.991629467194556,2.4078984131418677,4.037206506284576,1.2950596863758537,3.739413031161778,2.1569640253310687,9.141749062709472,0.0,0,0.7572486613827096,0.0,0,0
ITA,2018,,,28.372689503758295,10.464882796805183,8.07785378233981,2.387029014465373,3.805290313114052,1.255643960581801,3.739413031161778,2.1569640253310687,9.141749062709472,0.0,0,0.5253324682121852,0.0,0,0
ITA,2019,,,28.33392395323722,10.428594374550325,8.143488417802308,2.2851059567480174,3.5600390168621088,1.2358116451207526,3.739413031161778,2.1569640253310687,9.141749062709472,0.0,0,0.28008117196024207,0.0,0,0
ITA,2020,,,28.276804688695083,10.376346060925364,8.170196839808145,2.2061492211172187,3.475868101222224,1.2459979557613432,3.739413031161778,2.1569640253310687,9.141749062709472,0.0,1,0.1959102563203574,0.1959102563203574,0,0
ITA,2021,,,28.409982520074063,10.514679892292794,8.21722085115122,2.2974590411415736,3.684959293920189,1.4329105518947844,3.739413031161778,2.1569640253310687,9.141749062709472,0.0,1,0.40500144901832247,0.40500144901832247,0,0
ITA,2022,,,28.374893553975372,10.481613934862926,8.330308705589859,2.151305229273067,3.451859747212851,1.4461708115067473,3.739413031161778,2.1569640253310687,9.141749062709472,0.0,1,0.17190190231098423,0.17190190231098423,0,0
ITA,2023,,,28.471243560073887,10.57846311941893,8.371664569863713,2.2067985495552165,3.4760664448292657,1.573368236045232,3.739413031161778,2.1569640253310687,9.141749062709472,0.0,1,0.19610859992739904,0.19610859992739904,0,0
ITA,2024,,,28.499564076385532,10.607318023109016,8.458856187822017,2.1484618352869997,3.4508164929143543,1.446379994614433,3.739413031161778,2.1569640253310687,9.141749062709472,0.0,1,0.17085864801248762,0.17085864801248762,0,0
JAM,2006,,,23.202337084669086,8.393216299428413,6.694260831370928,1.698955468057485,3.7348589588464467,0.9326528639829887,,,9.70601296629334,0.0,0,0.45490111394458,0.0,0,0
JAM,2007,,,23.272679761070094,8.458819336376108,6.830485755686894,1.6283335806892136,3.6655580932759135,0.8661720918442403,,,9.70601296629334,0.0,0,0.38560024837404683,0.0,0,0
JAM,2008,,,23.34134767676203,8.52313569030631,7.059473251657147,1.4636624386491626,3.4764513911422195,0.8359418603492345,,,9.70601296629334,0.0,0,0.19649354624035276,0.0,0,0
JAM,2009,,,23.218160615126692,8.395789453923227,7.1116505738887605,1.2841388800344662,3.6692634599452485,0.8709728619249026,,,9.70601296629334,0.0,0,0.3893056150433818,0.0,0,0
JAM,2010,,,23.305038267195407,8.478447660450911,7.428429341939105,1.050018318511806,3.7660247583467155,0.8789284464232958,,,9.70601296629334,0.0,0,0.48606691344484876,0.0,0,0
JAM,2011,,,23.39359073840913,8.56267053122455,7.576058919459159,0.9866116117653903,3.5721111972236437,0.7289996194067031,,,9.70601296629334,0.0,0,0.29215335232177697,0.0,0,0
JAM,2012,,,23.418371724437613,8.583136974520835,7.689424962620857,0.8937120118999786,3.741466408319847,0.7447085052010487,,,9.70601296629334,0.0,0,0.4615085634179801,0.0,0,0
JAM,2013,,,23.381019099948173,8.541732233993166,7.766212370634288,0.7755198633588778,3.560509262307255,0.7595137999152488,,,9.70601296629334,0.0,0,0.28055141740538847,0.0,0,0
JAM,2014,,,23.355098393479157,8.512203414077042,7.8424298457105515,0.6697735683664909,3.6126612904633926,0.7173454479008327,,,9.70601296629334,0.0,0,0.33270344556152587,0.0,0,0
JAM,2015,,,23.428885748324852,8.582851182445014,7.854601928784033,0.7282492536609801,3.6542304258024045,0.6594487365191748,,,9.70601296629334,0.0,0,0.37427258090053783,0.0,0,0
JAM,2016,,,23.424559917048686,8.575895125306594,7.913908812616166,0.6619863126904288,4.103608568736028,0.6838438217263647,,,9.70601296629334,0.0,0,0.8236507238341617,0.0,0,0
JAM,2017,,,23.4822362011541,8.631492015224206,7.991629467194556,0.63986254802965,4.137655863717,0.7584720488210769,,,9.70601296629334,0.0,0,0.8576980188151331,0.0,0,0
JAM,2018,,,23.547939764111742,8.695657924625893,8.07785378233981,0.6178041422860829,3.9772285394138818,0.6645037536495805,,,9.70601296629334,0.0,0,0.6972706945120151,0.0,0,0
JAM,2019,,,23.5580232390683,8.704616539273973,8.143488417802308,0.5611281214716648,4.1013420592558365,0.6291645845340329,,,9.70601296629334,0.0,0,0.8213842143539698,0.0,0,0
JAM,2020,,,23.431330319029573,8.575281952756798,8.170196839808145,0.4050851129486528,3.7217693866985626,0.6536516944413177,,,9.70601296629334,0.0,0,0.4418115417966959,0.0,0,0
JAM,2021,,,23.493594843973927,8.635096764289916,8.21722085115122,0.41787591313869576,3.7580061539305047,0.6398507590016098,,,9.70601296629334,0.0,0,0.47804830902863804,0.0,0,0
JAM,2022,,,23.65784142744148,8.798828271187451,8.330308705589859,0.46851956559759245,3.5443312747365403,0.6319274691257567,,,9.70601296629334,0.0,0,0.2643734298346736,0.0,0,0
JAM,2023,,,23.787534776806602,8.928295521621003,8.371664569863713,0.55663095175729,3.4727627895189355,0.6198470007150965,,,9.70601296629334,0.0,0,0.19280494461706876,0.0,0,0
JAM,2024,,,23.81496394127317,8.955939866294782,8.458856187822017,0.4970836784727659,3.4195398593873936,0.5925554253781395,,,9.70601296629334,0.0,0,0.13958201448552687,0.0,0,0
JEY,2006,,,,,6.694260831370928,,,,,,,,0,,,1,0
JEY,2007,,,,,6.830485755686894,,,,,,,,0,,,1,0
JEY,2008,,,,,7.059473251657147,,,,,,,,0,,,1,0
JEY,2009,,,,,7.1116505738887605,,,,,,,,0,,,1,0
JEY,2010,,,,,7.428429341939105,,,,,,,,0,,,1,0
JEY,2011,,,,,7.576058919459159,,3.4555968926678835,3.6605107594309367,,,,,0,0.1756390477660168,0.0,1,0
JEY,2012,,,,,7.689424962620857,,3.4706996858653327,3.776937860745049,,,,,0,0.19074184096346603,0.0,1,0
JEY,2013,,,,,7.766212370634288,,3.445812038477615,3.677905355808391,,,,,0,0.16585419357574827,0.0,1,0
JEY,2014,,,,,7.8424298457105515,,3.381528511261318,3.469939832976628,,,,,0,0.10157066635945133,0.0,1,0
JEY,2015,,,,,7.854601928784033,,3.166305023275308,3.174146049343715,,,,,0,-0.11365282162655888,-0.0,1,0
JEY,2016,,,,,7.913908812616166,,3.2010840909327696,2.9191030205337083,,,,,0,-0.07887375396909713,-0.0,1,0
JEY,2017,,,,,7.991629467194556,,3.367887230209094,3.0880128900900945,,,,,0,0.08792938530722738,0.0,1,0
JEY,2018,,,,,8.07785378233981,,3.1748300647146257,3.115038070472624,,,,,0,-0.105127780187241,-0.0,1,0
JEY,2019,,,,,8.143488417802308,,3.0170056649362125,2.9924652354954784,,,,,0,-0.26295217996565423,-0.0,1,0
JEY,2020,,,,,8.170196839808145,,3.294576216065226,2.964360723346925,,,,,0,0.014618371163359178,0.0,1,0
JEY,2021,,,,,8.21722085115122,,3.1782661368701106,2.9212331747335036,,,,,0,-0.10169170803175609,-0.0,1,0
JEY,2022,,,,,8.330308705589859,,3.1134855208952352,3.0443130514683645,,,,,0,-0.16647232400663148,-0.0,1,0
JEY,2023,,,,,8.371664569863713,,2.994018308528178,3.0855023604445653,,,,,0,-0.2859395363736885,-0.0,1,0
JEY,2024,,,,,8.458856187822017,,2.9840770588379066,3.0192508036568118,,,,,0,-0.29588078606396007,-0.0,1,0
JOR,2006,,,23.435107618535092,7.759031470625988,6.694260831370928,1.0647706392550598,3.16544095995524,0.5006681303591046,,,8.9099397607166,0.0,0,-0.1145168849466267,-0.0,0,0
JOR,2007,,,23.56295447890992,7.826525332732709,6.830485755686894,0.9960395770458152,2.1281133299606467,0.3527776763249612,,,8.9099397607166,0.0,0,-1.15184451494122,-0.0,0,0
JOR,2008,,,23.967872596844153,8.207900653061117,7.059473251657147,1.1484274014039695,2.2906800642409433,0.37328959096308467,,,8.9099397607166,0.0,0,-0.9892777806609234,-0.0,0,0
JOR,2009,,,24.03608713618405,8.254618313795666,7.1116505738887605,1.1429677399069051,2.206471830759144,0.3369614667080824,,,8.9099397607166,0.0,0,-1.0734860141427225,-0.0,0,0
JOR,2010,,,24.13119959555825,8.328219839995185,7.428429341939105,0.8997904980560802,2.0060049610164925,0.30533930700337447,,,8.9099397607166,0.0,0,-1.2739528838853742,-0.0,0,0
JOR,2011,,,24.208813299272517,8.381013266436383,7.576058919459159,0.8049543469772242,2.6063211686595547,0.3640455010952755,,,8.9099397607166,0.0,0,-0.673636676242312,-0.0,0,0
JOR,2012,,,24.274434258391935,8.432470705052735,7.689424962620857,0.7430457424318782,2.451148338891772,0.42266425887057385,,,8.9099397607166,0.0,0,-0.8288095060100948,-0.0,0,0
JOR,2013,,,24.35751387760412,8.463586177478074,7.766212370634288,0.6973738068437862,2.6175992649452313,0.39352121796459616,,,8.9099397607166,0.0,0,-0.6623585799566354,-0.0,0,0
JOR,2014,,,24.425434067640413,8.436114277650214,7.8424298457105515,0.5936844319396624,2.016861821101923,0.26391248005080964,,,8.9099397607166,0.0,0,-1.2630960237999438,-0.0,0,0
JOR,2015,,,24.470273842537022,8.398774219626274,7.854601928784033,0.5441722908422406,2.4288730658923496,0.2743350539107574,,,8.9099397607166,0.0,0,-0.8510847790095171,-0.0,0,0
JOR,2016,,,24.500350717506475,8.381618569155604,7.913908812616166,0.46770975653943836,2.1503201510284,0.2463758185015352,,,8.9099397607166,0.0,0,-1.129637693873467,-0.0,0,0
JOR,2017,,,24.541760590050362,8.400512438695115,7.991629467194556,0.4088829715005593,2.264816841092856,0.2612692939792071,,,8.9099397607166,0.0,0,-1.0151410038090107,-0.0,0,0
JOR,2018,,,24.582644117796143,8.419354666601569,8.07785378233981,0.34150088426175884,1.7985381552380608,0.14570877546930802,,,8.9099397607166,0.0,0,-1.4814196896638059,-0.0,0,0
JOR,2019,,,24.607717703758233,8.42459387031603,8.143488417802308,0.28110545251372265,2.0220419939164835,0.15076027998689212,,,8.9099397607166,0.0,0,-1.2579158509853832,-0.0,0,0
JOR,2020,,,24.59304439885982,8.39196624259371,8.170196839808145,0.221769402785565,2.042981207785839,0.16583911413854321,,,8.9099397607166,0.0,0,-1.2369766371160278,-0.0,0,0
JOR,2021,,,24.64924975347292,8.429829680937502,8.21722085115122,0.21260882978628182,2.0164536106633233,0.16672639347330187,,,8.9099397607166,0.0,0,-1.2635042342385434,-0.0,0,0
JOR,2022,,,24.70326389201899,8.466828649199318,8.330308705589859,0.13651994360945885,1.831826662182082,0.1565676141225728,,,8.9099397607166,0.0,0,-1.4481311827197847,-0.0,0,0
JOR,2023,,,24.75081995970155,8.498262211858313,8.371664569863713,0.1265976419946,1.5300028105910888,0.22164525908466517,,,8.9099397607166,0.0,0,-1.749955034310778,-0.0,0,0
JOR,2024,,,24.794314145839028,8.531869177574379,8.458856187822017,0.07301298975236215,1.6726900139599594,0.21677537083939302,,,8.9099397607166,0.0,0,-1.6072678309419073,-0.0,0,0
JPN,2006,,,29.167470814121373,10.501071268245258,6.694260831370928,3.80681043687433,2.7038733064520093,3.1062880611933963,4.464422714024394,3.142856883592962,8.269429537382752,0.0,0,-0.5760845384498574,-0.0,0,1
JPN,2007,,,29.162426171843045,10.494877537489668,6.830485755686894,3.664391781802774,2.9245192045894903,2.91571172773055,4.464422714024394,3.142856883592962,8.269429537382752,0.0,0,-0.3554386403123764,-0.0,0,1
JPN,2008,,,29.271995907071098,10.603963018771747,7.059473251657147,3.5444897671146,2.7110377135928903,2.93043251190807,4.464422714024394,3.142856883592962,8.269429537382752,0.0,1,-0.5689201313089765,-0.5689201313089765,0,1
JPN,2009,,,29.305640910796942,10.637732968809885,7.1116505738887605,3.526082394921125,2.732337325099797,3.17206733479182,4.464422714024394,3.142856883592962,8.269429537382752,0.0,1,-0.5476205198020696,-0.5476205198020696,0,1
JPN,2010,,,29.390873269436636,10.722785722034383,7.428429341939105,3.2943563800952775,2.9704157378368277,3.52397258851164,4.464422714024394,3.142856883592962,8.269429537382752,0.0,1,-0.30954210706503904,-0.30954210706503904,0,1
JPN,2011,,,29.46829914157882,10.802063859040675,7.576058919459159,3.2260049395815162,3.2512589038774724,3.5488401406505403,4.464422714024394,3.142856883592962,8.269429537382752,0.0,1,-0.028698941024394298,-0.028698941024394298,0,1
JPN,2012,,,29.47692210821187,10.812283932432166,7.689424962620857,3.1228589698113094,3.389760845773431,3.637195642296087,4.464422714024394,3.142856883592962,8.269429537382752,0.0,1,0.10980300087156447,0.10980300087156447,0,1
JPN,2013,,,29.293487253991685,10.630291797045853,7.766212370634288,2.864079426411565,3.0164273458676036,3.590029175124167,4.464422714024394,3.142856883592962,8.269429537382752,0.0,1,-0.26353049903426307,-0.26353049903426307,0,1
JPN,2014,,,29.23760762488505,10.57573911016069,7.8424298457105515,2.7333092644501384,2.7424075216855583,3.5829391090362552,4.464422714024394,3.142856883592962,8.269429537382752,0.0,1,-0.5375503232163084,-0.5375503232163084,0,1
JPN,2015,,,29.142722394807894,10.481915130021003,7.854601928784033,2.6273132012369693,2.680411917834005,3.227499067760523,4.464422714024394,3.142856883592962,8.269429537382752,0.0,1,-0.5995459270678616,-0.5995459270678616,0,1
JPN,2016,,,29.26229045571318,10.601994565078419,7.913908812616166,2.6880857524622535,3.015577512352608,3.2406110466582967,4.464422714024394,3.142856883592962,8.269429537382752,0.0,1,-0.26438033254925886,-0.26438033254925886,0,1
JPN,2017,,,29.248076269709706,10.588599122035404,7.991629467194556,2.5969696548408487,3.032771842452516,3.3410184831790892,4.464422714024394,3.142856883592962,8.269429537382752,0.0,1,-0.24718600244935063,-0.24718600244935063,0,1
JPN,2018,,,29.270851215597684,10.612642868604274,8.07785378233981,2.534789086264464,2.770513612283154,3.2760575604287454,4.464422714024394,3.142856883592962,8.269429537382752,0.0,1,-0.5094442326187125,-0.5094442326187125,0,1
JPN,2019,,,29.28844029412463,10.631636596909999,8.143488417802308,2.488148179107691,2.667704455590159,3.1218718941912162,4.464422714024394,3.142856883592962,8.269429537382752,0.0,1,-0.6122533893117077,-0.6122533893117077,0,1
JPN,2020,,,29.277600185284136,10.62373843424701,8.170196839808145,2.453541594438864,2.7559002974688576,3.208959087580908,4.464422714024394,3.142856883592962,8.269429537382752,0.0,1,-0.5240575474330091,-0.5240575474330091,0,1
JPN,2021,,,29.284654562079833,10.635392335200779,8.21722085115122,2.4181714840495587,2.5139809392019234,3.175817589054899,4.464422714024394,3.142856883592962,8.269429537382752,0.0,1,-0.7659769056999433,-0.7659769056999433,0,1
JPN,2022,,,29.123470323787608,10.478646616100042,8.330308705589859,2.1483379105101825,3.006408631873841,3.490934394714774,4.464422714024394,3.142856883592962,8.269429537382752,0.0,1,-0.2735492130280255,-0.2735492130280255,0,1
JPN,2023,,,29.109177507440332,10.469227507573258,8.371664569863713,2.0975629377095455,3.2181352210536738,3.489763863077709,4.464422714024394,3.142856883592962,8.269429537382752,0.0,1,-0.061822623848192926,-0.061822623848192926,0,1
JPN,2024,,,29.063723804122873,10.428130321249062,8.458856187822017,1.9692741334270458,3.260304575072298,3.3634123199641324,4.464422714024394,3.142856883592962,8.269429537382752,0.0,1,-0.01965326982956883,-0.01965326982956883,0,1
KAZ,2006,,,25.1177627019624,8.523202091186233,6.694260831370928,1.8289412598153048,2.1709839889340827,0.1809204523994985,,,8.517257989316809,0.0,0,-1.108973855967784,-0.0,0,0
KAZ,2007,,,25.375795784168844,8.771748477478805,6.830485755686894,1.9412627217919116,2.651002733306075,0.23486038937136247,,,8.517257989316809,0.0,0,-0.6289551115957916,-0.0,0,0
KAZ,2008,,,25.616930131985168,9.002522167689243,7.059473251657147,1.9430489160320956,2.8840405255083845,0.22980732958740457,,,8.517257989316809,0.0,0,-0.3959173193934822,-0.0,0,0
KAZ,2009,,,25.470878603459504,8.844770522055502,7.1116505738887605,1.733119948166741,2.761307664029485,0.2262404222465896,,,8.517257989316809,0.0,0,-0.5186501808723816,-0.0,0,0
KAZ,2010,,,25.720797980091746,9.08171986118615,7.428429341939105,1.6532905192470446,2.5921777736011093,0.18029491076797452,,,8.517257989316809,0.0,0,-0.6877800713007574,-0.0,0,0
KAZ,2011,,,25.98401873402084,9.331419878750102,7.576058919459159,1.7553609592909432,2.24735126651645,0.17171343001138606,,,8.517257989316809,0.0,0,-1.0326065783854168,-0.0,0,0
KAZ,2012,,,26.06079703617112,9.394227090997724,7.689424962620857,1.7048021283768673,2.104669174289419,0.13595281716353808,,,8.517257989316809,0.0,0,-1.175288670612448,-0.0,0,0
KAZ,2013,,,26.18978303058247,9.50884810698821,7.766212370634288,1.7426357363539227,2.0272966298045176,0.1341224693543043,,,8.517257989316809,0.0,0,-1.252661215097349,-0.0,0,0
KAZ,2014,,,26.123307376845805,9.427683892197658,7.8424298457105515,1.5852540464871065,2.126011317182328,0.09205659184187054,,,8.517257989316809,0.0,0,-1.1539465277195387,-0.0,0,0
KAZ,2015,,,25.940310264888122,9.22976279225756,7.854601928784033,1.3751608634735266,1.9422061481320767,0.0785440281806034,,,8.517257989316809,0.0,0,-1.33775169676979,-0.0,0,0
KAZ,2016,,,25.645276235462084,8.919395233094958,7.913908812616166,1.0054864204787926,1.8476391551550877,0.08793819102601957,,,8.517257989316809,0.0,1,-1.432318689746779,-1.432318689746779,0,0
KAZ,2017,,,25.840096031468086,9.098635793899772,7.991629467194556,1.1070063267052168,1.996074340460416,0.08095772841347189,,,8.517257989316809,0.0,1,-1.2838835044414507,-1.2838835044414507,0,0
KAZ,2018,,,25.91254915807243,9.156146588209845,8.07785378233981,1.078292805870035,2.1363484706373277,0.05999947324429943,,,8.517257989316809,0.0,1,-1.143609374264539,-1.143609374264539,0,0
KAZ,2019,,,25.925442195347575,9.154523825889365,8.143488417802308,1.0110354080870572,2.0870693924770145,0.05653591956570889,,,8.517257989316809,0.0,1,-1.1928884524248522,-1.1928884524248522,0,0
KAZ,2020,,,25.86541094918672,9.080403423348137,8.170196839808145,0.910206583539992,1.4831744382175196,0.05840755048388574,,,8.517257989316809,0.0,1,-1.796783406684347,-1.796783406684347,0,0
KAZ,2021,,,26.0070392275618,9.208699129451098,8.21722085115122,0.9914782782998781,1.8382241152645196,0.06402495608825105,,,8.517257989316809,0.0,1,-1.4417337296373471,-1.4417337296373471,0,0
KAZ,2022,,,26.141569716047066,9.32859793003239,8.330308705589859,0.9982892244425301,1.5375119190450863,0.12272585456104339,,,8.517257989316809,0.0,1,-1.7424459258567804,-1.7424459258567804,0,0
KAZ,2023,,,26.29099985309986,9.463386551915699,8.371664569863713,1.0917219820519861,1.4172876417507687,0.07723909965078515,,,8.517257989316809,0.0,1,-1.862670203151098,-1.862670203151098,0,0
KAZ,2024,,,26.39823817200421,9.55779723435538,8.458856187822017,1.0989410465333638,1.7045622997724552,0.06979206927459065,,,8.517257989316809,0.0,1,-1.5753955451294115,-1.5753955451294115,0,0
KEN,2006,,,23.9746286885139,6.550797967515461,6.694260831370928,0.14346286385546758,3.2862513555768422,0.5949037908026782,,,8.971885574496193,0.0,0,0.006293510674975522,0.0,0,0
KEN,2007,,,24.187694485106018,6.733641671988711,6.830485755686894,0.09684408369818254,3.4931341119913513,0.7023192470438855,,,8.971885574496193,0.0,0,0.21317626708948456,0.0,0,0
KEN,2008,,,24.303868118531405,6.819518811587653,7.059473251657147,0.23995444006949462,3.515622497201958,0.7735773764071175,,,8.971885574496193,0.0,0,0.23566465230009115,0.0,0,0
KEN,2009,,,24.469168563157396,6.95460817018138,7.1116505738887605,0.15704240370738098,3.557724242666217,0.8335065662426772,,,8.971885574496193,0.0,0,0.2777663977643501,0.0,0,0
KEN,2010,,,24.538901614164388,6.995325336641599,7.428429341939105,0.4331040052975057,3.4280701232578212,0.6307552805260205,,,8.971885574496193,0.0,0,0.14811227835595453,0.0,0,0
KEN,2011,,,24.570632408165192,6.999554756272699,7.576058919459159,0.5765041631864598,3.609924386046216,0.649633561281108,,,8.971885574496193,0.0,0,0.3299665411443491,0.0,0,0
KEN,2012,,,24.755676565934547,7.158518169861565,7.689424962620857,0.5309067927592919,3.59944352320387,0.6268973608421674,,,8.971885574496193,0.0,0,0.31948567830200325,0.0,0,0
KEN,2013,,,24.845086782379475,7.223207311067554,7.766212370634288,0.5430050595667337,3.3569889951116583,0.49797005891086377,,,8.971885574496193,0.0,0,0.07703115020979157,0.0,0,0
KEN,2014,,,24.946967624565985,7.301698034030995,7.8424298457105515,0.5407318116795565,3.3773818890071547,0.5194787343200306,,,8.971885574496193,0.0,0,0.09742404410528804,0.0,0,0
KEN,2015,,,24.973480270293965,7.305940350326721,7.854601928784033,0.5486615784573123,3.3961729432495567,0.5471552642843457,,,8.971885574496193,0.0,0,0.11621509834768995,0.0,0,0
KEN,2016,,,25.038286163518293,7.348668675089776,7.913908812616166,0.5652401375263896,3.5556416019173596,0.5603299258248536,,,8.971885574496193,0.0,0,0.27568375701549286,0.0,0,0
KEN,2017,,,25.13043023971498,7.419071465787412,7.991629467194556,0.5725580014071436,3.3391113574985063,0.5088706102028584,,,8.971885574496193,0.0,0,0.05915351259663959,0.0,0,0
KEN,2018,,,25.24725828786828,7.515591139521756,8.07785378233981,0.5622626428180544,2.7301872341653914,0.3582940273666297,,,8.971885574496193,0.0,0,-0.5497706107364753,-0.0,0,0
KEN,2019,,,25.332213242324723,7.580907938995525,8.143488417802308,0.5625804788067832,2.8025331775009064,0.39247062755156065,,,8.971885574496193,0.0,0,-0.47742466740096035,-0.0,0,0
KEN,2020,,,25.334989559034163,7.564064492338477,8.170196839808145,0.6061323474696687,2.952771099272057,0.4332641434648148,,,8.971885574496193,0.0,0,-0.32718674562980965,-0.0,0,0
KEN,2021,,,25.421048557408785,7.631119404818203,8.21722085115122,0.586101446333017,3.011469475600153,0.4119562029097013,,,8.971885574496193,0.0,0,-0.2684883693017137,-0.0,0,0
KEN,2022,,,25.463394954975175,7.654236041563953,8.330308705589859,0.6760726640259058,3.2948617084858616,0.41165004373661107,,,8.971885574496193,0.0,0,0.01490386358399487,0.0,0,0
KEN,2023,,,25.400764914108294,7.571776397849223,8.371664569863713,0.7998881720144899,3.2705772846739527,0.39225505805647715,,,8.971885574496193,0.0,0,-0.009380560227914003,-0.0,0,0
KEN,2024,,,25.514064919859756,7.665501260444164,8.458856187822017,0.7933549273778526,3.2962523868342326,0.45955809796452574,,,8.971885574496193,0.0,0,0.016294541932365902,0.0,0,0
KGZ,2006,,,21.765014570447782,6.297318344996839,6.694260831370928,0.3969424863740896,3.304517220961607,0.7619865109516049,,,8.394774000380476,0.0,0,0.024559376059740234,0.0,0,0
KGZ,2007,,,22.05894313618228,6.581708714243529,6.830485755686894,0.24877704144336477,3.082692882121611,0.5092099604522857,,,8.394774000380476,0.0,0,-0.19726496278025563,-0.0,0,0
KGZ,2008,,,22.36031092205845,6.873565999058544,7.059473251657147,0.18590725259860363,2.8308589012019327,0.417828834430426,,,8.394774000380476,0.0,0,-0.449098943699934,-0.0,0,0
KGZ,2009,,,22.268711506867472,6.768721799942078,7.1116505738887605,0.3429287739466824,2.868800676434972,0.49860951451305396,,,8.394774000380476,0.0,0,-0.4111571684668949,-0.0,0,0
KGZ,2010,,,22.290706452590864,6.776455082747084,7.428429341939105,0.6519742591920208,3.009198970480684,0.4729692823568222,,,8.394774000380476,0.0,0,-0.27075887442118285,-0.0,0,0
KGZ,2011,,,22.54745473894939,7.018761397344083,7.576058919459159,0.5572975221150758,3.3169821782232956,0.5243628341560956,,,8.394774000380476,0.0,0,0.03702433332142885,0.0,0,0
KGZ,2012,,,22.61111440744404,7.063580938180307,7.689424962620857,0.6258440244405499,3.432899838202794,0.4650362062230633,,,8.394774000380476,0.0,0,0.1529419933009275,0.0,0,0
KGZ,2013,,,22.71592785665488,7.146506817194809,7.766212370634288,0.6197055534394789,3.58520004462119,0.4878947701294957,,,8.394774000380476,0.0,0,0.3052421997193231,0.0,0,0
KGZ,2014,,,22.733906776067258,7.142453171651559,7.8424298457105515,0.6999766740589921,3.6330592070323955,0.5362093041350154,,,8.394774000380476,0.0,0,0.3531013621305288,0.0,0,0
KGZ,2015,,,22.622110959675407,7.008190429517273,7.854601928784033,0.8464114992667602,3.4997548034912977,0.6008197535315148,,,8.394774000380476,0.0,0,0.21979695858943105,0.0,0,0
KGZ,2016,,,22.642112388217036,7.006038212394624,7.913908812616166,0.9078706002215418,3.8071996543391267,0.56170056791907,,,8.394774000380476,0.0,1,0.52724180943726,0.52724180943726,0,0
KGZ,2017,,,22.764867700729273,7.1077452166574036,7.991629467194556,0.883884250537152,3.523134791909757,0.4485206970387943,,,8.394774000380476,0.0,1,0.2431769470078904,0.2431769470078904,0,0
KGZ,2018,,,22.83603410189911,7.157361819229083,8.07785378233981,0.9204919631107273,3.3701006806786347,0.3630998781193289,,,8.394774000380476,0.0,1,0.09014283577676796,0.09014283577676796,0,0
KGZ,2019,,,22.96091502472214,7.259819100546615,8.143488417802308,0.8836693172556931,3.2186188037378165,0.3323766499564922,,,8.394774000380476,0.0,1,-0.0613390411640502,-0.0613390411640502,0,0
KGZ,2020,,,22.835957008734628,7.114377230019122,8.170196839808145,1.0558196097890233,2.9789419498863796,0.4085910630450911,,,8.394774000380476,0.0,1,-0.3010158950154871,-0.3010158950154871,0,0
KGZ,2021,,,22.947795756656646,7.207857876249315,8.21722085115122,1.0093629749019053,3.760200962999947,0.47970586987000935,,,8.394774000380476,0.0,1,0.4802431180980804,0.4802431180980804,0,0
KGZ,2022,,,23.219353991555586,7.461479565162656,8.330308705589859,0.868829140427203,3.577154741954678,0.5004881030873477,,,8.394774000380476,0.0,1,0.29719689705281116,0.29719689705281116,0,0
KGZ,2023,,,23.443300099435493,7.667729969311487,8.371664569863713,0.703934600552226,3.253630060136663,0.44034693615953097,,,8.394774000380476,0.0,1,-0.0263277847652037,-0.0263277847652037,0,0
KGZ,2024,,,23.622577002283343,7.829952799116301,8.458856187822017,0.6289033887057158,3.1543132673826264,0.38293027318275646,,,8.394774000380476,0.0,1,-0.1256445775192403,-0.1256445775192403,0,0
KHM,2006,,,22.845590968596397,6.417145021753059,6.694260831370928,0.27711580961786986,3.1055182158831185,0.4364880704273147,,,6.280167348438748,1.0,1,-0.1744396290187482,-0.1744396290187482,0,0
KHM,2007,,,23.03856145388395,6.59536006373399,6.830485755686894,0.2351256919529039,2.671969205791552,0.35611867792003055,,,6.280167348438748,1.0,1,-0.6079886391103146,-0.6079886391103146,0,0
KHM,2008,,,23.2225933378811,6.764212799130411,7.059473251657147,0.29526045252673594,2.7104355507795574,0.3262257073864204,,,6.280167348438748,1.0,1,-0.5695222941223093,-0.5695222941223093,0,0
KHM,2009,,,23.249226547904133,6.775079447339284,7.1116505738887605,0.33657112654947685,2.69234724097671,0.3765187786221827,,,6.280167348438748,1.0,1,-0.5876106039251567,-0.5876106039251567,0,0
KHM,2010,,,23.34856273082218,6.858853455719269,7.428429341939105,0.5695758862198357,2.7351391268055063,0.27869846268211584,,,6.280167348438748,1.0,1,-0.5448187180963604,-0.5448187180963604,0,0
KHM,2011,,,23.49789135998758,6.992998160650268,7.576058919459159,0.583060758808891,2.7195082788810176,0.2924625340793224,,,6.280167348438748,1.0,1,-0.560449566020849,-0.560449566020849,0,0
KHM,2012,,,23.603954009898423,7.084060968693511,7.689424962620857,0.6053639939273454,2.3826522510423853,0.20244398267819674,,,6.280167348438748,1.0,1,-0.8973055938594814,-0.8973055938594814,0,0
KHM,2013,,,23.709308076036866,7.174464013533902,7.766212370634288,0.5917483571003856,2.4221445593406803,0.22201353301447604,,,6.280167348438748,1.0,1,-0.8578132855611864,-0.8578132855611864,0,0
KHM,2014,,,23.816191242251193,7.266522807228274,7.8424298457105515,0.5759070384822778,2.619009779268011,0.2972981247538283,,,6.280167348438748,1.0,1,-0.6609480656338556,-0.6609480656338556,0,0
KHM,2015,,,23.908550559975033,7.344279748653593,7.854601928784033,0.5103221801304407,2.6084461104267973,0.338466405193139,,,6.280167348438748,1.0,1,-0.6715117344750694,-0.6715117344750694,0,0
KHM,2016,,,24.00254207603656,7.42368518795844,7.913908812616166,0.49022362465772584,2.9931151116981205,0.3735507572648556,,,6.280167348438748,1.0,1,-0.2868427332037462,-0.2868427332037462,0,0
KHM,2017,,,24.10275141091964,7.510076863232533,7.991629467194556,0.4815526039620224,2.637031735385276,0.3259024554428429,,,6.280167348438748,1.0,1,-0.6429261095165906,-0.6429261095165906,0,0
KHM,2018,,,24.224184629426272,7.619073253998369,8.07785378233981,0.4587805283414408,2.984970547793833,0.37725322424221314,,,6.280167348438748,1.0,1,-0.2949872971080336,-0.2949872971080336,0,0
KHM,2019,,,24.32564350441806,7.707906298889181,8.143488417802308,0.4355821189131266,2.1525341191397627,0.3536035327633913,,,6.280167348438748,1.0,1,-1.127423725762104,-1.127423725762104,0,0
KHM,2020,,,24.27340245388873,7.64095894950458,8.170196839808145,0.5292378903035653,1.8719569887502379,0.34245343481287377,,,6.280167348438748,1.0,1,-1.4080008561516288,-1.4080008561516288,0,0
KHM,2021,,,24.328496355290547,7.681285067282272,8.21722085115122,0.5359357838689478,2.124040446126412,0.3105916835475047,,,6.280167348438748,1.0,1,-1.1559173987754545,-1.1559173987754545,0,0
KHM,2022,,,24.412008605709516,7.75148843639064,8.330308705589859,0.5788202691992188,2.059903473722999,0.2792848937878137,,,6.280167348438748,1.0,1,-1.2200543711788678,-1.2200543711788678,0,0
KHM,2023,,,24.468895284325427,7.795543047246606,8.371664569863713,0.5761215226171066,2.1230216163078874,0.24051049232348087,,,6.280167348438748,1.0,1,-1.1569362285939793,-1.1569362285939793,0,0
KHM,2024,,,24.559544237084655,7.873932601373376,8.458856187822017,0.5849235864486406,2.3429438039058432,0.28204818806253723,,,6.280167348438748,1.0,1,-0.9370140409960235,-0.9370140409960235,0,0
KIR,2006,,,18.537025886466484,7.023930435944621,6.694260831370928,0.32966960457369243,5.033920291694312,1.2722577902415864,,,8.930516674786608,0.0,0,1.7539624467924457,0.0,0,0
KIR,2007,,,18.743162320714614,7.2097677839050505,6.830485755686894,0.3792820282181566,4.578790522366806,1.197147278797841,,,8.930516674786608,0.0,0,1.2988326774649397,0.0,0,0
KIR,2008,,,18.806064871883418,7.251786353429707,7.059473251657147,0.19231310177255967,4.055383306716474,1.0729402713698069,,,8.930516674786608,0.0,0,0.7754254618146077,0.0,0,0
KIR,2009,,,18.758419208178896,7.1828288512184795,7.1116505738887605,0.07117827732971893,4.096359493646324,1.0875536835500037,,,8.930516674786608,0.0,0,0.8164016487444576,0.0,0,0
KIR,2010,,,18.924230561886024,7.327846690925714,7.428429341939105,0.10058265101339092,4.2416003719503905,1.2071623314830975,,,8.930516674786608,0.0,0,0.9616425270485238,0.0,0,0
KIR,2011,,,19.093472859519476,7.479372626924776,7.576058919459159,0.09668629253438343,4.712549460460579,1.376447962216324,,,8.930516674786608,0.0,0,1.4325916155587124,0.0,0,0
KIR,2012,,,19.148236819158807,7.519450164094895,7.689424962620857,0.16997479852596165,4.698377355057627,1.400576621690429,,,8.930516674786608,0.0,0,1.41841951015576,0.0,0,0
KIR,2013,,,19.12244499448219,7.479913330390007,7.766212370634288,0.2862990402442813,4.652745352287353,1.3616952250223102,,,8.930516674786608,0.0,0,1.3727875073854867,0.0,0,0
KIR,2014,,,19.115263303766145,7.459745124230957,7.8424298457105515,0.38268472147959454,4.102477670293318,1.2280586420089648,,,8.930516674786608,0.0,0,0.8225198253914514,0.0,0,0
KIR,2015,,,19.07070849440835,7.402361728620289,7.854601928784033,0.452240200163744,4.147439112658047,1.01765375533512,,,8.930516674786608,0.0,0,0.8674812677561801,0.0,0,0
KIR,2016,,,19.145655115621256,7.463172547308213,7.913908812616166,0.4507362653079525,4.141152781766783,0.9520639544042203,,,8.930516674786608,0.0,0,0.8611949368649161,0.0,0,0
KIR,2017,,,19.22281624217037,7.5252801756027194,7.991629467194556,0.46634929159183613,4.243857715710184,1.0872107429531417,,,8.930516674786608,0.0,0,0.9638998708083171,0.0,0,0
KIR,2018,,,19.270229911924677,7.557765300543428,8.07785378233981,0.5200884817963818,4.394504176685875,1.1999936274167613,,,8.930516674786608,0.0,0,1.1145463317840085,0.0,0,0
KIR,2019,,,19.194907975596085,7.46750843081549,8.143488417802308,0.6759799869868175,3.9947848125004515,1.25486492895639,,,8.930516674786608,0.0,0,0.7148269675985848,0.0,0,0
KIR,2020,,,19.213262798561296,7.468440206853847,8.170196839808145,0.7017566329542984,4.965822786709046,1.5427993950370198,,,8.930516674786608,0.0,0,1.685864941807179,0.0,0,0
KIR,2021,,,19.469582990916262,7.706856464449411,8.21722085115122,0.5103643867018093,4.4810065763338605,1.4543080716743397,,,8.930516674786608,0.0,0,1.2010487314319938,0.0,0,0
KIR,2022,,,19.4184201159466,7.639529186313404,8.330308705589859,0.6907795192764548,3.8065542534666634,1.3451425751315202,,,8.930516674786608,0.0,0,0.5265964085647967,0.0,0,0
KIR,2023,,,19.491090170592035,7.696525856717311,8.371664569863713,0.675138713146402,3.885606178992178,1.3525594371601581,,,8.930516674786608,0.0,0,0.6056483340903114,0.0,0,0
KIR,2024,,,19.653687654863358,7.844234356797345,8.458856187822017,0.6146218310246718,3.98344720011767,1.3575625714351498,,,8.930516674786608,0.0,0,0.7034893552158032,0.0,0,0
KNA,2006,,,20.283853199094096,9.535162836399545,6.694260831370928,2.8409020050286165,3.1070925280873065,2.757796186260578,,,9.676923156799823,0.0,0,-0.1728653168145602,-0.0,1,0
KNA,2007,,,20.351165655074766,9.599537740013194,6.830485755686894,2.7690519843262997,3.0930169237775598,2.491012691880388,,,9.676923156799823,0.0,0,-0.18694092112430694,-0.0,1,0
KNA,2008,,,20.471841878857813,9.717455813214578,7.059473251657147,2.6579825615574304,2.7652152339177256,2.4059720556158726,,,9.676923156799823,0.0,0,-0.5147426109841411,-0.0,1,0
KNA,2009,,,20.46743646974598,9.711322422104583,7.1116505738887605,2.5996718482158228,2.821122830797811,2.5970716587211995,,,9.676923156799823,0.0,0,-0.4588350141040558,-0.0,1,0
KNA,2010,,,20.473160201590392,9.718539296437541,7.428429341939105,2.290109954498436,3.2020840718851464,3.2556206040145566,,,9.676923156799823,0.0,0,-0.07787377301672027,-0.0,1,0
KNA,2011,,,20.544249921605612,9.78877551919615,7.576058919459159,2.212716599736991,3.247082205336657,2.9631420234047927,,,9.676923156799823,0.0,0,-0.03287563956520989,-0.0,1,0
KNA,2012,,,20.530391012013574,9.771786250038112,7.689424962620857,2.082361287417255,3.459466121332604,3.0741547492181325,,,9.676923156799823,0.0,0,0.1795082764307372,0.0,1,0
KNA,2013,,,20.589217908823993,9.829848019608805,7.766212370634288,2.0636356489745173,3.1733183922028205,2.9905724599956507,,,9.676923156799823,0.0,0,-0.10663945269904618,-0.0,1,0
KNA,2014,,,20.674192299297175,9.914397592216254,7.8424298457105515,2.0719677465057025,3.9975551978878343,1.1978736743932246,,,9.676923156799823,0.0,0,0.7175973529859676,0.0,1,0
KNA,2015,,,20.679546129590083,9.9197938961755,7.854601928784033,2.065191967391467,2.5862634144670316,1.263020845218841,,,9.676923156799823,0.0,0,-0.6936944304348351,-0.0,1,0
KNA,2016,,,20.730061214499383,9.970563860974028,7.913908812616166,2.0566550483578627,2.7188220359442266,1.2198457395004942,,,9.676923156799823,0.0,0,-0.5611358089576401,-0.0,1,0
KNA,2017,,,20.778679519751424,10.019713374737897,7.991629467194556,2.0280839075433414,2.8626074135288175,1.3308294996865684,,,9.676923156799823,0.0,0,-0.41735043137304917,-0.0,1,0
KNA,2018,,,20.79702560033435,10.038952521360745,8.07785378233981,1.961098739020935,2.2806118326795213,1.1309942170884735,,,9.676923156799823,0.0,0,-0.9993460122223454,-0.0,1,0
KNA,2019,,,20.825692051751187,10.068810969513015,8.143488417802308,1.9253225517107069,2.3036806604870788,0.9741578733640601,,,9.676923156799823,0.0,0,-0.976277184414788,-0.0,1,0
KNA,2020,,,20.599879632819594,9.844746541902841,8.170196839808145,1.674549702094696,2.37954427118433,1.0735025351173857,,,9.676923156799823,0.0,0,-0.9004135737175365,-0.0,1,0
KNA,2021,,,20.570839595346452,9.817992024418963,8.21722085115122,1.6007711732677432,2.6117874537899124,0.9890804202899468,,,9.676923156799823,0.0,0,-0.6681703911119543,-0.0,1,0
KNA,2022,,,20.704520872350017,9.95282872777496,8.330308705589859,1.6225200221851015,2.515135777002019,1.0586242228334843,,,9.676923156799823,0.0,0,-0.7648220678998476,-0.0,1,0
KNA,2023,,,20.777424282125832,10.024683639054219,8.371664569863713,1.6530190691905062,2.433087575066611,1.0840147333403602,,,9.676923156799823,0.0,0,-0.8468702698352555,-0.0,1,0
KNA,2024,,,20.838725187281653,10.084168323798599,8.458856187822017,1.625312135976582,2.434340350900707,1.0733845856504263,,,9.676923156799823,0.0,0,-0.8456174940011598,-0.0,1,0
KOR,2006,,,27.721935775488774,10.026134559576867,6.694260831370928,3.331873728205939,3.083584626792558,1.903309337618874,3.3459758359244867,1.6026649151770431,8.088799419045689,0.0,0,-0.19637321810930874,-0.0,0,1
KOR,2007,,,27.83061915824373,10.129765602002617,6.830485755686894,3.2992798463157236,3.272554786209721,2.1521643087441684,3.3459758359244867,1.6026649151770431,8.088799419045689,0.0,0,-0.0074030586921458585,-0.0,0,1
KOR,2008,,,27.718647938323276,10.010201215263656,7.059473251657147,2.950727963606509,2.9993280774537183,1.7921605887654943,3.3459758359244867,1.6026649151770431,8.088799419045689,0.0,0,-0.2806297674481484,-0.0,0,1
KOR,2009,,,27.613941325610732,9.900347774275753,7.1116505738887605,2.7886972003869923,3.2260922813271105,1.959174152620263,3.3459758359244867,1.6026649151770431,8.088799419045689,0.0,0,-0.05386556357475625,-0.0,0,1
KOR,2010,,,27.80734976417966,10.088773962000674,7.428429341939105,2.6603446200615695,3.531209926342965,2.2424185100366523,3.3459758359244867,1.6026649151770431,8.088799419045689,0.0,1,0.25125208144109834,0.25125208144109834,0,1
KOR,2011,,,27.898834718989217,10.172569199224405,7.576058919459159,2.596510279765246,3.352586923790684,2.181083374734529,3.3459758359244867,1.6026649151770431,8.088799419045689,0.0,1,0.07262907888881731,0.07262907888881731,0,1
KOR,2012,,,27.920209742785374,10.188687086414559,7.689424962620857,2.4992621237937023,3.4017654211767097,2.3273959089190375,3.3459758359244867,1.6026649151770431,8.088799419045689,0.0,1,0.12180757627484295,0.12180757627484295,0,1
KOR,2013,,,27.991955755021404,10.25588091242894,7.766212370634288,2.4896685417946527,3.1081701920741684,2.1934949054003394,3.3459758359244867,1.6026649151770431,8.088799419045689,0.0,1,-0.17178765282769826,-0.17178765282769826,0,1
KOR,2014,,,28.073301753476574,10.330945412269772,7.8424298457105515,2.4885155665592205,2.866101404560499,1.931382880236663,3.3459758359244867,1.6026649151770431,8.088799419045689,0.0,1,-0.4138564403413678,-0.4138564403413678,0,1
KOR,2015,,,28.062291908727914,10.31466268254703,7.854601928784033,2.4600607537629973,2.778307613112244,1.6116959255687917,3.3459758359244867,1.6026649151770431,8.088799419045689,0.0,1,-0.5016502317896228,-0.5016502317896228,0,1
KOR,2016,,,28.087908172146797,10.336310427732107,7.913908812616166,2.422401615115941,2.8981106583451117,1.4923101475056078,3.3459758359244867,1.6026649151770431,8.088799419045689,0.0,1,-0.381847186556755,-0.381847186556755,0,1
KOR,2017,,,28.16762954222931,10.413222117631602,7.991629467194556,2.421592650437046,3.0633280768351496,1.761650637117296,3.3459758359244867,1.6026649151770431,8.088799419045689,0.0,1,-0.21662976806671708,-0.21662976806671708,0,1
KOR,2018,,,28.232190856799896,10.473448241926059,8.07785378233981,2.395594459586249,2.9348704224163558,2.009870549348585,3.3459758359244867,1.6026649151770431,8.088799419045689,0.0,1,-0.34508742248551094,-0.34508742248551094,0,1
KOR,2019,,,28.19123429799121,10.429012933431592,8.143488417802308,2.285524515629284,3.096679028418509,1.9501889205769711,3.3459758359244867,1.6026649151770431,8.088799419045689,0.0,1,-0.18327881648335786,-0.18327881648335786,0,1
KOR,2020,,,28.1872427366891,10.423642679467017,8.170196839808145,2.2534458396588715,3.044307995664519,2.0872316198927128,3.3459758359244867,1.6026649151770431,8.088799419045689,0.0,1,-0.23564984923734755,-0.23564984923734755,0,1
KOR,2021,,,28.29490093567121,10.53258845160388,8.21722085115122,2.31536760045266,2.9976341302289167,2.197066221804175,3.3459758359244867,1.6026649151770431,8.088799419045689,0.0,1,-0.28232371467295003,-0.28232371467295003,0,1
KOR,2022,,,28.218453894257156,10.458016275856812,8.330308705589859,2.127707570266953,2.9955255253629236,2.1896088448599236,3.3459758359244867,1.6026649151770431,8.088799419045689,0.0,1,-0.2844323195389431,-0.2844323195389431,0,1
KOR,2023,,,28.243392492961263,10.482180102027675,8.371664569863713,2.110515532163962,2.9079397683599857,2.2235134765900173,3.3459758359244867,1.6026649151770431,8.088799419045689,0.0,1,-0.372018076541881,-0.372018076541881,0,1
KOR,2024,,,28.25983679893702,10.497881229328884,8.458856187822017,2.039025041506868,2.573014022013117,1.9641634829057109,3.3459758359244867,1.6026649151770431,8.088799419045689,0.0,1,-0.7069438228887499,-0.7069438228887499,0,1
KWT,2006,,,25.343889310682695,10.667713633553724,6.694260831370928,3.9734528021827957,2.3028373271858418,0.4413134018255523,,,8.740482172155076,0.0,0,-0.9771205177160249,-0.0,0,0
KWT,2007,,,25.465010659605674,10.730059535707143,6.830485755686894,3.8995737800202495,1.9184231521741688,0.4412699436960665,,,8.740482172155076,0.0,0,-1.361534692727698,-0.0,0,0
KWT,2008,,,25.716278339339944,10.925672058680455,7.059473251657147,3.8661988070233075,2.2885367383655884,0.46378366100711604,,,8.740482172155076,0.0,0,-0.9914211065362784,-0.0,0,0
KWT,2009,,,25.38640952804843,10.542893712100147,7.1116505738887605,3.4312431382113866,1.9680428969287036,0.466950666875747,,,8.740482172155076,0.0,0,-1.311914947973163,-0.0,0,0
KWT,2010,,,25.471810954438098,10.576744533579511,7.428429341939105,3.148315191640406,1.9600313030180425,0.589335116480159,,,8.740482172155076,0.0,0,-1.3199265418838242,-0.0,0,0
KWT,2011,,,25.760473155266904,10.803030955112797,7.576058919459159,3.226972035653638,2.095523193147573,0.3941502605784562,,,8.740482172155076,0.0,0,-1.1844346517542936,-0.0,0,0
KWT,2012,,,25.882595022099274,10.861979600829699,7.689424962620857,3.172554638208842,2.342748118010085,0.3821347449492553,,,8.740482172155076,0.0,0,-0.9372097268917816,-0.0,0,0
KWT,2013,,,25.88328685668459,10.812774694982547,7.766212370634288,3.046562324348259,2.378937203981357,0.33544514800057157,,,8.740482172155076,0.0,0,-0.9010206409205095,-0.0,0,0
KWT,2014,,,25.81486926074865,10.700291378270615,7.8424298457105515,2.8578615325600634,1.500501634680595,0.15455819114937455,,,8.740482172155076,0.0,0,-1.7794562102212717,-0.0,0,0
KWT,2015,,,25.464587592170734,10.30501868769552,7.854601928784033,2.450416758911487,1.2411351591592061,0.10987809041206413,,,8.740482172155076,0.0,0,-2.0388226857426606,-0.0,0,0
KWT,2016,,,25.41833773169734,10.215509336543535,7.913908812616166,2.3016005239273696,1.429332912395867,0.09298363680870651,,,8.740482172155076,0.0,0,-1.8506249325059998,-0.0,0,0
KWT,2017,,,25.516470726958023,10.276692988400734,7.991629467194556,2.2850635212061787,1.521387284523847,0.12019994388117267,,,8.740482172155076,0.0,0,-1.7585705603780197,-0.0,0,0
KWT,2018,,,25.655192040683588,10.375612753895624,8.07785378233981,2.2977589715558135,1.258414332144155,0.12502170311124675,,,8.740482172155076,0.0,0,-2.0215435127577117,-0.0,0,0
KWT,2019,,,25.671006732158844,10.36432031212608,8.143488417802308,2.220831894323773,1.6439183900466203,0.12587703684064414,,,8.740482172155076,0.0,0,-1.6360394548552464,-0.0,0,0
KWT,2020,,,25.43320559947363,10.136029820608028,8.170196839808145,1.965832980799883,1.7706868610154096,0.13634418524955993,,,8.740482172155076,0.0,0,-1.509270983886457,-0.0,0,0
KWT,2021,,,25.722844710057522,10.434663719914479,8.21722085115122,2.217442868763259,1.5927108644426353,0.14391211094250103,,,8.740482172155076,0.0,0,-1.6872469804592314,-0.0,0,0
KWT,2022,,,25.935491658023945,10.596178856789841,8.330308705589859,2.265870151199982,1.3033078404715497,0.21296853984642175,,,8.740482172155076,0.0,0,-1.976650004430317,-0.0,0,0
KWT,2023,,,25.832011364168203,10.43681719512008,8.371664569863713,2.065152625256367,0.9650797785540294,0.2540096520827851,,,8.740482172155076,0.0,0,-2.314878066347837,-0.0,0,0
KWT,2024,,,25.80406819864669,10.399881163053543,8.458856187822017,1.9410249752315263,1.2274916901427007,0.23443597474205166,,,8.740482172155076,0.0,0,-2.0524661547591663,-0.0,0,0
LAO,2006,,,21.96309699484556,6.361979187138427,6.694260831370928,0.33228164423250117,1.2256887318823533,0.3022694361791693,,,6.602341050328834,1.0,1,-2.0542691130195134,-2.0542691130195134,0,0
LAO,2007,,,22.163847780617477,6.54724873766044,6.830485755686894,0.28323701802645385,1.8086434359578663,0.32971846700632373,,,6.602341050328834,1.0,1,-1.4713144089440005,-1.4713144089440005,0,0
LAO,2008,,,22.418226764832955,6.786431781380213,7.059473251657147,0.27304147027693393,1.5937466215846545,0.31392919304867667,,,6.602341050328834,1.0,1,-1.6862112233172122,-1.6862112233172122,0,0
LAO,2009,,,22.487334998795657,6.840581152039933,7.1116505738887605,0.27106942184882765,1.5469751107840417,0.33271865173066545,,,6.602341050328834,1.0,1,-1.732982734117825,-1.732982734117825,0,0
LAO,2010,,,22.68782542968826,7.026352295721668,7.428429341939105,0.40207704621743723,1.3651553031585182,0.24045168922452353,,,6.602341050328834,1.0,1,-1.9148025417433485,-1.9148025417433485,0,0
LAO,2011,,,22.892331493492804,7.21637686454598,7.576058919459159,0.35968205491317917,1.3253763778455587,0.24738190313113426,,,6.602341050328834,1.0,1,-1.954581467056308,-1.954581467056308,0,0
LAO,2012,,,23.044951971908972,7.354723798758717,7.689424962620857,0.33470116386213977,1.3456086313631264,0.18529898384202412,,,6.602341050328834,1.0,1,-1.9343492135387403,-1.9343492135387403,0,0
LAO,2013,,,23.206775897502943,7.502472176610017,7.766212370634288,0.26374019402427074,1.3947825379697838,0.15430510749455012,,,6.602341050328834,1.0,1,-1.885175306932083,-1.885175306932083,0,0
LAO,2014,,,23.309468193718583,7.591376788555537,7.8424298457105515,0.2510530571550147,1.762618599480467,0.18983623332757213,,,6.602341050328834,1.0,1,-1.5173392454213996,-1.5173392454213996,0,0
LAO,2015,,,23.392324320718778,7.6596492680636725,7.854601928784033,0.19495266072036088,1.5836702732963004,0.21417438478233963,,,6.602341050328834,1.0,1,-1.6962875716055663,-1.6962875716055663,0,0
LAO,2016,,,23.490370909085346,7.742064100296888,7.913908812616166,0.17184471231927745,1.323153517531617,0.17927364483180422,,,6.602341050328834,1.0,1,-1.9568043273702498,-1.9568043273702498,0,0
LAO,2017,,,23.560656062235093,7.79664628119066,7.991629467194556,0.19498318600389553,1.3425972171737788,0.17759329242898556,,,6.602341050328834,1.0,1,-1.937360627728088,-1.937360627728088,0,0
LAO,2018,,,23.621475745556648,7.841928184312483,8.07785378233981,0.23592559802732715,1.7637159112112313,0.309559647356495,,,6.602341050328834,1.0,1,-1.5162419336906354,-1.5162419336906354,0,0
LAO,2019,,,23.653956076624524,7.859150884918687,8.143488417802308,0.2843375328836206,2.0216242531480835,0.3515495327606344,,,6.602341050328834,1.0,1,-1.2583335917537832,-1.2583335917537832,0,0
LAO,2020,,,23.666746738895117,7.857007679672131,8.170196839808145,0.31318916013601417,2.1717955181060007,0.3909756141615089,,,6.602341050328834,1.0,1,-1.108162326795866,-1.108162326795866,0,0
LAO,2021,,,23.658565735909193,7.834412512597466,8.21722085115122,0.38280833855375374,2.248620951671565,0.31961652953111125,,,6.602341050328834,1.0,1,-1.0313368932303018,-1.0313368932303018,0,0
LAO,2022,,,23.462089972510974,7.623839582188668,8.330308705589859,0.7064691234011908,2.132319712680369,0.32192902977553123,,,6.602341050328834,1.0,1,-1.147638132221498,-1.147638132221498,0,0
LAO,2023,,,23.486003428947964,7.6338292719023375,8.371664569863713,0.7378352979613751,2.0895668914244103,0.2849617688631881,,,6.602341050328834,1.0,1,-1.1903909534774564,-1.1903909534774564,0,0
LAO,2024,,,23.526803966984204,7.661046539634995,8.458856187822017,0.7978096481870214,1.9708586331802616,0.24953980772401815,,,6.602341050328834,1.0,1,-1.3090992117216051,-1.3090992117216051,0,0
LBN,2006,,,23.81534002385774,8.441445718545868,6.694260831370928,1.7471848871749396,4.127760029593526,0.8563586525667114,,,8.913135501266147,0.0,0,0.8478021846916595,0.0,1,0
LBN,2007,,,23.935211907027846,8.541936163636393,6.830485755686894,1.7114504079494992,4.338018816802967,0.9411450458536343,,,8.913135501266147,0.0,0,1.0580609719011007,0.0,1,0
LBN,2008,,,24.094653837929428,8.684747129751626,7.059473251657147,1.6252738780944789,3.791244635658664,0.6972930987798492,,,8.913135501266147,0.0,0,0.5112867907567975,0.0,1,0
LBN,2009,,,24.28996587534131,8.86656119597533,7.1116505738887605,1.7549106220865687,3.5517947628190765,0.6801359765887072,,,8.913135501266147,0.0,0,0.27183691791720976,0.0,1,0
LBN,2010,,,24.372466055897103,8.939293892942755,7.428429341939105,1.5108645510036505,3.6683974212079633,0.7113058875596047,,,8.913135501266147,0.0,0,0.3884395763060966,0.0,1,0
LBN,2011,,,24.41032177850961,8.966351377636391,7.576058919459159,1.3902924581772318,3.7941944929690177,0.6279094390358028,,,8.913135501266147,0.0,0,0.514236648067151,0.0,1,0
LBN,2012,,,24.5078372051711,9.036818074628346,7.689424962620857,1.3473931120074898,3.9621869702271946,0.6990304859294817,,,8.913135501266147,0.0,0,0.6822291253253279,0.0,1,0
LBN,2013,,,24.570859181030947,9.007290985556686,7.766212370634288,1.2410786149223982,3.9874448042688795,0.71206806069382,,,8.913135501266147,0.0,0,0.7074869593670128,0.0,1,0
LBN,2014,,,24.59644850279936,8.932957260059496,7.8424298457105515,1.0905274143489443,3.4823830853494684,0.63329118425495,,,8.913135501266147,0.0,0,0.20242524044760168,0.0,1,0
LBN,2015,,,24.633874599540746,8.950806398438399,7.854601928784033,1.0962044696543654,3.3775572221801258,0.6086994251505912,,,8.913135501266147,0.0,0,0.09759937727825907,0.0,1,0
LBN,2016,,,24.65797571357334,8.998261887411076,7.913908812616166,1.08435307479491,3.443607903666403,0.6457448249431895,,,8.913135501266147,0.0,0,0.16365005876453642,0.0,1,0
LBN,2017,,,24.694079891251846,9.06047177673725,7.991629467194556,1.0688423095426947,3.513856683123637,0.6457397155812049,,,8.913135501266147,0.0,0,0.23389883822177016,0.0,1,0
LBN,2018,,,24.72880685640065,9.124187171598292,8.07785378233981,1.046333389258482,3.19867835621921,0.5636934373938755,,,8.913135501266147,0.0,0,-0.08127948868265689,-0.0,1,0
LBN,2019,,,24.666902989806008,9.094467017901259,8.143488417802308,0.9509786000989511,3.303436866729699,0.7300118097259846,,,8.913135501266147,0.0,0,0.023479021827832458,0.0,1,0
LBN,2020,,,24.179965039415908,8.623567693326915,8.170196839808145,0.45337085351876993,3.417919698875173,0.8755576211514485,,,8.913135501266147,0.0,0,0.13796185397330651,0.0,1,0
LBN,2021,,,23.86448025072978,8.305329262961486,8.21722085115122,0.08810841181026596,3.442065313311918,0.876995776592833,,,8.913135501266147,0.0,0,0.16210746841005141,0.0,1,0
LBN,2022,,,23.767427349963782,8.203675831565153,8.330308705589859,0.1266328740247058,3.233130591612701,0.8819485007152251,,,8.913135501266147,0.0,0,-0.046827253289165593,-0.0,1,0
LBN,2023,,,23.722921422088422,8.15413359415124,8.371664569863713,0.2175309757124726,3.178953908270381,0.8703848926915582,,,8.913135501266147,0.0,0,-0.10100393663148566,-0.0,1,0
LBN,2024,,,23.980271142919204,8.405875264327408,8.458856187822017,0.05298092349460859,3.247671358225996,0.9408289565476989,,,8.913135501266147,0.0,0,-0.03228648667587075,-0.0,1,0
LBR,2006,,,20.8357012662762,5.770063496086552,6.694260831370928,0.9241973352843766,4.7141315640110655,1.00202049679055,,,9.450892314139542,0.0,0,1.4341737191091988,0.0,1,0
LBR,2007,,,21.040263963732244,5.924820632796214,6.830485755686894,0.9056651228906798,4.270843083477289,0.9163427927443037,,,9.450892314139542,0.0,0,0.9908852385754225,0.0,1,0
LBR,2008,,,21.269072429607647,6.113048918044138,7.059473251657147,0.9464243336130096,4.520892943694663,0.8947004859400396,,,9.450892314139542,0.0,0,1.240935098792796,0.0,1,0
LBR,2009,,,21.293114801161863,6.105655287135327,7.1116505738887605,1.0059952867534339,4.717280942076414,0.7863338032519919,,,9.450892314139542,0.0,0,1.4373230971745472,0.0,1,0
LBR,2010,,,21.415412517172772,6.198992421989961,7.428429341939105,1.2294369199491442,4.254320248588803,0.5140999942750759,,,9.450892314139542,0.0,0,0.974362403686936,0.0,1,0
LBR,2011,,,21.597900893551735,6.3422760995743594,7.576058919459159,1.2337828198847998,3.9845039876068413,0.505021545558144,,,9.450892314139542,0.0,0,0.7045461427049746,0.0,1,0
LBR,2012,,,21.74988576013983,6.458916096726574,7.689424962620857,1.2305088658942829,4.0804235564984435,0.44046117837845405,,,9.450892314139542,0.0,0,0.8004657115965768,0.0,1,0
LBR,2013,,,21.879265544712243,6.566313111990311,7.766212370634288,1.1998992586439767,3.8353832677260598,0.4352129299165585,,,9.450892314139542,0.0,0,0.555425422824193,0.0,1,0
LBR,2014,,,21.89440093730307,6.56062675132771,7.8424298457105515,1.2818030943828411,4.156629030382461,0.607688173315729,,,9.450892314139542,0.0,0,0.876671185480594,0.0,1,0
LBR,2015,,,21.894842208061515,6.540438312419157,7.854601928784033,1.3141636163648762,4.388359232619409,0.6747899549133193,,,9.450892314139542,0.0,0,1.1084013877175427,0.0,1,0
LBR,2016,,,21.94657633697517,6.571741225782789,7.913908812616166,1.3421675868333764,4.109181214282366,0.6597147573081931,,,9.450892314139542,0.0,0,0.8292233693804989,0.0,1,0
LBR,2017,,,21.94430322944052,6.550035640579269,7.991629467194556,1.4415938266152866,4.361450586503281,0.7411858210356166,,,9.450892314139542,0.0,0,1.0814927416014144,0.0,1,0
LBR,2018,,,21.95371156085828,6.539879448859046,8.07785378233981,1.537974333480764,4.210659321512076,0.6578280939788406,,,9.450892314139542,0.0,0,0.9307014766102095,0.0,1,0
LBR,2019,,,21.923109076344115,6.489454415050459,8.143488417802308,1.6540340027518488,3.8065080298699034,0.6726590048480525,,,9.450892314139542,0.0,0,0.5265501849680367,0.0,1,0
LBR,2020,,,21.87892814654313,6.424525151184561,8.170196839808145,1.7456716886235846,4.15578841212476,0.7854765319113403,,,9.450892314139542,0.0,0,0.8758305672228937,0.0,1,0
LBR,2021,,,21.97975030065175,6.50423743144568,8.21722085115122,1.71298341970554,3.979485777892679,0.68743792092006,,,9.450892314139542,0.0,0,0.6995279329908124,0.0,1,0
LBR,2022,,,22.109821913815747,6.612870227567148,8.330308705589859,1.7174384780227108,3.6877702958289214,0.6960330986354832,,,9.450892314139542,0.0,0,0.40781245092705465,0.0,1,0
LBR,2023,,,22.202595064033492,6.683604308178327,8.371664569863713,1.6880602616853855,3.73063454711947,0.6532428642057843,,,9.450892314139542,0.0,0,0.45067670221760325,0.0,1,0
LBR,2024,,,22.287560117523313,6.746996827016617,8.458856187822017,1.7118593608053994,3.9257100373771876,0.6526160158072005,,,9.450892314139542,0.0,0,0.6457521924753209,0.0,1,0
LBY,2006,,,24.819179693958443,9.215213284373167,6.694260831370928,2.5209524530022387,1.545667432089458,0.4631188925754883,,,9.134006478142068,0.0,0,-1.7342904128124088,-0.0,0,0
LBY,2007,,,24.943258400891867,9.318741296623648,6.830485755686894,2.4882555409367537,1.9636529809230718,0.48435408532058305,,,9.134006478142068,0.0,0,-1.3163048639787949,-0.0,0,0
LBY,2008,,,25.185843904661176,9.540085804425674,7.059473251657147,2.4806125527685268,2.210240821515388,0.4487295602461869,,,9.134006478142068,0.0,0,-1.0697170233864788,-0.0,0,0
LBY,2009,,,24.830996438921993,9.164406797928642,7.1116505738887605,2.0527562240398813,2.0128666362009233,0.5174908014676821,,,9.134006478142068,0.0,0,-1.2670912087009434,-0.0,0,0
LBY,2010,,,25.045818770101217,9.358838552051404,7.428429341939105,1.9304092101122992,1.3664231080234177,0.53437838025677,,,9.134006478142068,0.0,0,-1.913534736878449,-0.0,0,0
LBY,2011,,,24.597986963597823,8.9350925597102,7.576058919459159,1.3590336402510417,2.877431811343022,0.9711114536346056,,,9.134006478142068,0.0,0,-0.40252603355884453,-0.0,0,0
LBY,2012,,,25.25091695792663,9.61419687226922,7.689424962620857,1.9247719096483635,3.660699153578654,0.8033485211639486,,,9.134006478142068,0.0,0,0.38074130867678724,0.0,0,0
LBY,2013,,,25.04542445373661,9.388629928889092,7.766212370634288,1.6224175582548037,4.035240667790391,1.2195536690247257,,,9.134006478142068,0.0,0,0.7552828228885242,0.0,0,0
LBY,2014,,,24.77282841436555,9.096770781196238,7.8424298457105515,1.2543409354856863,4.122396239432691,2.089226556874753,,,9.134006478142068,0.0,0,0.842438394530824,0.0,0,0
LBY,2015,,,24.60930417252434,8.917108149572451,7.854601928784033,1.0625062207884177,4.209171484486378,2.5540173832404,,,9.134006478142068,0.0,0,0.929213639584511,0.0,0,0
LBY,2016,,,24.633528768378625,8.926092793968106,7.913908812616166,1.0121839813519404,4.435342405753103,2.745030515968988,,,9.134006478142068,0.0,0,1.1553845608512359,0.0,0,0
LBY,2017,,,24.930305731893167,9.206917758240078,7.991629467194556,1.215288291045522,4.471338336227622,2.5689709246013077,,,9.134006478142068,0.0,0,1.1913804913257553,0.0,0,0
LBY,2018,,,25.062985387558435,9.32336414304124,8.07785378233981,1.2455103607014308,4.241100718680282,2.3872716640009384,,,9.134006478142068,0.0,0,0.9611428737784151,0.0,0,0
LBY,2019,,,24.96105391090512,9.206653071315426,8.143488417802308,1.0631646535131178,4.2443953460454615,2.581139871140859,,,9.134006478142068,0.0,0,0.9644375011435948,0.0,0,0
LBY,2020,,,24.570308312966084,8.802422975342925,8.170196839808145,0.6322261355347791,4.336839548696892,2.628274387088949,,,9.134006478142068,0.0,0,1.056881703795025,0.0,0,0
LBY,2021,,,24.284823028891548,8.504275693319578,8.21722085115122,0.28705484216835764,3.84105198013194,2.3016980817427877,,,9.134006478142068,0.0,0,0.5610941352300731,0.0,0,0
LBY,2022,,,24.49017746947799,8.697285089118841,8.330308705589859,0.3669763835289821,3.6173647765837633,2.2436563271395737,,,9.134006478142068,0.0,0,0.3374069316818966,0.0,0,0
LBY,2023,,,24.50808402135785,8.70392421007635,8.371664569863713,0.3322596402126372,3.58652429194073,2.0957409871283574,,,9.134006478142068,0.0,0,0.3065664470388634,0.0,0,0
LBY,2024,,,24.6045646763965,8.790141871540236,8.458856187822017,0.3312856837182192,3.2926727925787294,1.9637258334632561,,,9.134006478142068,0.0,0,0.012714947676862653,0.0,0,0
LCA,2006,,,20.96095838461661,8.937373309659915,6.694260831370928,2.243112478288986,3.791543680921513,2.511915526939447,,,9.717969693004658,0.0,0,0.5115858360196461,0.0,1,0
LCA,2007,,,21.01301238800609,8.982734644294393,6.830485755686894,2.152248888607499,3.6380356269296215,2.384172326432767,,,9.717969693004658,0.0,0,0.35807778202775475,0.0,1,0
LCA,2008,,,21.086332090660054,9.049814837274162,7.059473251657147,1.9903415856170152,3.6150582696661897,2.300917275054373,,,9.717969693004658,0.0,0,0.335100424764323,0.0,1,0
LCA,2009,,,21.060814557442956,9.018031726701581,7.1116505738887605,1.9063811528128207,3.3222102479965807,2.44276185885443,,,9.717969693004658,0.0,0,0.04225240309471401,0.0,1,0
LCA,2010,,,21.11691823908165,9.068049262343802,7.428429341939105,1.639619920404697,3.693522368282698,2.8583424541491396,,,9.717969693004658,0.0,0,0.41356452338083116,0.0,1,0
LCA,2011,,,21.173302936575826,9.119210827338707,7.576058919459159,1.5431519078795475,3.827055135254685,2.612792024603816,,,9.717969693004658,0.0,0,0.5470972903528182,0.0,1,0
LCA,2012,,,21.192148467737727,9.133491731598703,7.689424962620857,1.4440667689778461,3.94532659104632,2.4129417085321836,,,9.717969693004658,0.0,0,0.6653687461444533,0.0,1,0
LCA,2013,,,21.230319912914577,9.167142362961895,7.766212370634288,1.4009299923276073,3.7714231514992043,2.314945584149892,,,9.717969693004658,0.0,0,0.49146530659733756,0.0,1,0
LCA,2014,,,21.28241590798694,9.214812540682354,7.8424298457105515,1.3723826949718028,4.005766500459686,1.5874365868191775,,,9.717969693004658,0.0,0,0.7258086555578189,0.0,1,0
LCA,2015,,,21.31528837382936,9.243290125466853,7.854601928784033,1.3886881966828195,3.6184329810097706,1.280603899646582,,,9.717969693004658,0.0,0,0.3384751361079039,0.0,1,0
LCA,2016,,,21.348425592769324,9.272199707893723,7.913908812616166,1.3582908952775572,3.425553341110836,1.2531251370552599,,,9.717969693004658,0.0,0,0.14559549620896917,0.0,1,0
LCA,2017,,,21.415664589355718,9.33548401905281,7.991629467194556,1.3438545518582545,3.3995210625018157,1.257019059290759,,,9.717969693004658,0.0,0,0.11956321759994903,0.0,1,0
LCA,2018,,,21.446435574117395,9.362434521975725,8.07785378233981,1.2845807396359152,3.028646621081368,1.112918629347121,,,9.717969693004658,0.0,0,-0.25131122382049886,-0.0,1,0
LCA,2019,,,21.460465344435775,9.372832825398895,8.143488417802308,1.229344407596587,2.7472593499507925,1.0514256032830618,,,9.717969693004658,0.0,0,-0.5326984949510742,-0.0,1,0
LCA,2020,,,21.14312074070717,9.05217840243063,8.170196839808145,0.8819815626224852,2.934524136026806,0.9774690028871387,,,9.717969693004658,0.0,0,-0.34543370887506075,-0.0,1,0
LCA,2021,,,21.349798268424372,9.257331146517396,8.21722085115122,1.0401102953661763,3.3036927911278444,0.9478906089682576,,,9.717969693004658,0.0,0,0.023734946225977716,0.0,1,0
LCA,2022,,,21.564785128757432,9.470868256664403,8.330308705589859,1.1405595510745439,2.5386525822096706,0.97385401954909,,,9.717969693004658,0.0,0,-0.7413052626921961,-0.0,1,0
LCA,2023,,,21.615779832983304,9.519047835562278,8.371664569863713,1.147383265698565,2.485843452090953,1.0364328474992477,,,9.717969693004658,0.0,0,-0.7941143928109136,-0.0,1,0
LCA,2024,,,21.680755381224934,9.581466485892776,8.458856187822017,1.122610298070759,2.724376614530213,1.046653474160905,,,9.717969693004658,0.0,0,-0.5555812303716539,-0.0,1,0
LIE,2006,,,22.10958571927722,11.645425794330546,6.694260831370928,4.951164962959617,3.301277106555767,4.090127273698063,,,,,0,0.021319261653900412,0.0,1,0
LIE,2007,,,22.249632939359056,11.779071763518347,6.830485755686894,4.948586007831453,3.3438202013607268,4.214894148565495,,,,,0,0.06386235645886007,0.0,1,0
LIE,2008,,,22.348868363218898,11.872341240510732,7.059473251657147,4.812867988853585,3.21515782398514,4.212167174239016,,,,,0,-0.06480002091672654,-0.0,1,0
LIE,2009,,,22.228315060916824,11.744233314060079,7.1116505738887605,4.632582740171318,3.137803251549783,4.989684142827618,,,,,0,-0.14215459335208358,-0.0,1,0
LIE,2010,,,22.349037079038048,11.857151937141046,7.428429341939105,4.428722595201941,3.2829717469030495,5.291694933826899,,,,,0,0.003013902001182789,0.0,1,0
LIE,2011,,,22.47067382730696,11.97077028317066,7.576058919459159,4.394711363711501,3.2715889779677925,4.9445475743405725,,,,,0,-0.008368866934074237,-0.0,1,0
LIE,2012,,,22.420000540721382,11.910640855736752,7.689424962620857,4.221215893115895,3.3868927744910318,4.953311669064564,,,,,0,0.10693492958916506,0.0,1,0
LIE,2013,,,22.578267410870595,12.060026745202533,7.766212370634288,4.293814374568245,3.34825393215894,4.90699555128487,,,,,0,0.06829608725707326,0.0,1,0
LIE,2014,,,22.619013928174795,12.093660397083687,7.8424298457105515,4.251230551373135,3.5273956792326966,4.63351261593034,,,,,0,0.2474378343308299,0.0,1,0
LIE,2015,,,22.558805365491846,12.026869166334706,7.854601928784033,4.172267237550672,3.5830547481415307,4.223769249253654,,,,,0,0.303096903239664,0.0,1,0
LIE,2016,,,22.55381355940436,12.015973872818792,7.913908812616166,4.1020650602026265,3.7602580790302795,4.055826725502943,,,,,0,0.48030023412841283,0.0,1,0
LIE,2017,,,22.59110767711101,12.046766738736073,7.991629467194556,4.0551372715415175,3.8585422207702504,4.276513861328086,,,,,0,0.5785843758683837,0.0,1,0
LIE,2018,,,22.624271367091048,12.072477108468131,8.07785378233981,3.9946233261283215,3.6784141944770394,4.263816638565867,,,,,0,0.39845634957517273,0.0,1,0
LIE,2019,,,22.58524562514689,12.025197078618863,8.143488417802308,3.881708660816555,3.565265092857918,4.129109061039364,,,,,0,0.2853072479560512,0.0,1,0
LIE,2020,,,22.58048062728544,12.011705391068443,8.170196839808145,3.841508551260297,3.490880025710295,4.218169571536879,,,,,0,0.21092218080842828,0.0,1,0
LIE,2021,,,22.79172255857495,12.215749821926972,8.21722085115122,3.9985289707757516,3.2364838461775354,3.8278133247646724,,,,,0,-0.04347399872433133,-0.0,1,0
LIE,2022,,,22.728368489417374,12.1444897694225,8.330308705589859,3.81418106383264,2.781383105970731,3.9199767447754925,,,,,0,-0.4985747389311359,-0.0,1,0
LIE,2023,,,22.832190862888375,12.23941356011961,8.371664569863713,3.8677489902558975,2.6680082161064442,4.071244881172216,,,,,0,-0.6119496287954225,-0.0,1,0
LIE,2024,,,22.909964574868336,12.302142652381697,8.458856187822017,3.8432864645596805,2.6792772063256125,3.9881851330810254,,,,,0,-0.6006806385762542,-0.0,1,0
LKA,2006,,,24.064975407092497,7.236265467598947,6.694260831370928,0.5420046362280182,4.597057744280782,0.8418303412763651,,,8.020532765833591,0.0,0,1.3170998993789156,0.0,0,0
LKA,2007,,,24.199887238404692,7.364315518972442,6.830485755686894,0.5338297632855484,4.423013768362451,0.8184009649710163,,,8.020532765833591,0.0,0,1.1430559234605844,0.0,0,0
LKA,2008,,,24.429833582148923,7.587606847822615,7.059473251657147,0.5281335961654676,3.8946848744515266,0.6652296438579121,,,8.020532765833591,0.0,0,0.6147270295496599,0.0,0,0
LKA,2009,,,24.462510977561603,7.6141441005161115,7.1116505738887605,0.5024935266273509,3.2705427473342934,0.5137871165584225,,,8.020532765833591,0.0,0,-0.009415097567573305,-0.0,0,0
LKA,2010,,,24.794615524949442,7.940356835190759,7.428429341939105,0.5119274932516538,2.3700706852295887,0.311610544534986,,,8.020532765833591,0.0,0,-0.909887159672278,-0.0,0,0
LKA,2011,,,24.939138795637863,8.078675035599597,7.576058919459159,0.5026161161404374,2.263247451960032,0.2720847589074243,,,8.020532765833591,0.0,0,-1.0167103929418349,-0.0,0,0
LKA,2012,,,24.978129569774595,8.110059529258649,7.689424962620857,0.4206345666377924,2.8085010377107458,0.3648576531377921,,,8.020532765833591,0.0,0,-0.47145680719112093,-0.0,0,0
LKA,2013,,,25.066762173050716,8.226688959864575,7.766212370634288,0.46047658923028667,2.3388400208357747,0.27694863062131125,,,8.020532765833591,0.0,0,-0.941117824066092,-0.0,0,0
LKA,2014,,,25.136441337460845,8.28703604484823,7.8424298457105515,0.44460619913767907,1.8159887880390497,0.14947033952768418,,,8.020532765833591,0.0,0,-1.463969056862817,-0.0,0,0
LKA,2015,,,25.166978893006284,8.308375490128181,7.854601928784033,0.45377356134414804,1.6230850041932816,0.15587746600667957,,,8.020532765833591,0.0,0,-1.656872840708585,-0.0,0,0
LKA,2016,,,25.20060504776406,8.330668869906576,7.913908812616166,0.41676005729041066,2.187913536391571,0.21671925870109995,,,8.020532765833591,0.0,0,-1.0920443085102955,-0.0,0,0
LKA,2017,,,25.270482179830747,8.389107126132103,7.991629467194556,0.3974776589375475,2.3689922904160285,0.2608551571880831,,,8.020532765833591,0.0,0,-0.9109655544858382,-0.0,0,0
LKA,2018,,,25.27133660011367,8.379897226601129,8.07785378233981,0.3020434442613187,2.2627825712144993,0.2541934569344872,,,8.020532765833591,0.0,0,-1.0171752736873674,-0.0,0,0
LKA,2019,,,25.211887669247023,8.314329536276839,8.143488417802308,0.17084111847453087,2.203031142441991,0.24344527751493097,,,8.020532765833591,0.0,0,-1.0769267024598759,-0.0,0,0
LKA,2020,,,25.15806961023733,8.255205211671843,8.170196839808145,0.08500837186369736,2.4538452607865304,0.2699225104089416,,,8.020532765833591,0.0,0,-0.8261125841153363,-0.0,0,0
LKA,2021,,,25.20690885107715,8.293289952942015,8.21722085115122,0.07606910179079485,2.5488320283594903,0.26114801970479357,,,8.020532765833591,0.0,0,-0.7311258165423764,-0.0,0,0
LKA,2022,,,25.029261771682005,8.114515147149078,8.330308705589859,0.2157935584407813,2.5677767182643843,0.2905621235243299,,,8.020532765833591,0.0,0,-0.7121811266374825,-0.0,0,0
LKA,2023,,,25.155038219022202,8.246804802190308,8.371664569863713,0.12485976767340468,2.4428942322030345,0.24795104377021596,,,8.020532765833591,0.0,0,-0.8370636126988322,-0.0,0,0
LKA,2024,,,25.324589748151695,8.42186222651125,8.458856187822017,0.03699396131076682,2.3132686124339727,0.22423547720074957,,,8.020532765833591,0.0,0,-0.966689232467894,-0.0,0,0
LSO,2006,,,21.31110392483447,6.830298999578849,6.694260831370928,0.13603816820792058,3.7433764182244462,0.5484525210780581,,,9.187020771373312,0.0,0,0.4634185733225795,0.0,0,0
LSO,2007,,,21.243327745317185,6.758313320090441,6.830485755686894,0.07217243559645325,3.2349332532550337,0.43281534409810013,,,9.187020771373312,0.0,0,-0.045024591646833034,-0.0,0,0
LSO,2008,,,21.292493968892256,6.800707249031088,7.059473251657147,0.258766002626059,2.6881829640570922,0.33421420174087796,,,9.187020771373312,0.0,0,-0.5917748808447745,-0.0,0,0
LSO,2009,,,21.27766516553061,6.778611902674362,7.1116505738887605,0.3330386712143989,2.4229378720995522,0.3740782620581156,,,9.187020771373312,0.0,0,-0.8570199728023145,-0.0,0,0
LSO,2010,,,21.52739710009317,7.020615620642678,7.428429341939105,0.407813721296427,2.675280470590302,0.4284381754982403,,,9.187020771373312,0.0,0,-0.6046773743115645,-0.0,0,0
LSO,2011,,,21.67082638022441,7.155188559254785,7.576058919459159,0.4208703602043746,2.740422783357713,0.3881208013405888,,,9.187020771373312,0.0,0,-0.5395350615441536,-0.0,0,0
LSO,2012,,,21.630597441935027,7.104908560189874,7.689424962620857,0.5845164024309826,3.0659256608310836,0.4196950473659328,,,9.187020771373312,0.0,0,-0.21403218407078306,-0.0,0,0
LSO,2013,,,21.5849368772155,7.048418865512506,7.766212370634288,0.7177935051217821,3.1970371101310504,0.4318201484363236,,,9.187020771373312,0.0,0,-0.0829207347708163,-0.0,0,0
LSO,2014,,,21.615699459264057,7.067778220040416,7.8424298457105515,0.7746516256701357,3.344726360716584,0.3636640735681031,,,9.187020771373312,0.0,0,0.0647685158147171,0.0,0,0
LSO,2015,,,21.581794703332978,7.022153493411392,7.854601928784033,0.8324484353726413,3.387849621740099,0.3443534368169883,,,9.187020771373312,0.0,0,0.10789177683823237,0.0,0,0
LSO,2016,,,21.472049431676428,6.900218791548676,7.913908812616166,1.0136900210674895,3.4724143936433345,0.30780535508696094,,,9.187020771373312,0.0,0,0.19245654874146778,0.0,0,0
LSO,2017,,,21.55910183426797,6.974821913442213,7.991629467194556,1.0168075537523427,3.820903237854,0.3723462898710384,,,9.187020771373312,0.0,0,0.5409453929521333,0.0,0,0
LSO,2018,,,21.66180611838968,7.065319295622884,8.07785378233981,1.012534486716926,3.7725366024008973,0.32604321655337437,,,9.187020771373312,0.0,0,0.4925787574990306,0.0,0,0
LSO,2019,,,21.594853007351755,6.986619200876163,8.143488417802308,1.156869216926145,3.507920852222127,0.3351913020385648,,,9.187020771373312,0.0,0,0.2279630073202603,0.0,0,0
LSO,2020,,,21.442908815086554,6.8228318023066405,8.170196839808145,1.347365037501505,3.6851161607930654,0.3892675067026143,,,9.187020771373312,0.0,0,0.40515831589119866,0.0,0,0
LSO,2021,,,21.60377603498725,6.972218595515254,8.21722085115122,1.2450022556359661,3.2629012612621553,0.2946935063410332,,,9.187020771373312,0.0,0,-0.01705658363971141,-0.0,0,0
LSO,2022,,,21.579798479467872,6.9374362383035315,8.330308705589859,1.3928724672863275,3.425318093682627,0.34243256160122787,,,9.187020771373312,0.0,0,0.14536024878076015,0.0,0,0
LSO,2023,,,21.479327500071822,6.825932391081083,8.371664569863713,1.5457321787826297,3.229676378623084,0.33359402949478656,,,9.187020771373312,0.0,0,-0.050281466278782716,-0.0,0,0
LSO,2024,,,21.595095689833748,6.930536091407816,8.458856187822017,1.528320096414201,3.1974986080379773,0.3206058646094032,,,9.187020771373312,0.0,0,-0.08245923686388945,-0.0,0,0
LTU,2006,,,24.128328829063037,9.128056115323004,6.694260831370928,2.433795283952075,2.9547224043878675,1.7449547462366743,3.0125899661465034,1.6939760520220144,9.021162766097666,0.0,0,-0.3252354405139992,-0.0,0,0
LTU,2007,,,24.40535105277369,9.416957818606248,6.830485755686894,2.586472062919354,3.0100609812890693,1.6311238840956637,3.0125899661465034,1.6939760520220144,9.021162766097666,0.0,0,-0.2698968636127974,-0.0,0,0
LTU,2008,,,24.59094511648847,9.612836714075684,7.059473251657147,2.5533634624185364,3.5029299141203913,1.5707175442848833,3.0125899661465034,1.6939760520220144,9.021162766097666,0.0,0,0.22297206921852464,0.0,0,0
LTU,2009,,,24.347456893063036,9.380451948193974,7.1116505738887605,2.2688013743052133,3.325866820364807,1.6488348160963662,3.0125899661465034,1.6939760520220144,9.021162766097666,0.0,0,0.04590897546294048,0.0,0,0
LTU,2010,,,24.324355298320793,9.378319787650273,7.428429341939105,1.9498904457111683,3.205644082735102,1.9298940688897155,3.0125899661465034,1.6939760520220144,9.021162766097666,0.0,0,-0.07431376216676489,-0.0,0,0
LTU,2011,,,24.488793826491808,9.565342954809571,7.576058919459159,1.989284035350412,3.233346924718637,1.7055202360280586,3.0125899661465034,1.6939760520220144,9.021162766097666,0.0,0,-0.046610920183229876,-0.0,0,0
LTU,2012,,,24.477684219440775,9.567188275408533,7.689424962620857,1.8777633127876765,3.392798616352509,1.9407087724306609,3.0125899661465034,1.6939760520220144,9.021162766097666,0.0,0,0.11284077145064231,0.0,0,0
LTU,2013,,,24.558486853705052,9.65736481924992,7.766212370634288,1.8911524486156326,3.2133474251647796,1.9534622404932402,3.0125899661465034,1.6939760520220144,9.021162766097666,0.0,0,-0.06661041973708715,-0.0,0,0
LTU,2014,,,24.600832929971318,9.707847581178502,7.8424298457105515,1.8654177354679504,3.4263814958398204,1.8784842335783003,3.0125899661465034,1.6939760520220144,9.021162766097666,0.0,0,0.14642365093795373,0.0,0,0
LTU,2015,,,24.449945640618996,9.565900974414994,7.854601928784033,1.7112990456309607,3.302343658474949,1.8497793976707149,3.0125899661465034,1.6939760520220144,9.021162766097666,0.0,0,0.022385813573082114,0.0,0,0
LTU,2016,,,24.483785471049387,9.611413870001764,7.913908812616166,1.697505057385598,3.0524912734959906,1.710425523847377,3.0125899661465034,1.6939760520220144,9.021162766097666,0.0,0,-0.22746657140587612,-0.0,0,0
LTU,2017,,,24.589386558937942,9.729143154911057,7.991629467194556,1.7375136877165014,3.2802529017214765,1.7756795656799609,3.0125899661465034,1.6939760520220144,9.021162766097666,0.0,0,0.0002950568196098402,0.0,0,0
LTU,2018,,,24.717086227827075,9.865122513103078,8.07785378233981,1.7872687307632678,3.242266315605122,1.6517363072427786,3.0125899661465034,1.6939760520220144,9.021162766097666,0.0,0,-0.0376915292967448,-0.0,0,0
LTU,2019,,,24.732815948903443,9.883733438185496,8.143488417802308,1.7402450203831883,2.866227057007014,1.8923374901633523,3.0125899661465034,1.6939760520220144,9.021162766097666,0.0,0,-0.4137307878948526,-0.0,0,0
LTU,2020,,,24.77351984882636,9.924693499411738,8.170196839808145,1.7544966596035927,2.852185607676262,1.984267499357134,3.0125899661465034,1.6939760520220144,9.021162766097666,0.0,1,-0.42777223722560453,-0.42777223722560453,0,0
LTU,2021,,,24.929034976998086,10.080916614390878,8.21722085115122,1.863695763239658,3.07436163824582,2.2580608719032385,3.0125899661465034,1.6939760520220144,9.021162766097666,0.0,1,-0.20559620665604683,-0.20559620665604683,0,0
LTU,2022,,,24.98085796692474,10.12449171300562,8.330308705589859,1.7941830074157608,3.0727423950240094,2.2723590499600514,3.0125899661465034,1.6939760520220144,9.021162766097666,0.0,1,-0.20721544987785734,-0.20721544987785734,0,0
LTU,2023,,,25.109740235071396,10.239365534969316,8.371664569863713,1.8677009651056036,2.9038663997124963,2.3660489711974226,3.0125899661465034,1.6939760520220144,9.021162766097666,0.0,1,-0.37609144518937043,-0.37609144518937043,0,0
LTU,2024,,,25.17182827701607,10.295657242266136,8.458856187822017,1.8368010544441198,2.9352091780809375,2.4003507382950655,3.0125899661465034,1.6939760520220144,9.021162766097666,0.0,1,-0.3447486668209292,-0.3447486668209292,0,0
LUX,2006,,,24.482374320880673,11.416291389901325,6.694260831370928,4.722030558530396,3.7107072903441054,5.133550515236015,2.9464719804183455,1.5655587382642988,9.166600374222481,0.0,0,0.4307494454422387,0.0,1,0
LUX,2007,,,24.666543321013588,11.585016521569187,6.830485755686894,4.7545307658822935,3.3392163461337354,5.177926150160194,2.9464719804183455,1.5655587382642988,9.166600374222481,0.0,0,0.05925850123186871,0.0,1,0
LUX,2008,,,24.79816043060687,11.698758664839888,7.059473251657147,4.639285413182741,3.2464884072344162,5.251979912889802,2.9464719804183455,1.5655587382642988,9.166600374222481,0.0,0,-0.033469437667450475,-0.0,1,0
LUX,2009,,,24.72086617306637,11.60294665499502,7.1116505738887605,4.491296081106259,3.190291757519133,5.308270988231196,2.9464719804183455,1.5655587382642988,9.166600374222481,0.0,0,-0.08966608738273374,-0.0,1,0
LUX,2010,,,24.75243142387136,11.616257847764778,7.428429341939105,4.1878285058256735,3.398453821741697,5.6334141685661985,2.9464719804183455,1.5655587382642988,9.166600374222481,0.0,0,0.11849597683983015,0.0,1,0
LUX,2011,,,24.845489495802294,11.68708931466304,7.576058919459159,4.111030395203882,3.70243394796238,5.597743682313013,2.9464719804183455,1.5655587382642988,9.166600374222481,0.0,0,0.4224761030605131,0.0,1,0
LUX,2012,,,24.813876495608227,11.631460895470681,7.689424962620857,3.9420359328498247,3.766881047878348,5.607863384960907,2.9464719804183455,1.5655587382642988,9.166600374222481,0.0,0,0.4869232029764814,0.0,1,0
LUX,2013,,,24.900775557177386,11.69524819451232,7.766212370634288,3.9290358238780323,3.685629817123918,5.386515334280154,2.9464719804183455,1.5655587382642988,9.166600374222481,0.0,0,0.4056719722220512,0.0,1,0
LUX,2014,,,24.954539558429243,11.72544240871577,7.8424298457105515,3.8830125630052184,3.5750962664718795,4.935379277805773,2.9464719804183455,1.5655587382642988,9.166600374222481,0.0,0,0.2951384215700128,0.0,1,0
LUX,2015,,,24.81880275829471,11.566106096767557,7.854601928784033,3.7115041679835237,3.707606270148142,4.764198176609454,2.9464719804183455,1.5655587382642988,9.166600374222481,0.0,0,0.4276484252462751,0.0,1,0
LUX,2016,,,24.853892269881555,11.57964248847448,7.913908812616166,3.6657336758583146,3.930253565523746,4.60372527232936,2.9464719804183455,1.5655587382642988,9.166600374222481,0.0,0,0.6502957206218793,0.0,1,0
LUX,2017,,,24.908550138602056,11.609990593017372,7.991629467194556,3.6183611258228163,4.035700436809214,4.748031294198376,2.9464719804183455,1.5655587382642988,9.166600374222481,0.0,0,0.7557425919073473,0.0,1,0
LUX,2018,,,24.9871509521163,11.669303031391737,8.07785378233981,3.5914492490519265,3.7348194748889836,4.87483811548835,2.9464719804183455,1.5655587382642988,9.166600374222481,0.0,0,0.4548616299871169,0.0,1,0
LUX,2019,,,24.96993133623195,11.632454966308753,8.143488417802308,3.488966548506445,3.75016750129096,4.711509865579503,2.9464719804183455,1.5655587382642988,9.166600374222481,0.0,0,0.4702096563890934,0.0,1,0
LUX,2020,,,25.022872113851793,11.66873215718627,8.170196839808145,3.498535317378124,3.9754991305817313,4.6846814667111945,2.9464719804183455,1.5655587382642988,9.166600374222481,0.0,1,0.6955412856798646,0.6955412856798646,1,0
LUX,2021,,,25.1821002567444,11.812776806408214,8.21722085115122,3.5955559552569945,3.60712940941329,4.566722450345475,2.9464719804183455,1.5655587382642988,9.166600374222481,0.0,1,0.32717156451142326,0.32717156451142326,1,0
LUX,2022,,,25.115263599249953,11.72577346989249,8.330308705589859,3.3954647643026306,3.3772745267007527,4.607473670367564,2.9464719804183455,1.5655587382642988,9.166600374222481,0.0,1,0.09731668179888597,0.09731668179888597,1,0
LUX,2023,,,25.209527271215663,11.79983688438697,8.371664569863713,3.428172314523257,3.6199206869790346,4.737887275932645,2.9464719804183455,1.5655587382642988,9.166600374222481,0.0,1,0.33996284207716787,0.33996284207716787,1,0
LUX,2024,,,25.258869971462065,11.83342569446625,8.458856187822017,3.3745695066442334,3.3499379668913103,4.504732489629219,2.9464719804183455,1.5655587382642988,9.166600374222481,0.0,1,0.06998012198944359,0.06998012198944359,1,0
LVA,2006,,,23.74051114907671,9.12823375932021,6.694260831370928,2.4339729279492817,2.889203925885131,1.6558144564389645,3.4909764092565125,1.9921693519722756,9.0176359391949,0.0,0,-0.39075391901673573,-0.0,0,0
LVA,2007,,,24.104957521646313,9.500841886955644,6.830485755686894,2.6703561312687505,2.8957883430735394,1.5448637173059068,3.4909764092565125,1.9921693519722756,9.0176359391949,0.0,0,-0.3841695018283273,-0.0,0,0
LVA,2008,,,24.2535949760081,9.659988736761173,7.059473251657147,2.600515485104026,3.298707179098733,1.4798944909057283,3.4909764092565125,1.9921693519722756,9.0176359391949,0.0,0,0.018749334196866307,0.0,0,0
LVA,2009,,,23.969427219747843,9.392331230176826,7.1116505738887605,2.280680656288065,3.3413235403784354,1.5834288076535694,3.4909764092565125,1.9921693519722756,9.0176359391949,0.0,0,0.06136569547656867,0.0,0,0
LVA,2010,,,23.878917458335994,9.322634519663787,7.428429341939105,1.8942051777246816,3.21037343522031,1.8063134230686897,3.4909764092565125,1.9921693519722756,9.0176359391949,0.0,0,-0.06958440968155655,-0.0,0,0
LVA,2011,,,24.00325737811428,9.465182109462873,7.576058919459159,1.8891231900037138,3.2562972070918637,1.5792206243876876,3.4909764092565125,1.9921693519722756,9.0176359391949,0.0,0,-0.02366063781000305,-0.0,0,0
LVA,2012,,,24.023395326396148,9.49772364927767,7.689424962620857,1.8082986866568138,3.14202256523475,1.618658592370896,3.4909764092565125,1.9921693519722756,9.0176359391949,0.0,0,-0.13793527966711672,-0.0,0,0
LVA,2013,,,24.0957937545512,9.580832425465623,7.766212370634288,1.8146200548313347,2.9192372935643536,1.623546874404693,3.4909764092565125,1.9921693519722756,9.0176359391949,0.0,0,-0.36072055133751313,-0.0,0,0
LVA,2014,,,24.133660915393058,9.62811701984983,7.8424298457105515,1.7856871741392784,3.160680780278304,1.6535043066312083,3.4909764092565125,1.9921693519722756,9.0176359391949,0.0,0,-0.1192770646235628,-0.0,0,0
LVA,2015,,,23.994527862084727,9.49717022995096,7.854601928784033,1.6425683011669268,3.080666560665178,1.4424376048575087,3.4909764092565125,1.9921693519722756,9.0176359391949,0.0,0,-0.19929128423668852,-0.0,0,0
LVA,2016,,,24.023430548727507,9.535211769916,7.913908812616166,1.621302957299834,3.1796508998995687,1.3229049695136705,3.4909764092565125,1.9921693519722756,9.0176359391949,0.0,0,-0.10030694500229798,-0.0,0,0
LVA,2017,,,24.10395637550311,9.624599752424531,7.991629467194556,1.632970285229976,3.3307999125859284,1.449826595765262,3.4909764092565125,1.9921693519722756,9.0176359391949,0.0,0,0.05084206768406174,0.0,0,0
LVA,2018,,,24.227258511214014,9.75569327209736,8.07785378233981,1.6778394897575506,3.1901285054545623,1.4402913153276,3.4909764092565125,1.9921693519722756,9.0176359391949,0.0,0,-0.08982933944730442,-0.0,0,0
LVA,2019,,,24.222784132837887,9.758171285122588,8.143488417802308,1.6146828673202798,3.0014797093125134,1.613412845296607,3.4909764092565125,1.9921693519722756,9.0176359391949,0.0,0,-0.2784781355893533,-0.0,0,0
LVA,2020,,,24.23122058125967,9.773619849251702,8.170196839808145,1.6034230094435564,2.9335889188911173,1.6869684462435457,3.4909764092565125,1.9921693519722756,9.0176359391949,0.0,1,-0.3463689260107494,-0.3463689260107494,0,0
LVA,2021,,,24.365664785678888,9.91649700045097,8.21722085115122,1.6992761492997506,3.1059593637301472,1.9164923381872285,3.4909764092565125,1.9921693519722756,9.0176359391949,0.0,1,-0.17399848117171945,-0.17399848117171945,0,0
LVA,2022,,,24.360936164417716,9.914482074967557,8.330308705589859,1.584173369377698,2.946749937138202,1.874475755684527,3.4909764092565125,1.9921693519722756,9.0176359391949,0.0,1,-0.3332079077636645,-0.3332079077636645,0,0
LVA,2023,,,24.479326043510465,10.030572249053284,8.371664569863713,1.6589076791895714,2.888520739517041,1.9142987298051815,3.4909764092565125,1.9921693519722756,9.0176359391949,0.0,1,-0.39143710538482557,-0.39143710538482557,0,0
LVA,2024,,,24.50748444800424,10.068110337518275,8.458856187822017,1.609254149696259,3.13910638236945,1.9582200772712663,3.4909764092565125,1.9921693519722756,9.0176359391949,0.0,1,-0.14085146253241687,-0.14085146253241687,0,0
MAC,2006,,,23.422887194401703,10.302726240552571,6.694260831370928,3.608465409181643,2.5644493995986513,1.6266306625866347,,,,0.0,0,-0.7155084453032154,-0.0,1,0
MAC,2007,,,23.637787057916476,10.474473694183194,6.830485755686894,3.6439879384963003,3.0297616935606606,1.0906505119671983,,,,0.0,0,-0.2501961513412061,-0.0,1,0
MAC,2008,,,23.76907403499547,10.568454159625373,7.059473251657147,3.508980907968226,3.0535809355813006,1.140770962446349,,,,0.0,0,-0.2263769093205661,-0.0,1,0
MAC,2009,,,23.7954747913304,10.605452765452254,7.1116505738887605,3.4938021915634936,3.2726782348907353,1.9628691173284174,,,,0.0,0,-0.007279610011131421,-0.0,1,0
MAC,2010,,,24.064153001885128,10.870399628394125,7.428429341939105,3.44197028645502,3.3175585556840015,2.147151509554282,,,,0.0,0,0.03760071078213478,0.0,1,0
MAC,2011,,,24.330091114407598,11.113145094517321,7.576058919459159,3.537086175058162,3.3979726496184353,1.99624092214368,,,,0.0,0,0.11801480471656856,0.0,1,0
MAC,2012,,,24.48895240775086,11.239251781885336,7.689424962620857,3.5498268192644797,3.8459629546564087,1.3962744744043902,,,,0.0,0,0.566005109754542,0.0,1,0
MAC,2013,,,24.665995051146513,11.374902070467698,7.766212370634288,3.60868969983341,3.8916646152019823,1.404822797023643,,,,0.0,0,0.6117067703001156,0.0,1,0
MAC,2014,,,24.729334610607296,11.389121670349866,7.8424298457105515,3.546691824639314,3.7075670849792663,1.9610807124541367,,,,0.0,0,0.42760924007739964,0.0,1,0
MAC,2015,,,24.528607751877118,11.154863281747343,7.854601928784033,3.300261352963309,3.2918878576234816,1.8571515113617707,,,,0.0,0,0.011930012721614869,0.0,1,0
MAC,2016,,,24.529147317892185,11.140580899713198,7.913908812616166,3.2266720870970325,3.5429620574274177,1.8223939255671435,,,,0.0,0,0.26300421252555095,0.0,1,0
MAC,2017,,,24.64121183418897,11.258948765345309,7.991629467194556,3.2673192981507535,2.979071721192066,1.8917071489436792,,,,0.0,0,-0.30088612370980083,-0.0,1,0
MAC,2018,,,24.73198574449569,11.333658687593779,8.07785378233981,3.255804905253969,3.11997823387186,1.7723781252278143,,,,0.0,0,-0.1599796110300069,-0.0,1,0
MAC,2019,,,24.731056590496785,11.313042970991498,8.143488417802308,3.16955455318919,2.9053848748666256,1.4977769515797517,,,,0.0,0,-0.37457297003524115,-0.0,1,0
MAC,2020,,,23.953281944502436,10.515524056079792,8.170196839808145,2.345327216271647,2.6603578744005234,1.3992736838228659,,,,0.0,0,-0.6195999705013433,-0.0,1,0
MAC,2021,,,24.145374434766943,10.711856628725693,8.21722085115122,2.494635777574473,3.0022985356898264,1.289841474618748,,,,0.0,0,-0.2776593092120403,-0.0,1,0
MAC,2022,,,23.939309954205264,10.51344036900227,8.330308705589859,2.1831316634124107,3.0662794334233836,1.3335910623300478,,,,0.0,0,-0.2136784114784831,-0.0,1,0
MAC,2023,,,24.543753807891214,11.115671995549006,8.371664569863713,2.744007425685293,2.8178363203607577,1.375141677743968,,,,0.0,0,-0.462121524541109,-0.0,1,0
MAC,2024,,,24.62457685178339,11.184487280578905,8.458856187822017,2.7256310927568883,2.939066645987049,1.387034532064442,,,,0.0,0,-0.34089119891481756,-0.0,1,0
MAF,2006,,,,,6.694260831370928,,,,,,,,0,,,0,0
MAF,2007,,,,,6.830485755686894,,,,,,,,0,,,0,0
MAF,2008,,,,,7.059473251657147,,,,,,,,0,,,0,0
MAF,2009,,,,,7.1116505738887605,,,,,,,,0,,,0,0
MAF,2010,,,,,7.428429341939105,,,,,,,,0,,,0,0
MAF,2011,,,20.469502947445598,9.948966627656043,7.576058919459159,2.372907708196884,,,,,,,0,,,0,0
MAF,2012,,,,,7.689424962620857,,,,,,,,0,,,0,0
MAF,2013,,,,,7.766212370634288,,,,,,,,0,,,0,0
MAF,2014,,,20.46568864224347,9.934926653298104,7.8424298457105515,2.092496807587553,,,,,,,0,,,0,0
MAF,2015,,,,,7.854601928784033,,,,,,,,0,,,0,0
MAF,2016,,,,,7.913908812616166,,,,,,,,0,,,0,0
MAF,2017,,,,,7.991629467194556,,,,,,,,0,,,0,0
MAF,2018,,,,,8.07785378233981,,,,,,,,0,,,0,0
MAF,2019,,,20.295871077798996,9.853933006884759,8.143488417802308,1.7104445890824511,,,,,,,0,,,0,0
MAF,2020,,,,,8.170196839808145,,,,,,,,0,,,0,0
MAF,2021,,,20.291261040581468,9.983609225670225,8.21722085115122,1.7663883745190052,,,,,,,0,,,0,0
MAF,2022,,,,,8.330308705589859,,,,,,,,0,,,0,0
MAF,2023,,,,,8.371664569863713,,,,,,,,0,,,0,0
MAF,2024,,,,,8.458856187822017,,,,,,,,0,,,0,0
MAR,2006,,,25.052469366891152,7.798985181068225,6.694260831370928,1.104724349697297,1.9442797425202505,0.19741929396579097,3.6199193017498774,1.34835812328058,9.325267778646882,0.0,0,-1.3356781023816162,-0.0,0,0
MAR,2007,,,25.188575078456168,7.921385380461716,6.830485755686894,1.0908996247748224,1.607116883505851,0.1591090456575783,3.6199193017498774,1.34835812328058,9.325267778646882,0.0,0,-1.6728409613960158,-0.0,0,0
MAR,2008,,,25.346500934895825,8.065642397166595,7.059473251657147,1.006169145509448,1.7042756840130115,0.14206050212366678,3.6199193017498774,1.34835812328058,9.325267778646882,0.0,0,-1.5756821608888552,-0.0,0,0
MAR,2009,,,25.33991935873768,8.045456420522806,7.1116505738887605,0.9338058466340451,1.987215992221461,0.17830505739082844,3.6199193017498774,1.34835812328058,9.325267778646882,0.0,0,-1.2927418526804058,-0.0,0,0
MAR,2010,,,25.337052092506745,8.028776387887254,7.428429341939105,0.6003470459481486,1.896892860958965,0.2461585950055882,3.6199193017498774,1.34835812328058,9.325267778646882,0.0,0,-1.3830649839429017,-0.0,0,0
MAR,2011,,,25.42447894632916,8.10228022336322,7.576058919459159,0.5262213039040606,2.076995483340971,0.21518741484853807,3.6199193017498774,1.34835812328058,9.325267778646882,0.0,0,-1.2029623615608958,-0.0,0,0
MAR,2012,,,25.395509381572055,8.059648346943582,7.689424962620857,0.37022338432272583,2.276849616339619,0.256680225157429,3.6199193017498774,1.34835812328058,9.325267778646882,0.0,0,-1.003108228562248,-0.0,0,0
MAR,2013,,,25.474605975349625,8.125554998626152,7.766212370634288,0.3593426279918637,2.1817306219230836,0.22664838364433035,3.6199193017498774,1.34835812328058,9.325267778646882,0.0,0,-1.098227222978783,-0.0,0,0
MAR,2014,,,25.50348823370314,8.141890678692528,7.8424298457105515,0.29946083298197657,2.570801097111484,0.14831734128089472,3.6199193017498774,1.34835812328058,9.325267778646882,0.0,0,-0.7091567477903826,-0.0,0,0
MAR,2015,,,25.427501178906994,8.05396584807324,7.854601928784033,0.1993639192892065,2.480154953627375,0.13746469688029614,3.6199193017498774,1.34835812328058,9.325267778646882,0.0,0,-0.7998028912744917,-0.0,0,0
MAR,2016,,,25.437944447157278,8.052250484073712,7.913908812616166,0.13834167145754606,2.364294453967394,0.15881384571726911,3.6199193017498774,1.34835812328058,9.325267778646882,0.0,0,-0.9156633909344727,-0.0,0,0
MAR,2017,,,25.4985211302089,8.100624651121448,7.991629467194556,0.10899518392689256,2.5722871752930323,0.1853681576496379,3.6199193017498774,1.34835812328058,9.325267778646882,0.0,0,-0.7076706696088344,-0.0,0,0
MAR,2018,,,25.570135523445508,8.161003272133136,8.07785378233981,0.08314948979332648,1.8810667408031498,0.09603146168161118,3.6199193017498774,1.34835812328058,9.325267778646882,0.0,0,-1.3988911040987169,-0.0,0,0
MAR,2019,,,25.58245996036264,8.162829191260244,8.143488417802308,0.01934077345793561,1.7743262706008678,0.10472932691540172,3.6199193017498774,1.34835812328058,9.325267778646882,0.0,0,-1.505631574300999,-0.0,0,0
MAR,2020,,,25.521974806221625,8.091942719534753,8.170196839808145,0.0782541202733924,1.7314728866596445,0.11710235973204057,3.6199193017498774,1.34835812328058,9.325267778646882,0.0,0,-1.5484849582422222,-0.0,0,0
MAR,2021,,,25.679248223661162,8.239048501014024,8.21722085115122,0.02182764986280361,1.9479424351855028,0.12635465557193176,3.6199193017498774,1.34835812328058,9.325267778646882,0.0,0,-1.332015409716364,-0.0,0,0
MAR,2022,,,25.600334025814615,8.149930305469434,8.330308705589859,0.18037840012042494,1.9601632439539565,0.136827665145761,3.6199193017498774,1.34835812328058,9.325267778646882,0.0,0,-1.3197946009479102,-0.0,0,0
MAR,2023,,,25.707119644997316,8.246361962453351,8.371664569863713,0.1253026074103616,2.114143897889566,0.15160280632865722,3.6199193017498774,1.34835812328058,9.325267778646882,0.0,0,-1.1658139470123006,-0.0,0,0
MAR,2024,,,25.80225109224765,8.331633036645623,8.458856187822017,0.12722315117639305,2.0526145114428154,0.13444471528113042,3.6199193017498774,1.34835812328058,9.325267778646882,0.0,0,-1.2273433334590513,-0.0,0,0
MCO,2006,,,22.246454568151762,11.87118372091431,6.694260831370928,5.176922889543381,,,,,,,0,,,1,0
MCO,2007,,,22.494105938262205,12.125721523848501,6.830485755686894,5.295235768161607,,,,,,,0,,,1,0
MCO,2008,,,22.595521035076562,12.227168031150823,7.059473251657147,5.167694779493676,,,,,,,0,,,1,0
MCO,2009,,,22.42334514327588,12.03854317034815,7.1116505738887605,4.92689259645939,,,,,,,0,,,1,0
MCO,2010,,,22.40363957158234,11.994449495978989,7.428429341939105,4.566020154039884,,,,,,,0,,,1,0
MCO,2011,,,22.52969889839623,12.097172592674754,7.576058919459159,4.521113673215595,,,,,,,0,,,1,0
MCO,2012,,,22.471203748979306,12.016391830397309,7.689424962620857,4.326966867776452,,,,,,,0,,,1,0
MCO,2013,,,22.603584055605282,12.127790153460143,7.766212370634288,4.361577782825855,,,,,,,0,,,1,0
MCO,2014,,,22.67912850553153,12.184305038582144,7.8424298457105515,4.341875192871592,,,,,,,0,,,1,0
MCO,2015,,,22.55820509261749,12.046121129924316,7.854601928784033,4.191519201140283,2.551732668833129,3.311534825307047,,,,,0,-0.7282251760687375,-0.0,1,0
MCO,2016,,,22.590640947078914,12.06453598017337,7.913908812616166,4.150627167557204,2.6317719222120837,3.1853145829593488,,,,,0,-0.648185922689783,-0.0,1,0
MCO,2017,,,22.58428053373456,12.047448885009238,7.991629467194556,4.055819417814683,2.547405057697404,3.476736314897623,,,,,0,-0.7325527872044626,-0.0,1,0
MCO,2018,,,22.69516904329421,12.145783162798752,8.07785378233981,4.067929380458942,2.7369737738837556,3.639528162793621,,,,,0,-0.5429840710181111,-0.0,1,0
MCO,2019,,,22.722512822782203,12.174307069090629,8.143488417802308,4.030818651288321,2.7089465089222973,3.485601476785065,,,,,0,-0.5710113359795694,-0.0,1,0
MCO,2020,,,22.62994992426983,12.08329356098,8.170196839808145,3.913096721171854,2.639095245952121,2.90441394840221,,,,,0,-0.6408625989497456,-0.0,1,0
MCO,2021,,,22.87772687492694,12.31861230174479,8.21722085115122,4.101391450593571,2.5983123129663337,2.904418445603517,,,,,0,-0.681645531935533,-0.0,1,0
MCO,2022,,,22.898066736054904,12.328520608649567,8.330308705589859,3.9982119030597083,2.6813514669374965,2.9699444461803375,,,,,0,-0.5986063779643702,-0.0,1,0
MCO,2023,,,23.026240588131504,12.456052505050419,8.371664569863713,4.084387935186706,2.670928065184232,3.0077591219044195,,,,,0,-0.6090297797176345,-0.0,1,0
MCO,2024,,,23.132531569296738,12.57072122735485,8.458856187822017,4.111865039532834,2.951108261336645,3.1059317879696544,,,,,0,-0.32884958356522187,-0.0,1,0
MDA,2006,,,21.949466399251975,7.075829839607036,6.694260831370928,0.3815690082361076,2.8527127078004644,0.34619279374610284,,,8.982577040893293,0.0,0,-0.42724513710140233,-0.0,0,0
MDA,2007,,,22.20513696777276,7.333817591376545,6.830485755686894,0.503331835689651,2.5961400567002673,0.30437645824546916,,,8.982577040893293,0.0,0,-0.6838177882015994,-0.0,0,0
MDA,2008,,,22.524121187641224,7.654705302806896,7.059473251657147,0.5952320511497486,2.8250517223696203,0.32997799777182096,,,8.982577040893293,0.0,0,-0.4549061225322464,-0.0,0,0
MDA,2009,,,22.41694089824989,7.548787647332669,7.1116505738887605,0.4371370734439086,3.014668331800982,0.3439991732605085,,,8.982577040893293,0.0,0,-0.26528951310088456,-0.0,0,0
MDA,2010,,,22.665595636994954,7.798440715817901,7.428429341939105,0.37001137387879623,3.02150174948101,0.4452429299901894,,,8.982577040893293,0.0,0,-0.2584560954208568,-0.0,0,0
MDA,2011,,,22.853204658712173,7.986628100183914,7.576058919459159,0.4105691807247549,3.2202831788921826,0.4648351778481483,,,8.982577040893293,0.0,0,-0.059674666009684074,-0.0,0,0
MDA,2012,,,22.88763872910067,8.021193266007801,7.689424962620857,0.3317683033869443,3.15884935203164,0.42512920260441495,,,8.982577040893293,0.0,0,-0.12110849287022685,-0.0,0,0
MDA,2013,,,22.974212089071155,8.108034463673045,7.766212370634288,0.34182209303875677,3.086154151579012,0.37317041704836806,,,8.982577040893293,0.0,0,-0.19380369332285463,-0.0,0,0
MDA,2014,,,22.96419785658411,8.098629951788102,7.8424298457105515,0.25620010607755006,3.592608034969663,0.4205732395450967,,,8.982577040893293,0.0,0,0.31265019006779626,0.0,0,0
MDA,2015,,,22.777090448567215,7.9191930393679435,7.854601928784033,0.0645911105839101,3.406651413791663,0.39368595001510637,,,8.982577040893293,0.0,0,0.1266935688897961,0.0,0,0
MDA,2016,,,22.800319163581417,7.9540519781619174,7.913908812616166,0.04014316554575181,3.3679191773831803,0.39733838691682477,,,8.982577040893293,0.0,0,0.08796133248131355,0.0,0,0
MDA,2017,,,22.97607269949627,8.147076098739332,7.991629467194556,0.155446631544776,3.2577626500708172,0.3706183549407427,,,8.982577040893293,0.0,0,-0.02219519483104948,-0.0,0,0
MDA,2018,,,23.143843136686137,8.332416580136679,8.07785378233981,0.2545627977968685,2.9070544720556937,0.27701899459322554,,,8.982577040893293,0.0,0,-0.37290337284617303,-0.0,0,0
MDA,2019,,,23.185994790843637,8.390571399652002,8.143488417802308,0.2470829818496938,2.890073195645892,0.2733013432217763,,,8.982577040893293,0.0,0,-0.38988464925597466,-0.0,0,0
MDA,2020,,,23.168282890247472,8.383839815643466,8.170196839808145,0.21364297583532021,3.000577604474153,0.3239419324174188,,,8.982577040893293,0.0,0,-0.2793802404277139,-0.0,0,0
MDA,2021,,,23.340068009225163,8.570659229856147,8.21722085115122,0.35343837870492756,3.10524527808341,0.3248914399572126,,,8.982577040893293,0.0,0,-0.1747125668184566,-0.0,0,0
MDA,2022,,,23.39916037684828,8.655962673525478,8.330308705589859,0.32565396793561874,3.040285990013161,0.3708819908531176,,,8.982577040893293,0.0,0,-0.23967185488870557,-0.0,0,0
MDA,2023,,,23.53938728113564,8.824616999081748,8.371664569863713,0.45295242921803514,3.079210940605437,0.43115842609042326,,,8.982577040893293,0.0,0,-0.20074690429642983,-0.0,0,0
MDA,2024,,,23.62506330218083,8.933123634834201,8.458856187822017,0.4742674470121848,3.1614334268932156,0.4445944253780792,,,8.982577040893293,0.0,0,-0.1185244180086511,-0.0,0,0
MDG,2006,,,22.57889367952301,5.7811967306138765,6.694260831370928,0.9130641007570519,2.8377501192147667,0.3349484454640452,,,8.921092674573012,0.0,0,-0.4422077256871,-0.0,0,0
MDG,2007,,,22.866224388696356,6.039177944705316,6.830485755686894,0.7913078109815777,2.581732313761742,0.3365445355934768,,,8.921092674573012,0.0,0,-0.6982255311401246,-0.0,0,0
MDG,2008,,,23.095856143044465,6.23945640632253,7.059473251657147,0.8200168453346173,2.375448120937776,0.24874826162105335,,,8.921092674573012,0.0,0,-0.9045097239640909,-0.0,0,0
MDG,2009,,,22.986785663286284,6.101025514835874,7.1116505738887605,1.0106250590528862,2.4249875483968997,0.23420467205491494,,,8.921092674573012,0.0,0,-0.854970296504967,-0.0,0,0
MDG,2010,,,23.02412056753358,6.109268452870419,7.428429341939105,1.3191608890686863,3.1691418431158005,0.39106523143741234,,,8.921092674573012,0.0,0,-0.11081600178606621,-0.0,0,0
MDG,2011,,,23.170108804178742,6.226860118077619,7.576058919459159,1.3491988013815401,2.888381259361629,0.27210317228268815,,,8.921092674573012,0.0,0,-0.3915765855402378,-0.0,0,0
MDG,2012,,,23.172456795843154,6.2015454784844,7.689424962620857,1.4878794841364567,2.8320419393951086,0.2416049012955871,,,8.921092674573012,0.0,0,-0.4479159055067581,-0.0,0,0
MDG,2013,,,23.24286014103426,6.244752339672197,7.766212370634288,1.521460030962091,2.5654437875454295,0.2624500887212946,,,8.921092674573012,0.0,0,-0.7145140573564372,-0.0,0,0
MDG,2014,,,23.250829388720085,6.22591379254048,7.8424298457105515,1.6165160531700717,3.145618105923348,0.41983111878940343,,,8.921092674573012,0.0,0,-0.13433973897851859,-0.0,0,0
MDG,2015,,,23.15010372052902,6.098793280884405,7.854601928784033,1.7558086478996282,2.9746036859009837,0.4446739683936058,,,8.921092674573012,0.0,0,-0.30535415900088303,-0.0,0,0
MDG,2016,,,23.195476723714425,6.118032690503652,7.913908812616166,1.7958761221125137,2.7816481017586323,0.38154875304366315,,,8.921092674573012,0.0,0,-0.4983097431432344,-0.0,0,0
MDG,2017,,,23.3016866298991,6.198208047179571,7.991629467194556,1.793421420014985,2.8429963508229004,0.4345690527521781,,,8.921092674573012,0.0,0,-0.43696149407896634,-0.0,0,0
MDG,2018,,,23.34503408821994,6.215522051697948,8.07785378233981,1.8623317306418619,2.8612961964689068,0.4733362183355352,,,8.921092674573012,0.0,0,-0.41866164843295994,-0.0,0,0
MDG,2019,,,23.36977140788179,6.214245708011786,8.143488417802308,1.9292427097905218,2.916255990556462,0.4665689813725677,,,8.921092674573012,0.0,0,-0.3637018543454049,-0.0,0,0
MDG,2020,,,23.29216440170957,6.110960814799804,8.170196839808145,2.0592360250083415,3.087661027464458,0.5323806890375086,,,8.921092674573012,0.0,0,-0.19229681743740867,-0.0,0,0
MDG,2021,,,23.38734547840682,6.180988155403887,8.21722085115122,2.0362326957473327,3.017073437031767,0.4697214542846897,,,8.921092674573012,0.0,0,-0.2628844078700996,-0.0,0,0
MDG,2022,,,23.45387164354778,6.222693536927584,8.330308705589859,2.1076151686622753,3.014350277276995,0.48716292494113594,,,8.921092674573012,0.0,0,-0.2656075676248717,-0.0,0,0
MDG,2023,,,23.498146179901333,6.242347920237822,8.371664569863713,2.129316649625891,2.8311372731968403,0.5307389231167777,,,8.921092674573012,0.0,0,-0.4488205717050264,-0.0,0,0
MDG,2024,,,23.590757422874344,6.310606687197878,8.458856187822017,2.1482495006241384,2.540852215925628,0.3957929048990023,,,8.921092674573012,0.0,0,-0.7391056289762385,-0.0,0,0
MDV,2006,,,21.17764833327354,8.520974703297478,6.694260831370928,1.8267138719265494,1.3846239881192537,0.17740774877748833,,,8.265567343220612,0.0,0,-1.895333856782613,-0.0,0,0
MDV,2007,,,21.348339434560703,8.658363336474594,6.830485755686894,1.8278775807876997,2.414552365276587,0.15949741744328125,,,8.265567343220612,0.0,0,-0.8654054796252799,-0.0,0,0
MDV,2008,,,21.54377059834581,8.818398334970267,7.059473251657147,1.7589250833131196,2.577788491720989,0.25211292456296436,,,8.265567343220612,0.0,0,-0.7021693531808779,-0.0,0,0
MDV,2009,,,21.575676977207912,8.814929300633485,7.1116505738887605,1.703278726744725,2.754827593289406,0.37353651220140316,,,8.265567343220612,0.0,0,-0.5251302516124605,-0.0,0,0
MDV,2010,,,21.674219238584875,8.878162344609096,7.428429341939105,1.4497330026699915,2.660112733963767,0.40935426962182414,,,8.265567343220612,0.0,0,-0.6198451109380998,-0.0,0,0
MDV,2011,,,21.743682408997923,8.912543370469788,7.576058919459159,1.3364844510106284,2.7234907403404582,0.3219953399492205,,,8.265567343220612,0.0,0,-0.5564671045614085,-0.0,0,0
MDV,2012,,,21.78319412077207,8.917484543616192,7.689424962620857,1.2280595809953354,2.4807047855038866,0.2607576335363129,,,8.265567343220612,0.0,0,-0.7992530593979801,-0.0,0,0
MDV,2013,,,21.915674808387415,9.016279997608006,7.766212370634288,1.2500676269737179,2.428425516502585,0.17456539085654366,,,8.265567343220612,0.0,0,-0.8515323283992817,-0.0,0,0
MDV,2014,,,22.030883005768917,9.098187301922739,7.8424298457105515,1.2557574562121872,2.473246573540016,0.18321227357262573,,,8.265567343220612,0.0,0,-0.8067112713618507,-0.0,0,0
MDV,2015,,,22.141423459294906,9.174185236364064,7.854601928784033,1.3195833075800305,2.1592353832835594,0.10814205614852962,,,8.265567343220612,0.0,0,-1.1207224616183074,-0.0,0,0
MDV,2016,,,22.207127515856897,9.205107448816927,7.913908812616166,1.291198636200761,2.248480746172741,0.11421491638962916,,,8.265567343220612,0.0,0,-1.0314770987291255,-0.0,0,0
MDV,2017,,,22.295298049451812,9.26004714505624,7.991629467194556,1.2684176778616836,2.2794351156095756,0.14791294013382025,,,8.265567343220612,0.0,0,-1.0005227292922911,-0.0,0,0
MDV,2018,,,22.410468941674278,9.343408993775306,8.07785378233981,1.2655552114354958,2.312254693235331,0.13933074142330415,,,8.265567343220612,0.0,0,-0.9677031516665355,-0.0,0,0
MDV,2019,,,22.468299599436577,9.370780296092331,8.143488417802308,1.227291878290023,2.477799982224085,0.16470054068380846,,,8.265567343220612,0.0,0,-0.8021578626777819,-0.0,0,0
MDV,2020,,,22.03499951128226,8.908409080469653,8.170196839808145,0.7382122406615075,2.5724086452229957,0.2279421418470278,,,8.265567343220612,0.0,0,-0.707549199678871,-0.0,0,0
MDV,2021,,,22.38196187443006,9.22780142488118,8.21722085115122,1.0105805737299605,1.9877122795982318,0.21354306711806534,,,8.265567343220612,0.0,0,-1.2922455653036349,-0.0,0,0
MDV,2022,,,22.54411852306773,9.374669290146098,8.330308705589859,1.0443605845562391,1.9707908242694985,0.2020640483697841,,,8.265567343220612,0.0,0,-1.3091670206323682,-0.0,0,0
MDV,2023,,,22.613513567486873,9.440468482676188,8.371664569863713,1.0688039128124753,2.054428666442034,0.21764807960212776,,,8.265567343220612,0.0,0,-1.2255291784598326,-0.0,0,0
MDV,2024,,,22.677938662403513,9.501467854011015,8.458856187822017,1.0426116661889981,1.9579169539264965,0.157236839866254,,,8.265567343220612,0.0,0,-1.3220408909753703,-0.0,0,0
MEX,2006,,,27.65108357013543,9.16037627312903,6.694260831370928,2.4661154417581015,3.2764701761837727,0.7431223282034459,4.181657317172542,2.9388277075592364,9.611740562824629,0.0,0,-0.003487668718094028,-0.0,0,0
MEX,2007,,,27.72847041970261,9.223684216853796,6.830485755686894,2.393198461166902,3.1919374843356927,0.6296178145723401,4.181657317172542,2.9388277075592364,9.611740562824629,0.0,0,-0.08802036056617402,-0.0,0,0
MEX,2008,,,27.78077941477409,9.261391648642624,7.059473251657147,2.2019183969854765,3.472325121461819,0.660056030702316,4.181657317172542,2.9388277075592364,9.611740562824629,0.0,0,0.19236727655995223,0.0,0,0
MEX,2009,,,27.57279586669918,9.038788928514341,7.1116505738887605,1.9271383546255807,3.6083273071080297,0.8035655190468324,4.181657317172542,2.9388277075592364,9.611740562824629,0.0,0,0.32836946220616303,0.0,0,0
MEX,2010,,,27.731250303599243,9.182845918157117,7.428429341939105,1.754416576218012,3.732589417012736,0.7724070897347156,4.181657317172542,2.9388277075592364,9.611740562824629,0.0,0,0.45263157211086913,0.0,0,0
MEX,2011,,,27.837233096504605,9.274675222677272,7.576058919459159,1.6986163032181132,3.858932757706562,0.6524775100898947,4.181657317172542,2.9388277075592364,9.611740562824629,0.0,0,0.5789749128046955,0.0,0,0
MEX,2012,,,27.858244672483703,9.282115165863992,7.689424962620857,1.5926902032431354,4.019431131815281,0.739450638283104,4.181657317172542,2.9388277075592364,9.611740562824629,0.0,0,0.7394732869134146,0.0,0,0
MEX,2013,,,27.914270596774703,9.325168009352465,7.766212370634288,1.558955638718177,3.9706660885906904,0.7012907712491615,4.181657317172542,2.9388277075592364,9.611740562824629,0.0,0,0.6907082436888237,0.0,0,0
MEX,2014,,,27.941814833135503,9.340611975416135,7.8424298457105515,1.498182129705583,3.9830452228315463,0.58163679037715,4.181657317172542,2.9388277075592364,9.611740562824629,0.0,0,0.7030873779296796,0.0,0,0
MEX,2015,,,27.82436047624257,9.21246198090763,7.854601928784033,1.3578600521235966,3.924954960889101,0.5009841212776779,4.181657317172542,2.9388277075592364,9.611740562824629,0.0,0,0.6449971159872341,0.0,0,0
MEX,2016,,,27.737391269437932,9.115801532054995,7.913908812616166,1.2018927194388294,4.179966001851828,0.5244526676341149,4.181657317172542,2.9388277075592364,9.611740562824629,0.0,0,0.9000081569499616,0.0,0,0
MEX,2017,,,27.805580521566714,9.174638390218783,7.991629467194556,1.1830089230242278,4.334357009397437,0.6287727370501218,4.181657317172542,2.9388277075592364,9.611740562824629,0.0,0,1.0543991644955706,0.0,0,0
MEX,2018,,,27.8591921546096,9.21878399971181,8.07785378233981,1.1409302173720004,4.526336074817411,0.5371677472578803,4.181657317172542,2.9388277075592364,9.611740562824629,0.0,0,1.246378229915544,0.0,0,0
MEX,2019,,,27.896539020906648,9.246629422710543,8.143488417802308,1.1031410049082346,4.560248006384338,0.5499704105064765,4.181657317172542,2.9388277075592364,9.611740562824629,0.0,1,1.2802901614824713,1.2802901614824713,0,0
MEX,2020,,,27.745300034592944,9.087185895221191,8.170196839808145,0.9169890554130458,4.491497233673488,0.5346913625274655,4.181657317172542,2.9388277075592364,9.611740562824629,0.0,1,1.2115393887716217,1.2115393887716217,0,0
MEX,2021,,,27.906050580790676,9.241262387665618,8.21722085115122,1.0240415365143978,4.63356310344352,0.47351699604460795,4.181657317172542,2.9388277075592364,9.611740562824629,0.0,1,1.3536052585416534,1.3536052585416534,0,0
MEX,2022,,,28.014196118014464,9.341876755003366,8.330308705589859,1.0115680494135066,4.620417634048333,0.44714883028680025,4.181657317172542,2.9388277075592364,9.611740562824629,0.0,1,1.340459789146466,1.340459789146466,0,0
MEX,2023,,,28.215697586808904,9.534656438622722,8.371664569863713,1.1629918687590095,4.433157032800651,0.44158354268355776,4.181657317172542,2.9388277075592364,9.611740562824629,0.0,1,1.153199187898784,1.153199187898784,0,0
MEX,2024,,,28.23560443015007,9.545958127526983,8.458856187822017,1.0871019397049668,4.445216526519427,0.4084146044088201,4.181657317172542,2.9388277075592364,9.611740562824629,0.0,1,1.1652586816175599,1.1652586816175599,0,0
MHL,2006,,,18.77975281249082,7.920907672916636,6.694260831370928,1.2266468415457075,6.215126008404787,1.5859343127799248,,,8.844369929877404,0.0,0,2.93516816350292,0.0,1,0
MHL,2007,,,18.829473642153204,7.969801794081246,6.830485755686894,1.1393160383943517,6.250568396210924,1.6595944616634848,,,8.844369929877404,0.0,0,2.9706105513090573,0.0,1,0
MHL,2008,,,18.803218347416824,7.943642593132476,7.059473251657147,0.8841693414753289,6.503391422631536,1.7221204755483939,,,8.844369929877404,0.0,0,3.223433577729669,0.0,1,0
MHL,2009,,,18.834114021709706,7.974749706267459,7.1116505738887605,0.8630991323786983,5.926656761162697,1.768935228410635,,,8.844369929877404,0.0,0,2.64669891626083,0.0,1,0
MHL,2010,,,18.897535848147204,8.037691054523835,7.428429341939105,0.6092617125847299,5.95388629405354,1.7492680955602695,,,8.844369929877404,0.0,0,2.6739284491516737,0.0,1,0
MHL,2011,,,18.96474770149816,8.10753876667981,7.576058919459159,0.5314798472206501,5.770718880833319,1.6463662216819317,,,8.844369929877404,0.0,0,2.490761035931452,0.0,1,0
MHL,2012,,,19.012348755562456,8.16458572261741,7.689424962620857,0.4751607599965535,5.776744598215018,1.6637643835629181,,,8.844369929877404,0.0,0,2.496786753313151,0.0,1,0
MHL,2013,,,19.043405460215766,8.210099094325791,7.766212370634288,0.44388672369150317,5.7816795065409226,1.651683190304383,,,8.844369929877404,0.0,0,2.501721661639056,0.0,1,0
MHL,2014,,,19.041257231677477,8.2255672931758,7.8424298457105515,0.38313744746524847,5.70447568579003,1.823721332054313,,,8.844369929877404,0.0,0,2.424517840888163,0.0,1,0
MHL,2015,,,19.028814550185356,8.233328958344115,7.854601928784033,0.378727029560082,5.082150391323072,1.5058685194229744,,,8.844369929877404,0.0,0,1.8021925464212054,0.0,1,0
MHL,2016,,,19.122787665883784,8.349912327559757,7.913908812616166,0.43600351494359124,5.1257499817374725,1.3169910808134808,,,8.844369929877404,0.0,0,1.8457921368356058,0.0,1,0
MHL,2017,,,19.180083720289375,8.432252667192481,7.991629467194556,0.4406231999979253,5.107034458902469,1.5406272500821947,,,8.844369929877404,0.0,0,1.8270766140006027,0.0,1,0
MHL,2018,,,19.209138104316636,8.488406973507587,8.07785378233981,0.4105531911677769,4.4895497571058165,1.3573880147638955,,,8.844369929877404,0.0,0,1.2095919122039498,0.0,1,0
MHL,2019,,,19.26611973485457,8.574015743698697,8.143488417802308,0.43052732589638865,4.515888426589846,1.3712388143012635,,,8.844369929877404,0.0,0,1.2359305816879789,0.0,1,0
MHL,2020,,,19.303621496144967,8.641526791577107,8.170196839808145,0.4713299517689613,4.690727109565474,1.1943491363874887,,,8.844369929877404,0.0,0,1.4107692646636072,0.0,1,0
MHL,2021,,,19.380971136214562,8.750732395704711,8.21722085115122,0.533511544553491,4.364046334851876,1.0898882327680328,,,8.844369929877404,0.0,0,1.0840884899500094,0.0,1,0
MHL,2022,,,19.371270481840096,8.772712599182173,8.330308705589859,0.4424038935923136,4.376075476561812,1.2184730211630102,,,8.844369929877404,0.0,0,1.0961176316599457,0.0,1,0
MHL,2023,,,19.39145966111059,8.824588501220203,8.371664569863713,0.4529239313564908,4.323561394313346,1.221175287758369,,,8.844369929877404,0.0,0,1.0436035494114795,0.0,1,0
MHL,2024,,,19.467999738232926,8.934624344776042,8.458856187822017,0.4757681569540253,4.007646285775416,1.3914414567659337,,,8.844369929877404,0.0,0,0.7276884408735493,0.0,1,0
MKD,2006,,,22.649152121518302,8.143354970576183,6.694260831370928,1.449094139205255,3.5105687729774027,0.6400596936367933,,,9.057857267638395,0.0,0,0.23061092807553596,0.0,0,0
MKD,2007,,,22.843906298948585,8.343818679208576,6.830485755686894,1.5133329235216824,3.0438513381818795,0.523378395680813,,,9.057857267638395,0.0,0,-0.23610650671998723,-0.0,0,0
MKD,2008,,,23.01676502125242,8.522463339554898,7.059473251657147,1.4629900878977509,2.9955367127029877,0.5184961461089947,,,9.057857267638395,0.0,0,-0.284421132198879,-0.0,0,0
MKD,2009,,,22.964160277817175,8.47632686834867,7.1116505738887605,1.3646762944599091,3.056920648830852,0.5354884275273367,,,9.057857267638395,0.0,0,-0.2230371960710147,-0.0,0,0
MKD,2010,,,22.964738035584745,8.483298370945421,7.428429341939105,1.0548690290063165,3.1445041856374014,0.40176860768192085,,,9.057857267638395,0.0,0,-0.1354536592644653,-0.0,0,0
MKD,2011,,,23.074129226713314,8.59727283305077,7.576058919459159,1.0212139135916107,2.923012789337136,0.35346207365519233,,,9.057857267638395,0.0,0,-0.35694505556473066,-0.0,0,0
MKD,2012,,,23.000046983356395,8.527109172890501,7.689424962620857,0.8376842102696447,3.1126640299024158,0.5418698423351572,,,9.057857267638395,0.0,0,-0.16729381499945095,-0.0,0,0
MKD,2013,,,23.104449735325616,8.635200407568773,7.766212370634288,0.8689880369344847,2.7808542744222033,0.4510365004701538,,,9.057857267638395,0.0,0,-0.49910357047966336,-0.0,0,0
MKD,2014,,,23.153563636415072,8.687001098427343,7.8424298457105515,0.8445712527167917,2.7040858780123913,0.36231793736595136,,,9.057857267638395,0.0,0,-0.5758719668894754,-0.0,0,0
MKD,2015,,,23.032282201166606,8.568396958460816,7.854601928784033,0.713795029676783,2.7909067815798068,0.24411880976092185,,,9.057857267638395,0.0,0,-0.48905106332205994,-0.0,0,0
MKD,2016,,,23.09093309139953,8.630251523427452,7.913908812616166,0.7163427108112863,3.2971020784104583,0.267577499722271,,,9.057857267638395,0.0,0,0.017144233508591622,0.0,0,0
MKD,2017,,,23.14869377157608,8.69203641947534,7.991629467194556,0.7004069522807841,3.3528324905128795,0.31679372169821174,,,9.057857267638395,0.0,0,0.07287464561101276,0.0,0,0
MKD,2018,,,23.26353372153205,8.811948577001,8.07785378233981,0.7340947946611909,3.3318387086081143,0.3620250481251082,,,9.057857267638395,0.0,0,0.05188086370624756,0.0,0,0
MKD,2019,,,23.257465575887853,8.81267351824232,8.143488417802308,0.6691851004400124,3.220698546911698,0.31219554096303687,,,9.057857267638395,0.0,0,-0.05925929799016849,-0.0,0,0
MKD,2020,,,23.237815178162734,8.803814177721337,8.170196839808145,0.6336173379131917,3.201244551412849,0.3698320027704091,,,9.057857267638395,0.0,0,-0.07871329348901757,-0.0,0,0
MKD,2021,,,23.36234343971441,8.93863701973987,8.21722085115122,0.7214161685886502,3.303055527397478,0.38818208521389147,,,9.057857267638395,0.0,0,0.023097682495611505,0.0,0,0
MKD,2022,,,23.357485523303808,8.936723916685809,8.330308705589859,0.6064152110959498,3.2750794986798053,0.4024744357442684,,,9.057857267638395,0.0,0,-0.004878346222061403,-0.0,0,0
MKD,2023,,,23.48675901919509,9.0681266497202,8.371664569863713,0.696462079856488,3.324881640678032,0.39405091201349723,,,9.057857267638395,0.0,0,0.04492379577616523,0.0,0,0
MKD,2024,,,23.553632911948373,9.136893661523073,8.458856187822017,0.6780374737010568,3.547369286256981,0.4359132340561593,,,9.057857267638395,0.0,0,0.2674114413551143,0.0,0,0
MLI,2006,,,22.828863255975293,6.374999973714653,6.694260831370928,0.31926085765627565,3.3671736490492834,0.49890734577384005,,,9.403933169016463,0.0,0,0.0872158041474167,0.0,0,0
MLI,2007,,,22.995293515837663,6.5085506257348165,6.830485755686894,0.3219351299520774,3.015117550114321,0.47504767268949627,,,9.403933169016463,0.0,0,-0.2648402947875459,-0.0,0,0
MLI,2008,,,23.162345875420236,6.642740796416966,7.059473251657147,0.4167324552401812,2.9701295948782587,0.43267847664534376,,,9.403933169016463,0.0,0,-0.30982825002360803,-0.0,0,0
MLI,2009,,,23.221024365804748,6.668841229861145,7.1116505738887605,0.44280934402761574,3.0523303898663112,0.40000918078143816,,,9.403933169016463,0.0,0,-0.22762745503555548,-0.0,0,0
MLI,2010,,,23.265713076200413,6.681044800165423,7.428429341939105,0.7473845417736822,3.2454665370998734,0.41595694019426066,,,9.403933169016463,0.0,0,-0.034491307801993276,-0.0,0,0
MLI,2011,,,23.461055522279175,6.8440621631403555,7.576058919459159,0.7319967563188037,3.750030496072424,0.4882910452364859,,,9.403933169016463,0.0,0,0.4700726511705571,0.0,0,0
MLI,2012,,,23.41756286880523,6.771369636818903,7.689424962620857,0.9180553258019533,4.609613767288042,0.8355308363953161,,,9.403933169016463,0.0,0,1.3296559223861757,0.0,0,0
MLI,2013,,,23.4799279438546,6.804526886122898,7.766212370634288,0.9616854845113902,4.197891218945347,0.6736634188810827,,,9.403933169016463,0.0,0,0.9179333740434799,0.0,0,0
MLI,2014,,,23.561272497815267,6.854264870910425,7.8424298457105515,0.9881649748001262,4.413734369703848,0.7941257660231736,,,9.403933169016463,0.0,0,1.133776524801981,0.0,0,0
MLI,2015,,,23.46945803949969,6.731161132497182,7.854601928784033,1.1234407962868511,4.410563297376578,0.7975259607656814,,,9.403933169016463,0.0,0,1.1306054524747116,0.0,0,0
MLI,2016,,,23.541293686316095,6.771326650186792,7.913908812616166,1.142582162429374,4.468771876986764,0.8572458160732396,,,9.403933169016463,0.0,0,1.1888140320848977,0.0,0,0
MLI,2017,,,23.630623734506894,6.8287743334396165,7.991629467194556,1.162855133754939,4.633374591375011,0.9757709519658913,,,9.403933169016463,0.0,0,1.3534167464731444,0.0,0,0
MLI,2018,,,23.737231633928168,6.904128000491313,8.07785378233981,1.1737257818484972,4.291021104440163,0.9312780242522943,,,9.403933169016463,0.0,0,1.0110632595382962,0.0,0,0
MLI,2019,,,23.742588744649716,6.879303661782198,8.143488417802308,1.2641847560201098,4.514724220044821,1.1874041166425646,,,9.403933169016463,0.0,0,1.234766375142954,0.0,0,0
MLI,2020,,,23.753330014935294,6.85986979592084,8.170196839808145,1.3103270438873054,4.587012206222848,1.2787214464965961,,,9.403933169016463,0.0,0,1.3070543613209815,0.0,0,0
MLI,2021,,,23.85872723767071,6.934663438998207,8.21722085115122,1.2825574121530128,4.732932431388027,1.4349006247115232,,,9.403933169016463,0.0,0,1.4529745864861607,0.0,0,0
MLI,2022,,,23.838556800693837,6.884398742760709,8.330308705589859,1.44590996282915,4.495030829847019,1.53713813806246,,,9.403933169016463,0.0,0,1.2150729849451527,0.0,0,0
MLI,2023,,,23.933219653231806,6.949321541536649,8.371664569863713,1.422343028327064,4.363556084950806,1.5701209270247318,,,9.403933169016463,0.0,0,1.0835982400489397,0.0,0,0
MLI,2024,,,24.010221943884407,6.996912323713942,8.458856187822017,1.4619438641080746,4.245760870215663,1.5220255437746646,,,9.403933169016463,0.0,0,0.9658030253137961,0.0,0,0
MLT,2006,,,22.63278446919505,9.720381918308119,6.694260831370928,3.0261210869371906,3.320608693592233,3.154498215057979,3.9245462468091876,2.3202853731177746,9.13804684502841,0.0,0,0.04065084869036628,0.0,1,0
MLT,2007,,,22.791192887309357,9.875302785598729,6.830485755686894,3.044817029911835,3.0367925809407335,3.1910972643987248,3.9245462468091876,2.3202853731177746,9.13804684502841,0.0,0,-0.24316526396113325,-0.0,1,0
MLT,2008,,,22.93946476541286,10.017068109096577,7.059473251657147,2.95759485743943,3.196171639181918,3.406067315283129,3.9245462468091876,2.3202853731177746,9.13804684502841,0.0,0,-0.08378620571994855,-0.0,1,0
MLT,2009,,,22.894590946384266,9.964655220757662,7.1116505738887605,2.853004646868901,3.240723757014098,3.1225048907871304,3.9245462468091876,2.3202853731177746,9.13804684502841,0.0,0,-0.03923408788776861,-0.0,1,0
MLT,2010,,,22.93121539567463,9.99636784194151,7.428429341939105,2.5679385000024046,3.2801892965113346,3.366105618716228,3.9245462468091876,2.3202853731177746,9.13804684502841,0.0,0,0.0002314516094679142,0.0,1,0
MLT,2011,,,23.00456223377034,10.065477671185269,7.576058919459159,2.4894187517261095,3.1101247515032786,2.8273624553210825,3.9245462468091876,2.3202853731177746,9.13804684502841,0.0,0,-0.1698330933985881,-0.0,1,0
MLT,2012,,,22.98602121574896,10.037944561044862,7.689424962620857,2.348519598424005,3.1796812673432755,2.998096102638092,3.9245462468091876,2.3202853731177746,9.13804684502841,0.0,0,-0.1002765775585912,-0.0,1,0
MLT,2013,,,23.102513859428353,10.143116570305917,7.766212370634288,2.376904199671629,3.118120682439066,2.9665608694194354,3.9245462468091876,2.3202853731177746,9.13804684502841,0.0,0,-0.16183716246280078,-0.0,1,0
MLT,2014,,,23.198797827576506,10.21919458263073,7.8424298457105515,2.376764736920178,3.0381430242876526,2.374301563621531,3.9245462468091876,2.3202853731177746,9.13804684502841,0.0,0,-0.2418148206142141,-0.0,1,0
MLT,2015,,,23.15167177178117,10.147596557588672,7.854601928784033,2.292994628804639,3.0089577569795276,2.191862793638664,3.9245462468091876,2.3202853731177746,9.13804684502841,0.0,0,-0.2710000879223391,-0.0,1,0
MLT,2016,,,23.2103182727291,10.18335407908983,7.913908812616166,2.2694452664736637,3.162583061438285,2.127542658687572,3.9245462468091876,2.3202853731177746,9.13804684502841,0.0,0,-0.11737478346358188,-0.0,1,0
MLT,2017,,,23.37378399672482,10.319472505101965,7.991629467194556,2.3278430379074093,3.1516724423156552,2.375779650114376,3.9245462468091876,2.3202853731177746,9.13804684502841,0.0,0,-0.12828540258621146,-0.0,1,0
MLT,2018,,,23.50542027504601,10.415780522655796,8.07785378233981,2.337926740315986,3.291847854668014,2.386837620579976,3.9245462468091876,2.3202853731177746,9.13804684502841,0.0,0,0.01189000976614718,0.0,1,0
MLT,2019,,,23.5167465977957,10.386589669161706,8.143488417802308,2.2431012513593984,3.140702950099048,1.8322013613611758,3.9245462468091876,2.3202853731177746,9.13804684502841,0.0,0,-0.13925489480281872,-0.0,1,0
MLT,2020,,,23.520831022198728,10.367957838589827,8.170196839808145,2.197760998781682,3.3803581140654675,1.9294864639312586,3.9245462468091876,2.3202853731177746,9.13804684502841,0.0,1,0.10040026916360079,0.10040026916360079,1,0
MLT,2021,,,23.705412189938905,10.547392135326545,8.21722085115122,2.330171284175325,3.147334312729971,1.7477267630513582,3.9245462468091876,2.3202853731177746,9.13804684502841,0.0,1,-0.1326235321718956,-0.1326235321718956,1,0
MLT,2022,,,23.664482215798348,10.481752132187898,8.330308705589859,2.151443426598039,3.1573723488304717,1.6565965865537533,3.9245462468091876,2.3202853731177746,9.13804684502841,0.0,1,-0.12258549607139502,-0.12258549607139502,1,0
MLT,2023,,,23.842335902147134,10.619680230850584,8.371664569863713,2.248015660986871,3.1190979379123567,1.640234366615551,3.9245462468091876,2.3202853731177746,9.13804684502841,0.0,1,-0.16085990698951003,-0.16085990698951003,1,0
MLT,2024,,,23.943848691662897,10.692481907506956,8.458856187822017,2.233625719684939,3.044577660619921,1.3549359592320716,3.9245462468091876,2.3202853731177746,9.13804684502841,0.0,1,-0.23538018428194585,-0.23538018428194585,1,0
MMR,2006,,,23.39759058878533,5.715365422952568,6.694260831370928,0.9788954084183601,1.9696777517813429,1.410554986670016,,,7.191357038266766,0.0,1,-1.3102800931205238,-1.3102800931205238,0,0
MMR,2007,,,23.728080613441975,6.038767369363658,6.830485755686894,0.791718386323236,2.0391530644055895,1.5355152267297727,,,7.191357038266766,0.0,1,-1.2408047804962772,-1.2408047804962772,0,0
MMR,2008,,,24.184697304628774,6.489877178310143,7.059473251657147,0.5695960733470038,1.9434812714757068,1.6168275452433063,,,7.191357038266766,0.0,1,-1.3364765734261599,-1.3364765734261599,0,0
MMR,2009,,,24.331644891058666,6.6312675629844895,7.1116505738887605,0.48038301090427105,2.2585836149966814,1.739581274560187,,,7.191357038266766,0.0,1,-1.0213742299051853,-1.0213742299051853,0,0
MMR,2010,,,24.62606267876715,6.918234354613274,7.428429341939105,0.5101949873258311,2.0191721571604444,0.8822351697326756,,,7.191357038266766,0.0,1,-1.2607856877414223,-1.2607856877414223,0,0
MMR,2011,,,24.817232429180034,7.10137031291203,7.576058919459159,0.4746886065471294,2.114230188557646,0.86024511718818,,,7.191357038266766,0.0,1,-1.1657276563442207,-1.1657276563442207,0,0
MMR,2012,,,24.816573138870265,7.092295951720546,7.689424962620857,0.5971290109003107,2.7290474121118637,0.9375834065678786,,,7.191357038266766,0.0,1,-0.550910432790003,-0.550910432790003,0,0
MMR,2013,,,24.822095871958123,7.089322898278754,7.766212370634288,0.6768894723555343,3.051863574593099,0.8407514561499578,,,7.191357038266766,0.0,1,-0.22809427030876783,-0.22809427030876783,0,0
MMR,2014,,,24.905794860320686,7.164720705907829,7.8424298457105515,0.6777091398027224,2.7146450773266246,0.8323622047593927,,,7.191357038266766,0.0,1,-0.5653127675752421,-0.5653127675752421,0,0
MMR,2015,,,24.811043725812443,7.0619628618732735,7.854601928784033,0.7926390669107599,2.9094837592692806,0.817647564933761,,,7.191357038266766,0.0,1,-0.3704740856325861,-0.3704740856325861,0,0
MMR,2016,,,24.871125288924688,7.114116499598659,7.913908812616166,0.7997923130175062,3.2385983144262345,0.679835861802153,,,7.191357038266766,0.0,1,-0.041359530475632234,-0.041359530475632234,0,0
MMR,2017,,,24.913723899906,7.148992090245294,7.991629467194556,0.8426373769492619,3.7969659816850565,0.7907125743247265,,,7.191357038266766,0.0,1,0.5170081367831898,0.5170081367831898,0,0
MMR,2018,,,24.94072020000947,7.168744061914515,8.07785378233981,0.9091097204252954,3.9815256854336103,0.7551192549387321,,,7.191357038266766,0.0,1,0.7015678405317436,0.7015678405317436,0,0
MMR,2019,,,25.04162165695241,7.262621267229979,8.143488417802308,0.8808671505723291,3.86242746748576,0.8703636156890711,,,7.191357038266766,0.0,1,0.5824696225838935,0.5824696225838935,0,0
MMR,2020,,,25.092791074307634,7.3066769155217015,8.170196839808145,0.863519924286444,4.230869561703476,0.9671410676624683,,,7.191357038266766,0.0,1,0.9509117168016092,0.9509117168016092,0,0
MMR,2021,,,24.918138625502593,7.1250588863271105,8.21722085115122,1.0921619648241094,4.305557677069335,1.7198689445202804,,,7.191357038266766,0.0,1,1.0255998321674684,1.0255998321674684,0,0
MMR,2022,,,24.85447336533434,7.054492878566212,8.330308705589859,1.2758158270236466,3.513881796082334,2.0037709648547444,,,7.191357038266766,0.0,1,0.23392395118046716,0.23392395118046716,0,0
MMR,2023,,,24.92433427003513,7.1173649893043835,8.371664569863713,1.254299580559329,3.319284397530123,2.0304042838959755,,,7.191357038266766,0.0,1,0.03932655262825646,0.03932655262825646,0,0
MMR,2024,,,25.02825414606923,7.214541216712384,8.458856187822017,1.2443149711096329,2.9975425148159807,2.0164535914408632,,,7.191357038266766,0.0,1,-0.28241533008588604,-0.28241533008588604,0,0
MNE,2006,,,21.723890318342427,8.394472121973475,6.694260831370928,1.7002112906025468,3.019135220201059,0.6145100379545826,,,,,0,-0.26082262470080764,-0.0,0,0
MNE,2007,,,22.026881184485283,8.696081884639023,6.830485755686894,1.865596128952129,2.4115141958713986,0.49956438777475837,,,,,0,-0.8684436490304681,-0.0,0,0
MNE,2008,,,22.240459076906347,8.907885018392882,7.059473251657147,1.848411766735735,2.572120990521365,0.5936802227359969,,,,,0,-0.7078368543805018,-0.0,0,0
MNE,2009,,,22.148555728962304,8.8138363774899,7.1116505738887605,1.7021858036011386,2.507120329186285,0.5848537439711973,,,,,0,-0.7728375157155818,-0.0,0,0
MNE,2010,,,22.143221313029034,8.80666956249238,7.428429341939105,1.3782402205532742,2.615874641786736,0.434756041761518,,,,,0,-0.6640832031151307,-0.0,0,0
MNE,2011,,,22.228925888420584,8.890894834548197,7.576058919459159,1.3148359150890379,2.634703814172347,0.38150014596053977,,,,,0,-0.6452540307295198,-0.0,0,0
MNE,2012,,,22.127358080024067,8.787598837653464,7.689424962620857,1.0981738750326073,2.727155005062245,0.6064435138040362,,,,,0,-0.5528028398396216,-0.0,0,0
MNE,2013,,,22.209879864447885,8.868241207856125,7.766212370634288,1.1020288372218365,2.599606812919758,0.5830583389403273,,,,,0,-0.6803510319821089,-0.0,0,0
MNE,2014,,,22.244885225714352,8.901389918951228,7.8424298457105515,1.0589600732406765,2.759436339766904,0.5532721786062125,,,,,0,-0.5205215051349628,-0.0,0,0
MNE,2015,,,22.112277529475296,8.767329156720102,7.854601928784033,0.9127272279360685,2.598735015274131,0.4573866826243224,,,,,0,-0.6812228296277358,-0.0,0,0
MNE,2016,,,22.195156814106756,8.849085244827707,7.913908812616166,0.9351764322115415,2.784504418451385,0.40453199640643206,,,,,0,-0.4954534264504815,-0.0,0,0
MNE,2017,,,22.292707389808335,8.945630494133113,7.991629467194556,0.954001026938557,3.2196294685276277,0.506813635719505,,,,,0,-0.060328376374239046,-0.0,0,0
MNE,2018,,,22.415843682315007,9.068038596383882,8.07785378233981,0.9901848140440723,2.6586406401199736,0.45895176969567353,,,,,0,-0.6213172047818931,-0.0,0,0
MNE,2019,,,22.425031783757085,9.076723981150474,8.143488417802308,0.9332355633481662,2.544316822617607,0.43479462800407936,,,,,0,-0.7356410222842595,-0.0,0,0
MNE,2020,,,22.27807703020427,8.930029331975978,8.170196839808145,0.759832492167833,2.6033744747820036,0.4616574996798178,,,,,0,-0.6765833701198631,-0.0,0,0
MNE,2021,,,22.48506579574144,9.139474070618219,8.21722085115122,0.9222532194669988,2.926949845896897,0.44917357050023776,,,,,0,-0.3530079990049697,-0.0,0,0
MNE,2022,,,22.557401578589225,9.214151594856032,8.330308705589859,0.8838428892661732,2.9816701714985845,0.4941628078639593,,,,,0,-0.2982876734032822,-0.0,0,0
MNE,2023,,,22.757097675203322,9.41394712055482,8.371664569863713,1.042282550691107,2.7032169583346453,0.565199819199072,,,,,0,-0.5767408865672214,-0.0,0,0
MNE,2024,,,22.836419015073115,9.493274875543765,8.458856187822017,1.0344186877217485,2.8442285265874174,0.629491444735878,,,,,0,-0.4357293183144493,-0.0,0,0
MNG,2006,,,21.95116676511545,7.192852861357703,6.694260831370928,0.4985920299867743,2.846098748569895,0.5143486879933846,,,8.232014383182566,0.0,0,-0.4338590963319717,-0.0,0,0
MNG,2007,,,22.16664909513321,7.394915806703435,6.830485755686894,0.564430051016541,3.1174771762820974,0.5505125261312444,,,8.232014383182566,0.0,0,-0.1624806686197693,-0.0,0,0
MNG,2008,,,22.45016968730768,7.662668446669657,7.059473251657147,0.6031951950125096,3.0788989585687414,0.4915423492564867,,,8.232014383182566,0.0,0,-0.2010588863331253,-0.0,0,0
MNG,2009,,,22.245805173568165,7.440339009729503,7.1116505738887605,0.3286884358407427,3.095646251680329,0.5129482786992177,,,8.232014383182566,0.0,0,-0.18431159322153778,-0.0,0,0
MNG,2010,,,22.695884961424905,7.872919529275216,7.428429341939105,0.4444901873361111,3.1644316179978946,0.5634756130231394,,,8.232014383182566,0.0,0,-0.11552622690397207,-0.0,0,0
MNG,2011,,,23.066013255201064,8.225782045150266,7.576058919459159,0.6497231256911071,3.043725129132442,0.49125111542031724,,,8.232014383182566,0.0,0,-0.23623271576942484,-0.0,0,0
MNG,2012,,,23.232277172998664,8.37306644149591,7.689424962620857,0.6836414788750531,2.9445152180508765,0.46379913866421085,,,8.232014383182566,0.0,0,-0.33544262685099024,-0.0,0,0
MNG,2013,,,23.25554280246401,8.375662600155554,7.766212370634288,0.6094502295212658,2.857630717296414,0.45966093321696344,,,8.232014383182566,0.0,0,-0.42232712760545255,-0.0,0,0
MNG,2014,,,23.226872763860463,8.32512180100867,7.8424298457105515,0.4826919552981188,3.471343635692385,0.5872558508562856,,,8.232014383182566,0.0,0,0.19138579079051832,0.0,0,0
MNG,2015,,,23.175984344841577,8.252946686819639,7.854601928784033,0.39834475803560565,3.2339813434558775,0.48183077533312074,,,8.232014383182566,0.0,0,-0.04597650144598919,-0.0,0,0
MNG,2016,,,23.137513106800224,8.19420175301428,7.913908812616166,0.28029294039811425,3.5150585447080394,0.48525655426662917,,,8.232014383182566,0.0,0,0.23510069980617265,0.0,0,0
MNG,2017,,,23.16394607012327,8.201376927961304,7.991629467194556,0.20974746076674844,3.6268637423489962,0.5388709656652283,,,8.232014383182566,0.0,0,0.3469058974471295,0.0,0,0
MNG,2018,,,23.30182179718718,8.3206046357421,8.07785378233981,0.2427508534022902,3.6891669695588387,0.5332691621849766,,,8.232014383182566,0.0,0,0.409209124656972,0.0,0,0
MNG,2019,,,23.37695551944782,8.377366850691757,8.143488417802308,0.23387843288944943,3.532109036667119,0.4650186423245359,,,8.232014383182566,0.0,0,0.25215119176525214,0.0,0,0
MNG,2020,,,23.31200544344961,8.294362573827419,8.170196839808145,0.12416573401927344,3.494759255215401,0.5054486773073877,,,8.232014383182566,0.0,0,0.21480141031353428,0.0,0,0
MNG,2021,,,23.45023211153539,8.415739651399244,8.21722085115122,0.19851880024802426,3.6646643611343204,0.4645543595411053,,,8.232014383182566,0.0,0,0.38470651623245367,0.0,0,0
MNG,2022,,,23.565058258416048,8.515895324478182,8.330308705589859,0.18558661888832262,3.343919200811673,0.43316630924564525,,,8.232014383182566,0.0,0,0.06396135590980645,0.0,0,0
MNG,2023,,,23.73512346500242,8.672251644379449,8.371664569863713,0.30058707451573596,3.3358106220784123,0.43721553763519716,,,8.232014383182566,0.0,0,0.055852777176545576,0.0,0,0
MNG,2024,,,23.892721980570432,8.81739112999449,8.458856187822017,0.35853494217247395,3.160254784420291,0.416017515601167,,,8.232014383182566,0.0,0,-0.11970306048157564,-0.0,0,0
MNP,2006,,,20.71321550109291,9.699813108384548,6.694260831370928,3.00555227701362,,,,,8.34514262692936,0.0,0,,,1,0
MNP,2007,,,20.659260506970497,9.674968284416225,6.830485755686894,2.8444825287293316,,,,,8.34514262692936,0.0,0,,,1,0
MNP,2008,,,20.66032603717254,9.706891367949579,7.059473251657147,2.6474181162924317,,,,,8.34514262692936,0.0,0,,,1,0
MNP,2009,,,20.493852672618605,9.572872507699353,7.1116505738887605,2.4612219338105925,,,,,8.34514262692936,0.0,0,,,1,0
MNP,2010,,,20.49887150373055,9.600448411330294,7.428429341939105,2.1720190693911894,,,,,8.34514262692936,0.0,0,,,1,0
MNP,2011,,,20.407184289972932,9.517730700319927,7.576058919459159,1.9416717808607675,,,,,8.34514262692936,0.0,0,,,1,0
MNP,2012,,,20.430236158168036,9.547783589229933,7.689424962620857,1.8583586266090766,,,,,8.34514262692936,0.0,0,,,1,0
MNP,2013,,,20.464495107989052,9.591024409381994,7.766212370634288,1.824812038747706,,,,,8.34514262692936,0.0,0,,,1,0
MNP,2014,,,20.539342998785482,9.676926769690969,7.8424298457105515,1.8344969239804172,,,,,8.34514262692936,0.0,0,,,1,0
MNP,2015,,,20.62895515747517,9.779346263106214,7.854601928784033,1.924744334322181,,,,,8.34514262692936,0.0,0,,,1,0
MNP,2016,,,20.930280006330737,10.095160010121257,7.913908812616166,2.181251197505091,,,,,8.34514262692936,0.0,0,,,1,0
MNP,2017,,,21.16795165820786,10.348993710181476,7.991629467194556,2.357364242986921,,,,,8.34514262692936,0.0,0,,,1,0
MNP,2018,,,20.98639903647678,10.185253264214499,8.07785378233981,2.1073994818746886,,,,,8.34514262692936,0.0,0,,,1,0
MNP,2019,,,20.887932458501645,10.10629227348246,8.143488417802308,1.9628038556801517,,,,,8.34514262692936,0.0,0,,,1,0
MNP,2020,,,20.57939546652671,9.810321176491133,8.170196839808145,1.6401243366829874,,,,,8.34514262692936,0.0,0,,,1,0
MNP,2021,,,20.633341129418422,9.875885157085534,8.21722085115122,1.6586643059343142,,,,,8.34514262692936,0.0,0,,,1,0
MNP,2022,,,20.814933025472236,10.076842133822169,8.330308705589859,1.7465334282323095,,,,,8.34514262692936,0.0,0,,,1,0
MNP,2023,,,,,8.371664569863713,,,,,,8.34514262692936,0.0,0,,,1,0
MNP,2024,,,,,8.458856187822017,,,,,,8.34514262692936,0.0,0,,,1,0
MOZ,2006,,,22.97559241965635,6.125749885079358,6.694260831370928,0.5685109462915703,2.6376034650374085,0.31407449015881944,,,9.078044786855482,0.0,0,-0.6423543798644582,-0.0,0,0
MOZ,2007,,,23.10387215017885,6.230235204496024,6.830485755686894,0.6002505511908698,2.602071249912776,0.28052776947016306,,,9.078044786855482,0.0,0,-0.6778865949890909,-0.0,0,0
MOZ,2008,,,23.28206872540577,6.3837753676642155,7.059473251657147,0.6756978839929317,2.6164570804025002,0.27810075939162643,,,9.078044786855482,0.0,0,-0.6635007644993665,-0.0,0,0
MOZ,2009,,,23.22992539971302,6.30572247759615,7.1116505738887605,0.805928096292611,2.462295305511627,0.2639293774192791,,,9.078044786855482,0.0,0,-0.8176625393902399,-0.0,0,0
MOZ,2010,,,23.157922045216907,6.206950532746206,7.428429341939105,1.2214788091928988,2.375402762537443,0.22302776275743677,,,9.078044786855482,0.0,0,-0.9045550823644235,-0.0,0,0
MOZ,2011,,,23.405607041677463,6.426774003850309,7.576058919459159,1.1492849156088498,2.641293735968367,0.21652321702599045,,,9.078044786855482,0.0,0,-0.6386641089334999,-0.0,0,0
MOZ,2012,,,23.537962575070846,6.5304194297656055,7.689424962620857,1.159005532855251,2.7871189156379743,0.23939840688561484,,,9.078044786855482,0.0,0,-0.4928389292638924,-0.0,0,0
MOZ,2013,,,23.568063182931564,6.531614488127057,7.766212370634288,1.2345978825072308,3.0015954146130195,0.29001245553825666,,,9.078044786855482,0.0,0,-0.2783624302888472,-0.0,0,0
MOZ,2014,,,23.612428340993443,6.546990096330548,7.8424298457105515,1.2954397493800034,3.1686946540066017,0.3623925079558856,,,9.078044786855482,0.0,0,-0.11126319089526504,-0.0,0,0
MOZ,2015,,,23.508831602544976,6.414382751168728,7.854601928784033,1.4402191776153055,2.9479060002133965,0.3955996194475168,,,9.078044786855482,0.0,0,-0.33205184468847015,-0.0,0,0
MOZ,2016,,,23.213910263926635,6.090154769080782,7.913908812616166,1.8237540435353834,3.6503617019143744,0.71932209339086,,,9.078044786855482,0.0,0,0.37040385701250766,0.0,0,0
MOZ,2017,,,23.308367733764097,6.154727646128334,7.991629467194556,1.8369018210662214,3.635099933210962,0.6421192143491387,,,9.078044786855482,0.0,0,0.35514208830909544,0.0,0,0
MOZ,2018,,,23.43247263245838,6.249023554525365,8.07785378233981,1.8288302278144446,3.310487722668723,0.43788311767828897,,,9.078044786855482,0.0,0,0.030529877766856117,0.0,0,0
MOZ,2019,,,23.46492868655911,6.2520821927275625,8.143488417802308,1.8914062250747454,2.9682607256293156,0.45512070261194854,,,9.078044786855482,0.0,0,-0.31169711927255106,-0.0,0,0
MOZ,2020,,,23.378999074219255,6.136503576958184,8.170196839808145,2.0336932628499618,3.622505285841263,0.777401350727561,,,9.078044786855482,0.0,0,0.34254744093939626,0.0,0,0
MOZ,2021,,,23.506303248229678,6.234229982866839,8.21722085115122,1.9829908682843813,3.3171924286336405,0.6717843920355779,,,9.078044786855482,0.0,0,0.037234583731773796,0.0,0,0
MOZ,2022,,,23.6615931568004,6.360046459724987,8.330308705589859,1.9702622458648724,3.078516303214227,0.6773302434067943,,,9.078044786855482,0.0,0,-0.2014415416876396,-0.0,0,0
MOZ,2023,,,23.764329840092767,6.433247333712633,8.371664569863713,1.9384172361510794,3.13842996488203,0.7134412296433005,,,9.078044786855482,0.0,0,-0.14152788001983652,-0.0,0,0
MOZ,2024,,,23.84792962563062,6.487647714306249,8.458856187822017,1.9712084735157678,3.0530235613181587,0.8166036800542841,,,9.078044786855482,0.0,0,-0.22693428358370804,-0.0,0,0
MRT,2006,,,22.08924964971145,7.170583804807175,6.694260831370928,0.47632297343624685,1.921542368770238,0.10669555407939736,,,9.447654248320807,0.0,0,-1.3584154761316287,-0.0,0,0
MRT,2007,,,22.19257057976589,7.247899452949217,6.830485755686894,0.41741369726232325,1.8892741920135947,0.15134942723424796,,,9.447654248320807,0.0,0,-1.390683652888272,-0.0,0,0
MRT,2008,,,22.37316161882567,7.399742404665164,7.059473251657147,0.3402691530080171,2.015593958205079,0.2596202852749925,,,9.447654248320807,0.0,0,-1.264363886696788,-0.0,0,0
MRT,2009,,,22.273928969448182,7.269219810196731,7.1116505738887605,0.15756923630797015,1.8424979898088807,0.21320031162844075,,,9.447654248320807,0.0,0,-1.437459855092986,-0.0,0,0
MRT,2010,,,22.45117611148261,7.414551011867206,7.428429341939105,0.013878330071898759,2.363195075608659,0.26373280861335774,,,9.447654248320807,0.0,0,-0.9167627692932077,-0.0,0,0
MRT,2011,,,22.634973070581136,7.565896723610994,7.576058919459159,0.010162195848165467,2.913765408597209,0.33087688298483864,,,9.447654248320807,0.0,0,-0.3661924363046576,-0.0,0,0
MRT,2012,,,22.629574799001773,7.527857101639568,7.689424962620857,0.16156786098128872,2.678365977804572,0.3361240480266872,,,9.447654248320807,0.0,0,-0.6015918670972948,-0.0,0,0
MRT,2013,,,22.70159422781914,7.568518464997843,7.766212370634288,0.19769390563644507,2.5867253289071312,0.3857352253291826,,,9.447654248320807,0.0,0,-0.6932325159947355,-0.0,0,0
MRT,2014,,,22.612678730886046,7.449481073155201,7.8424298457105515,0.3929487725553509,2.4648453422026377,0.38167261321238444,,,9.447654248320807,0.0,0,-0.815112502699229,-0.0,0,0
MRT,2015,,,22.5449568021531,7.351698552016565,7.854601928784033,0.5029033767674687,2.479100545393733,0.4640422863818566,,,9.447654248320807,0.0,0,-0.8008572995081336,-0.0,0,0
MRT,2016,,,22.580797550534086,7.357559716148639,7.913908812616166,0.5563490964675264,2.871093703787398,0.49395820621331016,,,9.447654248320807,0.0,0,-0.4088641411144689,-0.0,0,0
MRT,2017,,,22.642021028537247,7.388905315218657,7.991629467194556,0.6027241519758988,2.4494636667442102,0.39623587460936655,,,9.447654248320807,0.0,0,-0.8304941781576565,-0.0,0,0
MRT,2018,,,22.73489300567666,7.452041652052116,8.07785378233981,0.6258121302876942,2.2223451384308928,0.34380853178962867,,,9.447654248320807,0.0,0,-1.057612706470974,-0.0,0,0
MRT,2019,,,22.78946570407418,7.477079620664377,8.143488417802308,0.6664087971379313,2.02810984290252,0.37427872204758295,,,9.447654248320807,0.0,0,-1.2518480019993468,-0.0,0,0
MRT,2020,,,22.834759109386336,7.493163770071643,8.170196839808145,0.6770330697365026,2.3321768466548,0.42000542211762526,,,9.447654248320807,0.0,0,-0.9477809982470666,-0.0,0,0
MRT,2021,,,22.9447541725178,7.574288498618015,8.21722085115122,0.6429323525332054,2.0728868440414505,0.3677250107763679,,,9.447654248320807,0.0,0,-1.2070710008604162,-0.0,0,0
MRT,2022,,,22.981114770536042,7.581353449991435,8.330308705589859,0.7489552555984238,1.8900704425487356,0.3110642856536767,,,9.447654248320807,0.0,0,-1.3898874023531311,-0.0,0,0
MRT,2023,,,23.092344567354203,7.662917938889851,8.371664569863713,0.7087466309738613,2.0040028127309335,0.3324391866027818,,,9.447654248320807,0.0,0,-1.2759550321709332,-0.0,0,0
MRT,2024,,,23.110119652358335,7.651853433997842,8.458856187822017,0.8070027538241744,2.044246596646809,0.36427735936032807,,,9.447654248320807,0.0,0,-1.2357112482550576,-0.0,0,0
MSR,2006,,,,,6.694260831370928,,,,,,,0.0,0,,,1,0
MSR,2007,,,,,6.830485755686894,,,,,,,0.0,0,,,1,0
MSR,2008,,,,,7.059473251657147,,,,,,,0.0,0,,,1,0
MSR,2009,,,,,7.1116505738887605,,,,,,,0.0,0,,,1,0
MSR,2010,,,,,7.428429341939105,,,,,,,0.0,0,,,1,0
MSR,2011,,,,,7.576058919459159,,,,,,,0.0,0,,,1,0
MSR,2012,,,,,7.689424962620857,,,,,,,0.0,0,,,1,0
MSR,2013,,,,,7.766212370634288,,,,,,,0.0,0,,,1,0
MSR,2014,,,,,7.8424298457105515,,,,,,,0.0,0,,,1,0
MSR,2015,,,,,7.854601928784033,,,,,,,0.0,0,,,1,0
MSR,2016,,,,,7.913908812616166,,,,,,,0.0,0,,,1,0
MSR,2017,,,,,7.991629467194556,,,,,,,0.0,0,,,1,0
MSR,2018,,,,,8.07785378233981,,,,,,,0.0,0,,,1,0
MSR,2019,,,,,8.143488417802308,,,,,,,0.0,0,,,1,0
MSR,2020,,,,,8.170196839808145,,,,,,,0.0,0,,,1,0
MSR,2021,,,,,8.21722085115122,,,,,,,0.0,0,,,1,0
MSR,2022,,,,,8.330308705589859,,,,,,,0.0,0,,,1,0
MSR,2023,,,,,8.371664569863713,,,,,,,0.0,0,,,1,0
MSR,2024,,,,,8.458856187822017,,,,,,,0.0,0,,,1,0
MTQ,2006,,,,,6.694260831370928,,2.355398998814905,1.9575841577349884,,,9.714088207186078,0.0,0,-0.9245588460869616,-0.0,0,0
MTQ,2007,,,,,6.830485755686894,,2.1461840886594583,1.9081821971416353,,,9.714088207186078,0.0,0,-1.1337737562424084,-0.0,0,0
MTQ,2008,,,,,7.059473251657147,,2.3775152482319704,1.722504931870554,,,9.714088207186078,0.0,0,-0.9024425966698963,-0.0,0,0
MTQ,2009,,,,,7.1116505738887605,,2.506484648909698,1.7315985527750755,,,9.714088207186078,0.0,0,-0.7734731959921688,-0.0,0,0
MTQ,2010,,,,,7.428429341939105,,2.627930268779698,1.8946928424432692,,,9.714088207186078,0.0,0,-0.6520275761221686,-0.0,0,0
MTQ,2011,,,,,7.576058919459159,,2.6666914486336832,1.753636782239888,,,9.714088207186078,0.0,0,-0.6132663962681835,-0.0,0,0
MTQ,2012,,,,,7.689424962620857,,2.8733684454199038,1.8536846719537603,,,9.714088207186078,0.0,0,-0.40658939948196293,-0.0,0,0
MTQ,2013,,,,,7.766212370634288,,2.7530156206576564,1.7811108862323977,,,9.714088207186078,0.0,0,-0.5269422242442103,-0.0,0,0
MTQ,2014,,,,,7.8424298457105515,,4.901491387820041,1.643060776803738,,,9.714088207186078,0.0,0,1.6215335429181743,0.0,0,0
MTQ,2015,,,,,7.854601928784033,,5.5689364119846765,1.484811411242805,,,9.714088207186078,0.0,0,2.28897856708281,0.0,0,0
MTQ,2016,,,,,7.913908812616166,,2.849255317020742,1.6585791687854707,,,9.714088207186078,0.0,0,-0.43070252788112473,-0.0,0,0
MTQ,2017,,,,,7.991629467194556,,3.115537523955517,1.878454074532482,,,9.714088207186078,0.0,0,-0.16442032094634973,-0.0,0,0
MTQ,2018,,,,,8.07785378233981,,,,,,9.714088207186078,0.0,0,,,0,0
MTQ,2019,,,,,8.143488417802308,,,,,,9.714088207186078,0.0,0,,,0,0
MTQ,2020,,,,,8.170196839808145,,,,,,9.714088207186078,0.0,0,,,0,0
MTQ,2021,,,,,8.21722085115122,,,,,,9.714088207186078,0.0,0,,,0,0
MTQ,2022,,,,,8.330308705589859,,,,,,9.714088207186078,0.0,0,,,0,0
MTQ,2023,,,,,8.371664569863713,,,,,,9.714088207186078,0.0,0,,,0,0
MTQ,2024,,,,,8.458856187822017,,,,,,9.714088207186078,0.0,0,,,0,0
MUS,2006,,,22.68865789141512,8.662889649463986,6.694260831370928,1.968628818093058,2.903898436772567,1.822074448857621,,,8.798356261268859,0.0,0,-0.37605940812929983,-0.0,1,0
MUS,2007,,,22.83680378901808,8.806480283059924,6.830485755686894,1.9759945273730306,2.936168862594374,1.8477149193946454,,,8.798356261268859,0.0,0,-0.34378898230749266,-0.0,1,0
MUS,2008,,,23.038544219651158,9.00460440521898,7.059473251657147,1.9451311535618334,2.734418278972672,2.1332233638401976,,,8.798356261268859,0.0,0,-0.5455395659291948,-0.0,1,0
MUS,2009,,,22.94945381339902,8.91285862223852,7.1116505738887605,1.8012080483497597,2.9952288535425935,1.941197978664819,,,8.798356261268859,0.0,0,-0.2847289913592732,-0.0,1,0
MUS,2010,,,23.040218831019132,9.00124477292973,7.428429341939105,1.5728154309906257,3.040512992294539,1.8148114781179556,,,8.798356261268859,0.0,0,-0.23944485260732762,-0.0,1,0
MUS,2011,,,23.18094845129399,9.140372988996932,7.576058919459159,1.5643140695377724,3.2802221104228804,1.6366326135161395,,,8.798356261268859,0.0,0,0.0002642655210136624,0.0,1,0
MUS,2012,,,23.194100931580362,9.15075225902815,7.689424962620857,1.461327296407294,3.054351762254551,2.2662397600347357,,,8.798356261268859,0.0,0,-0.22560608264731563,-0.0,1,0
MUS,2013,,,23.24374846826324,9.197978139443618,7.766212370634288,1.4317657688093304,3.0331800218543474,2.124337870615848,,,8.798356261268859,0.0,0,-0.24677782304751927,-0.0,1,0
MUS,2014,,,23.30578985758943,9.258209307791265,7.8424298457105515,1.4157794620807138,3.0645884716928853,2.057683898251566,,,8.798356261268859,0.0,0,-0.21536937320898142,-0.0,1,0
MUS,2015,,,23.221599563978177,9.172694970877131,7.854601928784033,1.318093042093098,2.8434413232551816,1.6984419332988967,,,8.798356261268859,0.0,0,-0.4365165216466851,-0.0,1,0
MUS,2016,,,23.26939934650769,9.21980767108093,7.913908812616166,1.305898858464765,2.967959425198728,1.7300728207778233,,,8.798356261268859,0.0,0,-0.3119984197031389,-0.0,1,0
MUS,2017,,,23.354934387733362,9.304441039642834,7.991629467194556,1.312811572448278,2.9737525807166842,1.7702033674380535,,,8.798356261268859,0.0,0,-0.30620526418518246,-0.0,1,0
MUS,2018,,,23.428481071055767,9.377442368423862,8.07785378233981,1.2995885860840524,2.910149381254823,1.6980809240228314,,,8.798356261268859,0.0,0,-0.3698084636470438,-0.0,1,0
MUS,2019,,,23.40738087750121,9.356019844226378,8.143488417802308,1.2125314264240696,2.4811349534131586,1.4044792197904055,,,8.798356261268859,0.0,0,-0.7988228914887081,-0.0,1,0
MUS,2020,,,23.17134520562441,9.119961265547476,8.170196839808145,0.9497644257393301,2.5754599539211545,1.4218859202773089,,,8.798356261268859,0.0,0,-0.7044978909807122,-0.0,1,0
MUS,2021,,,23.176169880645006,9.124533210689158,8.21722085115122,0.9073123595379382,2.533580987122918,1.277125847269262,,,8.798356261268859,0.0,0,-0.7463768577789489,-0.0,1,0
MUS,2022,,,23.28331429098374,9.234691633196247,8.330308705589859,0.9043829276063882,2.531003334012658,1.2329691930888542,,,8.798356261268859,0.0,0,-0.7489545108892086,-0.0,1,0
MUS,2023,,,23.367467930286892,9.329896807226344,8.371664569863713,0.9582322373626315,2.5012952570791946,1.2840463515487628,,,8.798356261268859,0.0,0,-0.7786625878226721,-0.0,1,0
MUS,2024,,,23.427177866974546,9.391906271952735,8.458856187822017,0.9330500841307181,2.732507337096465,1.3517069796546046,,,8.798356261268859,0.0,0,-0.5474505078054017,-0.0,1,0
MWI,2006,,,22.484270477531382,6.088641503908185,6.694260831370928,0.605619327462743,2.8447870296719473,0.3111386633485671,,,9.057850745169537,0.0,0,-0.4351708152299194,-0.0,0,0
MWI,2007,,,22.58753358102445,6.163694230273571,6.830485755686894,0.6667915254133225,2.6551415779905123,0.31541528041907735,,,9.057850745169537,0.0,0,-0.6248162669113544,-0.0,0,0
MWI,2008,,,22.770134773537453,6.317252806323339,7.059473251657147,0.7422204453338086,2.584040749747165,0.2887128496172434,,,9.057850745169537,0.0,0,-0.6959170951547016,-0.0,0,0
MWI,2009,,,22.921588471954404,6.439142250194645,7.1116505738887605,0.6725083236941156,2.69926334267814,0.31326185947763796,,,9.057850745169537,0.0,0,-0.5806945022237269,-0.0,0,0
MWI,2010,,,23.038601594671903,6.526677412038552,7.428429341939105,0.901751929900553,2.320243400021631,0.2761126097017147,,,9.057850745169537,0.0,0,-0.9597144448802357,-0.0,0,0
MWI,2011,,,23.178412601536717,6.637337976181271,7.576058919459159,0.9387209432778878,2.384300609635626,0.21870591183207902,,,9.057850745169537,0.0,0,-0.8956572352662406,-0.0,0,0
MWI,2012,,,22.894967819309848,6.325186734965685,7.689424962620857,1.3642382276551714,2.63064082461649,0.2858150892545292,,,9.057850745169537,0.0,0,-0.6493170202853769,-0.0,0,0
MWI,2013,,,22.806646102611534,6.208484121630423,7.766212370634288,1.5577282490038646,2.856812331988015,0.2968468049863346,,,9.057850745169537,0.0,0,-0.4231455129138517,-0.0,0,0
MWI,2014,,,22.898168248115567,6.271958365895966,7.8424298457105515,1.5704714798145858,2.7783906698131347,0.3477817629043858,,,9.057850745169537,0.0,0,-0.501567175088732,-0.0,0,0
MWI,2015,,,22.944583864138806,6.2908380635738395,7.854601928784033,1.563763865210194,2.7656050112706763,0.34031639878900605,,,9.057850745169537,0.0,0,-0.5143528336311904,-0.0,0,0
MWI,2016,,,22.79137700903856,6.110371629699549,7.913908812616166,1.8035371829166165,2.8244695465567213,0.35122717696090344,,,9.057850745169537,0.0,0,-0.45548829834514537,-0.0,0,0
MWI,2017,,,22.91419774507971,6.206111470831916,7.991629467194556,1.78551799636264,2.935360072332312,0.3628295642706632,,,9.057850745169537,0.0,0,-0.3445977725695548,-0.0,0,0
MWI,2018,,,23.01369943408359,6.278901402976629,8.07785378233981,1.7989523793631808,2.7008579605454783,0.3314324949420608,,,9.057850745169537,0.0,0,-0.5790998843563884,-0.0,0,0
MWI,2019,,,23.125863917155677,6.364559929286583,8.143488417802308,1.7789284885157253,2.5299688025602127,0.3135790901675814,,,9.057850745169537,0.0,0,-0.749989042341654,-0.0,0,0
MWI,2020,,,23.188761438578744,6.401100077198333,8.170196839808145,1.7690967626098129,2.9755681904930364,0.4018602361512071,,,9.057850745169537,0.0,0,-0.30438965440883026,-0.0,0,0
MWI,2021,,,23.239196170131894,6.425593225872022,8.21722085115122,1.7916276252791983,2.765139255906386,0.3302998472027628,,,9.057850745169537,0.0,0,-0.5148185889954808,-0.0,0,0
MWI,2022,,,23.24330311033321,6.404020688243706,8.330308705589859,1.9262880173461534,2.872306264442111,0.3650422587527104,,,9.057850745169537,0.0,0,-0.4076515804597558,-0.0,0,0
MWI,2023,,,23.315805643456635,6.45080965050604,8.371664569863713,1.920854919357673,2.8700646827339105,0.36639610266968253,,,9.057850745169537,0.0,0,-0.40989316216795624,-0.0,0,0
MWI,2024,,,23.149127417843047,6.258367278187876,8.458856187822017,2.2004889096341405,2.8438018270617427,0.3460790566861902,,,9.057850745169537,0.0,0,-0.43615601784012403,-0.0,0,0
MYS,2006,,,25.815126267415195,8.725573558076272,6.694260831370928,2.0313127267053437,2.0649439820192725,0.7802282418308285,2.9453358206538125,0.7677110397992454,7.216146185647609,0.0,1,-1.2150138628825942,-1.2150138628825942,0,1
MYS,2007,,,25.988799489621083,8.877511734099272,6.830485755686894,2.0470259784123783,2.461064896890483,0.7239158610046347,2.9453358206538125,0.7677110397992454,7.216146185647609,0.0,1,-0.8188929480113836,-0.8188929480113836,0,1
MYS,2008,,,26.164867692542934,9.03262676953799,7.059473251657147,1.9731535178808421,2.5405370246085277,0.6046438839423076,2.9453358206538125,0.7677110397992454,7.216146185647609,0.0,1,-0.739420820293339,-0.739420820293339,0,1
MYS,2009,,,26.032807242819846,8.880645717695472,7.1116505738887605,1.7689951438067117,2.611419661287994,0.5763210840998638,2.9453358206538125,0.7677110397992454,7.216146185647609,0.0,1,-0.6685381836138728,-0.6685381836138728,0,1
MYS,2010,,,26.264598550126752,9.09373296373676,7.428429341939105,1.6653036217976558,2.802441979462325,0.8830022922938251,2.9453358206538125,0.7677110397992454,7.216146185647609,0.0,1,-0.4775158654395417,-0.4775158654395417,0,1
MYS,2011,,,26.420197124643384,9.231818737429077,7.576058919459159,1.6557598179699173,2.459029009101528,0.7088354744008875,2.9453358206538125,0.7677110397992454,7.216146185647609,0.0,1,-0.8209288358003386,-0.8209288358003386,0,1
MYS,2012,,,26.474068808110047,9.268663469575523,7.689424962620857,1.5792385069546668,2.1784192206039066,0.9010681187850377,2.9453358206538125,0.7677110397992454,7.216146185647609,0.0,1,-1.1015386242979601,-1.1015386242979601,0,1
MYS,2013,,,26.50177301302007,9.279273046281045,7.766212370634288,1.5130606756467566,2.228141650874733,0.917321033484192,2.9453358206538125,0.7677110397992454,7.216146185647609,0.0,1,-1.0518161940271336,-1.0518161940271336,0,1
MYS,2014,,,26.546507260937496,9.3068598869163,7.8424298457105515,1.4644300412057483,2.179540489593076,0.7726005527805455,2.9453358206538125,0.7677110397992454,7.216146185647609,0.0,1,-1.1004173553087906,-1.1004173553087906,0,1
MYS,2015,,,26.431555694622006,9.17457637603625,7.854601928784033,1.319974447252216,2.058866420103289,0.5229975828906794,2.9453358206538125,0.7677110397992454,7.216146185647609,0.0,1,-1.2210914247985776,-1.2210914247985776,0,1
MYS,2016,,,26.431226350995782,9.156573926934232,7.913908812616166,1.2426651143180667,2.2926829681342866,0.4687948831300767,2.9453358206538125,0.7677110397992454,7.216146185647609,0.0,1,-0.9872748767675801,-0.9872748767675801,0,1
MYS,2017,,,26.48879886923016,9.196499838766826,7.991629467194556,1.2048703715722704,2.2444241620383556,0.5261259142881025,2.9453358206538125,0.7677110397992454,7.216146185647609,0.0,1,-1.035533682863511,-1.035533682863511,0,1
MYS,2018,,,26.6059998788901,9.296683375236038,8.07785378233981,1.2188295928962276,2.4420255578383583,0.7349636877612307,2.9453358206538125,0.7677110397992454,7.216146185647609,0.0,1,-0.8379322870635084,-0.8379322870635084,0,1
MYS,2019,,,26.623649978936463,9.298368809948004,8.143488417802308,1.1548803921456958,2.32582095942074,0.719784816253849,2.9453358206538125,0.7677110397992454,7.216146185647609,0.0,1,-0.9541368854811267,-0.9541368854811267,0,1
MYS,2020,,,26.54470145426389,9.206083952961045,8.170196839808145,1.0358871131528993,1.9084996146806386,0.6735570292714802,2.9453358206538125,0.7677110397992454,7.216146185647609,0.0,1,-1.3714582302212281,-1.3714582302212281,0,1
MYS,2021,,,26.646945406956647,9.29680277521437,8.21722085115122,1.0795819240631506,1.987723330644265,0.6443086086179518,2.9453358206538125,0.7677110397992454,7.216146185647609,0.0,1,-1.2922345142576017,-1.2922345142576017,0,1
MYS,2022,,,26.734117547580865,9.371997195825758,8.330308705589859,1.0416884902358987,1.907860768342174,0.6778965364454562,2.9453358206538125,0.7677110397992454,7.216146185647609,0.0,1,-1.3720970765596927,-1.3720970765596927,0,1
MYS,2023,,,26.714603922940167,9.340143284268104,8.371664569863713,0.9684787144043909,1.7798689121008198,0.6791626065517913,2.9453358206538125,0.7677110397992454,7.216146185647609,0.0,1,-1.500088932801047,-1.500088932801047,0,1
MYS,2024,,,26.768808933907394,9.382142406133784,8.458856187822017,0.9232862183117678,1.8772021325277712,0.7475256732858853,2.9453358206538125,0.7677110397992454,7.216146185647609,0.0,1,-1.4027557123740955,-1.4027557123740955,0,1
NAM,2006,,,22.80292979777218,8.298336307125775,6.694260831370928,1.604075475754846,2.5847041012286955,1.0361799614743041,,,9.265745750146595,0.0,0,-0.6952537436731712,-0.0,0,0
NAM,2007,,,22.902500277379538,8.384585517592642,6.830485755686894,1.5540997619057482,2.5470704889967135,1.0070642297964811,,,9.265745750146595,0.0,0,-0.7328873559051532,-0.0,0,0
NAM,2008,,,22.875891794678218,8.343978573301024,7.059473251657147,1.284505321643877,2.401428865528527,1.1931094042954529,,,9.265745750146595,0.0,0,-0.8785289793733395,-0.0,0,0
NAM,2009,,,22.913672468049302,8.367047686503293,7.1116505738887605,1.2553971126145322,2.0618136490827124,1.1036122816825564,,,9.265745750146595,0.0,0,-1.2181441958191543,-0.0,0,0
NAM,2010,,,23.159630878521405,8.597521950540813,7.428429341939105,1.1690926086017077,2.146980333882878,0.9214974771940145,,,9.265745750146595,0.0,0,-1.1329775110189888,-0.0,0,0
NAM,2011,,,23.25086149254792,8.671593857293704,7.576058919459159,1.095534937834545,2.272545096260678,0.726405295956353,,,9.265745750146595,0.0,0,-1.0074127486411886,-0.0,0,0
NAM,2012,,,23.291444865070588,8.689909903983745,7.689424962620857,1.0004849413628882,2.5249756893780746,1.0363401740623743,,,9.265745750146595,0.0,0,-0.7549821555237921,-0.0,0,0
NAM,2013,,,23.211774929897466,8.58422010982982,7.766212370634288,0.818007739195532,2.393333603334077,0.9844565826244472,,,9.265745750146595,0.0,0,-0.8866242415677896,-0.0,0,0
NAM,2014,,,23.243815571392133,8.590131943317665,7.8424298457105515,0.7477020976071138,2.945191139411549,0.8650121527271514,,,9.265745750146595,0.0,0,-0.33476670549031784,-0.0,0,0
NAM,2015,,,23.151175331965586,8.470962116800253,7.854601928784033,0.6163601880162197,2.9938534874777645,0.8079594113563879,,,9.265745750146595,0.0,0,-0.28610435742410223,-0.0,0,0
NAM,2016,,,23.095565289421074,8.388379285162827,7.913908812616166,0.4744704725466615,3.002780264395385,0.7184681751129113,,,9.265745750146595,0.0,0,-0.27717758050648156,-0.0,0,0
NAM,2017,,,23.280117370037075,8.545578630435498,7.991629467194556,0.5539491632409428,3.2213866231945447,0.7660032278847279,,,9.265745750146595,0.0,0,-0.058571221707321985,-0.0,0,0
NAM,2018,,,23.33934833155425,8.577084958235245,8.07785378233981,0.4992311758954351,3.358047472485518,0.8079840129784194,,,9.265745750146595,0.0,0,0.07808962758365112,0.0,0,0
NAM,2019,,,23.252343132536787,8.462086536853176,8.143488417802308,0.31859811905086843,3.1366599408810765,0.684085325710595,,,9.265745750146595,0.0,0,-0.14329790402079023,-0.0,0,0
NAM,2020,,,23.082585505117592,8.263226920663014,8.170196839808145,0.0930300808548683,3.1771589554145674,0.6994222763373473,,,9.265745750146595,0.0,0,-0.10279888948729932,-0.0,0,0
NAM,2021,,,23.24116278814084,8.392272748050816,8.21722085115122,0.17505189689959622,2.8996361443248215,0.6752784588012396,,,9.265745750146595,0.0,0,-0.3803217005770452,-0.0,0,0
NAM,2022,,,23.254535033875914,8.377884935644369,8.330308705589859,0.04757623005450995,2.468981183533228,0.6373755911625437,,,9.265745750146595,0.0,0,-0.8109766613686387,-0.0,0,0
NAM,2023,,,23.250753962363213,8.349009074222261,8.371664569863713,0.02265549564145175,2.4066542332071554,0.6420950251089971,,,9.265745750146595,0.0,0,-0.8733036116947113,-0.0,0,0
NAM,2024,,,23.33635977906097,8.412243368186562,8.458856187822017,0.04661281963545427,2.2040970089121137,0.6316678965755967,,,9.265745750146595,0.0,0,-1.075860835989753,-0.0,0,0
NCL,2006,,,22.666193741795595,10.246837999843345,6.694260831370928,3.552577168472417,,,,,8.94035085905532,0.0,0,,,0,0
NCL,2007,,,22.900278316937197,10.46816631698079,6.830485755686894,3.6376805612938963,,,,,8.94035085905532,0.0,0,,,0,0
NCL,2008,,,22.927975636651507,10.483575304482084,7.059473251657147,3.424102052824937,,,,,8.94035085905532,0.0,0,,,0,0
NCL,2009,,,22.88709885922638,10.429295205530085,7.1116505738887605,3.3176446316413246,,,,,8.94035085905532,0.0,0,,,0,0
NCL,2010,,,22.960175771279104,10.485672682420706,7.428429341939105,3.057243340481601,,,,,8.94035085905532,0.0,0,,,0,0
NCL,2011,,,23.060392250714422,10.56710139029775,7.576058919459159,2.9910424708385914,,,,,8.94035085905532,0.0,0,,,0,0
NCL,2012,,,22.991171688087473,10.478964518592461,7.689424962620857,2.7895395559716043,,,,,8.94035085905532,0.0,0,,,0,0
NCL,2013,,,23.040875782725433,10.509745803389345,7.766212370634288,2.743533432755057,,,,,8.94035085905532,0.0,0,,,0,0
NCL,2014,,,23.087419632537326,10.540512848754256,7.8424298457105515,2.6980830030437044,,,,,8.94035085905532,0.0,0,,,0,0
NCL,2015,,,22.890970407580483,10.337174767513405,7.854601928784033,2.4825728387293715,,,,,8.94035085905532,0.0,0,,,0,0
NCL,2016,,,22.889408900364423,10.334713140044054,7.913908812616166,2.420804327427888,,,,,8.94035085905532,0.0,0,,,0,0
NCL,2017,,,22.939644539624183,10.384514893140972,7.991629467194556,2.3928854259464165,,,,,8.94035085905532,0.0,0,,,0,0
NCL,2018,,,23.01543712235081,10.460325109846162,8.07785378233981,2.3824713275063516,,,,,8.94035085905532,0.0,0,,,0,0
NCL,2019,,,22.971991749068856,10.41665051909401,8.143488417802308,2.2731621012917014,,,,,8.94035085905532,0.0,0,,,0,0
NCL,2020,,,22.969770349279308,10.4124213057722,8.170196839808145,2.242224465964055,,,,,8.94035085905532,0.0,0,,,0,0
NCL,2021,,,23.032960562883435,10.471965508206903,8.21722085115122,2.2547446570556833,,,,,8.94035085905532,0.0,0,,,0,0
NCL,2022,,,22.987455023245506,10.419789048885681,8.330308705589859,2.089480343295822,,,,,8.94035085905532,0.0,0,,,0,0
NCL,2023,,,23.002497092652018,10.425309267057091,8.371664569863713,2.053644697193379,,,,,8.94035085905532,0.0,0,,,0,0
NCL,2024,,,22.869070724436874,10.28237567798587,8.458856187822017,1.8235194901638536,,,,,8.94035085905532,0.0,0,,,0,0
NER,2006,,,22.282748770076896,5.809178224951621,6.694260831370928,0.8850826064193074,2.491520915284655,0.27253774083646876,,,9.292486097525877,0.0,0,-0.7884369296172116,-0.0,0,0
NER,2007,,,22.469240505436147,5.95885887752627,6.830485755686894,0.8716268781606242,2.4459227066021576,0.2754863592602261,,,9.292486097525877,0.0,0,-0.8340351382997091,-0.0,0,0
NER,2008,,,22.71081139489153,6.16340944249978,7.059473251657147,0.8960638091573676,2.7056580984449194,0.27240808997186877,,,9.292486097525877,0.0,0,-0.5742997464569473,-0.0,0,0
NER,2009,,,22.71825608225018,6.133683325426616,7.1116505738887605,0.9779672484621447,2.7514668429027007,0.3276464171900569,,,9.292486097525877,0.0,0,-0.528491001999166,-0.0,0,0
NER,2010,,,22.78393126832559,6.162105003765174,7.428429341939105,1.2663243381739306,3.4312402161057385,0.41071448119529563,,,9.292486097525877,0.0,0,0.15128237120387178,0.0,0,0
NER,2011,,,22.894939049429677,6.235898954545853,7.576058919459159,1.3401599649133065,3.3429366392150874,0.34486581710265113,,,9.292486097525877,0.0,0,0.06297879431322073,0.0,0,0
NER,2012,,,22.966834483123698,6.270061924275405,7.689424962620857,1.4193630383454519,3.6911120988611676,0.41574770671726635,,,9.292486097525877,0.0,0,0.41115425395930094,0.0,0,0
NER,2013,,,23.0480915082983,6.3137352286905575,7.766212370634288,1.4524771419437306,3.7015267290888487,0.40186243261805377,,,9.292486097525877,0.0,0,0.421568884186982,0.0,0,0
NER,2014,,,23.108623159251305,6.33737407159759,7.8424298457105515,1.5050557741129618,3.5435227872068418,0.45134859135538713,,,9.292486097525877,0.0,0,0.26356494230497507,0.0,0,0
NER,2015,,,22.993727237602375,6.185514090947897,7.854601928784033,1.6690878378361367,3.369199439120829,0.4179937467028749,,,9.292486097525877,0.0,0,0.08924159421896238,0.0,0,0
NER,2016,,,23.05938488294914,6.214429122543351,7.913908812616166,1.699479690072815,3.3907671774703534,0.43689490432762446,,,9.292486097525877,0.0,0,0.11080933256848668,0.0,0,0
NER,2017,,,23.15330029074596,6.27274382585701,7.991629467194556,1.718885641337546,3.707220221459962,0.5152802300197544,,,9.292486097525877,0.0,0,0.4272623765580952,0.0,0,0
NER,2018,,,23.272781941761295,6.357716671819791,8.07785378233981,1.7201371105200192,3.2653874991871286,0.44416017024585625,,,9.292486097525877,0.0,0,-0.014570345714738142,-0.0,0,0
NER,2019,,,23.242641262777028,6.293910507287292,8.143488417802308,1.8495779105150163,3.1966994142689416,0.5044979189956297,,,9.292486097525877,0.0,0,-0.08325843063292515,-0.0,0,0
NER,2020,,,23.336883167209805,6.355154672557526,8.170196839808145,1.8150421672506196,3.7653743832337345,0.7196922741445474,,,9.292486097525877,0.0,0,0.4854165383318678,0.0,0,0
NER,2021,,,23.42705057075196,6.4127795521127515,8.21722085115122,1.8044412990384684,3.4047200726868656,0.6368314189486389,,,9.292486097525877,0.0,0,0.1247622277849989,0.0,0,0
NER,2022,,,23.46615534897088,6.419367266109669,8.330308705589859,1.9109414394801902,3.02019433962053,0.5323080127820222,,,9.292486097525877,0.0,0,-0.25976350528133674,-0.0,0,0
NER,2023,,,23.55351983373943,6.473782833296942,8.371664569863713,1.897881736566771,3.3021579063564346,0.685443105799643,,,9.292486097525877,0.0,0,0.022200061454567876,0.0,0,0
NER,2024,,,23.705395312865463,6.592848164409723,8.458856187822017,1.8660080234122933,3.1081788845619207,0.788427572560412,,,9.292486097525877,0.0,0,-0.171778960339946,-0.0,0,0
NFK,2006,,,,,6.694260831370928,,,,,,9.006270628512203,0.0,0,,,0,0
NFK,2007,,,,,6.830485755686894,,,,,,9.006270628512203,0.0,0,,,0,0
NFK,2008,,,,,7.059473251657147,,,,,,9.006270628512203,0.0,0,,,0,0
NFK,2009,,,,,7.1116505738887605,,,,,,9.006270628512203,0.0,0,,,0,0
NFK,2010,,,,,7.428429341939105,,,,,,9.006270628512203,0.0,0,,,0,0
NFK,2011,,,,,7.576058919459159,,,,,,9.006270628512203,0.0,0,,,0,0
NFK,2012,,,,,7.689424962620857,,,,,,9.006270628512203,0.0,0,,,0,0
NFK,2013,,,,,7.766212370634288,,,,,,9.006270628512203,0.0,0,,,0,0
NFK,2014,,,,,7.8424298457105515,,,,,,9.006270628512203,0.0,0,,,0,0
NFK,2015,,,,,7.854601928784033,,,,,,9.006270628512203,0.0,0,,,0,0
NFK,2016,,,,,7.913908812616166,,,,,,9.006270628512203,0.0,0,,,0,0
NFK,2017,,,,,7.991629467194556,,,,,,9.006270628512203,0.0,0,,,0,0
NFK,2018,,,,,8.07785378233981,,,,,,9.006270628512203,0.0,0,,,0,0
NFK,2019,,,,,8.143488417802308,,,,,,9.006270628512203,0.0,0,,,0,0
NFK,2020,,,,,8.170196839808145,,,,,,9.006270628512203,0.0,0,,,0,0
NFK,2021,,,,,8.21722085115122,,,,,,9.006270628512203,0.0,0,,,0,0
NFK,2022,,,,,8.330308705589859,,,,,,9.006270628512203,0.0,0,,,0,0
NFK,2023,,,,,8.371664569863713,,,,,,9.006270628512203,0.0,0,,,0,0
NFK,2024,,,,,8.458856187822017,,,,,,9.006270628512203,0.0,0,,,0,0
NGA,2006,,,26.19744643832356,7.37747068892396,6.694260831370928,0.6832098575530319,3.6757468741105424,1.0752681417025698,,,9.303725973694911,0.0,0,0.39578902920867565,0.0,0,0
NGA,2007,,,26.35182480855289,7.504131049162221,6.830485755686894,0.6736452934753272,3.2410183410135223,0.8797404944015809,,,9.303725973694911,0.0,0,-0.03893950388834444,-0.0,0,0
NGA,2008,,,26.550669903028712,7.6751308051969565,7.059473251657147,0.6156575535398092,2.9998449592995713,0.7347381438139774,,,9.303725973694911,0.0,0,-0.2801128856022954,-0.0,0,0
NGA,2009,,,26.410271143281783,7.506858963356526,7.1116505738887605,0.3952083894677658,3.2307772221984434,0.7723927792614931,,,9.303725973694911,0.0,0,-0.04918062270342327,-0.0,0,0
NGA,2010,,,26.62860157329506,7.697237899757034,7.428429341939105,0.2688085578179287,3.8180417065061887,1.0700554750432303,,,9.303725973694911,0.0,0,0.538083861604322,0.0,0,0
NGA,2011,,,26.75025841463781,7.79086688909992,7.576058919459159,0.214807969640761,3.9518533549170423,1.0181092506041483,,,9.303725973694911,0.0,0,0.6718955100151756,0.0,0,0
NGA,2012,,,26.86308792653071,7.875954107965085,7.689424962620857,0.18652914534422838,4.222034468836543,1.0531600688492977,,,9.303725973694911,0.0,0,0.9420766239346761,0.0,0,0
NGA,2013,,,26.97731996989263,7.963039252219641,7.766212370634288,0.1968268815853529,4.036502655481201,1.0138653984482777,,,9.303725973694911,0.0,0,0.7565448105793346,0.0,0,0
NGA,2014,,,27.076215327346617,8.035512469736158,7.8424298457105515,0.19308262402560672,4.239596150382479,1.3081801838622662,,,9.303725973694911,0.0,0,0.9596383054806119,0.0,0,0
NGA,2015,,,26.923829132852337,7.857764540382057,7.854601928784033,0.003162611598023446,3.775298043269167,0.9590319671288031,,,9.303725973694911,0.0,0,0.4953401983673005,0.0,0,0
NGA,2016,,,26.726286171146405,7.635503254770424,7.913908812616166,0.2784055578457414,3.9054077998879664,1.035199010427511,,,9.303725973694911,0.0,0,0.6254499549860997,0.0,0,0
NGA,2017,,,26.652178504379698,7.53707849431141,7.991629467194556,0.45455097288314583,4.306795882333924,1.1518738294334638,,,9.303725973694911,0.0,0,1.0268380374320576,0.0,0,0
NGA,2018,,,26.76765307259208,7.629431336223453,8.07785378233981,0.44842244611635707,3.8986219765532253,1.0014527716491683,,,9.303725973694911,0.0,0,0.6186641316513586,0.0,0,0
NGA,2019,,,27.22788328663484,8.067717531036777,8.143488417802308,0.07577088676553068,3.949973720725092,1.1771758327599067,,,9.303725973694911,0.0,0,0.6700158758232253,0.0,0,0
NGA,2020,,,27.11783741043424,7.936368683401748,8.170196839808145,0.2338281564063971,4.22730249145245,1.2619271722160454,,,9.303725973694911,0.0,0,0.9473446465505835,0.0,0,0
NGA,2021,,,27.13532663183756,7.932896036282519,8.21722085115122,0.2843248148687012,3.9617311628492065,1.2110909645939698,,,9.303725973694911,0.0,0,0.6817733179473398,0.0,0,0
NGA,2022,,,27.19553524684641,7.97217648257853,8.330308705589859,0.35813222301132885,3.901632299648511,1.205413355687746,,,9.303725973694911,0.0,0,0.6216744547466444,0.0,0,0
NGA,2023,,,26.91232595090149,7.667983294940036,8.371664569863713,0.7036812749236763,3.7710147561554224,1.0323981424375765,,,9.303725973694911,0.0,0,0.49105691125355566,0.0,0,0
NGA,2024,,,26.253733591761982,6.988561158182107,8.458856187822017,1.4702950296399093,3.584476969813842,0.9846106904140526,,,9.303725973694911,0.0,0,0.3045191249119754,0.0,0,0
NIC,2006,,,22.634831831063323,7.129436734577441,6.694260831370928,0.43517590320651234,3.1175241263395157,0.37016952370874595,,,9.725774360897331,0.0,0,-0.162433718562351,-0.0,0,0
NIC,2007,,,22.72789964445197,7.208142392655722,6.830485755686894,0.3776566369688279,2.850556946376298,0.32581222923250847,,,9.725774360897331,0.0,0,-0.42940089852556884,-0.0,0,0
NIC,2008,,,22.86297518346991,7.328886609065013,7.059473251657147,0.2694133574078661,2.700062985872144,0.27183982864411155,,,9.725774360897331,0.0,0,-0.5798948590297228,-0.0,0,0
NIC,2009,,,22.839365012911827,7.291031273158185,7.1116505738887605,0.17938069926942468,2.703812396251047,0.2945825396496634,,,9.725774360897331,0.0,0,-0.5761454486508195,-0.0,0,0
NIC,2010,,,22.893302166718474,7.330776748002456,7.428429341939105,0.09765259393664927,2.8268494317465818,0.33085903355949675,,,9.725774360897331,0.0,0,-0.45310841315528494,-0.0,0,0
NIC,2011,,,23.00302532999987,7.4263775820069595,7.576058919459159,0.1496813374521997,2.64735885659786,0.2655425531622735,,,9.725774360897331,0.0,0,-0.6325989883040068,-0.0,0,0
NIC,2012,,,23.077685714719024,7.487004694037964,7.689424962620857,0.20242026858289286,2.748044813766815,0.23234043559781722,,,9.725774360897331,0.0,0,-0.5319130311350517,-0.0,0,0
NIC,2013,,,23.119613389844947,7.51503949395039,7.766212370634288,0.2511728766838983,2.728361728598973,0.21733097205776677,,,9.725774360897331,0.0,0,-0.5515961163028935,-0.0,0,0
NIC,2014,,,23.19815908828368,7.579868016528035,7.8424298457105515,0.26256182918251625,3.426199289944582,0.30886386933884574,,,9.725774360897331,0.0,0,0.1462414450427154,0.0,0,0
NIC,2015,,,23.269322167629678,7.637454329088445,7.854601928784033,0.21714759969558806,3.379804555155797,0.2941073120264794,,,9.725774360897331,0.0,0,0.09984671025393022,0.0,0,0
NIC,2016,,,23.30998371525366,7.66466898665169,7.913908812616166,0.2492398259644757,3.0251923463059383,0.30881319788121475,,,9.725774360897331,0.0,0,-0.25476549859592845,-0.0,0,0
NIC,2017,,,23.34691166042494,7.6882784329551965,7.991629467194556,0.30335103423935905,2.4597509460852036,0.2527127401803515,,,9.725774360897331,0.0,0,-0.8202068988166631,-0.0,0,0
NIC,2018,,,23.29015346660815,7.6183324183563705,8.07785378233981,0.45952136398343946,3.171748882294704,0.6083716770506795,,,9.725774360897331,0.0,0,-0.10820896260716273,-0.0,0,0
NIC,2019,,,23.26479094668737,7.579995685693672,8.143488417802308,0.563492732108636,2.9118163475870036,0.6107862817355463,,,9.725774360897331,0.0,0,-0.3681414973148631,-0.0,0,0
NIC,2020,,,23.266946175649494,7.56964244053661,8.170196839808145,0.6005543992715356,2.9954509709717616,0.5328917140821127,,,9.725774360897331,0.0,0,-0.2845068739301051,-0.0,0,0
NIC,2021,,,23.377142768391515,7.667806495695835,8.21722085115122,0.5494143554553848,3.1358373394458736,0.556959892920798,,,9.725774360897331,0.0,0,-0.1441205054559931,-0.0,0,0
NIC,2022,,,23.47275055251814,7.750567678798382,8.330308705589859,0.5797410267914769,2.86909629546422,0.5903005399643307,,,9.725774360897331,0.0,0,-0.41086154943764663,-0.0,0,0
NIC,2023,,,23.60279245504308,7.866892800103687,8.371664569863713,0.5047717697600254,3.124743805279943,0.6044555834497359,,,9.725774360897331,0.0,0,-0.15521403962192348,-0.0,0,0
NIC,2024,,,23.703697239443958,7.9543288709485465,8.458856187822017,0.5045273168734701,3.3694583829340807,0.7644088328698326,,,9.725774360897331,0.0,0,0.08950053803221403,0.0,0,0
NIU,2006,,,,,6.694260831370928,,,,,,9.194984065130477,0.0,0,,,1,0
NIU,2007,,,,,6.830485755686894,,,,,,9.194984065130477,0.0,0,,,1,0
NIU,2008,,,,,7.059473251657147,,,,,,9.194984065130477,0.0,0,,,1,0
NIU,2009,,,,,7.1116505738887605,,3.9301659603706187,0.6503034951505561,,,9.194984065130477,0.0,0,0.650208115468752,0.0,1,0
NIU,2010,,,,,7.428429341939105,,3.6186962283657573,0.6652221653097098,,,9.194984065130477,0.0,0,0.3387383834638906,0.0,1,0
NIU,2011,,,,,7.576058919459159,,3.5684814925288917,0.623923560588547,,,9.194984065130477,0.0,0,0.288523647627025,0.0,1,0
NIU,2012,,,,,7.689424962620857,,3.633132885974433,0.6251600804640366,,,9.194984065130477,0.0,0,0.3531750410725665,0.0,1,0
NIU,2013,,,,,7.766212370634288,,3.522218290007044,0.5920189929101157,,,9.194984065130477,0.0,0,0.24226044510517708,0.0,1,0
NIU,2014,,,,,7.8424298457105515,,4.084159846387415,0.7559761775755115,,,9.194984065130477,0.0,0,0.8042020014855482,0.0,1,0
NIU,2015,,,,,7.854601928784033,,,,,,9.194984065130477,0.0,0,,,1,0
NIU,2016,,,,,7.913908812616166,,,,,,9.194984065130477,0.0,0,,,1,0
NIU,2017,,,,,7.991629467194556,,,,,,9.194984065130477,0.0,0,,,1,0
NIU,2018,,,,,8.07785378233981,,,,,,9.194984065130477,0.0,0,,,1,0
NIU,2019,,,,,8.143488417802308,,,,,,9.194984065130477,0.0,0,,,1,0
NIU,2020,,,,,8.170196839808145,,,,,,9.194984065130477,0.0,0,,,1,0
NIU,2021,,,,,8.21722085115122,,,,,,9.194984065130477,0.0,0,,,1,0
NIU,2022,,,,,8.330308705589859,,6.299224025068702,1.8883438589926171,,,9.194984065130477,0.0,0,3.0192661801668357,0.0,1,0
NIU,2023,,,,,8.371664569863713,,5.950264357327618,1.8435967679511147,,,9.194984065130477,0.0,0,2.6703065124257512,0.0,1,0
NIU,2024,,,,,8.458856187822017,,6.061804614367345,1.7689573686660143,,,9.194984065130477,0.0,0,2.7818467694654783,0.0,1,0
NLD,2006,,,27.326659368279046,10.71715941235824,6.694260831370928,4.022898580987312,4.228044580209226,5.258451966280511,3.773608878144918,2.352297530457338,9.164255490228236,0.0,0,0.9480867353073594,0.0,1,1
NLD,2007,,,27.4726107475141,10.860935575581351,6.830485755686894,4.030449819894457,3.8596350348490662,5.209313336570436,3.773608878144918,2.352297530457338,9.164255490228236,0.0,0,0.5796771899471995,0.0,1,1
NLD,2008,,,27.58801086020333,10.972442763655584,7.059473251657147,3.912969511998437,3.591431612018806,5.113438138895963,3.773608878144918,2.352297530457338,9.164255490228236,0.0,0,0.3114737671169392,0.0,1,1
NLD,2009,,,27.50199865493671,10.881287712940686,7.1116505738887605,3.769637139051926,3.5101928474520068,4.994387328187753,3.773608878144918,2.352297530457338,9.164255490228236,0.0,0,0.23023500255014007,0.0,1,1
NLD,2010,,,27.471397968935893,10.845557795934335,7.428429341939105,3.41712845399523,3.722909207363789,5.178449321322547,3.773608878144918,2.352297530457338,9.164255490228236,0.0,0,0.4429513624619221,0.0,1,1
NLD,2011,,,27.540155858270822,10.909651397447254,7.576058919459159,3.3335924779880948,3.8284830438590416,5.229843036657473,3.773608878144918,2.352297530457338,9.164255490228236,0.0,0,0.5485251989571749,0.0,1,1
NLD,2012,,,27.46341753685308,10.829212525681811,7.689424962620857,3.1397875630609544,3.9964338281092573,5.5310009308472665,3.773608878144918,2.352297530457338,9.164255490228236,0.0,0,0.7164759832073906,0.0,1,1
NLD,2013,,,27.507668077953173,10.870514858847491,7.766212370634288,3.104302488213203,3.76818227013077,5.1666404839146685,3.773608878144918,2.352297530457338,9.164255490228236,0.0,0,0.4882244252289034,0.0,1,1
NLD,2014,,,27.527388552896394,10.886637052063445,7.8424298457105515,3.044207206352894,3.6108937226867783,4.871165122356149,3.773608878144918,2.352297530457338,9.164255490228236,0.0,0,0.3309358777849116,0.0,1,1
NLD,2015,,,27.377087987231977,10.73190428550867,7.854601928784033,2.877302356724636,3.736108606154793,4.5828092417547195,3.773608878144918,2.352297530457338,9.164255490228236,0.0,0,0.4561507612529261,0.0,1,1
NLD,2016,,,27.404326202599055,10.753820712079664,7.913908812616166,2.839911899463498,3.9430401283955008,4.652550475430776,3.773608878144918,2.352297530457338,9.164255490228236,0.0,0,0.6630822834936341,0.0,1,1
NLD,2017,,,27.4664218332263,10.810004309045267,7.991629467194556,2.8183748418507113,4.033581724498362,4.734324389283182,3.773608878144918,2.352297530457338,9.164255490228236,0.0,0,0.7536238795964949,0.0,1,1
NLD,2018,,,27.55816393022722,10.895907071956978,8.07785378233981,2.8180532896171684,3.854770823418955,4.718892530231572,3.773608878144918,2.352297530457338,9.164255490228236,0.0,0,0.5748129785170883,0.0,1,1
NLD,2019,,,27.557270162964397,10.888462588946103,8.143488417802308,2.744974171143795,3.8183364922405247,4.479323524390838,3.773608878144918,2.352297530457338,9.164255490228236,0.0,0,0.538378647338658,0.0,1,1
NLD,2020,,,27.56120025357443,10.886837271653585,8.170196839808145,2.7166404318454394,3.8621624659336953,4.436166601083034,3.773608878144918,2.352297530457338,9.164255490228236,0.0,1,0.5822046210318286,0.5822046210318286,1,1
NLD,2021,,,27.684061400716473,11.004463513713938,8.21722085115122,2.7872426625627185,3.9013934715480154,4.470000942583888,3.773608878144918,2.352297530457338,9.164255490228236,0.0,1,0.6214356266461487,0.6214356266461487,1,1
NLD,2022,,,27.67651136283,10.987380686598927,8.330308705589859,2.657071981009068,3.6507454602037104,4.258745807482421,3.773608878144918,2.352297530457338,9.164255490228236,0.0,1,0.3707876153018437,0.3707876153018437,1,1
NLD,2023,,,27.758072945559004,11.059040872460928,8.371664569863713,2.6873763025972153,3.741301236841463,4.270146562611475,3.773608878144918,2.352297530457338,9.164255490228236,0.0,1,0.46134339193959617,0.46134339193959617,1,1
NLD,2024,,,27.824889284998115,11.11936897909982,8.458856187822017,2.660512791277803,3.55732564073628,4.023438617016173,3.773608878144918,2.352297530457338,9.164255490228236,0.0,1,0.2773677958344134,0.2773677958344134,1,1
NOR,2006,,,26.58055102052756,11.225879746007744,6.694260831370928,4.531618914636815,4.193686446395084,5.411578211611331,3.24003500093677,2.180090061904562,9.10870789852538,0.0,0,0.9137286014932173,0.0,0,0
NOR,2007,,,26.734076471272303,11.369057851599703,6.830485755686894,4.538572095912809,3.7050068165194667,5.1974894912394225,3.24003500093677,2.180090061904562,9.10870789852538,0.0,0,0.4250489716176,0.0,0,0
NOR,2008,,,26.88037253405435,11.502890584228231,7.059473251657147,4.443417332571084,3.278947354750789,5.144812499792612,3.24003500093677,2.180090061904562,9.10870789852538,0.0,0,-0.001010490151077903,-0.0,0,0
NOR,2009,,,26.70383243659841,11.313739213878526,7.1116505738887605,4.202088639989765,3.289670296235274,5.222067383681244,3.24003500093677,2.180090061904562,9.10870789852538,0.0,0,0.009712451333407479,0.0,0,0
NOR,2010,,,26.810340833376674,11.40779094886117,7.428429341939105,3.9793616069220645,3.4748027635192136,5.616033264092482,3.24003500093677,2.180090061904562,9.10870789852538,0.0,0,0.19484491861734687,0.0,0,0
NOR,2011,,,26.963285473134157,11.54776369471172,7.576058919459159,3.9717047752525616,3.7955404608300087,5.64379306791601,3.24003500093677,2.180090061904562,9.10870789852538,0.0,0,0.515582615928142,0.0,0,0
NOR,2012,,,26.98682206688332,11.55816587857399,7.689424962620857,3.8687409159531327,3.9288852868515294,6.015406687368838,3.24003500093677,2.180090061904562,9.10870789852538,0.0,0,0.6489274419496627,0.0,0,0
NOR,2013,,,27.015079863775078,11.574332259572733,7.766212370634288,3.808119888938445,3.8867195608749405,5.960355783778469,3.24003500093677,2.180090061904562,9.10870789852538,0.0,0,0.6067617159730738,0.0,0,0
NOR,2014,,,26.969042255034235,11.517017284058394,7.8424298457105515,3.6745874383478423,3.7935047746511286,5.395434503185968,3.24003500093677,2.180090061904562,9.10870789852538,0.0,0,0.5135469297492619,0.0,0,0
NOR,2015,,,26.716401922083207,11.25442610373778,7.854601928784033,3.3998241749537463,3.960790534433163,5.103636645048398,3.24003500093677,2.180090061904562,9.10870789852538,0.0,0,0.6808326895312962,0.0,0,0
NOR,2016,,,26.672042189941013,11.201256673441986,7.913908812616166,3.28734786082582,3.9762297602154306,4.994498334343599,3.24003500093677,2.180090061904562,9.10870789852538,0.0,0,0.6962719153135639,0.0,0,0
NOR,2017,,,26.753165167155693,11.274302918837817,7.991629467194556,3.2826734516432614,4.200021221264056,5.359617330719061,3.24003500093677,2.180090061904562,9.10870789852538,0.0,0,0.9200633763621897,0.0,0,0
NOR,2018,,,26.842659268986125,11.357196112225761,8.07785378233981,3.279342329885951,3.8091230570826635,5.156222645254186,3.24003500093677,2.180090061904562,9.10870789852538,0.0,0,0.5291652121807968,0.0,0,0
NOR,2019,,,26.773576687631913,11.281362917139095,8.143488417802308,3.137874499336787,3.7086489701096137,4.864873448966361,3.24003500093677,2.180090061904562,9.10870789852538,0.0,0,0.428691125207747,0.0,0,0
NOR,2020,,,26.669347268841644,11.171245925108394,8.170196839808145,3.0010490853002487,3.7980478276820997,5.046606973817105,3.24003500093677,2.180090061904562,9.10870789852538,0.0,0,0.518089982780233,0.0,0,0
NOR,2021,,,26.980151893905692,11.476702827353693,8.21722085115122,3.2594819762024727,3.7626276297252885,4.957341652565284,3.24003500093677,2.180090061904562,9.10870789852538,0.0,0,0.4826697848234218,0.0,0,0
NOR,2022,,,27.148656336041476,11.636223317283365,8.330308705589859,3.305914611693506,3.7000437663424472,4.636401021634939,3.24003500093677,2.180090061904562,9.10870789852538,0.0,0,0.42008592144058055,0.0,0,0
NOR,2023,,,26.942259571039948,11.418443438007879,8.371664569863713,3.046778868144166,3.7113957315540937,4.795558924286191,3.24003500093677,2.180090061904562,9.10870789852538,0.0,0,0.43143788665222704,0.0,0,0
NOR,2024,,,26.93964502213636,11.406330337720568,8.458856187822017,2.947474149898552,3.4547951063210824,4.605866289678211,3.24003500093677,2.180090061904562,9.10870789852538,0.0,0,0.17483726141921574,0.0,0,0
NPL,2006,,,22.92533591761254,5.830214801379075,6.694260831370928,0.8640460299918535,4.470942040735649,0.9712934436709353,,,7.920546754385555,0.0,0,1.190984195833782,0.0,0,0
NPL,2007,,,23.05789383040693,5.954410880130779,6.830485755686894,0.8760748755561147,4.061652430216382,0.9179304009660373,,,7.920546754385555,0.0,0,0.7816945853145154,0.0,0,0
NPL,2008,,,23.252622978720055,6.1416446228487,7.059473251657147,0.9178286288084472,3.656312247369135,0.8206022879822159,,,7.920546754385555,0.0,0,0.3763544024672685,0.0,0,0
NPL,2009,,,23.276997546903328,6.159261867653848,7.1116505738887605,0.9523887062349123,3.680049814520984,0.8033539476101147,,,7.920546754385555,0.0,0,0.4000919696191172,0.0,0,0
NPL,2010,,,23.49602057255987,6.372087788628265,7.428429341939105,1.0563415533108396,3.6211186378905778,0.7002735503220392,,,7.920546754385555,0.0,0,0.34116079298871105,0.0,0,0
NPL,2011,,,23.794748809314942,6.6663442081738244,7.576058919459159,0.9097147112853348,3.7636137586485847,0.675384277739906,,,7.920546754385555,0.0,0,0.483655913746718,0.0,0,0
NPL,2012,,,23.800720984847576,6.669755591153829,7.689424962620857,1.0196693714670273,3.973953366145106,0.64749018159501,,,7.920546754385555,0.0,0,0.6939955212432394,0.0,0,0
NPL,2013,,,23.821654194082022,6.688690392868628,7.766212370634288,1.0775219777656604,3.7155313850506926,0.5494707115454603,,,7.920546754385555,0.0,0,0.4355735401488259,0.0,0,0
NPL,2014,,,23.847022432354496,6.711077431928296,7.8424298457105515,1.1313524137822553,3.1250405338008806,0.46176560578128895,,,7.920546754385555,0.0,0,-0.15491731110098605,-0.0,0,0
NPL,2015,,,23.91624117279244,6.77484499111767,7.854601928784033,1.0797569376663638,3.591286758611397,0.6186992727453114,,,7.920546754385555,0.0,0,0.3113289137095303,0.0,0,0
NPL,2016,,,23.922922531179136,6.776799372312274,7.913908812616166,1.1371094403038917,3.4218677737732053,0.5759398510603909,,,7.920546754385555,0.0,0,0.14190992887133858,0.0,0,0
NPL,2017,,,24.08958149500971,6.941464436250713,7.991629467194556,1.0501650309438428,3.291579888828593,0.4850513221232038,,,7.920546754385555,0.0,0,0.011622043926726278,0.0,0,0
NPL,2018,,,24.2231472531996,7.072590191637622,8.07785378233981,1.0052635907021878,2.978367534257763,0.3867158908771293,,,7.920546754385555,0.0,0,-0.3015903106441038,-0.0,0,0
NPL,2019,,,24.255087326227518,7.092692534405107,8.143488417802308,1.0507958833972006,3.077080218972222,0.4236229035320873,,,7.920546754385555,0.0,0,-0.20287762592964453,-0.0,0,0
NPL,2020,,,24.232828992986697,7.051175890503701,8.170196839808145,1.1190209493044447,3.1189916676783533,0.45530958129490307,,,7.920546754385555,0.0,0,-0.16096617722351336,-0.0,0,0
NPL,2021,,,24.332150370006236,7.133097026348016,8.21722085115122,1.0841238248032044,3.0673892205471263,0.39103261240953424,,,7.920546754385555,0.0,0,-0.21256862435474044,-0.0,0,0
NPL,2022,,,24.44128991821838,7.234112718818911,8.330308705589859,1.0961959867709483,2.997438760888837,0.3991118167750096,,,7.920546754385555,0.0,0,-0.2825190840130296,-0.0,0,0
NPL,2023,,,24.438040347524126,7.231564106997868,8.371664569863713,1.1401004628658447,2.790626991166106,0.369660460427832,,,7.920546754385555,0.0,0,-0.4893308537357606,-0.0,0,0
NPL,2024,,,24.491393337688148,7.286385106851251,8.458856187822017,1.172471080970766,2.7927213190435713,0.3626840217651392,,,7.920546754385555,0.0,0,-0.48723652585829536,-0.0,0,0
NRU,2006,,,17.189691575006556,7.9759569699623585,6.694260831370928,1.28169613859143,,,,,8.829047741211502,0.0,0,,,1,0
NRU,2007,,,16.940821455503183,7.7284830808643274,6.830485755686894,0.8979973251774336,5.0997742507366475,1.4763353620872104,,,8.829047741211502,0.0,0,1.8198164058347808,0.0,1,0
NRU,2008,,,17.442574838745365,8.231334871526345,7.059473251657147,1.1718616198691976,5.038339764617715,1.5257908969023382,,,8.829047741211502,0.0,0,1.758381919715848,0.0,1,0
NRU,2009,,,17.60369777156752,8.39175867822764,7.1116505738887605,1.28010810433888,5.191556632913357,1.732640833320372,,,8.829047741211502,0.0,0,1.91159878801149,0.0,1,0
NRU,2010,,,17.677562438982797,8.462931285589459,7.428429341939105,1.034501943650354,4.82813758349058,1.8664782840080518,,,8.829047741211502,0.0,0,1.5481797385887135,0.0,1,0
NRU,2011,,,17.9910030596157,8.770910396196836,7.576058919459159,1.1948514767376768,4.978090841088088,1.7527859894117082,,,8.829047741211502,0.0,0,1.6981329961862213,0.0,1,0
NRU,2012,,,18.43118263505019,9.194492487751225,7.689424962620857,1.505067525130368,5.2543345051616885,1.8768735829028236,,,8.829047741211502,0.0,0,1.9743766602598218,0.0,1,0
NRU,2013,,,18.3628928785002,9.102144603980172,7.766212370634288,1.3359322333458836,5.447335872735036,1.7183854319678185,,,8.829047741211502,0.0,0,2.1673780278331694,0.0,1,0
NRU,2014,,,18.412136792125786,9.13022022166038,7.8424298457105515,1.2877903759498288,4.746607565414955,1.5313582735276423,,,8.829047741211502,0.0,0,1.4666497205130882,0.0,1,0
NRU,2015,,,18.256553941109345,8.955093975765678,7.854601928784033,1.1004920469816444,3.978454750467341,1.0540091475443965,,,8.829047741211502,0.0,0,0.6984969055654742,0.0,1,0
NRU,2016,,,18.395793028444587,9.076598251556321,7.913908812616166,1.1626894389401556,4.229928012385893,0.9163716831872118,,,8.829047741211502,0.0,0,0.9499701674840266,0.0,1,0
NRU,2017,,,18.510115870899305,9.175436224667513,7.991629467194556,1.183806757472957,4.111729989847093,1.0023512307152673,,,8.829047741211502,0.0,0,0.831772144945226,0.0,1,0
NRU,2018,,,18.69067403558435,9.342573723903678,8.07785378233981,1.2647199415638681,3.303660829783643,0.745865029141903,,,8.829047741211502,0.0,0,0.023702984881776246,0.0,1,0
NRU,2019,,,18.645104399965383,9.287465340968323,8.143488417802308,1.143976923166015,3.228505446245774,0.6295838175602718,,,8.829047741211502,0.0,0,-0.05145239865609286,-0.0,1,0
NRU,2020,,,18.641306633904033,9.278846213867018,8.170196839808145,1.1086493740588725,3.3611446016606794,0.66368039191806,,,8.829047741211502,0.0,0,0.0811867567588127,0.0,1,0
NRU,2021,,,18.82125607652246,9.45314302067373,8.21722085115122,1.2359221695225102,3.2014427973874318,0.6215136924659619,,,8.829047741211502,0.0,0,-0.07851504751443494,-0.0,1,0
NRU,2022,,,19.012190233589575,9.63625068096383,8.330308705589859,1.3059419753739707,2.6670713234863994,0.6841400644115695,,,8.829047741211502,0.0,0,-0.6128865214154673,-0.0,1,0
NRU,2023,,,18.900209594423174,9.518018965520328,8.371664569863713,1.1463543956566156,3.0645838803644354,0.7457341869814038,,,8.829047741211502,0.0,0,-0.2153739645374313,-0.0,1,0
NRU,2024,,,18.938482467131983,9.55024698731476,8.458856187822017,1.0913907994927428,3.3667562215503177,0.8533168769754355,,,8.829047741211502,0.0,0,0.08679837664845103,0.0,1,0
NZL,2006,,,25.437638445421936,10.190716767534644,6.694260831370928,3.4964559361637155,4.112812451642902,5.583077559249875,3.508265022192789,2.9423983400948814,9.126750806633089,0.0,0,0.832854606741035,0.0,0,0
NZL,2007,,,25.64462498678869,10.388379232026278,6.830485755686894,3.557893476339384,3.6145206537866854,5.4486397019848,3.508265022192789,2.9423983400948814,9.126750806633089,0.0,0,0.3345628088848187,0.0,0,0
NZL,2008,,,25.616896241978825,10.352163473192187,7.059473251657147,3.2926902215350395,3.655871733893724,5.403670038402564,3.508265022192789,2.9423983400948814,9.126750806633089,0.0,0,0.3759138889918572,0.0,0,0
NZL,2009,,,25.52452437533405,10.249794326235328,7.1116505738887605,3.1381437523465676,3.641673048646221,5.589905833933586,3.508265022192789,2.9423983400948814,9.126750806633089,0.0,0,0.3617152037443545,0.0,0,0
NZL,2010,,,25.712935564958784,10.427088255299847,7.428429341939105,2.9986589133607415,3.7743876171387956,5.813004495922882,3.508265022192789,2.9423983400948814,9.126750806633089,0.0,1,0.49442977223692886,0.49442977223692886,0,0
NZL,2011,,,25.849957276251267,10.556485168641277,7.576058919459159,2.980426249182118,3.8761027889005173,5.96615608473736,3.508265022192789,2.9423983400948814,9.126750806633089,0.0,1,0.5961449439986506,0.5961449439986506,0,0
NZL,2012,,,25.896632316326667,10.597678000743691,7.689424962620857,2.908253038122835,3.954953286826847,6.039194342607069,3.508265022192789,2.9423983400948814,9.126750806633089,0.0,1,0.6749954419249802,0.6749954419249802,0,0
NZL,2013,,,25.97524329601423,10.668605500449312,7.766212370634288,2.9023931298150236,3.9071370987919294,5.788058335228503,3.508265022192789,2.9423983400948814,9.126750806633089,0.0,1,0.6271792538900627,0.6271792538900627,0,0
NZL,2014,,,26.028734795132966,10.70548687956093,7.8424298457105515,2.863057033850378,3.833043348131924,5.595069001801683,3.508265022192789,2.9423983400948814,9.126750806633089,0.0,1,0.5530855032300575,0.5530855032300575,0,0
NZL,2015,,,25.905877455772497,10.562269201113974,7.854601928784033,2.7076672723299406,4.004052663401791,5.256156385719813,3.508265022192789,2.9423983400948814,9.126750806633089,0.0,1,0.7240948184999243,0.7240948184999243,0,0
NZL,2016,,,25.96490888835254,10.598840312692452,7.913908812616166,2.684931500076287,4.266464627316381,5.128554414462868,3.508265022192789,2.9423983400948814,9.126750806633089,0.0,1,0.9865067824145144,0.9865067824145144,0,0
NZL,2017,,,26.05386617071697,10.666910367828692,7.991629467194556,2.675280900634136,4.400274432266035,5.297751350336651,3.508265022192789,2.9423983400948814,9.126750806633089,0.0,1,1.1203165873641683,1.1203165873641683,0,0
NZL,2018,,,26.078559587940667,10.673691383376484,8.07785378233981,2.595837601036674,4.128198478719795,5.037709952101061,3.508265022192789,2.9423983400948814,9.126750806633089,0.0,1,0.848240633817928,0.848240633817928,0,0
NZL,2019,,,26.08497122364584,10.665980465221716,8.143488417802308,2.5224920474194086,4.177151460405729,4.80156286383168,3.508265022192789,2.9423983400948814,9.126750806633089,0.0,1,0.8971936155038622,0.8971936155038622,0,0
NZL,2020,,,26.08605045641407,10.64672582007119,8.170196839808145,2.476528980263044,4.08952081210679,4.8813719332386505,3.508265022192789,2.9423983400948814,9.126750806633089,0.0,1,0.8095629672049234,0.8095629672049234,0,0
NZL,2021,,,26.259546375712038,10.817819454074845,8.21722085115122,2.6005986029236254,4.170021544147568,4.631287971225022,3.508265022192789,2.9423983400948814,9.126750806633089,0.0,1,0.8900636992457014,0.8900636992457014,0,0
NZL,2022,,,26.243618258458476,10.802461849215895,8.330308705589859,2.472153143626036,3.631878495249155,4.672370430819387,3.508265022192789,2.9423983400948814,9.126750806633089,0.0,1,0.35192065034728826,0.35192065034728826,0,0
NZL,2023,,,26.26989604502001,10.80572686146835,8.371664569863713,2.434062291604638,3.5432884193575798,4.754790162874202,3.508265022192789,2.9423983400948814,9.126750806633089,0.0,1,0.26333057445571306,0.26333057445571306,0,0
NZL,2024,,,26.289689406680445,10.80836060284596,8.458856187822017,2.3495044150239437,3.467664209910144,4.525139935386963,3.508265022192789,2.9423983400948814,9.126750806633089,0.0,1,0.1877063650082773,0.1877063650082773,0,0
OMN,2006,,,24.474594912198746,9.73689306493936,6.694260831370928,3.0426322335684324,2.689195243144362,0.6543827061730262,,,8.574355827469494,0.0,0,-0.5907626017575045,-0.0,0,0
OMN,2007,,,24.60070547452957,9.841221315669843,6.830485755686894,3.0107355599829493,2.251376370514965,0.5869457453906918,,,8.574355827469494,0.0,0,-1.0285814743869017,-0.0,0,0
OMN,2008,,,24.968966913296974,10.18779315267205,7.059473251657147,3.128319901014903,2.6196098352460964,0.6436346747494859,,,8.574355827469494,0.0,0,-0.6603480096557703,-0.0,0,0
OMN,2009,,,24.738821420491693,9.935757144494206,7.1116505738887605,2.824106570605445,2.8677382090548327,0.6621110493883902,,,8.574355827469494,0.0,0,-0.412219635847034,-0.0,0,0
OMN,2010,,,24.89755307182971,10.067737624867242,7.428429341939105,2.6393082829281367,2.7651353754345664,0.7121337415664333,,,8.574355827469494,0.0,0,-0.5148224694673003,-0.0,0,0
OMN,2011,,,25.073511892265614,10.13412326400229,7.576058919459159,2.55806434454313,2.7270746583053067,0.4430710428366369,,,8.574355827469494,0.0,0,-0.55288318659656,-0.0,0,0
OMN,2012,,,25.193862289007217,10.112219671288631,7.689424962620857,2.422794708667775,3.2538758968325374,0.5504565533766338,,,8.574355827469494,0.0,0,-0.026081948069329286,-0.0,0,0
OMN,2013,,,25.22236437455108,10.062967863926605,7.766212370634288,2.2967554932923173,3.430673624904386,0.4875377588370806,,,8.574355827469494,0.0,0,0.1507157800025194,0.0,0,0
OMN,2014,,,25.252624489911412,10.050210006649246,7.8424298457105515,2.207780160938695,3.5444051716545615,0.4402836316210332,,,8.574355827469494,0.0,0,0.2644473267526948,0.0,0,0
OMN,2015,,,25.08904612703209,9.842053955046863,7.854601928784033,1.9874520262628295,2.985924676492261,0.31167912240062196,,,8.574355827469494,0.0,0,-0.2940331684096056,-0.0,0,0
OMN,2016,,,25.042468993909107,9.747429456599997,7.913908812616166,1.8335206439838316,2.7118164659760264,0.26595338263233204,,,8.574355827469494,0.0,0,-0.5681413789258403,-0.0,0,0
OMN,2017,,,25.115944252057382,9.788080414875003,7.991629467194556,1.796450947680447,2.7733083613842395,0.29057322790763424,,,8.574355827469494,0.0,0,-0.5066494835176272,-0.0,0,0
OMN,2018,,,25.239668760795254,9.898563527608998,8.07785378233981,1.8207097452691876,2.3986904946803844,0.2506442120277321,,,8.574355827469494,0.0,0,-0.8812673502214823,-0.0,0,0
OMN,2019,,,25.20129398350721,9.861633067643591,8.143488417802308,1.7181446498412836,2.0260229628376205,0.23637115467417877,,,8.574355827469494,0.0,0,-1.2539348820642462,-0.0,0,0
OMN,2020,,,25.052807583986553,9.728232751085104,8.170196839808145,1.5580359112769582,2.1219896157230327,0.20423341408304307,,,8.574355827469494,0.0,0,-1.157968229178834,-0.0,0,0
OMN,2021,,,25.19288885301414,9.873206680490004,8.21722085115122,1.6559858293387837,2.280637703445113,0.19239010335508402,,,8.574355827469494,0.0,0,-0.9993201414567539,-0.0,0,0
OMN,2022,,,25.422407086875562,10.052923547422028,8.330308705589859,1.7226148418321685,2.2237176461091432,0.26996729006028974,,,8.574355827469494,0.0,0,-1.0562401987927235,-0.0,0,0
OMN,2023,,,25.388351762328494,9.953597724029846,8.371664569863713,1.5819331541661334,1.5919000584388483,0.3215600391170098,,,8.574355827469494,0.0,0,-1.6880577864630184,-0.0,0,0
OMN,2024,,,25.39737608088987,9.917648179744713,8.458856187822017,1.4587919919226966,1.8593713029910501,0.4983403111953211,,,8.574355827469494,0.0,0,-1.4205865419108166,-0.0,0,0
PAK,2006,,,25.81006794023268,6.803364920330677,6.694260831370928,0.10910408895974832,3.6625678604422447,0.8779374559691178,3.44398554215029,1.087112112281998,8.321083412476941,0.0,0,0.382610015540378,0.0,0,0
PAK,2007,,,25.93896689944717,6.905843567022234,6.830485755686894,0.0753578113353397,4.043178620296171,1.091737464534024,3.44398554215029,1.087112112281998,8.321083412476941,0.0,0,0.7632207753943043,0.0,0,0
PAK,2008,,,26.03254168235131,6.9726467806143,7.059473251657147,0.0868264710428468,4.057471814213766,1.2322117644348956,3.44398554215029,1.087112112281998,8.321083412476941,0.0,0,0.7775139693118995,0.0,0,0
PAK,2009,,,25.956179155130716,6.870871422302668,7.1116505738887605,0.24077915158609287,4.139842119216057,1.2013401115145668,3.44398554215029,1.087112112281998,8.321083412476941,0.0,0,0.8598842743141906,0.0,0,0
PAK,2010,,,26.00499447751306,6.894978574531212,7.428429341939105,0.533450767407893,4.60578014022061,1.2767386357618464,3.44398554215029,1.087112112281998,8.321083412476941,0.0,0,1.3258222953187437,0.0,0,0
PAK,2011,,,26.163892251673026,7.031507254657717,7.576058919459159,0.5445516648014426,4.720898135597068,1.522503504134004,3.44398554215029,1.087112112281998,8.321083412476941,0.0,0,1.4409402906952011,0.0,0,0
PAK,2012,,,26.245154527719595,7.093707532575813,7.689424962620857,0.5957174300450436,4.608283766457461,1.3985483931918805,3.44398554215029,1.087112112281998,8.321083412476941,0.0,0,1.3283259215555945,0.0,0,0
PAK,2013,,,26.27876959230302,7.111050355675752,7.766212370634288,0.6551620149585364,4.649892944340888,1.369107551036709,3.44398554215029,1.087112112281998,8.321083412476941,0.0,0,1.369935099439021,0.0,0,0
PAK,2014,,,26.326824487407162,7.144102010241037,7.8424298457105515,0.6983278354695148,4.07920004619125,1.1891184111015896,3.44398554215029,1.087112112281998,8.321083412476941,0.0,0,0.7992422012893834,0.0,0,0
PAK,2015,,,26.42692693935321,7.230179450828166,7.854601928784033,0.6244224779558678,4.421137890968631,1.298505172977643,3.44398554215029,1.087112112281998,8.321083412476941,0.0,0,1.1411800460667645,0.0,0,0
PAK,2016,,,26.47147978452842,7.26171065662178,7.913908812616166,0.6521981559943857,4.449029763674112,1.3118300819559767,3.44398554215029,1.087112112281998,8.321083412476941,0.0,0,1.1690719187722451,0.0,0,0
PAK,2017,,,26.54987205812814,7.3259619311861925,7.991629467194556,0.665667536008363,4.4842844613952755,1.1914778423684738,3.44398554215029,1.087112112281998,8.321083412476941,0.0,0,1.2043266164934088,0.0,0,0
PAK,2018,,,26.59855652184126,7.35840924657028,8.07785378233981,0.7194445357695303,3.6930793959747272,0.8872063635292623,3.44398554215029,1.087112112281998,8.321083412476941,0.0,0,0.4131215510728605,0.0,0,0
PAK,2019,,,26.494424904011606,7.237358916273659,8.143488417802308,0.9061295015286488,3.6000739306694234,0.9279333790292296,3.44398554215029,1.087112112281998,8.321083412476941,0.0,0,0.3201160857675567,0.0,0,0
PAK,2020,,,26.428466005592696,7.153362503724633,8.170196839808145,1.0168343360835124,3.2284302707797132,0.7475695379605733,3.44398554215029,1.087112112281998,8.321083412476941,0.0,0,-0.051527574122153474,-0.0,0,0
PAK,2021,,,26.576951834858743,7.282980553274667,8.21722085115122,0.9342402978765527,3.1844992693924974,0.7083771753022301,3.44398554215029,1.087112112281998,8.321083412476941,0.0,0,-0.09545857550936931,-0.0,0,0
PAK,2022,,,26.649899275228403,7.338448019665027,8.330308705589859,0.9918606859248325,3.3599560290565886,0.8358661237348289,3.44398554215029,1.087112112281998,8.321083412476941,0.0,0,0.07999818415472193,0.0,0,0
PAK,2023,,,26.54241761762046,7.2154783161961955,8.371664569863713,1.1561862536675171,3.5902468666274863,0.972681623938669,3.44398554215029,1.087112112281998,8.321083412476941,0.0,0,0.31028902172561956,0.0,0,0
PAK,2024,,,26.64147958836576,7.299444299310096,8.458856187822017,1.1594118885119205,3.344604316230901,0.971664870105617,3.44398554215029,1.087112112281998,8.321083412476941,0.0,0,0.06464647132903423,0.0,0,0
PAN,2006,,,23.649633107281026,8.617720113906431,6.694260831370928,1.9234592825355028,3.2618904326673155,0.8309622850578742,,,9.761069360451236,0.0,0,-0.018067412234551217,-0.0,1,0
PAN,2007,,,23.801381175860712,8.751129063998889,6.830485755686894,1.9206433083119947,3.4136357305429192,0.8152588931323569,,,9.761069360451236,0.0,0,0.13367788564105254,0.0,1,0
PAN,2008,,,23.970586367953345,8.902127715773384,7.059473251657147,1.8426544641162366,3.3290711509137467,0.9021931377863143,,,9.761069360451236,0.0,0,0.04911330601188002,0.0,1,0
PAN,2009,,,24.04798581849926,8.96148485428317,7.1116505738887605,1.8498342803944103,3.4815926223190417,0.911934999867824,,,9.761069360451236,0.0,0,0.20163477741717495,0.0,1,0
PAN,2010,,,24.132134039159702,9.027794495646724,7.428429341939105,1.5993651537076188,3.5043045599748317,0.9534280051590418,,,9.761069360451236,0.0,0,0.224346715072965,0.0,1,0
PAN,2011,,,24.298073001748403,9.175986572068863,7.576058919459159,1.5999276526097042,3.642449819501799,0.8985788875485271,,,9.761069360451236,0.0,0,0.3624919745999322,0.0,1,0
PAN,2012,,,24.45125637560848,9.311524752162143,7.689424962620857,1.622099789541286,3.787064282925256,0.8497495952428088,,,9.761069360451236,0.0,0,0.5071064380233894,0.0,1,0
PAN,2013,,,24.572338318368526,9.415183283752766,7.766212370634288,1.648970913118478,3.614507993892685,0.7730654649342127,,,9.761069360451236,0.0,0,0.3345501489908185,0.0,1,0
PAN,2014,,,24.663431203101336,9.488971530481976,7.8424298457105515,1.6465416847714245,3.688958871373259,0.7387971219420874,,,9.761069360451236,0.0,0,0.40900102647139214,0.0,1,0
PAN,2015,,,24.744462588220145,9.552699166644704,7.854601928784033,1.6980972378606705,3.7530889145519777,0.6789266732010296,,,9.761069360451236,0.0,0,0.473131069650111,0.0,1,0
PAN,2016,,,24.81361674681098,9.60456663761834,7.913908812616166,1.6906578250021749,3.9418527573327142,0.6708420293343261,,,9.761069360451236,0.0,0,0.6618949124308475,0.0,1,0
PAN,2017,,,24.887255994473804,9.661073878391196,7.991629467194556,1.6694444111966407,3.8965509880755493,0.6989784358046931,,,9.761069360451236,0.0,0,0.6165931431736826,0.0,1,0
PAN,2018,,,24.932670786594475,9.689757513994708,8.07785378233981,1.6119037316548983,4.345282911518987,0.6987060223774639,,,9.761069360451236,0.0,0,1.06532506661712,0.0,1,0
PAN,2019,,,24.968598815736108,9.709775770429617,8.143488417802308,1.5662873526273096,4.443593190542473,0.6772952295250788,,,9.761069360451236,0.0,0,1.1636353456406066,0.0,1,0
PAN,2020,,,24.767366492577427,9.49480935057307,8.170196839808145,1.3246125107649238,4.206334978982108,0.6731410424439872,,,9.761069360451236,0.0,0,0.9263771340802411,0.0,1,0
PAN,2021,,,24.933857329693353,9.64922780676868,8.21722085115122,1.4320069556174602,4.264395263310402,0.6087784953030704,,,9.761069360451236,0.0,0,0.9844374184085356,0.0,1,0
PAN,2022,,,25.060286011767456,9.762995246491029,8.330308705589859,1.4326865409011695,4.0517723969090085,0.5781465829451787,,,9.761069360451236,0.0,0,0.7718145520071418,0.0,1,0
PAN,2023,,,25.151843884035028,9.841462849878885,8.371664569863713,1.4697982800151728,3.9500407174400407,0.5529399103781228,,,9.761069360451236,0.0,0,0.670082872538174,0.0,1,0
PAN,2024,,,25.183687196346337,9.860643663443586,8.458856187822017,1.4017874756215694,4.018751388461143,0.5471368998193793,,,9.761069360451236,0.0,0,0.7387935435592765,0.0,1,0
PCN,2006,,,,,6.694260831370928,,,,,,,0.0,0,,,0,0
PCN,2007,,,,,6.830485755686894,,,,,,,0.0,0,,,0,0
PCN,2008,,,,,7.059473251657147,,,,,,,0.0,0,,,0,0
PCN,2009,,,,,7.1116505738887605,,,,,,,0.0,0,,,0,0
PCN,2010,,,,,7.428429341939105,,,,,,,0.0,0,,,0,0
PCN,2011,,,,,7.576058919459159,,,,,,,0.0,0,,,0,0
PCN,2012,,,,,7.689424962620857,,,,,,,0.0,0,,,0,0
PCN,2013,,,,,7.766212370634288,,,,,,,0.0,0,,,0,0
PCN,2014,,,,,7.8424298457105515,,,,,,,0.0,0,,,0,0
PCN,2015,,,,,7.854601928784033,,,,,,,0.0,0,,,0,0
PCN,2016,,,,,7.913908812616166,,,,,,,0.0,0,,,0,0
PCN,2017,,,,,7.991629467194556,,,,,,,0.0,0,,,0,0
PCN,2018,,,,,8.07785378233981,,,,,,,0.0,0,,,0,0
PCN,2019,,,,,8.143488417802308,,,,,,,0.0,0,,,0,0
PCN,2020,,,,,8.170196839808145,,,,,,,0.0,0,,,0,0
PCN,2021,,,,,8.21722085115122,,,,,,,0.0,0,,,0,0
PCN,2022,,,,,8.330308705589859,,,,,,,0.0,0,,,0,0
PCN,2023,,,,,8.371664569863713,,,,,,,0.0,0,,,0,0
PCN,2024,,,,,8.458856187822017,,,,,,,0.0,0,,,0,0
PER,2006,,,25.207885082105108,8.0486476873794,6.694260831370928,1.354386856008472,4.2489295693245595,0.6581639084595842,2.988023447176662,1.4276854233074978,9.867521457363292,0.0,0,0.9689717244226927,0.0,0,0
PER,2007,,,25.3499135325587,8.183422309143383,6.830485755686894,1.3529365534564892,3.8644298696055612,0.5543110141562005,2.988023447176662,1.4276854233074978,9.867521457363292,0.0,0,0.5844720247036945,0.0,0,0
PER,2008,,,25.515335417218125,8.34226450699624,7.059473251657147,1.2827912553390934,4.123306724386941,0.622213221246281,2.988023447176662,1.4276854233074978,9.867521457363292,0.0,0,0.8433488794850743,0.0,0,0
PER,2009,,,25.517592390118917,8.338350589145591,7.1116505738887605,1.2267000152568306,4.025858168722821,0.7351381094411265,2.988023447176662,1.4276854233074978,9.867521457363292,0.0,0,0.7459003238209543,0.0,0,0
PER,2010,,,25.717281327525697,8.531513157570886,7.428429341939105,1.1030838156317815,3.943464348227337,0.7406668265782251,2.988023447176662,1.4276854233074978,9.867521457363292,0.0,0,0.6635065033254701,0.0,0,0
PER,2011,,,25.86937410368532,8.676136585495906,7.576058919459159,1.1000776660367464,4.097048034982761,0.6826514901027823,2.988023447176662,1.4276854233074978,9.867521457363292,0.0,0,0.817090190080894,0.0,0,0
PER,2012,,,25.98414102039118,8.782534332864701,7.689424962620857,1.0931093702438446,4.316850422732687,0.7514977330011071,2.988023447176662,1.4276854233074978,9.867521457363292,0.0,0,1.03689257783082,0.0,0,0
PER,2013,,,26.02744371495777,8.816823635470953,7.766212370634288,1.0506112648366654,4.050488175812338,0.653471063221367,2.988023447176662,1.4276854233074978,9.867521457363292,0.0,0,0.770530330910471,0.0,0,0
PER,2014,,,26.025506749227073,8.80494537695133,7.8424298457105515,0.9625155312407792,4.504052280364657,0.566492221755108,2.988023447176662,1.4276854233074978,9.867521457363292,0.0,0,1.2240944354627907,0.0,0,0
PER,2015,,,25.969252404166934,8.737406293698061,7.854601928784033,0.882804364914028,4.369377587748332,0.5165161207364691,2.988023447176662,1.4276854233074978,9.867521457363292,0.0,0,1.0894197428464651,0.0,0,0
PER,2016,,,25.980230361799652,8.735048544819481,7.913908812616166,0.8211397322033154,4.2371935607402005,0.5044618443202841,2.988023447176662,1.4276854233074978,9.867521457363292,0.0,0,0.9572357158383338,0.0,0,0
PER,2017,,,26.075161808952615,8.815246338461698,7.991629467194556,0.8236168712671423,4.186925907068709,0.5663184578406478,2.988023447176662,1.4276854233074978,9.867521457363292,0.0,0,0.9069680621668419,0.0,0,0
PER,2018,,,26.128628842360857,8.85058801415107,8.07785378233981,0.7727342318112598,4.672604207696377,0.553936426786115,2.988023447176662,1.4276854233074978,9.867521457363292,0.0,0,1.3926463627945105,0.0,0,0
PER,2019,,,26.15412788574632,8.858938364061398,8.143488417802308,0.7154499462590902,4.54417271768691,0.5218037598566347,2.988023447176662,1.4276854233074978,9.867521457363292,0.0,0,1.2642148727850429,0.0,0,0
PER,2020,,,26.02860695289425,8.72149238168389,8.170196839808145,0.5512955418757439,4.176313155110898,0.5559084254397023,2.988023447176662,1.4276854233074978,9.867521457363292,0.0,0,0.8963553102090311,0.0,0,0
PER,2021,,,26.145596015993522,8.828865321239824,8.21722085115122,0.6116444700886046,4.249038951105032,0.45928079639648867,2.988023447176662,1.4276854233074978,9.867521457363292,0.0,1,0.969081106203165,0.969081106203165,0,0
PER,2022,,,26.229287654347257,8.902965120500008,8.330308705589859,0.5726564149101492,3.9088328347365398,0.487664126819523,2.988023447176662,1.4276854233074978,9.867521457363292,0.0,1,0.628874989834673,0.628874989834673,0,0
PER,2023,,,26.314346132914135,8.97702606698852,8.371664569863713,0.6053614971248074,3.8277169761472916,0.4905006987326832,2.988023447176662,1.4276854233074978,9.867521457363292,0.0,1,0.5477591312454249,0.5477591312454249,0,0
PER,2024,,,26.399168328387034,9.050910391136666,8.458856187822017,0.5920542033146496,3.732449970123502,0.39016968195442603,2.988023447176662,1.4276854233074978,9.867521457363292,0.0,1,0.4524921252216352,0.4524921252216352,0,0
PHL,2006,,,25.572580905307042,7.262731324867288,6.694260831370928,0.5684704934963598,3.9411920498241795,0.9071985402109664,2.7118156435310703,0.8753767186271473,7.442858795207651,0.0,1,0.6612342049223128,0.6612342049223128,1,0
PHL,2007,,,25.772996250882535,7.445800329712747,6.830485755686894,0.6153145740258532,3.9536735804542076,0.811942948388444,2.7118156435310703,0.8753767186271473,7.442858795207651,0.0,1,0.6737157355523409,0.6737157355523409,1,0
PHL,2008,,,25.925207901449255,7.580338633636124,7.059473251657147,0.520865381978977,3.8351705524547524,0.8222602351695155,2.7118156435310703,0.8753767186271473,7.442858795207651,0.0,1,0.5552127075528857,0.5552127075528857,1,0
PHL,2009,,,25.893606389204933,7.530721615229424,7.1116505738887605,0.4190710413406631,3.9698090926569196,0.9309633941688569,2.7118156435310703,0.8753767186271473,7.442858795207651,0.0,1,0.6898512477550529,0.6898512477550529,1,0
PHL,2010,,,26.062575870574804,7.679211554079194,7.428429341939105,0.25078221214008867,3.8658805187642233,0.8306418406862895,2.7118156435310703,0.8753767186271473,7.442858795207651,0.0,1,0.5859226738623566,0.5859226738623566,1,0
PHL,2011,,,26.17951272147372,7.776501019729808,7.576058919459159,0.20044210027064846,3.7624112753190757,0.6923692967386655,2.7118156435310703,0.8753767186271473,7.442858795207651,0.0,1,0.482453430417209,0.482453430417209,1,0
PHL,2012,,,26.291307015940614,7.868872690411539,7.689424962620857,0.17944772779068252,3.6755381019159397,0.6913594923065274,2.7118156435310703,0.8753767186271473,7.442858795207651,0.0,1,0.39558025701407296,0.39558025701407296,1,0
PHL,2013,,,26.371897863703346,7.930666380203703,7.766212370634288,0.1644540095694147,3.592204815920584,0.6555121506702034,2.7118156435310703,0.8753767186271473,7.442858795207651,0.0,1,0.31224697101871746,0.31224697101871746,1,0
PHL,2014,,,26.41862478422967,7.960964972349751,7.8424298457105515,0.11853512663919918,3.4783484669496243,0.5430166851868462,2.7118156435310703,0.8753767186271473,7.442858795207651,0.0,1,0.1983906220477576,0.1983906220477576,1,0
PHL,2015,,,26.44830697392827,7.975859623618142,7.854601928784033,0.12125769483410842,3.6859979688765407,0.5298379125108558,2.7118156435310703,0.8753767186271473,7.442858795207651,0.0,1,0.40604012397467404,0.40604012397467404,1,0
PHL,2016,,,26.48728698606226,8.001420564798059,7.913908812616166,0.08751175218189289,4.502158942568672,0.8055346694005957,2.7118156435310703,0.8753767186271473,7.442858795207651,0.0,1,1.222201097666805,1.222201097666805,1,0
PHL,2017,,,26.517744033281858,8.01899459335103,7.991629467194556,0.02736512615647424,4.412135814259279,0.7143072582411656,2.7118156435310703,0.8753767186271473,7.442858795207651,0.0,1,1.132177969357412,1.132177969357412,1,0
PHL,2018,,,26.572134883631268,8.06101684036853,8.07785378233981,0.016836941971279273,4.085804969862453,0.495290024547911,2.7118156435310703,0.8753767186271473,7.442858795207651,0.0,1,0.8058471249605863,0.8058471249605863,1,0
PHL,2019,,,26.65504248557334,8.131762888846074,8.143488417802308,0.011725528956233688,3.9572842001435107,0.4988798868010486,2.7118156435310703,0.8753767186271473,7.442858795207651,0.0,1,0.677326355241644,0.677326355241644,1,0
PHL,2020,,,26.614222368870674,8.079487631282424,8.170196839808145,0.09070920852572151,3.5849885032344555,0.45027330369293,2.7118156435310703,0.8753767186271473,7.442858795207651,0.0,1,0.3050306583325888,0.3050306583325888,1,0
PHL,2021,,,26.699838447169697,8.156047106472293,8.21722085115122,0.06117374467892667,3.739152533244296,0.4661923692548522,2.7118156435310703,0.8753767186271473,7.442858795207651,0.0,1,0.4591946883424294,0.4591946883424294,1,0
PHL,2022,,,26.725555009839525,8.17415887698197,8.330308705589859,0.15614982860788906,3.4401451053341914,0.40514638315513846,2.7118156435310703,0.8753767186271473,7.442858795207651,0.0,1,0.16018726043232467,0.16018726043232467,1,0
PHL,2023,,,26.80332631740801,8.243830174563634,8.371664569863713,0.1278343953000789,3.321502131556825,0.34735585795784013,2.7118156435310703,0.8753767186271473,7.442858795207651,0.0,1,0.04154428665495846,0.04154428665495846,1,0
PHL,2024,,,26.85811869516594,8.290366527436277,8.458856187822017,0.16848966038573998,3.331108300203146,0.3515005602299511,2.7118156435310703,0.8753767186271473,7.442858795207651,0.0,1,0.05115045530127915,0.05115045530127915,1,0
PLW,2006,,,19.06661797598797,9.183690337417206,6.694260831370928,2.489429506046277,,,,,8.05647337391945,0.0,0,,,0,0
PLW,2007,,,19.093690106671055,9.225726110203974,6.830485755686894,2.39524035451708,,,,,8.05647337391945,0.0,0,,,0,0
PLW,2008,,,19.109047061251225,9.256379231045072,7.059473251657147,2.1969059793879246,5.544609472095019,1.667125036453162,,,8.05647337391945,0.0,0,2.2646516271931527,0.0,0,0
PLW,2009,,,19.03071674435736,9.193956773871943,7.1116505738887605,2.082306199983182,5.700982101819801,1.8785584547643353,,,8.05647337391945,0.0,0,2.4210242569179345,0.0,0,0
PLW,2010,,,19.03203379467107,9.212145266011252,7.428429341939105,1.7837159240721467,5.69100225586286,1.9781357620850437,,,8.05647337391945,0.0,0,2.411044410960993,0.0,0,0
PLW,2011,,,19.089348627059273,9.286897618700912,7.576058919459159,1.7108386992417532,5.599364439789008,1.8882536092867095,,,8.05647337391945,0.0,0,2.3194065948871416,0.0,0,0
PLW,2012,,,19.185815027560498,9.400829519105372,7.689424962620857,1.7114045564845153,5.544701155007177,1.9257957697856891,,,8.05647337391945,0.0,0,2.26474331010531,0.0,0,0
PLW,2013,,,19.237185739393276,9.458807997899994,7.766212370634288,1.692595627265706,5.572931519699568,1.8727921139207258,,,8.05647337391945,0.0,0,2.2929736747977016,0.0,0,0
PLW,2014,,,19.318549006923433,9.53638198962386,7.8424298457105515,1.6939521439133092,5.250285928395354,1.8915842913820853,,,8.05647337391945,0.0,0,1.9703280834934875,0.0,0,0
PLW,2015,,,19.461751310032998,9.676484388884303,7.854601928784033,1.8218824601002694,5.199360606351542,1.7518303389429113,,,8.05647337391945,0.0,0,1.9194027614496751,0.0,0,0
PLW,2016,,,19.530319104788433,9.743533922038448,7.913908812616166,1.8296251094222828,4.920583356650204,1.6229452700688096,,,8.05647337391945,0.0,0,1.6406255117483375,0.0,0,0
PLW,2017,,,19.485335121598016,9.697707455156424,7.991629467194556,1.7060779879618684,5.003164817829575,1.823387913387492,,,8.05647337391945,0.0,0,1.723206972927708,0.0,0,0
PLW,2018,,,19.479263584195632,9.691523640203817,8.07785378233981,1.6136698578640072,4.282723055677178,1.7092709671565849,,,8.05647337391945,0.0,0,1.0027652107753116,0.0,0,0
PLW,2019,,,19.457254495029407,9.6704131246126,8.143488417802308,1.5269247068102914,3.828721208126634,1.5446946322429749,,,8.05647337391945,0.0,0,0.5487633632247673,0.0,0,0
PLW,2020,,,19.37228402116562,9.585779824115312,8.170196839808145,1.4155829843071661,4.077442119551106,1.6043024616943715,,,8.05647337391945,0.0,0,0.7974842746492397,0.0,0,0
PLW,2021,,,19.279070013935907,9.49307179019225,8.21722085115122,1.27585093904103,4.000348808056466,1.5581426938872989,,,8.05647337391945,0.0,0,0.7203909631545993,0.0,0,0
PLW,2022,,,19.326803203725884,9.542155495071292,8.330308705589859,1.2118467894814327,3.8143870463035574,1.5913704625784135,,,8.05647337391945,0.0,0,0.5344292014016907,0.0,0,0
PLW,2023,,,19.436481573615055,9.653637393601274,8.371664569863713,1.2819728237375614,3.5359909558068527,1.5911388040858274,,,8.05647337391945,0.0,0,0.25603311090498604,0.0,0,0
PLW,2024,,,19.588513739262137,9.807476346482574,8.458856187822017,1.348620158660557,3.7389587629286885,1.6004020861009565,,,8.05647337391945,0.0,0,0.45900091802682175,0.0,0,0
PNG,2006,,,22.84611535150464,7.121400123493467,6.694260831370928,0.427139292122539,3.496560315295314,0.6833894046415779,,,8.534135457266446,0.0,0,0.21660247039344727,0.0,0,0
PNG,2007,,,22.979286326528722,7.22311580622269,6.830485755686894,0.39263005053579647,3.3064157089935886,0.5714690846232928,,,8.534135457266446,0.0,0,0.026457864091721905,0.0,0,0
PNG,2008,,,23.180363784220134,7.393135824728046,7.059473251657147,0.33366257307089864,3.290378862385217,0.5063992621913814,,,8.534135457266446,0.0,0,0.010421017483350337,0.0,0,0
PNG,2009,,,23.175946810104488,7.358086630160733,7.1116505738887605,0.24643605627197207,3.5491568637473394,0.6252881925402319,,,8.534135457266446,0.0,0,0.2691990188454727,0.0,0,0
PNG,2010,,,23.380077947384798,7.532017920675555,7.428429341939105,0.10358857873645011,3.3713701152318594,0.5456421981443752,,,8.534135457266446,0.0,0,0.09141227032999266,0.0,0,0
PNG,2011,,,23.612811590787075,7.735597635950376,7.576058919459159,0.15953871649121698,3.5084268818561104,0.5143127684730497,,,8.534135457266446,0.0,0,0.2284690369542437,0.0,0,0
PNG,2012,,,23.781746060728103,7.8766716153232705,7.689424962620857,0.18724665270241392,3.4578317358172397,0.4861390791256189,,,8.534135457266446,0.0,0,0.17787389091537298,0.0,0,0
PNG,2013,,,23.780156146020722,7.848065065833566,7.766212370634288,0.08185269519927818,3.418827136071295,0.45875132723437734,,,8.534135457266446,0.0,0,0.13886929116942826,0.0,0,0
PNG,2014,,,23.867884557994582,7.909553867484492,7.8424298457105515,0.06712402177394061,3.6916844828298707,0.46959249849595003,,,8.534135457266446,0.0,0,0.411726637928004,0.0,0,0
PNG,2015,,,23.801657561210476,7.817865486648128,7.854601928784033,0.0367364421359051,3.32414822181261,0.4601054914686917,,,8.534135457266446,0.0,0,0.044190376910743456,0.0,0,0
PNG,2016,,,23.75623979708637,7.747767289443794,7.913908812616166,0.16614152317237174,3.6756585866834093,0.5727920189025174,,,8.534135457266446,0.0,0,0.3957007417815426,0.0,0,0
PNG,2017,,,23.847510013843152,7.815112348205567,7.991629467194556,0.17651711898898892,3.782600669271564,0.6287751805263596,,,8.534135457266446,0.0,0,0.5026428243696972,0.0,0,0
PNG,2018,,,23.905883433620183,7.8502470802170405,8.07785378233981,0.22760670212276946,3.6745386063312617,0.5354597094664088,,,8.534135457266446,0.0,0,0.394580761429395,0.0,0,0
PNG,2019,,,23.93211661977769,7.853904861827813,8.143488417802308,0.28958355597449525,3.6147949562863384,0.5796234421337692,,,8.534135457266446,0.0,0,0.3348371113844717,0.0,0,0
PNG,2020,,,23.894984972481986,7.795486583564515,8.170196839808145,0.3747102562436302,3.8322104970510686,0.583631132785866,,,8.534135457266446,0.0,0,0.5522526521492019,0.0,0,0
PNG,2021,,,23.985714792432024,7.866330372293579,8.21722085115122,0.35089047885764124,3.5929238299729453,0.5506205230897807,,,8.534135457266446,0.0,0,0.31296598507107865,0.0,0,0
PNG,2022,,,24.178106064448166,8.039897148172141,8.330308705589859,0.29041155741771796,3.349476579250571,0.523768602385884,,,8.534135457266446,0.0,0,0.06951873434870448,0.0,0,0
PNG,2023,,,24.151310518457212,7.994991285931498,8.371664569863713,0.3766732839322149,3.0535825153284426,0.44405899463148074,,,8.534135457266446,0.0,0,-0.2263753295734241,-0.0,0,0
PNG,2024,,,24.150909453335682,7.976764147427887,8.458856187822017,0.48209204039412956,2.8347798197534573,0.39048756792223194,,,8.534135457266446,0.0,0,-0.44517802514840943,-0.0,0,0
POL,2006,,,26.569408703303118,9.1126013260015,6.694260831370928,2.418340494630571,3.1810085890249575,1.4238920525925487,4.079653569595019,2.1352808863184625,9.06022815988297,0.0,0,-0.09894925587690917,-0.0,0,0
POL,2007,,,26.78638834269377,9.33012401560019,6.830485755686894,2.4996382599132954,2.9673232512272,1.470540175512059,4.079653569595019,2.1352808863184625,9.06022815988297,0.0,0,-0.31263459367466684,-0.0,0,0
POL,2008,,,27.006675912557256,9.550275211666849,7.059473251657147,2.4908019600097013,3.2239315026043354,1.8119106390101354,4.079653569595019,2.1352808863184625,9.06022815988297,0.0,0,-0.05602634229753134,-0.0,0,0
POL,2009,,,26.812064587429205,9.354986254268587,7.1116505738887605,2.2433356803798263,3.2977845994307335,1.855509345099237,4.079653569595019,2.1352808863184625,9.06022815988297,0.0,0,0.01782675452886684,0.0,0,0
POL,2010,,,26.893110079167148,9.438887837221882,7.428429341939105,2.0104584952827773,3.392253432746964,2.233473598970337,4.079653569595019,2.1352808863184625,9.06022815988297,0.0,0,0.11229558784509708,0.0,0,0
POL,2011,,,26.992075229168908,9.53731529013486,7.576058919459159,1.9612563706757005,3.158644355344133,2.1383084412424456,4.079653569595019,2.1352808863184625,9.06022815988297,0.0,0,-0.12131348955773369,-0.0,0,0
POL,2012,,,26.934164362809614,9.4794068145356,7.689424962620857,1.7899818519147441,3.437074351270001,2.326354126073515,4.079653569595019,2.1352808863184625,9.06022815988297,0.0,0,0.15711650636813435,0.0,0,0
POL,2013,,,26.973588193482485,9.519434245383213,7.766212370634288,1.7532218747489248,3.162622225322002,2.1219025427851816,4.079653569595019,2.1352808863184625,9.06022815988297,0.0,0,-0.11733561957986449,-0.0,0,0
POL,2014,,,27.018779348672837,9.565373862866483,7.8424298457105515,1.7229440171559318,3.2274070691187267,2.099742497207836,4.079653569595019,2.1352808863184625,9.06022815988297,0.0,0,-0.05255077578314005,-0.0,0,0
POL,2015,,,26.897164681541557,9.444425606744861,7.854601928784033,1.589823677960828,3.0718171029811714,1.7958448946797791,4.079653569595019,2.1352808863184625,9.06022815988297,0.0,0,-0.20814074192069532,-0.0,0,0
POL,2016,,,26.882909962753555,9.430600739265602,7.913908812616166,1.516691926649436,3.4547118128829104,1.4585547681460918,4.079653569595019,2.1352808863184625,9.06022815988297,0.0,0,0.1747539679810437,0.0,0,0
POL,2017,,,26.993037504770133,9.540603480296335,7.991629467194556,1.5489740131017795,3.4936540505988507,1.3495782514245267,4.079653569595019,2.1352808863184625,9.06022815988297,0.0,0,0.213696205696984,0.0,0,0
POL,2018,,,27.11118271966715,9.658750696521182,8.07785378233981,1.5808969141813716,3.2766319286802457,1.2525604035639182,4.079653569595019,2.1352808863184625,9.06022815988297,0.0,0,-0.003325916221621039,-0.0,0,0
POL,2019,,,27.124658468492907,9.672470716417932,8.143488417802308,1.5289822986156238,3.2821576651472704,1.1796018395387748,4.079653569595019,2.1352808863184625,9.06022815988297,0.0,0,0.002199820245403661,0.0,0,0
POL,2020,,,27.13000429138961,9.689732941935231,8.170196839808145,1.519536102127086,3.0345800308704822,1.09912873553132,4.079653569595019,2.1352808863184625,9.06022815988297,0.0,1,-0.24537781403138448,-0.24537781403138448,0,0
POL,2021,,,27.258754146623986,9.832824205666153,8.21722085115122,1.615603354514933,3.0183314018216376,1.002052550703113,4.079653569595019,2.1352808863184625,9.06022815988297,0.0,1,-0.2616264430802291,-0.2616264430802291,0,0
POL,2022,,,27.26805135955759,9.84645212555858,8.330308705589859,1.5161434199687207,2.8489119056165886,0.9785915730714239,4.079653569595019,2.1352808863184625,9.06022815988297,0.0,1,-0.4310459392852781,-0.4310459392852781,0,0
POL,2023,,,27.423321679679763,10.005379030949513,8.371664569863713,1.6337144610858,3.0715607659656867,1.0512232323372894,4.079653569595019,2.1352808863184625,9.06022815988297,0.0,1,-0.20839707893617998,-0.20839707893617998,0,0
POL,2024,,,27.545209498372486,10.130765173254584,8.458856187822017,1.6719089854325677,3.0720126400186327,1.3158190870683584,4.079653569595019,2.1352808863184625,9.06022815988297,0.0,1,-0.20794520488323398,-0.20794520488323398,0,0
PRI,2006,,,25.192343231584402,10.040460442100867,6.694260831370928,3.346199610729939,3.3496076418934,1.9490214881041992,,,9.700802050936794,0.0,0,0.06964979699153329,0.0,1,0
PRI,2007,,,25.217774052700086,10.071747470788146,6.830485755686894,3.2412617151012526,2.931030279573385,1.786200668130595,,,9.700802050936794,0.0,0,-0.34892756532848157,-0.0,1,0
PRI,2008,,,25.262716004103332,10.122556196107704,7.059473251657147,3.0630829444505565,3.2749525019304113,1.745599673439603,,,9.700802050936794,0.0,0,-0.005005342971455384,-0.0,1,0
PRI,2009,,,25.291622649811607,10.156916860760894,7.1116505738887605,3.045266286872134,4.281941943532712,1.5762337700377984,,,9.700802050936794,0.0,0,1.0019840986308455,0.0,1,0
PRI,2010,,,25.3121165822942,10.181682806974417,7.428429341939105,2.7532534650353115,4.275344069188095,1.678622285361027,,,9.700802050936794,0.0,0,0.9953862242862281,0.0,1,0
PRI,2011,,,25.33194685275279,10.209871523701942,7.576058919459159,2.6338126042427827,4.165461284386589,1.5056123422660506,,,9.700802050936794,0.0,0,0.8855034394847219,0.0,1,0
PRI,2012,,,25.343962855367895,10.230703671617489,7.689424962620857,2.541278708996632,4.575138077764631,1.7702774799776382,,,9.700802050936794,0.0,0,1.2951802328627644,0.0,1,0
PRI,2013,,,25.35264071163132,10.247504469691279,7.766212370634288,2.481292099056991,4.684929163074245,1.5443879261063727,,,9.700802050936794,0.0,0,1.4049713181723784,0.0,1,0
PRI,2014,,,25.352599715183363,10.260325941198275,7.8424298457105515,2.4178960954877233,4.276261273516237,1.4673785072759566,,,9.700802050936794,0.0,0,0.9963034286143704,0.0,1,0
PRI,2015,,,25.36163382703794,10.28336272897395,7.854601928784033,2.4287608001899166,4.051845651437976,1.2608558864005748,,,9.700802050936794,0.0,0,0.771887806536109,0.0,1,0
PRI,2016,,,25.37088900666845,10.308222024691231,7.913908812616166,2.3943132120750654,4.037776994866401,1.1611877737455896,,,9.700802050936794,0.0,0,0.7578191499645341,0.0,1,0
PRI,2017,,,25.36231074091683,10.319842467230714,7.991629467194556,2.3282130000361585,5.886537431917767,1.2937876651853522,,,9.700802050936794,0.0,0,2.6065795870159003,0.0,1,0
PRI,2018,,,25.337971416227838,10.331363589032032,8.07785378233981,2.2535098066922217,5.473677426062348,1.155244350901121,,,9.700802050936794,0.0,0,2.1937195811604817,0.0,1,0
PRI,2019,,,25.378429272630036,10.368181123950292,8.143488417802308,2.2246927061479838,4.664722277038233,0.9255768209134955,,,9.700802050936794,0.0,0,1.384764432136366,0.0,1,0
PRI,2020,,,25.359264892085918,10.355425968354028,8.170196839808145,2.185229128545883,5.006532336514709,1.0034282756700705,,,9.700802050936794,0.0,0,1.7265744916128427,0.0,1,0
PRI,2021,,,25.39072138260916,10.392646249904903,8.21722085115122,2.175425398753683,5.268565946120213,1.051543897027397,,,9.700802050936794,0.0,0,1.9886081012183463,0.0,1,0
PRI,2022,,,25.45809229195669,10.473154412759435,8.330308705589859,2.1428457071695757,5.440269659851136,0.911191784858036,,,9.700802050936794,0.0,0,2.1603118149492695,0.0,1,0
PRI,2023,,,25.497999492678517,10.518153202206829,8.371664569863713,2.1464886323431163,4.116327752239344,0.8080773577815749,,,9.700802050936794,0.0,0,0.8363699073374771,0.0,1,0
PRI,2024,,,25.55978205798154,10.580333187872965,8.458856187822017,2.121477000050948,4.494475661337321,0.8376450359727329,,,9.700802050936794,0.0,0,1.2145178164354546,0.0,1,0
PRK,2006,,,,,6.694260831370928,,2.6886938678979475,1.1410846905673766,,,8.13957940922377,0.0,0,-0.5912639770039192,-0.0,0,0
PRK,2007,,,,,6.830485755686894,,2.3632415994784766,1.1994039480197969,,,8.13957940922377,0.0,0,-0.9167162454233901,-0.0,0,0
PRK,2008,,,,,7.059473251657147,,2.068562296737272,1.237525666697812,,,8.13957940922377,0.0,0,-1.2113955481645946,-0.0,0,0
PRK,2009,,,,,7.1116505738887605,,2.4391256554060274,1.3553803510555718,,,8.13957940922377,0.0,0,-0.8408321894958393,-0.0,0,0
PRK,2010,,,,,7.428429341939105,,2.0618541132823855,0.6741284991948646,,,8.13957940922377,0.0,0,-1.2181037316194812,-0.0,0,0
PRK,2011,,,,,7.576058919459159,,2.026820110334689,0.7225930625959563,,,8.13957940922377,0.0,0,-1.253137734567178,-0.0,0,0
PRK,2012,,,,,7.689424962620857,,2.5407419370319206,1.3389876974227455,,,8.13957940922377,0.0,0,-0.7392159078699461,-0.0,0,0
PRK,2013,,,,,7.766212370634288,,2.5872091091557463,1.432591273977023,,,8.13957940922377,0.0,0,-0.6927487357461204,-0.0,0,0
PRK,2014,,,,,7.8424298457105515,,2.379749760176836,1.667105470531571,,,8.13957940922377,0.0,0,-0.9002080847250307,-0.0,0,0
PRK,2015,,,,,7.854601928784033,,2.76030793646017,1.8718063133320462,,,8.13957940922377,0.0,0,-0.5196499084416968,-0.0,0,0
PRK,2016,,,,,7.913908812616166,,2.6879288477593968,1.802601427349595,,,8.13957940922377,0.0,0,-0.5920289971424699,-0.0,0,0
PRK,2017,,,,,7.991629467194556,,2.8718446143202496,1.7580102139216744,,,8.13957940922377,0.0,0,-0.4081132305816171,-0.0,0,0
PRK,2018,,,,,8.07785378233981,,2.6975745825310984,1.6758008801167605,,,8.13957940922377,0.0,0,-0.5823832623707683,-0.0,0,0
PRK,2019,,,,,8.143488417802308,,2.599919797815635,1.6283921887566795,,,8.13957940922377,0.0,0,-0.6800380470862315,-0.0,0,0
PRK,2020,,,,,8.170196839808145,,2.487039033475056,1.6240740798525375,,,8.13957940922377,0.0,0,-0.7929188114268109,-0.0,0,0
PRK,2021,,,,,8.21722085115122,,2.2289537008807887,1.6065441483703975,,,8.13957940922377,0.0,0,-1.051004144021078,-0.0,0,0
PRK,2022,,,,,8.330308705589859,,2.4968882550301803,1.414022514102368,,,8.13957940922377,0.0,0,-0.7830695898716864,-0.0,0,0
PRK,2023,,,,,8.371664569863713,,2.6035633599219064,1.2997190086617647,,,8.13957940922377,0.0,0,-0.6763944849799604,-0.0,0,0
PRK,2024,,,,,8.458856187822017,,2.5225421670096444,1.372152631068371,,,8.13957940922377,0.0,0,-0.7574156778922223,-0.0,0,0
PRT,2006,,,26.064434094934743,9.895427862814238,6.694260831370928,3.201167031443309,3.482956797006662,2.8157756983732694,3.778539952872281,2.098578966363466,9.3183011041391,0.0,0,0.20299895210479546,0.0,0,0
PRT,2007,,,26.205969906893564,10.035000630928185,6.830485755686894,3.2045148752412906,3.3566861830693084,2.8105948397655425,3.778539952872281,2.098578966363466,9.3183011041391,0.0,0,0.07672833816744173,0.0,0,0
PRT,2008,,,26.297001866627216,10.124590677863297,7.059473251657147,3.0651174262061502,3.194085085717993,2.922815132515121,3.778539952872281,2.098578966363466,9.3183011041391,0.0,0,-0.08587275918387371,-0.0,0,0
PRT,2009,,,26.223167057137044,10.049802559780762,7.1116505738887605,2.9381519858920013,3.2102588388035103,2.8599649582040514,3.778539952872281,2.098578966363466,9.3183011041391,0.0,0,-0.06969900609835644,-0.0,0,0
PRT,2010,,,26.197399752666918,10.023576154943452,7.428429341939105,2.595146813004347,3.4676928036959076,2.605434812004981,3.778539952872281,2.098578966363466,9.3183011041391,0.0,0,0.1877349587940409,0.0,0,0
PRT,2011,,,26.226264441008997,10.053911692071285,7.576058919459159,2.4778527726121258,3.5024983083059733,2.3686371796986396,3.778539952872281,2.098578966363466,9.3183011041391,0.0,0,0.2225404634041066,0.0,0,0
PRT,2012,,,26.101025777763827,9.932727246703587,7.689424962620857,2.2433022840827306,3.3902957015766475,2.4323073933299595,3.778539952872281,2.098578966363466,9.3183011041391,0.0,0,0.1103378566747808,0.0,0,0
PRT,2013,,,26.14679373484801,9.983983355897296,7.766212370634288,2.217770985263008,3.2979622208205703,2.3144244687608047,3.778539952872281,2.098578966363466,9.3183011041391,0.0,0,0.01800437591870363,0.0,0,0
PRT,2014,,,26.161686897464463,10.004268423181667,7.8424298457105515,2.1618385774711157,3.2722902643566476,2.2120230419409093,3.778539952872281,2.098578966363466,9.3183011041391,0.0,0,-0.007667580545219099,-0.0,0,0
PRT,2015,,,26.016764226451805,9.863487163188946,7.854601928784033,2.0088852344049126,3.1553925896520196,2.2396372153422317,3.778539952872281,2.098578966363466,9.3183011041391,0.0,0,-0.12456525524984707,-0.0,0,0
PRT,2016,,,26.05262358358758,9.902501110494697,7.913908812616166,1.9885922978785313,3.3164121178882087,2.1516932348810682,3.778539952872281,2.098578966363466,9.3183011041391,0.0,0,0.03645427298634196,0.0,0,0
PRT,2017,,,26.120808394935402,9.973124815946102,7.991629467194556,1.9814953487515465,3.3627560135913335,2.4841700261342345,3.778539952872281,2.098578966363466,9.3183011041391,0.0,0,0.08279816868946677,0.0,0,0
PRT,2018,,,26.212587351194497,10.066504812416667,8.07785378233981,1.9886510300768574,3.0754190949320064,2.3667004659644872,3.778539952872281,2.098578966363466,9.3183011041391,0.0,0,-0.20453874996986032,-0.0,0,0
PRT,2019,,,26.204387852176637,10.058067978452309,8.143488417802308,1.914579560650001,2.9936385554201848,2.1669666811231374,3.778539952872281,2.098578966363466,9.3183011041391,0.0,0,-0.28631928948168195,-0.0,0,0
PRT,2020,,,26.15968626382696,10.012315248850163,8.170196839808145,1.8421184090420173,3.1251682976081123,2.1949972247936707,3.778539952872281,2.098578966363466,9.3183011041391,0.0,1,-0.15478954729375438,-0.15478954729375438,0,0
PRT,2021,,,26.268661535306624,10.1150220186755,8.21722085115122,1.89780116752428,3.1858327751294437,2.2429453796270917,3.778539952872281,2.098578966363466,9.3183011041391,0.0,1,-0.09412506977242296,-0.09412506977242296,0,0
PRT,2022,,,26.271947591866525,10.11133551075517,8.330308705589859,1.781026805165311,3.15845382271811,2.1633812135612325,3.778539952872281,2.098578966363466,9.3183011041391,0.0,1,-0.12150402218375689,-0.12150402218375689,0,0
PRT,2023,,,26.401127932190118,10.226824552483082,8.371664569863713,1.8551599826193694,3.268647856837008,2.049429637038987,3.778539952872281,2.098578966363466,9.3183011041391,0.0,1,-0.011309988064858612,-0.011309988064858612,0,0
PRT,2024,,,26.471565502056023,10.286308429024189,8.458856187822017,1.827452241202172,3.097161829385782,1.9015818655474657,3.778539952872281,2.098578966363466,9.3183011041391,0.0,1,-0.1827960155160846,-0.1827960155160846,0,0
PRY,2006,,,23.320714408030085,7.799520195602233,6.694260831370928,1.1052593642313049,2.859352454688802,0.4130049984139585,,,9.792163177257136,0.0,0,-0.42060539021306464,-0.0,0,0
PRY,2007,,,23.605627445496555,8.07462921702249,6.830485755686894,1.2441434613355966,3.0288298774434086,0.41396704872015827,,,9.792163177257136,0.0,0,-0.2511279674584581,-0.0,0,0
PRY,2008,,,23.9266327240989,8.385934572798359,7.059473251657147,1.3264613211412115,3.1262884030710896,0.4348683616131958,,,9.792163177257136,0.0,0,-0.15366944183077713,-0.0,0,0
PRY,2009,,,23.830322608496946,8.279404967131262,7.1116505738887605,1.1677543932425012,3.1778056458937307,0.45587758341666557,,,9.792163177257136,0.0,0,-0.10215219900813599,-0.0,0,0
PRY,2010,,,24.028718779385564,8.466102557900683,7.428429341939105,1.0376732159615782,3.2701187291703673,0.45021619506212235,,,9.792163177257136,0.0,0,-0.009839115731499426,-0.0,0,0
PRY,2011,,,24.2424310895226,8.666544064079135,7.576058919459159,1.0904851446199757,3.482217698531053,0.43266805644055245,,,9.792163177257136,0.0,0,0.2022598536291862,0.0,0,0
PRY,2012,,,24.22797966911236,8.63802400750863,7.689424962620857,0.9485990448877732,3.550608490883429,0.4083955991174501,,,9.792163177257136,0.0,0,0.2706506459815623,0.0,0,0
PRY,2013,,,24.373953224345893,8.769613319104476,7.766212370634288,1.0034009484701878,3.4443515391207957,0.4235179103909205,,,9.792163177257136,0.0,0,0.16439369421892902,0.0,0,0
PRY,2014,,,24.42154916807149,8.802711142258621,7.8424298457105515,0.9602812965480698,3.717283554884261,0.4116841914491191,,,9.792163177257136,0.0,0,0.4373257099823942,0.0,0,0
PRY,2015,,,24.312641144461942,8.679199436438523,7.854601928784033,0.8245975076544898,3.593690473009014,0.3737510917569655,,,9.792163177257136,0.0,0,0.3137326281071471,0.0,0,0
PRY,2016,,,24.30927334919216,8.6613211772581,7.913908812616166,0.7474123646419351,3.419388620135357,0.32102337995415725,,,9.792163177257136,0.0,0,0.13943077523349023,0.0,0,0
PRY,2017,,,24.38675387712505,8.72457592951744,7.991629467194556,0.732946462322885,3.3762053438993953,0.36320738241932937,,,9.792163177257136,0.0,0,0.0962474989975286,0.0,0,0
PRY,2018,,,24.417765675583308,8.741687816244973,8.07785378233981,0.6638340339051627,3.3009604167294695,0.3245712933845491,,,9.792163177257136,0.0,0,0.02100257182760279,0.0,0,0
PRY,2019,,,24.35888528314713,8.669258612113062,8.143488417802308,0.5257701943107538,3.091989413008159,0.30074909094826313,,,9.792163177257136,0.0,0,-0.1879684318937076,-0.0,0,0
PRY,2020,,,24.290886229186352,8.58773966744731,8.170196839808145,0.4175428276391653,3.103617454565084,0.3325137307457599,,,9.792163177257136,0.0,0,-0.17634039033678262,-0.0,0,0
PRY,2021,,,24.4105779948899,8.695323597359117,8.21722085115122,0.47810274620789706,3.5530906984998345,0.3209882388837741,,,9.792163177257136,0.0,0,0.2731328535979678,0.0,0,0
PRY,2022,,,24.457147375858685,8.730545291141835,8.330308705589859,0.4002365855519763,3.5547194737736265,0.32705423999561556,,,9.792163177257136,0.0,0,0.2747616288717598,0.0,0,0
PRY,2023,,,24.487727270516455,8.748823024195707,8.371664569863713,0.3771584543319939,3.6871011699190315,0.3370575964235907,,,9.792163177257136,0.0,0,0.40714332501716477,0.0,0,0
PRY,2024,,,24.52410740379849,8.77285926232437,8.458856187822017,0.3140030745023541,3.8642875249062056,0.35394982067407726,,,9.792163177257136,0.0,0,0.5843296800043389,0.0,0,0
PSE,2006,,,22.400044590349523,7.35889739270944,6.694260831370928,0.6646365613385115,4.6927435942399836,0.8992922243422933,,,8.924775523290203,0.0,0,1.4127857493381168,0.0,0,0
PSE,2007,,,22.483826994004048,7.417127276761269,6.830485755686894,0.586641521074375,4.222225604356229,0.8155394718000494,,,8.924775523290203,0.0,0,0.9422677594543623,0.0,0,0
PSE,2008,,,22.71256382877328,7.618350523507592,7.059473251657147,0.5588772718504451,3.8220957124541592,0.8126492642740439,,,8.924775523290203,0.0,0,0.5421378675522925,0.0,0,0
PSE,2009,,,22.81336290631422,7.692470093554436,7.1116505738887605,0.5808195196656758,4.49424695740319,0.787031852565117,,,8.924775523290203,0.0,0,1.2142891125013233,0.0,0,0
PSE,2010,,,22.993482684907725,7.846619549968044,7.428429341939105,0.418190208028939,4.6717484927123145,0.7906156671677392,,,8.924775523290203,0.0,0,1.3917906478104478,0.0,0,0
PSE,2011,,,23.13793777305196,7.965822769804349,7.576058919459159,0.3897638503451901,4.368356281558315,0.7586542485997504,,,8.924775523290203,0.0,0,1.088398436656448,0.0,0,0
PSE,2012,,,23.225390076351477,8.028598201603543,7.689424962620857,0.3391732389826867,4.505866489171685,0.7732362697779438,,,8.924775523290203,0.0,0,1.225908644269818,0.0,0,0
PSE,2013,,,23.327103011920936,8.10630265397464,7.766212370634288,0.3400902833403512,4.20426987885417,0.6505149867249079,,,8.924775523290203,0.0,0,0.9243120339523032,0.0,0,0
PSE,2014,,,23.361587181505385,8.117346051449651,7.8424298457105515,0.2749162057390997,3.978361390753702,0.5890420725290894,,,8.924775523290203,0.0,0,0.6984035458518352,0.0,0,0
PSE,2015,,,23.360349792167145,8.093203861526998,7.854601928784033,0.2386019327429647,4.316087699935023,0.7147678866314237,,,8.924775523290203,0.0,0,1.0361298550331566,0.0,0,0
PSE,2016,,,23.457983934253527,8.168376950855361,7.913908812616166,0.25446813823919534,4.7445328322203775,0.7548474790708664,,,8.924775523290203,0.0,0,1.4645749873185108,0.0,0,0
PSE,2017,,,23.50382272883537,8.194328881950074,7.991629467194556,0.20269941475551878,4.366577888005166,0.558412465278903,,,8.924775523290203,0.0,0,1.086620043103299,0.0,0,0
PSE,2018,,,23.512994330500764,8.178170368770914,8.07785378233981,0.10031658643110397,4.743071230975668,0.562144831473949,,,8.924775523290203,0.0,0,1.4631133860738017,0.0,0,0
PSE,2019,,,23.564301448318567,8.20435966196225,8.143488417802308,0.060871244159942606,4.750018628778168,0.6872110374915569,,,8.924775523290203,0.0,0,1.4700607838763013,0.0,0,0
PSE,2020,,,23.466148933666638,8.081341647925488,8.170196839808145,0.08885519188265789,4.24334456279387,0.8328301196470064,,,8.924775523290203,0.0,0,0.963386717892003,0.0,0,0
PSE,2021,,,23.619674889205616,8.210297216936711,8.21722085115122,0.0069236342145089225,4.3435908203259,0.7767742742201257,,,8.924775523290203,0.0,0,1.0636329754240337,0.0,0,0
PSE,2022,,,23.67637762466376,8.24274457463247,8.330308705589859,0.08756413095738935,3.9130416253524274,0.686141389222152,,,8.924775523290203,0.0,0,0.6330837804505607,0.0,0,0
PSE,2023,,,23.648312736109546,8.190747038427094,8.371664569863713,0.18091753143661826,3.933440571341673,0.7798545410176326,,,8.924775523290203,0.0,0,0.6534827264398064,0.0,0,0
PSE,2024,,,23.496910251746655,8.015741763219452,8.458856187822017,0.4431144246025642,4.420323684213863,0.9573350562514462,,,8.924775523290203,0.0,0,1.1403658393119964,0.0,0,0
PYF,2006,,,22.494482061224577,10.013725200590974,6.694260831370928,3.3194643692200456,,,,,9.383682568039541,0.0,0,,,1,0
PYF,2007,,,22.61504504608504,10.12214819596652,6.830485755686894,3.2916624402796266,,,,,9.383682568039541,0.0,0,,,1,0
PYF,2008,,,22.68852212564415,10.188366686056206,7.059473251657147,3.1288934343990586,,,,,9.383682568039541,0.0,0,,,1,0
PYF,2009,,,22.6079930436832,10.103739877764962,7.1116505738887605,2.9920893038762015,,,,,9.383682568039541,0.0,0,,,1,0
PYF,2010,,,22.52936283065003,10.021039748492678,7.428429341939105,2.5926104065535727,,,,,9.383682568039541,0.0,0,,,1,0
PYF,2011,,,22.54845041698508,10.035897252198044,7.576058919459159,2.459838332738885,,,,,9.383682568039541,0.0,0,,,1,0
PYF,2012,,,22.46247826108252,9.944943541935299,7.689424962620857,2.255518579314442,,,,,9.383682568039541,0.0,0,,,1,0
PYF,2013,,,22.520315807196038,9.996779010929616,7.766212370634288,2.2305666402953284,,,,,9.383682568039541,0.0,0,,,1,0
PYF,2014,,,22.54004251011886,10.010485173634402,7.8424298457105515,2.1680553279238506,,,,,9.383682568039541,0.0,0,,,1,0
PYF,2015,,,22.395837477097412,9.860943215019411,7.854601928784033,2.0063412862353776,,,,,9.383682568039541,0.0,0,,,1,0
PYF,2016,,,22.427474961568443,9.88787011136431,7.913908812616166,1.9739612987481436,,,,,9.383682568039541,0.0,0,,,1,0
PYF,2017,,,22.486857747967893,9.944002199792477,7.991629467194556,1.9523727325979214,,,,,9.383682568039541,0.0,0,,,1,0
PYF,2018,,,22.537294864128533,9.995410914630734,8.07785378233981,1.9175571322909235,,,,,9.383682568039541,0.0,0,,,1,0
PYF,2019,,,22.518731130474087,9.97964221329609,8.143488417802308,1.8361537954937823,,,,,9.383682568039541,0.0,0,,,1,0
PYF,2020,,,22.44152622362719,9.901810339319352,8.170196839808145,1.731613499511207,,,,,9.383682568039541,0.0,0,,,1,0
PYF,2021,,,22.514180155205448,9.972378406252007,8.21722085115122,1.7551575551007872,,,,,9.383682568039541,0.0,0,,,1,0
PYF,2022,,,22.450075738446717,9.906181766726036,8.330308705589859,1.5758730611361766,,,,,9.383682568039541,0.0,0,,,1,0
PYF,2023,,,22.537674822148276,9.991145033152208,8.371664569863713,1.619480463288495,,,,,9.383682568039541,0.0,0,,,1,0
PYF,2024,,,22.567572903145134,10.018595184694655,8.458856187822017,1.559738996872639,,,,,9.383682568039541,0.0,0,,,1,0
QAT,2006,,,24.832205747928086,11.044240091465465,6.694260831370928,4.349979260094536,2.434740441819676,0.8079334673390776,,,8.68285083997774,0.0,0,-0.8452174030821906,-0.0,0,0
QAT,2007,,,25.101683632421633,11.096714546538633,6.830485755686894,4.26622879085174,1.876272397985726,0.9088642666207316,,,8.68285083997774,0.0,0,-1.4036854469161406,-0.0,0,0
QAT,2008,,,25.470541132901662,11.299499685179146,7.059473251657147,4.240026433521999,2.3947387545243854,1.0943879989062537,,,8.68285083997774,0.0,0,-0.8852190903774813,-0.0,0,0
QAT,2009,,,25.306173559533814,11.01511042126842,7.1116505738887605,3.9034598473796587,2.607557852483644,1.59923437140633,,,8.68285083997774,0.0,0,-0.6723999924182227,-0.0,0,0
QAT,2010,,,25.552557118274848,11.256577881217073,7.428429341939105,3.8281485392779677,2.8146702935478802,1.5930666798486934,,,8.68285083997774,0.0,0,-0.4652875513539865,-0.0,0,0
QAT,2011,,,25.845891270451897,11.545019984445874,7.576058919459159,3.968961064986715,2.3542106179225186,1.3026962000806355,,,8.68285083997774,0.0,0,-0.9257472269793481,-0.0,0,0
QAT,2012,,,25.95348369549646,11.594232408468802,7.689424962620857,3.904807445847945,2.4947234224268646,1.4907205807785828,,,8.68285083997774,0.0,0,-0.7852344224750021,-0.0,0,0
QAT,2013,,,26.015201095937392,11.549228544933333,7.766212370634288,3.7830161742990454,2.423571264208491,1.4907944621094016,,,8.68285083997774,0.0,0,-0.8563865806933757,-0.0,0,0
QAT,2014,,,26.05223169613502,11.470441997316017,7.8424298457105515,3.628012151605466,2.3415348481173113,0.9449857279847586,,,8.68285083997774,0.0,0,-0.9384229967845554,-0.0,0,0
QAT,2015,,,25.809255669956716,11.141648640520387,7.854601928784033,3.2870467117363535,2.2696157733984137,0.7962112453123252,,,8.68285083997774,0.0,0,-1.010342071503453,-0.0,0,0
QAT,2016,,,25.74538284231909,11.022778515186886,7.913908812616166,3.10886970257072,2.198543593616109,0.7300779571735224,,,8.68285083997774,0.0,0,-1.0814142512857576,-0.0,0,0
QAT,2017,,,25.805285678481816,11.055322322017526,7.991629467194556,3.0636928548229703,1.9338955818271326,0.6164944895809152,,,8.68285083997774,0.0,0,-1.346062263074734,-0.0,0,0
QAT,2018,,,25.93458066547674,11.170996252916261,8.07785378233981,3.093142470576451,2.550048006082962,0.6701428654582259,,,8.68285083997774,0.0,0,-0.7299098388189047,-0.0,0,0
QAT,2019,,,25.89585708568958,11.1100764521262,8.143488417802308,2.966588034323893,2.619788523137947,0.7289928410571164,,,8.68285083997774,0.0,0,-0.6601693217639197,-0.0,0,0
QAT,2020,,,25.69593175387993,10.852893965832388,8.170196839808145,2.6826971260242427,2.42474767700438,0.7432918209118419,,,8.68285083997774,0.0,0,-0.8552101678974866,-0.0,0,0
QAT,2021,,,25.91473274264401,11.180969378932048,8.21722085115122,2.9637485277808278,2.0413537045953296,0.8358357369896572,,,8.68285083997774,0.0,0,-1.238604140306537,-0.0,0,0
QAT,2022,,,26.185865212140087,11.39303166593242,8.330308705589859,3.06272296034256,1.853312359115298,0.9358471303918264,,,8.68285083997774,0.0,0,-1.4266454857865687,-0.0,0,0
QAT,2023,,,26.084571191961622,11.292227354262971,8.371664569863713,2.9205627843992588,1.9495982602744815,0.9909451753238504,,,8.68285083997774,0.0,0,-1.3303595846273852,-0.0,0,0
QAT,2024,,,26.099906767338236,11.234336413121456,8.458856187822017,2.7754802252994395,2.0807985484504132,0.9584285868860932,,,8.68285083997774,0.0,0,-1.1991592964514535,-0.0,0,0
REU,2006,,,,,6.694260831370928,,5.075678927387229,2.609975549133921,,,8.832598790788602,0.0,0,1.7957210824853624,0.0,0,0
REU,2007,,,,,6.830485755686894,,4.7320844506558695,2.5096519115747604,,,8.832598790788602,0.0,0,1.4521266057540028,0.0,0,0
REU,2008,,,,,7.059473251657147,,5.398349918629027,2.338344347746497,,,8.832598790788602,0.0,0,2.11839207372716,0.0,0,0
REU,2009,,,,,7.1116505738887605,,5.448451976747523,2.3648199405228496,,,8.832598790788602,0.0,0,2.1684941318456565,0.0,0,0
REU,2010,,,,,7.428429341939105,,5.560565822313117,2.552940886719493,,,8.832598790788602,0.0,0,2.28060797741125,0.0,0,0
REU,2011,,,,,7.576058919459159,,5.699055181087027,2.402826533665771,,,8.832598790788602,0.0,0,2.41909733618516,0.0,0,0
REU,2012,,,,,7.689424962620857,,5.951995150651416,2.5244685174233705,,,8.832598790788602,0.0,0,2.6720373057495492,0.0,0,0
REU,2013,,,,,7.766212370634288,,5.85115455975038,2.430112002622877,,,8.832598790788602,0.0,0,2.571196714848513,0.0,0,0
REU,2014,,,,,7.8424298457105515,,3.7175531683756837,2.303739334474761,,,8.832598790788602,0.0,0,0.437595323473817,0.0,0,0
REU,2015,,,,,7.854601928784033,,3.619226148915442,2.06880173084954,,,8.832598790788602,0.0,0,0.33926830401357533,0.0,0,0
REU,2016,,,,,7.913908812616166,,3.7116522937063565,2.022712647017537,,,8.832598790788602,0.0,0,0.4316944488044898,0.0,0,0
REU,2017,,,,,7.991629467194556,,3.8291386075613194,2.152357942810725,,,8.832598790788602,0.0,0,0.5491807626594527,0.0,0,0
REU,2018,,,,,8.07785378233981,,,,,,8.832598790788602,0.0,0,,,0,0
REU,2019,,,,,8.143488417802308,,,,,,8.832598790788602,0.0,0,,,0,0
REU,2020,,,,,8.170196839808145,,,,,,8.832598790788602,0.0,0,,,0,0
REU,2021,,,,,8.21722085115122,,,,,,8.832598790788602,0.0,0,,,0,0
REU,2022,,,,,8.330308705589859,,,,,,8.832598790788602,0.0,0,,,0,0
REU,2023,,,,,8.371664569863713,,,,,,8.832598790788602,0.0,0,,,0,0
REU,2024,,,,,8.458856187822017,,,,,,8.832598790788602,0.0,0,,,0,0
ROU,2006,,,25.52748142007311,8.65826406337992,6.694260831370928,1.9640032320089924,3.7115137590927834,0.7967318227734913,3.202803869928175,1.4373491514579424,9.015110581243752,0.0,0,0.43155591419091666,0.0,0,0
ROU,2007,,,25.885699233950145,9.031254107076727,6.830485755686894,2.200768351389833,3.5525768234531614,0.7333713840595505,3.202803869928175,1.4373491514579424,9.015110581243752,0.0,0,0.2726189785512947,0.0,0,0
ROU,2008,,,26.090717081325487,9.252935780882723,7.059473251657147,2.1934625292255756,3.6958743036959003,0.7959466568089488,3.202803869928175,1.4373491514579424,9.015110581243752,0.0,0,0.4159164587940336,0.0,0,0
ROU,2009,,,25.88295617964404,9.053505766749067,7.1116505738887605,1.9418551928603067,3.749483497925273,0.795958758743189,3.202803869928175,1.4373491514579424,9.015110581243752,0.0,0,0.46952565302340643,0.0,0,0
ROU,2010,,,25.85944273573468,9.035931914675595,7.428429341939105,1.6075025727364904,3.3699136937746874,0.8772224061329239,3.202803869928175,1.4373491514579424,9.015110581243752,0.0,0,0.08995584887282071,0.0,0,0
ROU,2011,,,25.984005824377533,9.165413665447108,7.576058919459159,1.589354745987949,3.1663962655542206,0.7410226944894971,3.202803869928175,1.4373491514579424,9.015110581243752,0.0,0,-0.1135615793476461,-0.0,0,0
ROU,2012,,,25.911306864435012,9.097166484866571,7.689424962620857,1.4077415222457148,3.4799021856870813,0.7826999374288518,3.202803869928175,1.4373491514579424,9.015110581243752,0.0,0,0.1999443407852146,0.0,0,0
ROU,2013,,,25.96922936667387,9.158802217734207,7.766212370634288,1.3925898470999192,3.2777282421466842,0.7825426491271926,3.202803869928175,1.4373491514579424,9.015110581243752,0.0,0,-0.0022296027551824693,-0.0,0,0
ROU,2014,,,26.020193837150572,9.213512443188531,7.8424298457105515,1.3710825974779794,3.5977877632861928,0.8078671224442521,3.202803869928175,1.4373491514579424,9.015110581243752,0.0,0,0.31782991838432606,0.0,0,0
ROU,2015,,,25.904403848812805,9.102422977129411,7.854601928784033,1.2478210483453775,3.2199671542308654,0.7416948151820238,3.202803869928175,1.4373491514579424,9.015110581243752,0.0,0,-0.05999069067100127,-0.0,0,0
ROU,2016,,,25.94519209985684,9.148947836627244,7.913908812616166,1.235039024011078,3.3553698244630312,0.7040241744678704,3.202803869928175,1.4373491514579424,9.015110581243752,0.0,0,0.07541197956116452,0.0,0,0
ROU,2017,,,26.07107495889794,9.280610765819814,7.991629467194556,1.2889812986252585,3.3933193787177665,0.7617660753958665,3.202803869928175,1.4373491514579424,9.015110581243752,0.0,0,0.11336153381589975,0.0,0,0
ROU,2018,,,26.21134132050316,9.42675206049907,8.07785378233981,1.3488982781592593,3.1232350236914694,0.6252848709336368,3.202803869928175,1.4373491514579424,9.015110581243752,0.0,0,-0.15672282121039727,-0.0,0,0
ROU,2019,,,26.24504841711617,9.465727305331441,8.143488417802308,1.3222388875291333,3.19019456819355,0.7087558858964162,3.202803869928175,1.4373491514579424,9.015110581243752,0.0,0,-0.08976327670831674,-0.0,0,0
ROU,2020,,,26.247221942723794,9.473408429864481,8.170196839808145,1.3032115900563355,3.421769964531187,0.7528636650492423,3.202803869928175,1.4373491514579424,9.015110581243752,0.0,1,0.1418121196293205,0.1418121196293205,0,0
ROU,2021,,,26.376009177745875,9.609656029671791,8.21722085115122,1.3924351785205715,3.1863872488765925,0.8044256938212965,3.202803869928175,1.4373491514579424,9.015110581243752,0.0,1,-0.09357059602527418,-0.09357059602527418,0,0
ROU,2022,,,26.411318114404988,9.648819093130516,8.330308705589859,1.3185103875406572,2.849640924346881,0.8049148678745416,3.202803869928175,1.4373491514579424,9.015110581243752,0.0,1,-0.4303169205549855,-0.4303169205549855,0,0
ROU,2023,,,26.574772660322193,9.811614486901306,8.371664569863713,1.439949917037593,2.667210850246431,0.7611939066871668,3.202803869928175,1.4373491514579424,9.015110581243752,0.0,1,-0.6127469946554358,-0.6127469946554358,0,0
ROU,2024,,,26.670162366287993,9.907490013071868,8.458856187822017,1.4486338252498516,2.6161696061563857,0.6563949047289008,3.202803869928175,1.4373491514579424,9.015110581243752,0.0,1,-0.663788238745481,-0.663788238745481,0,0
RUS,2006,,,27.620902162925532,8.842199907592871,6.694260831370928,2.1479390762219426,2.538219567418946,0.33860464245743055,3.8568110838882417,1.9451832468777743,8.82326674891232,0.0,0,-0.7417382774829209,-0.0,0,1
RUS,2007,,,27.893157260903113,9.116165865410188,6.830485755686894,2.2856801097232946,2.674606507605556,0.3191336971255063,3.8568110838882417,1.9451832468777743,8.82326674891232,0.0,0,-0.6053513372963106,-0.0,0,1
RUS,2008,,,28.13834946633886,9.361797499992264,7.059473251657147,2.3023242483351165,2.9426429468755457,0.3483192402627184,3.8568110838882417,1.9451832468777743,8.82326674891232,0.0,0,-0.337314898026321,-0.0,0,1
RUS,2009,,,27.832038396823148,9.055185346817124,7.1116505738887605,1.9435347729283636,2.9933876635777343,0.4337444158012509,3.8568110838882417,1.9451832468777743,8.82326674891232,0.0,0,-0.28657018132413237,-0.0,0,1
RUS,2010,,,28.05296091152868,9.27565892328376,7.428429341939105,1.8472295813446555,2.8687020283601297,0.36252721012287226,3.8568110838882417,1.9451832468777743,8.82326674891232,0.0,0,-0.41125581654173704,-0.0,0,1
RUS,2011,,,28.346870027807828,9.568387616067692,7.576058919459159,1.9923286966085332,2.950266363466975,0.3630254072781564,3.8568110838882417,1.9451832468777743,8.82326674891232,0.0,0,-0.3296914814348919,-0.0,0,1
RUS,2012,,,28.42324118563241,9.642243012505682,7.689424962620857,1.9528180498848258,2.996010006851373,0.35658724321595753,3.8568110838882417,1.9451832468777743,8.82326674891232,0.0,0,-0.28394783805049384,-0.0,0,1
RUS,2013,,,28.460650989016376,9.676677804063205,7.766212370634288,1.910465433428917,2.7042856831393465,0.302519342457882,3.8568110838882417,1.9451832468777743,8.82326674891232,0.0,0,-0.5756721617625202,-0.0,0,1
RUS,2014,,,28.353358870697274,9.550767111821791,7.8424298457105515,1.70833726611124,2.1601977980265548,0.21956244286256418,3.8568110838882417,1.9451832468777743,8.82326674891232,0.0,0,-1.119760046875312,-0.0,0,1
RUS,2015,,,27.941062971451554,9.135370444912384,7.854601928784033,1.2807685161283509,2.109871607107929,0.3037656072900579,3.8568110838882417,1.9451832468777743,8.82326674891232,0.0,0,-1.1700862377939378,-0.0,0,1
RUS,2016,,,27.875367373485457,9.066834623656327,7.913908812616166,1.152925811040161,2.579175057801007,0.32663603157002646,3.8568110838882417,1.9451832468777743,8.82326674891232,0.0,1,-0.7007827871008598,-0.7007827871008598,0,1
RUS,2017,,,28.084767916155503,9.274151730601806,7.991629467194556,1.2825222634072508,2.483905918060112,0.26154636454228625,3.8568110838882417,1.9451832468777743,8.82326674891232,0.0,1,-0.7960519268417547,-0.7960519268417547,0,1
RUS,2018,,,28.13622824957445,9.324729895762207,8.07785378233981,1.2468761134223971,2.5469979455021923,0.173222431697895,3.8568110838882417,1.9451832468777743,8.82326674891232,0.0,1,-0.7329598993996744,-0.7329598993996744,0,1
RUS,2019,,,28.157591145129473,9.345544217809904,8.143488417802308,1.2020558000075958,2.41417864548396,0.15140886719253818,3.8568110838882417,1.9451832468777743,8.82326674891232,0.0,1,-0.8657791994179065,-0.8657791994179065,0,1
RUS,2020,,,28.031859466657885,9.221114833282865,8.170196839808145,1.0509179934747195,2.1165174998093876,0.1884707748835038,3.8568110838882417,1.9451832468777743,8.82326674891232,0.0,1,-1.163440345092479,-1.163440345092479,0,1
RUS,2021,,,28.234892568467295,9.427468208859434,8.21722085115122,1.210247357708214,2.335842653570551,0.18131373793733854,3.8568110838882417,1.9451832468777743,8.82326674891232,0.0,1,-0.9441151913313157,-0.9441151913313157,0,1
RUS,2022,,,28.46066190265881,9.656667973784499,8.330308705589859,1.32635926819464,2.426475778064644,0.3264931617929658,3.8568110838882417,1.9451832468777743,8.82326674891232,0.0,1,-0.8534820668372225,-0.8534820668372225,0,1
RUS,2023,,,28.347046990850828,9.54588325668276,8.371664569863713,1.1742186868190476,2.567525727503308,0.36749604580416345,3.8568110838882417,1.9451832468777743,8.82326674891232,0.0,1,-0.7124321173985586,-0.7124321173985586,0,1
RUS,2024,,,28.413305951219247,9.613262079109674,8.458856187822017,1.1544058912876576,2.560910055552589,0.47528856292720384,3.8568110838882417,1.9451832468777743,8.82326674891232,0.0,1,-0.7190477893492777,-0.7190477893492777,0,1
RWA,2006,,,21.90934182804015,5.863897948472262,6.694260831370928,0.8303628828986662,2.3072670326138356,0.17669106602458326,,,9.06688400360562,0.0,0,-0.9726908122880311,-0.0,0,0
RWA,2007,,,22.114044505155004,6.041999808429507,6.830485755686894,0.7884859472573869,1.6505653684977661,0.0711010625593456,,,9.06688400360562,0.0,0,-1.6293924764041006,-0.0,0,0
RWA,2008,,,22.35654827078342,6.25821980974919,7.059473251657147,0.8012534419079573,1.4536431544658843,0.04691947727739632,,,9.06688400360562,0.0,0,-1.8263146904359824,-0.0,0,0
RWA,2009,,,22.446639217470693,6.322518553410896,7.1116505738887605,0.7891320204778642,1.5335813752829393,0.05689624982045554,,,9.06688400360562,0.0,0,-1.7463764696189275,-0.0,0,0
RWA,2010,,,22.523700249418884,6.374343071919885,7.428429341939105,1.0540862700192202,2.0166499094050065,0.12722591090760657,,,9.06688400360562,0.0,0,-1.2633079354968602,-0.0,0,0
RWA,2011,,,22.64058190607582,6.466698441231808,7.576058919459159,1.1093604782273516,2.084335183182863,0.12800309256380757,,,9.06688400360562,0.0,0,-1.1956226617190038,-0.0,0,0
RWA,2012,,,22.745696887427403,6.547875409766249,7.689424962620857,1.1415495528546078,2.651064896224687,0.22008520442759685,,,9.06688400360562,0.0,0,-0.6288929486771795,-0.0,0,0
RWA,2013,,,22.76633859442066,6.5444831082101285,7.766212370634288,1.2217292624241596,2.2983882537081275,0.2304077319498862,,,9.06688400360562,0.0,0,-0.9815695911937392,-0.0,0,0
RWA,2014,,,22.818824851991057,6.572797218385092,7.8424298457105515,1.2696326273254597,3.0261984662454156,0.20350934998042747,,,9.06688400360562,0.0,0,-0.25375937865645115,-0.0,0,0
RWA,2015,,,22.857084771651362,6.58712488135122,7.854601928784033,1.2674770474328136,3.1784137740950515,0.181739841582419,,,9.06688400360562,0.0,0,-0.10154407080681516,-0.0,0,0
RWA,2016,,,22.874657301784254,6.580997624800224,7.913908812616166,1.3329111878159416,3.1782672118929556,0.19883769539792961,,,9.06688400360562,0.0,0,-0.10169063300891112,-0.0,0,0
RWA,2017,,,22.938586296512213,6.621470948603684,7.991629467194556,1.3701585185908716,2.8088497540515074,0.21964870020195426,,,9.06688400360562,0.0,0,-0.4711080908503593,-0.0,0,0
RWA,2018,,,22.99024045020727,6.649962029337413,8.07785378233981,1.4278917530023971,2.6531620252794323,0.18921690956681858,,,9.06688400360562,0.0,0,-0.6267958196224344,-0.0,0,0
RWA,2019,,,23.07647485653315,6.713387825697432,8.143488417802308,1.4301005921048757,2.5604536810595495,0.160345723130757,,,9.06688400360562,0.0,0,-0.7195041638423172,-0.0,0,0
RWA,2020,,,23.073416177863585,6.687904658684847,8.170196839808145,1.4822921811232987,2.1656934482120596,0.18118373552989975,,,9.06688400360562,0.0,0,-1.1142643966898071,-0.0,0,0
RWA,2021,,,23.143891257783636,6.736470385083039,8.21722085115122,1.480750466068181,2.0983911180135224,0.21274943557591927,,,9.06688400360562,0.0,0,-1.1815667268883443,-0.0,0,0
RWA,2022,,,23.34411590246468,6.914790367840786,8.330308705589859,1.4155183377490728,1.7699333929496335,0.23185910587729874,,,9.06688400360562,0.0,0,-1.5100244519522332,-0.0,0,0
RWA,2023,,,23.41833220756134,6.9670216908873,8.371664569863713,1.4046428789764125,2.2449694552161987,0.34570513861765734,,,9.06688400360562,0.0,0,-1.034988389685668,-0.0,0,0
RWA,2024,,,23.43869303973641,6.965964839107329,8.458856187822017,1.4928913487146875,1.8834133582974868,0.29604856002014224,,,9.06688400360562,0.0,0,-1.39654448660438,-0.0,0,0
SAU,2006,,,26.655246091454906,9.773584685247659,6.694260831370928,3.0793238538767307,3.0414369516674915,0.23533995826863432,,,8.813499765703144,0.0,0,-0.2385208932343752,-0.0,0,0
SAU,2007,,,26.753865780282506,9.830709863160159,6.830485755686894,3.000224107473265,2.568063307224485,0.16935356678803937,,,8.813499765703144,0.0,0,-0.7118945376773818,-0.0,0,0
SAU,2008,,,26.976703802920923,10.013260320217416,7.059473251657147,2.9537870685602687,2.367344588762425,0.1497278609630988,,,8.813499765703144,0.0,0,-0.9126132561394416,-0.0,0,0
SAU,2009,,,26.78495085728545,9.782358427985107,7.1116505738887605,2.6707078540963467,2.889773681151051,0.2847405345421922,,,8.813499765703144,0.0,0,-0.39018416375081566,-0.0,0,0
SAU,2010,,,26.992754972769102,10.000087361441192,7.428429341939105,2.5716580195020873,2.4226021518892624,0.23186155065508698,,,8.813499765703144,0.0,0,-0.8573556930126043,-0.0,0,0
SAU,2011,,,27.24632992796479,10.208275600274249,7.576058919459159,2.6322166808150893,2.8040368851386224,0.2565950514031716,,,8.813499765703144,0.0,0,-0.47592095976324433,-0.0,0,0
SAU,2012,,,27.345897545495173,10.265816795054077,7.689424962620857,2.5763918324332202,2.7368346446547074,0.2580420048140189,,,8.813499765703144,0.0,0,-0.5431232002471593,-0.0,0,0
SAU,2013,,,27.36933907202901,10.235143409175432,7.766212370634288,2.468931038541144,3.127503897913398,0.2887224551587899,,,8.813499765703144,0.0,0,-0.15245394698846892,-0.0,0,0
SAU,2014,,,27.39168856031087,10.232988583524264,7.8424298457105515,2.3905587378137128,2.495704879725747,0.1454550335424567,,,8.813499765703144,0.0,0,-0.7842529651761199,-0.0,0,0
SAU,2015,,,27.264893637215618,10.054325105243393,7.854601928784033,2.1997231764593597,2.442428536264833,0.15820258780462593,,,8.813499765703144,0.0,0,-0.8375293086370337,-0.0,0,0
SAU,2016,,,27.258912637719824,10.010893451696953,7.913908812616166,2.0969846390807874,2.4042166985072564,0.19750266193315816,,,8.813499765703144,0.0,0,-0.8757411463946103,-0.0,0,0
SAU,2017,,,27.33162555205803,10.082858540412923,7.991629467194556,2.0912290732183676,2.699813816332176,0.2103842856396231,,,8.813499765703144,0.0,0,-0.5801440285696908,-0.0,0,0
SAU,2018,,,27.510620056235958,10.287390727169278,8.07785378233981,2.209536944829468,2.321745669820165,0.1682760872108339,,,8.813499765703144,0.0,0,-0.9582121750817016,-0.0,0,0
SAU,2019,,,27.513239480271185,10.294407165395246,8.143488417802308,2.1509187475929377,2.440130098075099,0.19169177675187496,,,8.813499765703144,0.0,0,-0.8398277468267676,-0.0,0,0
SAU,2020,,,27.36699202640856,10.099828326361589,8.170196839808145,1.9296314865534434,2.609262724175522,0.1974772390493381,,,8.813499765703144,0.0,0,-0.6706951207263447,-0.0,0,0
SAU,2021,,,27.613530102792456,10.371012028894215,8.21722085115122,2.1537911777429954,2.2697731798356635,0.23730737376252298,,,8.813499765703144,0.0,0,-1.0101846650662032,-0.0,0,0
SAU,2022,,,27.845386410841893,10.5586791374927,8.330308705589859,2.2283704319028406,2.27606011277373,0.31852873048890445,,,8.813499765703144,0.0,0,-1.0038977321281366,-0.0,0,0
SAU,2023,,,27.82871130135296,10.49562187073815,8.371664569863713,2.1239573008744372,2.2983552310138147,0.44212157848288064,,,8.813499765703144,0.0,0,-0.981602613888052,-0.0,0,0
SAU,2024,,,27.857471832538025,10.478070378654628,8.458856187822017,2.0192141908326118,2.3589241858257695,0.5200357419465377,,,8.813499765703144,0.0,0,-0.9210336590760972,-0.0,0,0
SDN,2006,,,24.53577413185726,7.032160437127932,6.694260831370928,0.33789960575700384,3.6742908363376796,1.5052164119727918,,,8.988095791466609,0.0,0,0.3943329914358129,0.0,0,0
SDN,2007,,,24.808235588880954,7.275430037198325,6.830485755686894,0.4449442815114315,3.424736253857665,1.5884139449246872,,,8.988095791466609,0.0,0,0.1447784089557982,0.0,0,0
SDN,2008,,,24.895081854113062,7.331441632282182,7.059473251657147,0.2719683806250348,3.5237233899888776,1.7194035616271677,,,8.988095791466609,0.0,0,0.24376554508701087,0.0,0,0
SDN,2009,,,24.667195257241612,7.071761633209213,7.1116505738887605,0.03988894067954796,3.9078741914183643,1.8284479095659798,,,8.988095791466609,0.0,0,0.6279163465164976,0.0,0,0
SDN,2010,,,24.800175592956325,7.174445546887686,7.428429341939105,0.2539837950514192,3.8158706811982714,1.7091297254364664,,,8.988095791466609,0.0,0,0.5359128362964047,0.0,0,0
SDN,2011,,,24.730936550855603,7.194930142747212,7.576058919459159,0.38112877671194756,3.525133283538607,1.6844591944877114,,,8.988095791466609,0.0,0,0.2451754386367404,0.0,0,0
SDN,2012,,,24.351145035316907,6.9267949750591065,7.689424962620857,0.7626299875617502,3.3422053849194593,1.6122959823509821,,,8.988095791466609,0.0,0,0.062247540017592584,0.0,0,0
SDN,2013,,,24.485024356754344,7.037579138858127,7.766212370634288,0.7286332317761612,3.269323652835756,1.6134594561171085,,,8.988095791466609,0.0,0,-0.010634192066110604,-0.0,0,0
SDN,2014,,,24.62557680521034,7.151045205949145,7.8424298457105515,0.6913846397614067,3.0193682250285288,1.7944441579756882,,,8.988095791466609,0.0,0,-0.26058961987333795,-0.0,0,0
SDN,2015,,,24.669241060517514,7.164240479161954,7.854601928784033,0.6903614496220793,2.9454568705959177,1.8943899775617405,,,8.988095791466609,0.0,0,-0.33450097430594905,-0.0,0,0
SDN,2016,,,24.47583288776439,6.94043149120602,7.913908812616166,0.9734773214101455,3.114763604127079,2.0492267295876125,,,8.988095791466609,0.0,0,-0.16519424077478773,-0.0,0,0
SDN,2017,,,24.443731599051198,6.873687171646692,7.991629467194556,1.1179422955478637,2.992942396228699,1.7969837338582302,,,8.988095791466609,0.0,0,-0.28701544867316775,-0.0,0,0
SDN,2018,,,24.199378352973497,6.594451031985538,8.07785378233981,1.483402750354272,2.5300611032783262,1.6959695386486981,,,8.988095791466609,0.0,0,-0.7498967416235405,-0.0,0,0
SDN,2019,,,24.199511294318718,6.565230153600711,8.143488417802308,1.5782582642015965,2.5853855518202002,1.7022181494593378,,,8.988095791466609,0.0,0,-0.6945722930816665,-0.0,0,0
SDN,2020,,,24.020383132850387,6.3592195274420815,8.170196839808145,1.810977312366064,2.607881467720454,1.5037360444279757,,,8.988095791466609,0.0,0,-0.6720763771814129,-0.0,0,0
SDN,2021,,,24.256354084742384,6.568249258075882,8.21722085115122,1.6489715930753377,3.0293242297850203,1.604452985708028,,,8.988095791466609,0.0,0,-0.25063361511684645,-0.0,0,0
SDN,2022,,,24.668082704475125,6.95295887120536,8.330308705589859,1.377349834384499,3.0568767688640217,1.8389261524201155,,,8.988095791466609,0.0,0,-0.223081076037845,-0.0,0,0
SDN,2023,,,24.409599298289436,6.68121025830664,8.371664569863713,1.6904543115570725,3.0534695794917797,2.1558199742968562,,,8.988095791466609,0.0,0,-0.22648826541008704,-0.0,0,0
SDN,2024,,,24.62871599874945,6.892243253212564,8.458856187822017,1.5666129346094522,2.9570432309238104,2.3157258021953706,,,8.988095791466609,0.0,0,-0.3229146139780563,-0.0,0,0
SEN,2006,,,23.18267673497065,6.924810967757527,6.694260831370928,0.23055013638659894,3.101907532753328,0.45829302654063125,,,9.476477510196172,0.0,0,-0.17805031214853884,-0.0,0,0
SEN,2007,,,23.361910110763148,7.080816405105861,6.830485755686894,0.25033064941896743,2.376811216916246,0.3003541985040124,,,9.476477510196172,0.0,0,-0.9031466279856208,-0.0,0,0
SEN,2008,,,23.547853238866693,7.243364414739086,7.059473251657147,0.1838911630819391,2.0886605284038233,0.26304031853378246,,,9.476477510196172,0.0,0,-1.1912973164980434,-0.0,0,0
SEN,2009,,,23.5049299712053,7.176785005482382,7.1116505738887605,0.06513443159362176,2.192387359825767,0.2561418718868727,,,9.476477510196172,0.0,0,-1.0875704850760997,-0.0,0,0
SEN,2010,,,23.50340820276984,7.151394217519003,7.428429341939105,0.27703512442010236,2.474137164660268,0.30432262036814345,,,9.476477510196172,0.0,0,-0.8058206802415988,-0.0,0,0
SEN,2011,,,23.603266424099,7.225973286857178,7.576058919459159,0.35008563260198144,2.370268193016684,0.24729812225586054,,,9.476477510196172,0.0,0,-0.9096896518851829,-0.0,0,0
SEN,2012,,,23.594617318083387,7.190553938320986,7.689424962620857,0.49887102429987085,2.7846576276655726,0.42040854302591235,,,9.476477510196172,0.0,0,-0.49530021723629414,-0.0,0,0
SEN,2013,,,23.663414981858335,7.229717006635401,7.766212370634288,0.5364953639988874,2.7089898311517886,0.4218014136263373,,,9.476477510196172,0.0,0,-0.5709680137500781,-0.0,0,0
SEN,2014,,,23.70880904988708,7.243435327629456,7.8424298457105515,0.5989945180810956,3.0428792079229026,0.42951570636500863,,,9.476477510196172,0.0,0,-0.23707863697896414,-0.0,0,0
SEN,2015,,,23.601045687158628,7.104970485658123,7.854601928784033,0.7496314431259101,3.2717024353864517,0.3829402045410412,,,9.476477510196172,0.0,0,-0.008255409515415035,-0.0,0,0
SEN,2016,,,23.669824270228993,7.143964755327409,7.913908812616166,0.7699440572887566,3.466662489657203,0.42019627886178085,,,9.476477510196172,0.0,0,0.18670464475533644,0.0,0,0
SEN,2017,,,23.766123536081007,7.21138703030537,7.991629467194556,0.7802424368891856,3.328628075081829,0.4150207126557138,,,9.476477510196172,0.0,0,0.04867023017996219,0.0,0,0
SEN,2018,,,23.863821204315787,7.281080128684835,8.07785378233981,0.7967736536549754,3.17801653891261,0.37496359575050914,,,9.476477510196172,0.0,0,-0.10194130598925666,-0.0,0,0
SEN,2019,,,23.876172613625393,7.2662554586892565,8.143488417802308,0.8772329591130514,2.846847729143492,0.33677016926340886,,,9.476477510196172,0.0,0,-0.43311011575837455,-0.0,0,0
SEN,2020,,,23.923183609704655,7.286936097516032,8.170196839808145,0.883260742292113,2.819319372605724,0.3589973119125611,,,9.476477510196172,0.0,0,-0.4606384722961425,-0.0,0,0
SEN,2021,,,24.03820734269251,7.3765749385640325,8.21722085115122,0.8406459125871875,2.8469041918814972,0.32645901422791357,,,9.476477510196172,0.0,0,-0.43305365302036947,-0.0,0,0
SEN,2022,,,24.04770211749943,7.361393285190607,8.330308705589859,0.9689154203992523,2.7648128117067894,0.3297871837613277,,,9.476477510196172,0.0,0,-0.5151450331950773,-0.0,0,0
SEN,2023,,,24.14740898263262,7.437226315440534,8.371664569863713,0.9344382544231786,2.9857743932650673,0.3386052165848344,,,9.476477510196172,0.0,0,-0.2941834516367994,-0.0,0,0
SEN,2024,,,24.194300055469647,7.4609115279279985,8.458856187822017,0.997944659894018,3.1021060706626558,0.3527972336081157,,,9.476477510196172,0.0,0,-0.17785177423921095,-0.0,0,0
SGP,2006,,,25.72470757526276,10.427282297212068,6.694260831370928,3.73302146584114,3.652544320277522,4.271264092946062,1.623976779086229,0.3001369344846196,7.300358695670091,0.0,1,0.37258647537565537,0.37258647537565537,0,1
SGP,2007,,,25.921440724384567,10.582355417697793,6.830485755686894,3.7518696620108987,3.423550266557901,4.313335966905133,1.623976779086229,0.3001369344846196,7.300358695670091,0.0,1,0.14359242165603447,0.14359242165603447,0,1
SGP,2008,,,25.989149488876617,10.596849011359577,7.059473251657147,3.53737575970243,3.1925083055260712,4.277339640149471,1.623976779086229,0.3001369344846196,7.300358695670091,0.0,1,-0.08744953937579547,-0.08744953937579547,0,1
SGP,2009,,,25.99189835473294,10.569438378068321,7.1116505738887605,3.457787804179561,3.1034561311731297,4.068461634206315,1.623976779086229,0.3001369344846196,7.300358695670091,0.0,1,-0.17650171372873702,-0.17650171372873702,0,1
SGP,2010,,,26.203104359183047,10.762926053725787,7.428429341939105,3.3344967117866817,3.2061046774521427,4.31794175438224,1.623976779086229,0.3001369344846196,7.300358695670091,0.0,1,-0.07385316744972403,-0.07385316744972403,0,1
SGP,2011,,,26.355754577626435,10.894727247608573,7.576058919459159,3.318668328149414,3.074506512332133,4.037851486262169,1.623976779086229,0.3001369344846196,7.300358695670091,0.0,1,-0.20545133256973358,-0.20545133256973358,0,1
SGP,2012,,,26.410556018559447,10.924994785238486,7.689424962620857,3.235569822617629,3.1966674826100396,4.573052667067924,1.623976779086229,0.3001369344846196,7.300358695670091,0.0,1,-0.08329036229182707,-0.08329036229182707,0,1
SGP,2013,,,26.451989220470576,10.950234906163724,7.766212370634288,3.1840225355294356,3.1070583042233677,4.312442224286961,1.623976779086229,0.3001369344846196,7.300358695670091,0.0,1,-0.172899540678499,-0.172899540678499,0,1
SGP,2014,,,26.47540530500985,10.960666588923074,7.8424298457105515,3.118236743212522,3.522069649731609,4.041795973627528,1.623976779086229,0.3001369344846196,7.300358695670091,0.0,1,0.24211180482974237,0.24211180482974237,0,1
SGP,2015,,,26.453360896757527,10.92675841129577,7.854601928784033,3.072156482511737,3.7088882392312583,3.8262950602782553,1.623976779086229,0.3001369344846196,7.300358695670091,0.0,1,0.4289303943293916,0.4289303943293916,0,1
SGP,2016,,,26.493956545996237,10.954379699540622,7.913908812616166,3.0404708869244566,3.6427680467904695,3.8380456626483976,1.623976779086229,0.3001369344846196,7.300358695670091,0.0,1,0.3628102018886028,0.3628102018886028,0,1
SGP,2017,,,26.56621622022268,11.025753419067142,7.991629467194556,3.034123951872586,3.6438015151507446,3.898900853448342,1.623976779086229,0.3001369344846196,7.300358695670091,0.0,1,0.36384367024887787,0.36384367024887787,0,1
SGP,2018,,,26.6580975117678,11.112937667625118,8.07785378233981,3.0350838852853084,3.6199459373906833,3.912808437122568,1.623976779086229,0.3001369344846196,7.300358695670091,0.0,1,0.33998809248881656,0.33998809248881656,0,1
SGP,2019,,,26.655053070642563,11.098450393430989,8.143488417802308,2.954961975628681,3.5655324562572677,3.7432257946535734,1.623976779086229,0.3001369344846196,7.300358695670091,0.0,1,0.28557461135540096,0.28557461135540096,0,1
SGP,2020,,,26.58469724726664,11.031213619667575,8.170196839808145,2.8610167798594297,3.3006408719319675,3.7174437323627365,1.623976779086229,0.3001369344846196,7.300358695670091,0.0,1,0.02068302703010083,0.02068302703010083,0,1
SGP,2021,,,26.812562162692277,11.30078189809496,8.21722085115122,3.083561046943741,3.397927932970248,3.737194008033636,1.623976779086229,0.3001369344846196,7.300358695670091,0.0,1,0.11797008806838116,0.11797008806838116,0,1
SGP,2022,,,26.965980295440584,11.421113825599319,8.330308705589859,3.0908051200094597,2.9492060888097833,3.6811157266837444,1.623976779086229,0.3001369344846196,7.300358695670091,0.0,1,-0.3307517560920834,-0.3307517560920834,0,1
SGP,2023,,,26.959991061055096,11.366541430435687,8.371664569863713,2.994876860571974,3.057559338278039,3.790539335661682,1.623976779086229,0.3001369344846196,7.300358695670091,0.0,1,-0.22239850662382787,-0.22239850662382787,0,1
SGP,2024,,,27.07393732509356,11.460542757910217,8.458856187822017,3.0016865700882,3.100027384026586,3.7491364486316434,1.623976779086229,0.3001369344846196,7.300358695670091,0.0,1,-0.17993046087528075,-0.17993046087528075,0,1
SHN,2006,,,,,6.694260831370928,,,,,,9.478287484842273,0.0,0,,,0,0
SHN,2007,,,,,6.830485755686894,,,,,,9.478287484842273,0.0,0,,,0,0
SHN,2008,,,,,7.059473251657147,,,,,,9.478287484842273,0.0,0,,,0,0
SHN,2009,,,,,7.1116505738887605,,,,,,9.478287484842273,0.0,0,,,0,0
SHN,2010,,,,,7.428429341939105,,,,,,9.478287484842273,0.0,0,,,0,0
SHN,2011,,,,,7.576058919459159,,,,,,9.478287484842273,0.0,0,,,0,0
SHN,2012,,,,,7.689424962620857,,,,,,9.478287484842273,0.0,0,,,0,0
SHN,2013,,,,,7.766212370634288,,,,,,9.478287484842273,0.0,0,,,0,0
SHN,2014,,,,,7.8424298457105515,,,,,,9.478287484842273,0.0,0,,,0,0
SHN,2015,,,,,7.854601928784033,,,,,,9.478287484842273,0.0,0,,,0,0
SHN,2016,,,,,7.913908812616166,,,,,,9.478287484842273,0.0,0,,,0,0
SHN,2017,,,,,7.991629467194556,,,,,,9.478287484842273,0.0,0,,,0,0
SHN,2018,,,,,8.07785378233981,,,,,,9.478287484842273,0.0,0,,,0,0
SHN,2019,,,,,8.143488417802308,,,,,,9.478287484842273,0.0,0,,,0,0
SHN,2020,,,,,8.170196839808145,,,,,,9.478287484842273,0.0,0,,,0,0
SHN,2021,,,,,8.21722085115122,,,,,,9.478287484842273,0.0,0,,,0,0
SHN,2022,,,,,8.330308705589859,,,,,,9.478287484842273,0.0,0,,,0,0
SHN,2023,,,,,8.371664569863713,,,,,,9.478287484842273,0.0,0,,,0,0
SHN,2024,,,,,8.458856187822017,,,,,,9.478287484842273,0.0,0,,,0,0
SLB,2006,,,20.24079676834985,7.1353883167950665,6.694260831370928,0.44112748542413804,4.092871087425147,0.49255587323276906,,,8.765947723735326,0.0,0,0.8129132425232801,0.0,0,0
SLB,2007,,,20.359841334444717,7.237166005702269,6.830485755686894,0.4066802500153752,3.547490750228736,0.4587057692384245,,,8.765947723735326,0.0,0,0.26753290532686913,0.0,0,0
SLB,2008,,,20.470095360306246,7.330304723579394,7.059473251657147,0.27083147192224644,3.4890101219832665,0.4951330564098535,,,8.765947723735326,0.0,0,0.20905227708139984,0.0,0,0
SLB,2009,,,20.507044880906566,7.349042195932655,7.1116505738887605,0.2373916220438943,3.6789686110520976,0.5152571175712518,,,8.765947723735326,0.0,0,0.3990107661502309,0.0,0,0
SLB,2010,,,20.61582376890433,7.429607105082125,7.428429341939105,0.001177763143020094,3.575491253839508,0.5255838683560937,,,8.765947723735326,0.0,0,0.29553340893764135,0.0,0,0
SLB,2011,,,20.785205571710996,7.562191753657274,7.576058919459159,0.013867165801885406,3.378037680547268,0.4448963430776985,,,8.765947723735326,0.0,0,0.09807983564540113,0.0,0,0
SLB,2012,,,20.893192252370014,7.633494223906127,7.689424962620857,0.05593073871472942,3.486372357109584,0.46117271457029574,,,8.765947723735326,0.0,0,0.20641451220771723,0.0,0,0
SLB,2013,,,20.97472933228162,7.6785050890012,7.766212370634288,0.08770728163308839,3.472616486160164,0.45540086688334686,,,8.765947723735326,0.0,0,0.19265864125829735,0.0,0,0
SLB,2014,,,21.012629067596812,7.680153884417029,7.8424298457105515,0.1622759612935223,3.7086522362539607,0.6351634284958138,,,8.765947723735326,0.0,0,0.428694391352094,0.0,0,0
SLB,2015,,,20.99169537317788,7.623386398351897,7.854601928784033,0.23121553043213616,3.741210378793001,0.6094812738790488,,,8.765947723735326,0.0,0,0.4612525338911344,0.0,0,0
SLB,2016,,,21.04497701370658,7.641383835054492,7.913908812616166,0.27252497756167404,3.6908106095921696,0.5533342921189549,,,8.765947723735326,0.0,0,0.41085276469030285,0.0,0,0
SLB,2017,,,21.108385728533577,7.6702310702789065,7.991629467194556,0.3213983969156491,4.532419310727425,0.7091558459186617,,,8.765947723735326,0.0,0,1.2524614658255584,0.0,0,0
SLB,2018,,,21.202893784907022,7.7311405353776,8.07785378233981,0.34671324696221006,4.4754812361981875,0.7038537047660912,,,8.765947723735326,0.0,0,1.1955233912963208,0.0,0,0
SLB,2019,,,21.205167505415965,7.7069092755439375,8.143488417802308,0.43657914225837047,4.257947407356793,0.6781392761758928,,,8.765947723735326,0.0,0,0.9779895624549266,0.0,0,0
SLB,2020,,,21.1525408448057,7.632075400069794,8.170196839808145,0.5381214397383518,4.246821360525809,0.7147159342575001,,,8.765947723735326,0.0,0,0.9668635156239422,0.0,0,0
SLB,2021,,,21.16686908772332,7.622391963118283,8.21722085115122,0.5948288880329367,4.210195146769409,0.7423910794832104,,,8.765947723735326,0.0,0,0.930237301867542,0.0,0,0
SLB,2022,,,21.106260995759655,7.537846063466097,8.330308705589859,0.7924626421237617,3.535885704670727,0.6840046990075787,,,8.765947723735326,0.0,0,0.25592785976886034,0.0,0,0
SLB,2023,,,21.132805676319244,7.540432419688713,8.371664569863713,0.8312321501749995,3.454845188494394,0.6790171280122356,,,8.765947723735326,0.0,0,0.17488734359252733,0.0,0,0
SLB,2024,,,21.18319684710465,7.5671157552465,8.458856187822017,0.8917404325755163,3.8208467980325285,0.8710074073984061,,,8.765947723735326,0.0,0,0.5408889531306618,0.0,0,0
SLE,2006,,,21.906126581864967,6.363490013649994,6.694260831370928,0.33077081772093475,3.07930751322432,0.4704011562444212,,,9.463208925312221,0.0,0,-0.20065033167754676,-0.0,0,0
SLE,2007,,,22.01331292244648,6.448715211675753,6.830485755686894,0.3817705440111405,3.0013424255327075,0.4497958476607851,,,9.463208925312221,0.0,0,-0.27861541936915923,-0.0,0,0
SLE,2008,,,22.14827484525608,6.558706913023464,7.059473251657147,0.5007663386336834,3.2728946069806324,0.5275322169505421,,,9.463208925312221,0.0,0,-0.007063237921234311,-0.0,0,0
SLE,2009,,,22.09784258883494,6.481340970869406,7.1116505738887605,0.6303096030193549,3.5395350650637285,0.4898095496388872,,,9.463208925312221,0.0,0,0.2595772201618618,0.0,0,0
SLE,2010,,,22.173193458044437,6.529476754090105,7.428429341939105,0.8989525878490001,3.7377904754737723,0.45744113447426593,,,9.463208925312221,0.0,0,0.4578326305719056,0.0,0,0
SLE,2011,,,22.30464020293069,6.634825672583899,7.576058919459159,0.9412332468752602,3.7285984453248755,0.42474984461742227,,,9.463208925312221,0.0,0,0.4486406004230088,0.0,0,0
SLE,2012,,,22.538361960741156,6.843221481225657,7.689424962620857,0.8462034813951993,3.3803921006315365,0.358458962192754,,,9.463208925312221,0.0,0,0.1004342557296698,0.0,0,0
SLE,2013,,,22.738537171349673,7.018824118788491,7.766212370634288,0.7473882518457966,3.1953451519214715,0.3446075271045646,,,9.463208925312221,0.0,0,-0.0846126929803952,-0.0,0,0
SLE,2014,,,22.762684386551413,7.019080750778287,7.8424298457105515,0.8233490949322642,3.606461778836442,0.4964050932781963,,,9.463208925312221,0.0,0,0.3265039339345752,0.0,0,0
SLE,2015,,,22.638474182787203,6.87168860673288,7.854601928784033,0.9829133220511537,3.55345160404116,0.5157123622218492,,,9.463208925312221,0.0,0,0.2734937591392934,0.0,0,0
SLE,2016,,,22.528977061416246,6.738645751094961,7.913908812616166,1.1752630615212043,3.4178557657805038,0.5110186259651086,,,9.463208925312221,0.0,0,0.13789792087863706,0.0,0,0
SLE,2017,,,22.472439000700415,6.658249795085124,7.991629467194556,1.333379672109432,3.5314715518259487,0.49980717821593607,,,9.463208925312221,0.0,0,0.25151370692408204,0.0,0,0
SLE,2018,,,22.578080648027754,6.740418338500136,8.07785378233981,1.3374354438396736,3.710440050196725,0.4406660854449668,,,9.463208925312221,0.0,0,0.4304822052948585,0.0,0,0
SLE,2019,,,22.598688772580058,6.737811817264169,8.143488417802308,1.405676600538139,3.644464301580048,0.4356988468238768,,,9.463208925312221,0.0,0,0.3645064566781815,0.0,0,0
SLE,2020,,,22.62362672028919,6.739665044707714,8.170196839808145,1.430531795100431,3.543680519053613,0.49920708035916,,,9.463208925312221,0.0,0,0.26372267415174644,0.0,0,0
SLE,2021,,,22.692743433886726,6.786035456153492,8.21722085115122,1.431185394997728,3.6638385636040027,0.4359657980949459,,,9.463208925312221,0.0,0,0.383880718702136,0.0,0,0
SLE,2022,,,22.68633159443055,6.757363770462035,8.330308705589859,1.5729449351278237,3.122481434626733,0.4264893926087125,,,9.463208925312221,0.0,0,-0.15747641027513382,-0.0,0,0
SLE,2023,,,22.582037759319054,6.631117509473353,8.371664569863713,1.7405470603903597,3.0714820045866804,0.4369944277774178,,,9.463208925312221,0.0,0,-0.2084758403151863,-0.0,0,0
SLE,2024,,,22.66504277519523,6.692895634017441,8.458856187822017,1.7659605538045753,2.8466122836671164,0.4576877834655712,,,9.463208925312221,0.0,0,-0.4333455612347503,-0.0,0,0
SLV,2006,,,23.49584768416256,7.888191231642117,6.694260831370928,1.1939304002711886,3.5759353245235905,0.45352506297801254,3.8854832735579063,2.7346378504380144,9.708386484529834,0.0,0,0.2959774796217238,0.0,0,0
SLV,2007,,,23.557170118720766,7.948264097163967,6.830485755686894,1.1177783414770728,3.553754239869649,0.3827709041208091,3.8854832735579063,2.7346378504380144,9.708386484529834,0.0,0,0.2737963949677824,0.0,0,0
SLV,2008,,,23.612908996145663,8.000768017986637,7.059473251657147,0.9412947663294897,3.830105500076702,0.4631993600843379,3.8854832735579063,2.7346378504380144,9.708386484529834,0.0,0,0.5501476551748352,0.0,0,0
SLV,2009,,,23.59125678020914,7.975972453479253,7.1116505738887605,0.8643218795904923,4.1610122370639795,0.5331263805549015,3.8854832735579063,2.7346378504380144,9.708386484529834,0.0,0,0.8810543921621128,0.0,0,0
SLV,2010,,,23.63821746395027,8.019636810404243,7.428429341939105,0.5912074684651385,4.48788090006443,0.603421899553425,3.8854832735579063,2.7346378504380144,9.708386484529834,0.0,0,1.207923055162563,0.0,0,0
SLV,2011,,,23.73308738883338,8.110907895505955,7.576058919459159,0.5348489760467956,4.483585660574418,0.5151017762469229,3.8854832735579063,2.7346378504380144,9.708386484529834,0.0,0,1.2036278156725513,0.0,0,0
SLV,2012,,,23.78600935319063,8.15992166074219,7.689424962620857,0.4704966981213339,4.5489493543159565,0.5018188646917042,3.8854832735579063,2.7346378504380144,9.708386484529834,0.0,0,1.2689915094140898,0.0,0,0
SLV,2013,,,23.813897296767543,8.18375110247148,7.766212370634288,0.41753873183719126,3.986749806285999,0.47582277703615433,3.8854832735579063,2.7346378504380144,9.708386484529834,0.0,0,0.7067919613841323,0.0,0,0
SLV,2014,,,23.840926763420914,8.206859835142001,7.8424298457105515,0.36442998943145,4.166174098792486,0.46340719345835196,3.8854832735579063,2.7346378504380144,9.708386484529834,0.0,0,0.8862162538906193,0.0,0,0
SLV,2015,,,23.877634713511945,8.240211238908092,7.854601928784033,0.3856093101240585,4.416563959003206,0.3671386516765344,3.8854832735579063,2.7346378504380144,9.708386484529834,0.0,0,1.136606114101339,0.0,0,0
SLV,2016,,,23.90926427515802,8.269075401208582,7.913908812616166,0.35516658859241623,4.480258050147145,0.40221294654426415,3.8854832735579063,2.7346378504380144,9.708386484529834,0.0,0,1.2003002052452785,0.0,0,0
SLV,2017,,,23.94130891517736,8.29906870194694,7.991629467194556,0.3074392347523842,4.866150122867928,0.4600256082908161,3.8854832735579063,2.7346378504380144,9.708386484529834,0.0,0,1.5861922779660609,0.0,0,0
SLV,2018,,,23.982163976676304,8.338914541381254,8.07785378233981,0.26106075904144355,4.817730261475357,0.4022072400120687,3.8854832735579063,2.7346378504380144,9.708386484529834,0.0,0,1.5377724165734903,0.0,0,0
SLV,2019,,,24.014690762416336,8.371037698314458,8.143488417802308,0.22754928051215018,4.479965139616462,0.3724841590848981,3.8854832735579063,2.7346378504380144,9.708386484529834,0.0,0,1.2000072947145957,0.0,0,0
SLV,2020,,,23.938984282534523,8.293347592683672,8.170196839808145,0.12315075287552624,3.8061014528222907,0.34060962935050926,3.8854832735579063,2.7346378504380144,9.708386484529834,0.0,0,0.526143607920424,0.0,0,0
SLV,2021,,,24.092048147779497,8.443031433726683,8.21722085115122,0.2258105825754626,3.814097278377237,0.25218083163421046,3.8854832735579063,2.7346378504380144,9.708386484529834,0.0,0,0.5341394334753704,0.0,0,0
SLV,2022,,,24.184934416891508,8.532003083558864,8.330308705589859,0.20169437796900525,3.4023625987398587,0.21776239094252606,3.8854832735579063,2.7346378504380144,9.708386484529834,0.0,0,0.12240475383799199,0.0,0,0
SLV,2023,,,24.236762505218866,8.579175860432532,8.371664569863713,0.207511290568819,2.601948252203498,0.1257522260734131,3.8854832735579063,2.7346378504380144,9.708386484529834,0.0,0,-0.6780095926983689,-0.0,0,0
SLV,2024,,,24.27517169513154,8.613067425115718,8.458856187822017,0.15421123729370123,2.7857580820528742,0.1051546752162134,3.8854832735579063,2.7346378504380144,9.708386484529834,0.0,0,-0.4941997628489925,-0.0,0,0
SMR,2006,,,21.370246459229982,11.055179197585836,6.694260831370928,4.360918366214908,,,,,9.13419437060489,0.0,0,,,0,0
SMR,2007,,,21.506552318890183,11.158026443126165,6.830485755686894,4.327540687439271,,,,,9.13419437060489,0.0,0,,,0,0
SMR,2008,,,21.60007302648072,11.237200523846996,7.059473251657147,4.177727272189848,,,,,9.13419437060489,0.0,0,,,0,0
SMR,2009,,,21.4480463578491,11.04178551473781,7.1116505738887605,3.93013494084905,,,,,9.13419437060489,0.0,0,,,0,0
SMR,2010,,,21.35517142884251,10.94276005982999,7.428429341939105,3.5143307178908847,,,,,9.13419437060489,0.0,0,,,0,0
SMR,2011,,,21.318644550592623,10.92596367441762,7.576058919459159,3.3499047549584606,,,,,9.13419437060489,0.0,0,,,0,0
SMR,2012,,,21.196203315227564,10.777828398970772,7.689424962620857,3.0884034363499158,,,,,9.13419437060489,0.0,0,,,0,0
SMR,2013,,,21.241310064726857,10.835805571206135,7.766212370634288,3.0695932005718474,,,,,9.13419437060489,0.0,0,,,0,0
SMR,2014,,,21.238428634502757,10.844675372165998,7.8424298457105515,3.0022455264554466,,,,,9.13419437060489,0.0,0,,,0,0
SMR,2015,,,21.07350036285814,10.672363615672651,7.854601928784033,2.817761686888618,3.1005188408405937,2.9516105892447,,,9.13419437060489,0.0,0,-0.179439004061273,-0.0,0,0
SMR,2016,,,21.107399982504923,10.700081210115766,7.913908812616166,2.7861723974996,3.0770887581038724,2.802447370710112,,,9.13419437060489,0.0,0,-0.2028690867979943,-0.0,0,0
SMR,2017,,,21.147631984922665,10.718676531883679,7.991629467194556,2.727047064689123,3.243429274160004,2.9646507451251725,,,9.13419437060489,0.0,0,-0.036528570741862776,-0.0,0,0
SMR,2018,,,21.2272809188069,10.777928837860268,8.07785378233981,2.7000750555204576,2.9517864233797577,2.9570621088517544,,,9.13419437060489,0.0,0,-0.328171421522109,-0.0,0,0
SMR,2019,,,21.20336316303563,10.749935048404963,8.143488417802308,2.6064466306026546,2.991042018494944,2.7244679114091315,,,9.13419437060489,0.0,0,-0.2889158264069227,-0.0,0,0
SMR,2020,,,21.158104477498316,10.701594252496408,8.170196839808145,2.5313974126882623,3.014226121196288,2.6967767389582042,,,9.13419437060489,0.0,0,-0.26573172370557874,-0.0,0,0
SMR,2021,,,21.341363832204543,10.89986359605846,8.21722085115122,2.6826427449072394,2.7544125538919317,2.6577557736302113,,,9.13419437060489,0.0,0,-0.525545291009935,-0.0,0,0
SMR,2022,,,21.328510892757336,10.901627059281369,8.330308705589859,2.5713183536915096,2.7343871210758914,2.530026359064464,,,9.13419437060489,0.0,0,-0.5455707238259753,-0.0,0,0
SMR,2023,,,21.42994267428502,10.999953018597894,8.371664569863713,2.6282884487341818,2.6830499003499506,2.569932692473093,,,9.13419437060489,0.0,0,-0.5969079445519161,-0.0,0,0
SMR,2024,,,,,8.458856187822017,,2.996938053438807,2.3713250150552545,,,9.13419437060489,0.0,0,-0.2830197914630599,-0.0,0,0
SOM,2006,,,22.338038152527602,6.126861896329243,6.694260831370928,0.5673989350416857,4.6042037350793485,3.2255930770576136,,,8.83981422724605,0.0,0,1.3242458901774818,0.0,0,0
SOM,2007,,,22.41533640403921,6.1730267074361,6.830485755686894,0.6574590482507938,4.481956974303537,3.6742825537996295,,,8.83981422724605,0.0,0,1.20199912940167,0.0,0,0
SOM,2008,,,22.500524051531194,6.228584853620376,7.059473251657147,0.8308883980367714,4.378713092393903,3.6665635213413097,,,8.83981422724605,0.0,0,1.098755247492036,0.0,0,0
SOM,2009,,,21.804594470874225,5.507415751368819,7.1116505738887605,1.6042348225199419,4.548370032759575,3.5280964101709524,,,8.83981422724605,0.0,0,1.2684121878577082,0.0,0,0
SOM,2010,,,21.711991457825516,5.389995749593305,7.428429341939105,2.0384335923458003,4.868921905313823,3.5391555862631487,,,8.83981422724605,0.0,0,1.5889640604119566,0.0,0,0
SOM,2011,,,21.790043435450485,5.460971555742151,7.576058919459159,2.1150873637170085,5.219931357352877,3.6482054340425427,,,8.83981422724605,0.0,0,1.9399735124510102,0.0,0,0
SOM,2012,,,22.196808458662495,5.858681293758931,7.689424962620857,1.8307436688619259,5.156754266102202,3.2464105610013854,,,8.83981422724605,0.0,0,1.8767964212003352,0.0,0,0
SOM,2013,,,22.34520164431629,5.974823611473119,7.766212370634288,1.791388759161169,4.890817442824954,3.2920710024843527,,,8.83981422724605,0.0,0,1.610859597923087,0.0,0,0
SOM,2014,,,22.46870204768948,6.062462605887723,7.8424298457105515,1.7799672398228283,4.6401937077915765,3.417062925713326,,,8.83981422724605,0.0,0,1.3602358628897098,0.0,0,0
SOM,2015,,,22.54006730487678,6.099383716782181,7.854601928784033,1.7552182120018527,4.438440726326309,3.3431192520479516,,,8.83981422724605,0.0,0,1.1584828814244426,0.0,0,0
SOM,2016,,,22.612415604364887,6.133242912928105,7.913908812616166,1.7806658996880609,4.63935841090955,3.465881545466372,,,8.83981422724605,0.0,0,1.3594005660076829,0.0,0,0
SOM,2017,,,22.754239262031586,6.23625207315741,7.991629467194556,1.7553773940371453,5.010044463350814,3.269616739210989,,,8.83981422724605,0.0,0,1.7300866184489476,0.0,0,0
SOM,2018,,,22.78670502114874,6.2334245019213474,8.07785378233981,1.8444292804184625,4.761714366976383,3.1121685528053322,,,8.83981422724605,0.0,0,1.4817565220745164,0.0,0,0
SOM,2019,,,22.881518559050537,6.291485462375435,8.143488417802308,1.8520029554268733,4.826246700132536,3.11025625391726,,,8.83981422724605,0.0,0,1.5462888552306695,0.0,0,0
SOM,2020,,,22.87827856547332,6.25028626210932,8.170196839808145,1.9199105776988254,4.454954746554967,3.204705052489642,,,8.83981422724605,0.0,0,1.1749969016531003,0.0,0,0
SOM,2021,,,22.972766558848,6.308202251706228,8.21722085115122,1.909018599444992,4.498252548343277,3.2420034846919794,,,8.83981422724605,0.0,0,1.2182947034414107,0.0,0,0
SOM,2022,,,23.045947631639578,6.35113204902206,8.330308705589859,1.979176656567799,4.0790427954588795,2.755417080004147,,,8.83981422724605,0.0,0,0.7990849505570128,0.0,0,0
SOM,2023,,,23.117335620062637,6.391726115481282,8.371664569863713,1.979938454382431,3.898915026693939,2.6233828719314,,,8.83981422724605,0.0,0,0.6189571817920725,0.0,0,0
SOM,2024,,,23.20541869853779,6.444987645775389,8.458856187822017,2.0138685420466276,3.9398886095782726,2.865405532656099,,,8.83981422724605,0.0,0,0.6599307646764059,0.0,0,0
SPM,2006,,,,,6.694260831370928,,,,,,9.474965923958665,0.0,0,,,0,0
SPM,2007,,,,,6.830485755686894,,,,,,9.474965923958665,0.0,0,,,0,0
SPM,2008,,,,,7.059473251657147,,,,,,9.474965923958665,0.0,0,,,0,0
SPM,2009,,,,,7.1116505738887605,,,,,,9.474965923958665,0.0,0,,,0,0
SPM,2010,,,,,7.428429341939105,,,,,,9.474965923958665,0.0,0,,,0,0
SPM,2011,,,,,7.576058919459159,,,,,,9.474965923958665,0.0,0,,,0,0
SPM,2012,,,,,7.689424962620857,,,,,,9.474965923958665,0.0,0,,,0,0
SPM,2013,,,,,7.766212370634288,,,,,,9.474965923958665,0.0,0,,,0,0
SPM,2014,,,,,7.8424298457105515,,,,,,9.474965923958665,0.0,0,,,0,0
SPM,2015,,,,,7.854601928784033,,,,,,9.474965923958665,0.0,0,,,0,0
SPM,2016,,,,,7.913908812616166,,,,,,9.474965923958665,0.0,0,,,0,0
SPM,2017,,,,,7.991629467194556,,,,,,9.474965923958665,0.0,0,,,0,0
SPM,2018,,,,,8.07785378233981,,,,,,9.474965923958665,0.0,0,,,0,0
SPM,2019,,,,,8.143488417802308,,,,,,9.474965923958665,0.0,0,,,0,0
SPM,2020,,,,,8.170196839808145,,,,,,9.474965923958665,0.0,0,,,0,0
SPM,2021,,,,,8.21722085115122,,,,,,9.474965923958665,0.0,0,,,0,0
SPM,2022,,,,,8.330308705589859,,,,,,9.474965923958665,0.0,0,,,0,0
SPM,2023,,,,,8.371664569863713,,,,,,9.474965923958665,0.0,0,,,0,0
SPM,2024,,,,,8.458856187822017,,,,,,9.474965923958665,0.0,0,,,0,0
SRB,2006,,,24.22876489474586,8.410212178996842,6.694260831370928,1.7159513476259134,3.649648627845069,0.5842032367883763,2.9991774497749963,1.3789258515163132,,,0,0.3696907829432021,0.0,0,0
SRB,2007,,,24.52743698024618,8.712938849915414,6.830485755686894,1.88245309422852,3.130965097462167,0.5128325719180729,2.9991774497749963,1.3789258515163132,,,0,-0.1489927474396997,-0.0,0,0
SRB,2008,,,24.71632750687189,8.906086432057375,7.059473251657147,1.8466131804002277,3.0322828249192195,0.4854598257903017,2.9991774497749963,1.3789258515163132,,,0,-0.24767501998264718,-0.0,0,0
SRB,2009,,,24.57247649794387,8.76624537218137,7.1116505738887605,1.6545947982926092,3.0610896927755613,0.5034243703203969,2.9991774497749963,1.3789258515163132,,,0,-0.2188681521263054,-0.0,0,0
SRB,2010,,,24.49686847205132,8.694657405297567,7.428429341939105,1.2662280633584624,3.1336278311890533,0.5355360855684537,2.9991774497749963,1.3789258515163132,,,0,-0.1463300137128134,-0.0,0,0
SRB,2011,,,24.660002887088282,8.865352039453267,7.576058919459159,1.2892931199941078,3.1795172649031,0.4994943765709372,2.9991774497749963,1.3789258515163132,,,0,-0.10044057999876665,-0.0,0,0
SRB,2012,,,24.532220585691686,8.74242110665041,7.689424962620857,1.052996144029553,2.9944504167036876,0.464714963687352,2.9991774497749963,1.3789258515163132,,,0,-0.2855074281981791,-0.0,0,0
SRB,2013,,,24.644358183370485,8.8594228395316,7.766212370634288,1.093210468897312,2.7900638853185535,0.4458729606861615,2.9991774497749963,1.3789258515163132,,,0,-0.48989395958331317,-0.0,0,0
SRB,2014,,,24.617416504988583,8.837344112864798,7.8424298457105515,0.9949142671542468,2.6765872500974033,0.4601185105890899,2.9991774497749963,1.3789258515163132,,,0,-0.6033705948044634,-0.0,0,0
SRB,2015,,,24.444065638457786,8.669110789661225,7.854601928784033,0.8145088608771918,2.6771791417356203,0.38711562245991726,2.9991774497749963,1.3789258515163132,,,0,-0.6027787031662464,-0.0,0,0
SRB,2016,,,24.466290044025147,8.696572139859216,7.913908812616166,0.7826633272430499,2.6859564448858917,0.34847363867146686,2.9991774497749963,1.3789258515163132,,,0,-0.594001400015975,-0.0,0,0
SRB,2017,,,24.55131650929252,8.78692051853683,7.991629467194556,0.7952910513422742,2.596196747142622,0.3379495346996513,2.9991774497749963,1.3789258515163132,,,0,-0.6837610977592448,-0.0,0,0
SRB,2018,,,24.689540640799564,8.930608169730212,8.07785378233981,0.8527543873904015,2.2560709262850227,0.25891466381292744,2.9991774497749963,1.3789258515163132,,,0,-1.023886918616844,-0.0,0,0
SRB,2019,,,24.709741066180076,8.956174695288947,8.143488417802308,0.8126862774866392,2.1086878637545166,0.23626739552023512,2.9991774497749963,1.3789258515163132,,,0,-1.1712699811473501,-0.0,0,0
SRB,2020,,,24.746365308857555,8.999460013979633,8.170196839808145,0.8292631741714871,2.3185414782625773,0.2539217733896487,2.9991774497749963,1.3789258515163132,,,0,-0.9614163666392894,-0.0,0,0
SRB,2021,,,24.915340135431332,9.177871722248542,8.21722085115122,0.9606508710973216,2.52202676510429,0.2282224602794278,2.9991774497749963,1.3789258515163132,,,0,-0.7579310797975767,-0.0,0,0
SRB,2022,,,24.925117045757226,9.212819208247351,8.330308705589859,0.8825105026574924,2.6719640682204946,0.2503406907388857,2.9991774497749963,1.3789258515163132,,,0,-0.6079937766813721,-0.0,0,0
SRB,2023,,,25.121952903662322,9.415866275593999,8.371664569863713,1.044201705730286,2.3812966512872307,0.20936151713725792,2.9991774497749963,1.3789258515163132,,,0,-0.898661193614636,-0.0,0,0
SRB,2024,,,25.224056873583713,9.52352785975523,8.458856187822017,1.0646716719332137,2.292563428323437,0.1721518922087917,2.9991774497749963,1.3789258515163132,,,0,-0.9873944165784296,-0.0,0,0
SSD,2006,,,,,6.694260831370928,,,,,,,,0,,,0,0
SSD,2007,,,,,6.830485755686894,,,,,,,,0,,,0,0
SSD,2008,,,23.403345373019654,7.411079760674158,7.059473251657147,0.35160650901701107,,,,,,,0,,,0,0
SSD,2009,,,23.227261176645378,7.187823958577848,7.1116505738887605,0.07617338468908752,,,,,,,0,,,0,0
SSD,2010,,,23.404429301542848,7.312066621660164,7.428429341939105,0.11636272027894101,,,,,,,0,,,0,0
SSD,2011,,,23.425117462025693,7.2786181417544755,7.576058919459159,0.2974407777046837,3.6410282381688313,1.2308912861001733,,,,,0,0.36107039326696455,0.0,0,0
SSD,2012,,,23.20244546607096,7.01144885682145,7.689424962620857,0.6779761057994067,3.336614955597641,0.975588187223174,,,,,0,0.05665711069577428,0.0,0,0
SSD,2013,,,23.63705400139306,7.408645368507869,7.766212370634288,0.35756700212641945,4.03696763961689,1.5376111774647272,,,,,0,0.7570097947150232,0.0,0,0
SSD,2014,,,23.359620435146905,7.125069474014155,7.8424298457105515,0.7173603716963965,4.094395435223848,2.559354739804411,,,,,0,0.8144375903219809,0.0,0,0
SSD,2015,,,23.2079891999571,6.984852594395143,7.854601928784033,0.8697493343888905,4.148725873893463,2.772579440014338,,,,,0,0.8687680289915964,0.0,0,0
SSD,2016,,,,,7.913908812616166,,4.134687022791064,3.1172342234750787,,,,,0,0.854729177889197,0.0,0,0
SSD,2017,,,,,7.991629467194556,,4.5970154929319476,3.2552395749084937,,,,,0,1.3170576480300809,0.0,0,0
SSD,2018,,,,,8.07785378233981,,3.757235808225126,3.111544240387108,,,,,0,0.47727796332325934,0.0,0,0
SSD,2019,,,,,8.143488417802308,,3.7608705949482077,3.321059746931798,,,,,0,0.48091275004634104,0.0,0,0
SSD,2020,,,,,8.170196839808145,,3.7174219867450735,3.2276601994841374,,,,,0,0.4374641418432068,0.0,0,0
SSD,2021,,,,,8.21722085115122,,3.7918612690223825,3.2387775880853074,,,,,0,0.5119034241205158,0.0,0,0
SSD,2022,,,,,8.330308705589859,,3.046491122557471,2.7424454787115704,,,,,0,-0.2334667223443958,-0.0,0,0
SSD,2023,,,,,8.371664569863713,,3.0612521471559946,2.67964552251159,,,,,0,-0.21870569774587212,-0.0,0,0
SSD,2024,,,,,8.458856187822017,,3.0490871245469697,2.6863873262617566,,,,,0,-0.23087072035489697,-0.0,0,0
STP,2006,,,18.776781251505486,6.759221288297046,6.694260831370928,0.06496045692611752,4.064423579344315,0.5867037430171034,,,9.314241723571739,0.0,0,0.7844657344424486,0.0,0,0
STP,2007,,,18.820442410908175,6.778654959685859,6.830485755686894,0.051830796001034685,3.428495655098521,0.503889955719948,,,9.314241723571739,0.0,0,0.14853781019665435,0.0,0,0
STP,2008,,,19.052065094262804,6.986444879440004,7.059473251657147,0.0730283722171432,3.4824143240366108,0.47878259248219285,,,9.314241723571739,0.0,0,0.20245647913474407,0.0,0,0
STP,2009,,,19.117162683177465,7.028450037795811,7.1116505738887605,0.0832005360929493,3.746685913212453,0.48618892866013025,,,9.314241723571739,0.0,0,0.46672806831058633,0.0,0,0
STP,2010,,,19.06264616332331,6.951972701558201,7.428429341939105,0.47645664038090363,3.899075903775549,0.535239723700032,,,9.314241723571739,0.0,0,0.6191180588736822,0.0,0,0
STP,2011,,,19.238056813141398,7.106443740030617,7.576058919459159,0.46961517942854236,4.189321765170531,0.5396532162430392,,,9.314241723571739,0.0,0,0.9093639202686643,0.0,0,0
STP,2012,,,19.250852857043146,7.099030505095515,7.689424962620857,0.5903944575253419,4.605559493091935,0.5857739585592251,,,9.314241723571739,0.0,0,1.325601648190068,0.0,0,0
STP,2013,,,19.40291556213572,7.231703548741551,7.766212370634288,0.5345088218927367,4.392546796205026,0.5244756219927418,,,9.314241723571739,0.0,0,1.112588951303159,0.0,0,0
STP,2014,,,19.49608971657058,7.306314149957473,7.8424298457105515,0.5361156957530788,4.73829438637169,0.6499041080209279,,,9.314241723571739,0.0,0,1.4583365414698233,0.0,0,0
STP,2015,,,19.376190816084197,7.1686642280408845,7.854601928784033,0.6859377007431489,4.6645333232371025,0.55812334230594,,,9.314241723571739,0.0,0,1.3845754783352358,0.0,0,0
STP,2016,,,19.493179257329437,7.268829657554485,7.913908812616166,0.6450791550616808,4.5062388994252744,0.4826994727186842,,,9.314241723571739,0.0,0,1.2262810545234077,0.0,0,0
STP,2017,,,19.59007093958559,7.349741805377325,7.991629467194556,0.6418876618172309,4.83109724685176,0.5662596637134066,,,9.314241723571739,0.0,0,1.5511394019498934,0.0,0,0
STP,2018,,,19.765416714037244,7.5096638243858775,8.07785378233981,0.5681899579539325,4.8475068315663705,0.5666741753546508,,,9.314241723571739,0.0,0,1.5675489866645038,0.0,0,0
STP,2019,,,19.83890023791837,7.568014109056194,8.143488417802308,0.5754743087461138,4.814299646150723,0.5649687556849858,,,9.314241723571739,0.0,0,1.5343418012488566,0.0,0,0
STP,2020,,,19.970855761788716,7.681200527517286,8.170196839808145,0.48899631229085916,4.321746759508507,0.5559878771645604,,,9.314241723571739,0.0,0,1.0417889146066401,0.0,0,0
STP,2021,,,20.077769992428973,7.76751302268301,8.21722085115122,0.44970782846820967,4.703040147736277,0.5514842495973609,,,9.314241723571739,0.0,0,1.4230823028344104,0.0,0,0
STP,2022,,,20.108577647607824,7.778938721665543,8.330308705589859,0.5513699839243165,3.8927605425697744,0.5043306309579575,,,9.314241723571739,0.0,0,0.6128026976679077,0.0,0,0
STP,2023,,,20.352863975195085,8.003249583236158,8.371664569863713,0.36841498662755434,4.161513403882453,0.543483882824816,,,9.314241723571739,0.0,0,0.8815555589805864,0.0,0,0
STP,2024,,,20.53088492370722,8.161265876709423,8.458856187822017,0.29759031111259304,4.1844404397655675,0.5664164229001724,,,9.314241723571739,0.0,0,0.9044825948637008,0.0,0,0
SUR,2006,,,21.688872474831637,8.517724647559918,6.694260831370928,1.8234638161889896,3.882218149910077,0.668130616470015,,,9.737542761470161,0.0,0,0.6022603050082105,0.0,0,0
SUR,2007,,,21.80052238028638,8.617974948689517,6.830485755686894,1.7874891930026227,3.60830333592166,0.625590382053475,,,9.737542761470161,0.0,0,0.3283454910197934,0.0,0,0
SUR,2008,,,21.985404440668077,8.791194932860886,7.059473251657147,1.731721681203739,3.6272452182931523,0.7526325319735244,,,9.737542761470161,0.0,0,0.34728737339128557,0.0,0,0
SUR,2009,,,22.077917258305042,8.87200716559247,7.1116505738887605,1.760356591703709,3.0947056366064705,0.6255827198545553,,,9.737542761470161,0.0,0,-0.18525220829539624,-0.0,0,0
SUR,2010,,,22.19765600720374,8.980122459796002,7.428429341939105,1.551693117856897,3.117540854041783,0.6506008930727828,,,9.737542761470161,0.0,0,-0.16241699086008365,-0.0,0,0
SUR,2011,,,22.20992047323405,8.980913204051438,7.576058919459159,1.404854284592279,3.2885682516883783,0.6005223838731132,,,9.737542761470161,0.0,0,0.008610406786511593,0.0,0,0
SUR,2012,,,22.32869572798297,9.088312898426398,7.689424962620857,1.3988879358055417,3.224689971688872,0.6569015365835772,,,9.737542761470161,0.0,0,-0.055267873212994534,-0.0,0,0
SUR,2013,,,22.361438440438143,9.109767578562513,7.766212370634288,1.3435552079282251,3.125308919038999,0.6222715246188399,,,9.737542761470161,0.0,0,-0.1546489258628676,-0.0,0,0
SUR,2014,,,22.379702989012216,9.11692918389263,7.8424298457105515,1.2744993381820784,3.0856019760283107,0.5335423704373089,,,9.737542761470161,0.0,0,-0.19435586887355605,-0.0,0,0
SUR,2015,,,22.357637824761902,9.084053196979129,7.854601928784033,1.2294512681950955,2.970334359004493,0.40074131277885705,,,9.737542761470161,0.0,0,-0.30962348589737365,-0.0,0,0
SUR,2016,,,21.92245370613715,8.638384829980152,7.913908812616166,0.7244760173639868,3.49535866707161,0.4018326176913863,,,9.737542761470161,0.0,0,0.2154008221697432,0.0,0,0
SUR,2017,,,22.001885738136476,8.707734421536669,7.991629467194556,0.7161049543421134,3.535983769072465,0.42036567525750423,,,9.737542761470161,0.0,0,0.25602592417059844,0.0,0,0
SUR,2018,,,22.108609462904454,8.80473652495258,8.07785378233981,0.7268827426127693,3.472483652133673,0.42770125371551,,,9.737542761470161,0.0,0,0.19252580723180612,0.0,0,0
SUR,2019,,,22.113562322643357,8.799309969177017,8.143488417802308,0.655821551374709,3.310886735735178,0.3920390692627402,,,9.737542761470161,0.0,0,0.030928890833311407,0.0,0,0
SUR,2020,,,21.792039858022285,8.467034456773764,8.170196839808145,0.29683761696561817,3.409401638049562,0.47690816701066246,,,9.737542761470161,0.0,0,0.12944379314769527,0.0,0,0
SUR,2021,,,21.857220558068477,8.523145120579768,8.21722085115122,0.305924269428548,2.985043770847014,0.3795537650272422,,,9.737542761470161,0.0,0,-0.2949140740548528,-0.0,0,0
SUR,2022,,,22.05605477452052,8.71348976901752,8.330308705589859,0.3831810634276618,3.093141087268303,0.38882768672882434,,,9.737542761470161,0.0,0,-0.18681675763356376,-0.0,0,0
SUR,2023,,,21.9681963292663,8.616491050073279,8.371664569863713,0.2448264802095661,3.1150087456336735,0.406155311384032,,,9.737542761470161,0.0,0,-0.16494909926819323,-0.0,0,0
SUR,2024,,,22.20867565423309,8.848191841054817,8.458856187822017,0.3893356532328003,3.0677766281320125,0.45629969370937945,,,9.737542761470161,0.0,0,-0.21218121676985424,-0.0,0,0
SVK,2006,,,24.768265181823267,9.271358161911554,6.694260831370928,2.5770973305406253,3.151397269759891,1.8718097554097703,4.619441286380877,3.128369165376214,9.068679107029311,0.0,0,-0.1285605751419756,-0.0,0,0
SVK,2007,,,25.067323734578718,9.570124930655073,6.830485755686894,2.739639174968179,3.3192791834899547,1.7910264106321019,4.619441286380877,3.128369165376214,9.068679107029311,0.0,0,0.03932133858808795,0.0,0,0
SVK,2008,,,25.294729206064684,9.796672849145843,7.059473251657147,2.7371995974886953,3.360385512042618,1.9170857236164707,4.619441286380877,3.128369165376214,9.068679107029311,0.0,0,0.08042766714075134,0.0,0,0
SVK,2009,,,25.21574856061237,9.71635963048325,7.1116505738887605,2.6047090565944897,3.454104965963399,1.7316337869587108,4.619441286380877,3.128369165376214,9.068679107029311,0.0,0,0.1741471210615324,0.0,0,0
SVK,2010,,,25.23535712078615,9.735036277925136,7.428429341939105,2.3066069359860313,3.6693132202988714,1.8206177298538149,4.619441286380877,3.128369165376214,9.068679107029311,0.0,0,0.3893553753970047,0.0,0,0
SVK,2011,,,25.325482713440337,9.823872505952078,7.576058919459159,2.247813586492919,3.6747015353665335,1.6858882977693497,4.619441286380877,3.128369165376214,9.068679107029311,0.0,0,0.39474369046466684,0.0,0,0
SVK,2012,,,25.27423739929964,9.770925353258123,7.689424962620857,2.0815003906372667,3.8512315742800616,1.8238483604967541,4.619441286380877,3.128369165376214,9.068679107029311,0.0,0,0.5712737293781949,0.0,0,0
SVK,2013,,,25.319741110002834,9.81535448386639,7.766212370634288,2.0491421132321017,3.6849501652527343,1.6931658630843665,4.619441286380877,3.128369165376214,9.068679107029311,0.0,0,0.40499232035086763,0.0,0,0
SVK,2014,,,25.3454217020301,9.840064621677831,7.8424298457105515,1.9976347759672795,4.014169310787416,1.56169204162268,4.619441286380877,3.128369165376214,9.068679107029311,0.0,0,0.7342114658855494,0.0,0,0
SVK,2015,,,25.213906362379465,9.70759894324071,7.854601928784033,1.852997014456676,3.828015950325329,1.2917035321711299,4.619441286380877,3.128369165376214,9.068679107029311,0.0,0,0.5480581054234621,0.0,0,0
SVK,2016,,,25.226925566595764,9.719328924157434,7.913908812616166,1.8054201115412685,4.141641234376876,1.3042771707676966,4.619441286380877,3.128369165376214,9.068679107029311,0.0,0,0.8616833894750093,0.0,0,0
SVK,2017,,,25.28738619761879,9.778237765223587,7.991629467194556,1.786608298029031,4.006031423457765,1.282038389516469,4.619441286380877,3.128369165376214,9.068679107029311,0.0,0,0.7260735785558983,0.0,0,0
SVK,2018,,,25.39245884891953,9.881925334928212,8.07785378233981,1.8040715525884021,3.778848621319279,1.1763008317881718,4.619441286380877,3.128369165376214,9.068679107029311,0.0,0,0.4988907764174124,0.0,0,0
SVK,2019,,,25.38522740896665,9.873340614246928,8.143488417802308,1.7298521964446198,3.8205411337498068,1.1990386371893738,4.619441286380877,3.128369165376214,9.068679107029311,0.0,0,0.54058328884794,0.0,0,0
SVK,2020,,,25.402918094856847,9.890173605380973,8.170196839808145,1.7199767655728273,3.320516207787193,1.244643051539098,4.619441286380877,3.128369165376214,9.068679107029311,0.0,1,0.040558362885326105,0.040558362885326105,0,0
SVK,2021,,,25.515009078563704,10.004388177163943,8.21722085115122,1.7871673260127228,3.3669459575298424,1.4202220856240844,4.619441286380877,3.128369165376214,9.068679107029311,0.0,1,0.08698811262797568,0.08698811262797568,0,0
SVK,2022,,,25.475069712490786,9.967297420687904,8.330308705589859,1.6369887150980453,3.3714942213441446,1.383410165607466,4.619441286380877,3.128369165376214,9.068679107029311,0.0,1,0.09153637644227786,0.09153637644227786,0,0
SVK,2023,,,25.617955294877884,10.111106151585117,8.371664569863713,1.7394415817214046,3.230324198703546,1.296787001101744,4.619441286380877,3.128369165376214,9.068679107029311,0.0,1,-0.04963364619832067,-0.04963364619832067,0,0
SVK,2024,,,25.671558075669004,10.165570040777842,8.458856187822017,1.7067138529558257,3.2369432710768735,1.0933813575932994,4.619441286380877,3.128369165376214,9.068679107029311,0.0,1,-0.043014573824993185,-0.043014573824993185,0,0
SVN,2006,,,24.393481420478924,9.88139556466906,6.694260831370928,3.187134733298131,3.024585234779328,2.335049776294832,3.058824470021687,1.3649765954739002,9.108977521662272,0.0,0,-0.25537261012253865,-0.0,0,0
SVN,2007,,,24.591969284508263,10.074291350543026,6.830485755686894,3.2438055948561324,2.7409946695270118,2.3270923280889004,3.058824470021687,1.3649765954739002,9.108977521662272,0.0,0,-0.5389631753748549,-0.0,0,0
SVN,2008,,,24.739816993515575,10.220557651113996,7.059473251657147,3.1610843994568487,2.5575687542663474,2.3836863440253233,3.058824470021687,1.3649765954739002,9.108977521662272,0.0,0,-0.7223890906355193,-0.0,0,0
SVN,2009,,,24.634799541783476,10.106501444029785,7.1116505738887605,2.9948508701410246,2.542400860482805,2.398477531790936,3.058824470021687,1.3649765954739002,9.108977521662272,0.0,0,-0.7375569844190619,-0.0,0,0
SVN,2010,,,24.590147475300007,10.05748858269996,7.428429341939105,2.6290592407608555,2.7589564855121917,2.3136863639009846,3.058824470021687,1.3649765954739002,9.108977521662272,0.0,0,-0.521001359389675,-0.0,0,0
SVN,2011,,,24.65898963838591,10.124253418762567,7.576058919459159,2.548194499303408,2.77242930110355,2.1097175527018623,3.058824470021687,1.3649765954739002,9.108977521662272,0.0,0,-0.5075285437983168,-0.0,0,0
SVN,2012,,,24.55553226277311,10.018695800090759,7.689424962620857,2.3292708374699025,2.768516330039326,2.0900438699821517,3.058824470021687,1.3649765954739002,9.108977521662272,0.0,0,-0.5114415148625406,-0.0,0,0
SVN,2013,,,24.591693356507303,10.053499631535798,7.766212370634288,2.2872872609015102,2.715749573156538,1.8934523963597645,3.058824470021687,1.3649765954739002,9.108977521662272,0.0,0,-0.5642082717453287,-0.0,0,0
SVN,2014,,,24.62553071391736,10.086353469726403,7.8424298457105515,2.243923624015851,2.554982491562171,1.7696959393289315,3.058824470021687,1.3649765954739002,9.108977521662272,0.0,0,-0.7249753533396959,-0.0,0,0
SVN,2015,,,24.477686472057425,9.937757320976354,7.854601928784033,2.083155392192321,2.5835926594187777,1.6128057370755835,3.058824470021687,1.3649765954739002,9.108977521662272,0.0,0,-0.696365185483089,-0.0,0,0
SVN,2016,,,24.51404023961302,9.973379116459535,7.913908812616166,2.0594703038433693,2.9853718801254705,1.7008078779525846,3.058824470021687,1.3649765954739002,9.108977521662272,0.0,0,-0.2945859647763962,-0.0,0,0
SVN,2017,,,24.59765343476111,10.056340721215133,7.991629467194556,2.064711254020577,3.419208782282703,1.7781235257550245,3.058824470021687,1.3649765954739002,9.108977521662272,0.0,0,0.13925093738083616,0.0,0,0
SVN,2018,,,24.706475235611137,10.161536678113812,8.07785378233981,2.083682895774002,3.207008029503471,1.838149713777742,3.058824470021687,1.3649765954739002,9.108977521662272,0.0,0,-0.07294981539839585,-0.0,0,0
SVN,2019,,,24.710580393197034,10.158678795236376,8.143488417802308,2.0151903774340685,3.004001567540537,1.9531648614971175,3.058824470021687,1.3649765954739002,9.108977521662272,0.0,0,-0.27595627736132977,-0.0,0,0
SVN,2020,,,24.7007911514535,10.142192006931191,8.170196839808145,1.9719951671230458,3.0129980734875828,1.8430240823003452,3.058824470021687,1.3649765954739002,9.108977521662272,0.0,1,-0.26695977141428395,-0.26695977141428395,0,0
SVN,2021,,,24.8429664235527,10.281678759330694,8.21722085115122,2.064457908179474,2.815528500579784,1.78405102336816,3.058824470021687,1.3649765954739002,9.108977521662272,0.0,1,-0.4644293443220828,-0.4644293443220828,0,0
SVN,2022,,,24.815927613094605,10.252745705085271,8.330308705589859,1.922436999495412,2.97018411104996,1.8444847381075835,3.058824470021687,1.3649765954739002,9.108977521662272,0.0,1,-0.30977373385190665,-0.30977373385190665,0,0
SVN,2023,,,24.96106499700747,10.393920921168524,8.371664569863713,2.0222563513048115,3.010050216792304,1.8792277012877199,3.058824470021687,1.3649765954739002,9.108977521662272,0.0,1,-0.2699076281095629,-0.2699076281095629,0,0
SVN,2024,,,25.013341851135614,10.442930716335912,8.458856187822017,1.9840745285138954,2.975851665426564,1.8328603736869276,3.058824470021687,1.3649765954739002,9.108977521662272,0.0,1,-0.3041061794753026,-0.3041061794753026,0,0
SWE,2006,,,26.769522487306382,10.747882121535374,6.694260831370928,4.053621290164446,3.9962343047565447,5.46876585187844,3.469636574286115,2.5398331654472996,9.074254977807394,0.0,0,0.716276459854678,0.0,0,0
SWE,2007,,,26.917768752986067,10.888712862068802,6.830485755686894,4.058227106381908,3.594254881863663,5.64429973098624,3.469636574286115,2.5398331654472996,9.074254977807394,0.0,0,0.3142970369617961,0.0,0,0
SWE,2008,,,26.966683137959528,10.929836914134562,7.059473251657147,3.8703636624774145,3.4888779080203216,5.655254173846892,3.469636574286115,2.5398331654472996,9.074254977807394,0.0,0,0.2089200631184549,0.0,0,0
SWE,2009,,,26.797028349281373,10.751663081327038,7.1116505738887605,3.6400125074382776,3.507471723464801,5.642149927021111,3.469636574286115,2.5398331654472996,9.074254977807394,0.0,0,0.22751387856293448,0.0,0,0
SWE,2010,,,26.92326960385926,10.869379089617276,7.428429341939105,3.4409497476781707,3.7993483099590977,5.779661650182589,3.469636574286115,2.5398331654472996,9.074254977807394,0.0,0,0.519390465057231,0.0,0,0
SWE,2011,,,27.06984663085844,11.008404615279803,7.576058919459159,3.4323456958206435,3.9621439342082363,5.903074309415577,3.469636574286115,2.5398331654472996,9.074254977807394,0.0,0,0.6821860893063696,0.0,0,0
SWE,2012,,,27.03271068431336,10.963871036010374,7.689424962620857,3.2744460733895178,4.1723128764774575,6.128718118955805,3.469636574286115,2.5398331654472996,9.074254977807394,0.0,0,0.8923550315755908,0.0,0,0
SWE,2013,,,27.093381442493556,11.016068307668105,7.766212370634288,3.249855937033817,4.010988780274801,5.717945324305148,3.469636574286115,2.5398331654472996,9.074254977807394,0.0,0,0.7310309353729347,0.0,0,0
SWE,2014,,,27.08236860384354,10.995133271732174,7.8424298457105515,3.1527034260216222,3.7651240375061255,5.02321750982381,3.469636574286115,2.5398331654472996,9.074254977807394,0.0,0,0.48516619260425875,0.0,0,0
SWE,2015,,,26.941073515073107,10.843263636106574,7.854601928784033,2.9886617073225406,3.997969416174512,4.752650601937279,3.469636574286115,2.5398331654472996,9.074254977807394,0.0,0,0.7180115712726454,0.0,0,0
SWE,2016,,,26.96365534612685,10.853280927309282,7.913908812616166,2.939372114693116,4.090038079447574,4.630853911902126,3.469636574286115,2.5398331654472996,9.074254977807394,0.0,0,0.810080234545707,0.0,0,0
SWE,2017,,,27.005854694173834,10.882005824760643,7.991629467194556,2.8903763575660877,4.3158543657212505,4.737222895397937,3.469636574286115,2.5398331654472996,9.074254977807394,0.0,0,1.0358965208193838,0.0,0,0
SWE,2018,,,27.03254635556237,10.897081034549574,8.07785378233981,2.819227252209764,3.9825461916856635,4.713492848280869,3.469636574286115,2.5398331654472996,9.074254977807394,0.0,0,0.7025883467837968,0.0,0,0
SWE,2019,,,26.99782844940834,10.85222590576099,8.143488417802308,2.7087374879586825,3.840213316324601,4.520971683215307,3.469636574286115,2.5398331654472996,9.074254977807394,0.0,0,0.5602554714227344,0.0,0,0
SWE,2020,,,27.022703325717277,10.8698737429411,8.170196839808145,2.6996769031329553,3.979237922259107,4.571017029439403,3.469636574286115,2.5398331654472996,9.074254977807394,0.0,1,0.6992800773572405,0.6992800773572405,0,0
SWE,2021,,,27.17166987804495,11.012834379940378,8.21722085115122,2.7956135287891577,3.8359542065983194,4.552433455502792,3.469636574286115,2.5398331654472996,9.074254977807394,0.0,1,0.5559963616964527,0.5559963616964527,0,0
SWE,2022,,,27.077759761619266,10.91211843483171,8.330308705589859,2.5818097292418507,3.550017367128071,4.447413669617496,3.469636574286115,2.5398331654472996,9.074254977807394,0.0,1,0.27005952222620433,0.27005952222620433,0,0
SWE,2023,,,27.084552623975014,10.914184118554807,8.371664569863713,2.5425195486910948,3.682770033798785,4.3436680329026345,3.469636574286115,2.5398331654472996,9.074254977807394,0.0,1,0.4028121888969185,0.4028121888969185,0,0
SWE,2024,,,27.12820895425259,10.954706127532543,8.458856187822017,2.495849939710526,3.563141979690746,4.173693384725073,3.469636574286115,2.5398331654472996,9.074254977807394,0.0,1,0.2831841347888795,0.2831841347888795,0,0
SWZ,2006,,,21.89118896011182,7.9946183659743255,6.694260831370928,1.300357534603397,3.312148055456495,0.14251485584007395,,,9.139806528086602,0.0,0,0.03219021055462834,0.0,0,0
SWZ,2007,,,21.944426938647315,8.042092104529013,6.830485755686894,1.2116063488421194,2.659287158692401,0.07828965468931214,,,9.139806528086602,0.0,0,-0.6206706862094657,-0.0,0,0
SWZ,2008,,,21.897579475682004,7.988495700104653,7.059473251657147,0.9290224484475056,2.185959046396159,0.06182762099269045,,,9.139806528086602,0.0,0,-1.0939987985057078,-0.0,0,0
SWZ,2009,,,21.983206839442055,8.067712494554515,7.1116505738887605,0.9560619206657544,2.3089473302364714,0.05131007385224254,,,9.139806528086602,0.0,0,-0.9710105146653953,-0.0,0,0
SWZ,2010,,,22.19590172466787,8.274545768620253,7.428429341939105,0.8461164266811485,1.3371155299183868,0.02632036797095749,,,9.139806528086602,0.0,0,-1.94284231498348,-0.0,0,0
SWZ,2011,,,22.275691405481332,8.348788857823472,7.576058919459159,0.7727299383643125,2.000589115649417,0.09187494799868158,,,9.139806528086602,0.0,0,-1.2793687292524498,-0.0,0,0
SWZ,2012,,,22.280949942080547,8.348667526194486,7.689424962620857,0.6592425635736294,1.9134288198664788,0.09311027812940897,,,9.139806528086602,0.0,0,-1.3665290250353879,-0.0,0,0
SWZ,2013,,,22.219175793921,8.281456452829154,7.766212370634288,0.5152440821948661,1.7913597307995157,0.0982757173878845,,,9.139806528086602,0.0,0,-1.488598114102351,-0.0,0,0
SWZ,2014,,,22.178401713273526,8.235114665417097,7.8424298457105515,0.39268481970654534,1.9145661125795894,0.0631538065503575,,,9.139806528086602,0.0,0,-1.3653917323222773,-0.0,0,0
SWZ,2015,,,22.086347330631273,8.13734400578844,7.854601928784033,0.2827420770044071,1.8010890778950077,0.08702581614797135,,,9.139806528086602,0.0,0,-1.478868767006859,-0.0,0,0
SWZ,2016,,,22.037609237009857,8.08276552423885,7.913908812616166,0.16885671162268423,1.7378344819907783,0.10384558943773571,,,9.139806528086602,0.0,0,-1.5421233629110884,-0.0,0,0
SWZ,2017,,,22.219006502097137,8.256633185376318,7.991629467194556,0.26500371818176216,2.1715683966655286,0.09225606067113118,,,9.139806528086602,0.0,0,-1.1083894482363381,-0.0,0,0
SWZ,2018,,,22.258788294539503,8.287189791601298,8.07785378233981,0.209336009261488,1.8333702353959307,0.10160772245152512,,,9.139806528086602,0.0,0,-1.446587609505936,-0.0,0,0
SWZ,2019,,,22.25301508674199,8.272096875662509,8.143488417802308,0.12860845786020114,1.7764438684662307,0.10030025372773273,,,9.139806528086602,0.0,0,-1.503513976435636,-0.0,0,0
SWZ,2020,,,22.14267524449053,8.150920727639,8.170196839808145,0.01927611216914471,1.9797661971106766,0.12234460068735231,,,9.139806528086602,0.0,0,-1.3001916477911901,-0.0,0,0
SWZ,2021,,,22.293353437487514,8.290042193941035,8.21722085115122,0.07282134278981545,1.9462311707447877,0.1882142834643696,,,9.139806528086602,0.0,0,-1.333726674157079,-0.0,0,0
SWZ,2022,,,22.280707107387972,8.267233789839906,8.330308705589859,0.06307491574995261,1.0880881178896014,0.16199475949445138,,,9.139806528086602,0.0,0,-2.191869727012265,-0.0,0,0
SWZ,2023,,,22.253918357686327,8.23098233281833,8.371664569863713,0.1406822370453824,1.4613950006125174,0.26522375186813274,,,9.139806528086602,0.0,0,-1.8185628442893493,-0.0,0,0
SWZ,2024,,,22.30407499770693,8.271179839399274,8.458856187822017,0.18767634842274283,1.67082560190717,0.30143147884025856,,,9.139806528086602,0.0,0,-1.6091322429946966,-0.0,0,0
SXM,2006,,,,,6.694260831370928,,,,,,,,0,,,1,0
SXM,2007,,,,,6.830485755686894,,,,,,,,0,,,1,0
SXM,2008,,,,,7.059473251657147,,,,,,,,0,,,1,0
SXM,2009,,,20.566579356237654,10.147547331235593,7.1116505738887605,3.0358967573468325,,,,,,,0,,,1,0
SXM,2010,,,20.609302313300677,10.18126376238008,7.428429341939105,2.7528344204409754,,,,,,,0,,,1,0
SXM,2011,,,20.65722152718449,10.215283456270251,7.576058919459159,2.639224536811092,,,,,,,0,,,1,0
SXM,2012,,,20.709030921360796,10.245270653855926,7.689424962620857,2.555845691235069,,,,,,,0,,,1,0
SXM,2013,,,20.74591248278612,10.258702066971336,7.766212370634288,2.4924896963370484,,,,,,,0,,,1,0
SXM,2014,,,21.03208164183651,10.522312841762094,7.8424298457105515,2.6798829960515427,,,,,,,0,,,1,0
SXM,2015,,,21.072434781781833,10.541112202333137,7.854601928784033,2.6865102735491035,,,,,,,0,,,1,0
SXM,2016,,,21.078852233324902,10.526979538202827,7.913908812616166,2.6130707255866614,,,,,,,0,,,1,0
SXM,2017,,,21.025746953524926,10.454532597775763,7.991629467194556,2.462903130581208,,,,,,,0,,,1,0
SXM,2018,,,20.953742790556966,10.364334102552634,8.07785378233981,2.2864803202128243,,,,,,,0,,,1,0
SXM,2019,,,21.065351181224496,10.459137473348102,8.143488417802308,2.3156490555457943,,,,,,,0,,,1,0
SXM,2020,,,20.935492495688536,10.313970047084684,8.170196839808145,2.1437732072765385,,,,,,,0,,,1,0
SXM,2021,,,21.025642706154613,10.39048461838779,8.21722085115122,2.1732637672365698,,,,,,,0,,,1,0
SXM,2022,,,21.188611532889272,10.539882576235062,8.330308705589859,2.209573870645203,,,,,,,0,,,1,0
SXM,2023,,,21.245936615640343,10.582835533361894,8.371664569863713,2.2111709634981818,,,,,,,0,,,1,0
SXM,2024,,,21.309849916835557,10.632787934626872,8.458856187822017,2.173931746804856,,,,,,,0,,,1,0
SYC,2006,,,20.801560509990768,9.455870964396453,6.694260831370928,2.761610133025525,2.8416929254487,0.800046587940581,,,8.708578382433707,0.0,0,-0.4382649194531667,-0.0,1,0
SYC,2007,,,20.797731929237663,9.44693723381492,6.830485755686894,2.6164514781280257,2.6531360521435507,0.7754509291449279,,,8.708578382433707,0.0,0,-0.626821792758316,-0.0,1,0
SYC,2008,,,20.702652223068814,9.329494700491749,7.059473251657147,2.2700214488346013,2.371918067500125,0.7282692433128601,,,8.708578382433707,0.0,0,-0.9080397774017417,-0.0,1,0
SYC,2009,,,20.561807075193695,9.184724243135872,7.1116505738887605,2.073073669247111,2.1377766979448527,0.8106109027589827,,,8.708578382433707,0.0,0,-1.142181146957014,-0.0,1,0
SYC,2010,,,20.704711303631825,9.29970518088109,7.428429341939105,1.871275838941986,2.36453784274595,0.9949181212296679,,,8.708578382433707,0.0,0,-0.9154200021559169,-0.0,1,0
SYC,2011,,,20.78051413693765,9.401794577739082,7.576058919459159,1.825735658279923,2.3071661615914487,0.8150595032238838,,,8.708578382433707,0.0,0,-0.972791683310418,-0.0,1,0
SYC,2012,,,20.808900118772932,9.420370757673089,7.689424962620857,1.7309457950522322,2.3651906025545038,0.9263713564569063,,,8.708578382433707,0.0,0,-0.914767242347363,-0.0,1,0
SYC,2013,,,21.010818206526007,9.603820084496512,7.766212370634288,1.8376077138622238,2.076473678600695,0.8335668344198387,,,8.708578382433707,0.0,0,-1.2034841663011715,-0.0,1,0
SYC,2014,,,21.050825524591392,9.628273445470745,7.8424298457105515,1.7858435997601934,2.119034551753001,0.6000794413603978,,,8.708578382433707,0.0,0,-1.1609232931488656,-0.0,1,0
SYC,2015,,,21.082619536304634,9.637769506651795,7.854601928784033,1.7831675778677614,3.186434897428679,0.8887881677493527,,,8.708578382433707,0.0,0,-0.09352294747318757,-0.0,1,0
SYC,2016,,,21.173394095692444,9.715167718244599,7.913908812616166,1.8012589056284334,3.4990442727968727,0.932153344928143,,,8.708578382433707,0.0,0,0.219086427895006,0.0,1,0
SYC,2017,,,21.239300255962437,9.76883354093278,7.991629467194556,1.7772040737382246,3.434089615629197,0.8988075652997759,,,8.708578382433707,0.0,0,0.15413177072733042,0.0,1,0
SYC,2018,,,21.302299823543013,9.822290189334442,8.07785378233981,1.744436406994632,3.082214033423956,1.0262402171445026,,,8.708578382433707,0.0,0,-0.19774381147791065,-0.0,1,0
SYC,2019,,,21.34850353933038,9.859614652188395,8.143488417802308,1.7161262343860866,3.6244970335999613,1.0080988075592838,,,8.708578382433707,0.0,0,0.34453918869809463,0.0,1,0
SYC,2020,,,21.047196723983177,9.549770758059902,8.170196839808145,1.3795739182517561,3.87139729749405,1.2204809478994505,,,8.708578382433707,0.0,0,0.5914394525921831,0.0,1,0
SYC,2021,,,21.120143373724925,9.614665573889853,8.21722085115122,1.3974447227386335,3.807996993257049,1.2591376162839696,,,8.708578382433707,0.0,0,0.5280391483551825,0.0,1,0
SYC,2022,,,21.416357315582403,9.722127477640987,8.330308705589859,1.3918187720511277,3.5134444278421153,1.2769015278274092,,,8.708578382433707,0.0,0,0.2334865829402486,0.0,1,0
SYC,2023,,,21.49870608447404,9.805352520837506,8.371664569863713,1.433687950973793,3.5332330190641663,1.384297060650234,,,8.708578382433707,0.0,0,0.2532751741622996,0.0,1,0
SYC,2024,,,21.52464331932056,9.818176146203912,8.458856187822017,1.3593199583818958,3.542734332166145,1.39423292878757,,,8.708578382433707,0.0,0,0.2627764872642784,0.0,1,0
SYR,2006,,,24.242299970115237,7.449372750049437,6.694260831370928,0.7551119186785087,1.6408215034606897,0.3695002750874021,,,8.893547323660322,0.0,0,-1.639136341441177,-0.0,0,0
SYR,2007,,,24.423711420271047,7.569211561332977,6.830485755686894,0.7387258056460828,1.3295179229715604,0.3443081384751432,,,8.893547323660322,0.0,0,-1.9504399219303064,-0.0,0,0
SYR,2008,,,24.685181510895298,7.795286291596596,7.059473251657147,0.7358130399394485,1.5999839236698694,0.2840208749219734,,,8.893547323660322,0.0,0,-1.6799739212319973,-0.0,0,0
SYR,2009,,,24.71431665448609,7.808811055144329,7.1116505738887605,0.6971604812555681,1.8749948908329084,0.26176321767572963,,,8.893547323660322,0.0,0,-1.4049629540689583,-0.0,0,0
SYR,2010,,,24.840526365720457,7.912282092799922,7.428429341939105,0.4838527508608168,2.473792445176265,0.3826869887646529,,,8.893547323660322,0.0,0,-0.8061653997256015,-0.0,0,0
SYR,2011,,,24.935977464902535,7.990286873252732,7.576058919459159,0.41422795379357247,3.3571369256338013,1.000867071122199,,,8.893547323660322,0.0,0,0.07717908073193458,0.0,0,0
SYR,2012,,,24.488882187461318,7.548377433298399,7.689424962620857,0.14104752932245734,3.4446707497191538,1.4471286473628382,,,8.893547323660322,0.0,0,0.16471290481728706,0.0,0,0
SYR,2013,,,23.784844586903944,6.893547493932735,7.766212370634288,0.8726648767015535,3.2442498520381577,1.6548692117998443,,,8.893547323660322,0.0,0,-0.03570799286370896,-0.0,0,0
SYR,2014,,,23.79141464962628,6.966581634415119,7.8424298457105515,0.8758482112954322,2.6678641082290704,1.9144349472948818,,,8.893547323660322,0.0,0,-0.6120937366727963,-0.0,0,0
SYR,2015,,,23.5246158004401,6.742564011795143,7.854601928784033,1.11203791698889,3.191230591797737,2.268883003572318,,,8.893547323660322,0.0,0,-0.08872725310412966,-0.0,0,0
SYR,2016,,,23.256792325951768,6.486692686365462,7.913908812616166,1.4272161262507037,3.8266466808782487,2.8998822589413282,,,8.893547323660322,0.0,0,0.546688835976382,0.0,0,0
SYR,2017,,,23.51870662079838,6.7470018167722685,7.991629467194556,1.244627650422287,3.781216874287722,2.710921211364406,,,8.893547323660322,0.0,0,0.5012590293858552,0.0,0,0
SYR,2018,,,23.791215475953702,7.001306348231279,8.07785378233981,1.076547434108531,3.3567078779843356,2.4688231082657928,,,8.893547323660322,0.0,0,0.07675003308246886,0.0,0,0
SYR,2019,,,23.84046531325742,7.0117001975481985,8.143488417802308,1.1317882202541094,3.500475700654425,2.7712151436004713,,,8.893547323660322,0.0,0,0.22051785575255822,0.0,0,0
SYR,2020,,,23.24911476787934,6.386730776045325,8.170196839808145,1.7834660637628206,3.2448675447183835,2.7136361665763222,,,8.893547323660322,0.0,0,-0.03509030018348325,-0.0,0,0
SYR,2021,,,23.42414945453444,6.53461133349654,8.21722085115122,1.6826095176546803,3.1707358026938253,2.7254529756173578,,,8.893547323660322,0.0,0,-0.10922204220804144,-0.0,0,0
SYR,2022,,,23.890327585291978,6.962984332919982,8.330308705589859,1.3673243726698772,3.4295788054035965,2.8449997992036415,,,8.893547323660322,0.0,0,0.1496209605017298,0.0,0,0
SYR,2023,,,,,8.371664569863713,,3.4450722308726927,2.7738481952565563,,,8.893547323660322,0.0,0,0.16511438597082595,0.0,0,0
SYR,2024,,,,,8.458856187822017,,3.4293241415722036,2.7133956881357997,,,8.893547323660322,0.0,0,0.14936629667033685,0.0,0,0
TCA,2006,,,20.39738540855607,10.26584636835315,6.694260831370928,3.571585536982222,,,,,9.683705220988374,0.0,0,,,1,0
TCA,2007,,,20.4664232996456,10.290240416966016,6.830485755686894,3.4597546612791223,,,,,9.683705220988374,0.0,0,,,1,0
TCA,2008,,,20.575559017450804,10.356275808804094,7.059473251657147,3.296802557146947,,,,,9.683705220988374,0.0,0,,,1,0
TCA,2009,,,20.37111777405998,10.11037544572011,7.1116505738887605,2.9987248718313486,,,,,9.683705220988374,0.0,0,,,1,0
TCA,2010,,,20.34753621449948,10.047321619798474,7.428429341939105,2.618892277859369,,,,,9.683705220988374,0.0,0,,,1,0
TCA,2011,,,20.55240752537924,10.215645164095681,7.576058919459159,2.639586244636522,,,,,9.683705220988374,0.0,0,,,1,0
TCA,2012,,,20.5403617104917,10.162909633422714,7.689424962620857,2.4734846708018576,,,,,9.683705220988374,0.0,0,,,1,0
TCA,2013,,,20.576305246364488,10.15244776221945,7.766212370634288,2.3862353915851626,,,,,9.683705220988374,0.0,0,,,1,0
TCA,2014,,,20.67890111604189,10.21437022357915,7.8424298457105515,2.371940377868599,,,,,9.683705220988374,0.0,0,,,1,0
TCA,2015,,,20.79862745153341,10.290687329452664,7.854601928784033,2.436085400668631,,,,,9.683705220988374,0.0,0,,,1,0
TCA,2016,,,20.907317562800962,10.35372081939646,7.913908812616166,2.4398120067802935,,,,,9.683705220988374,0.0,0,,,1,0
TCA,2017,,,20.90388427759439,10.309426913246124,7.991629467194556,2.3177974460515687,,,,,9.683705220988374,0.0,0,,,1,0
TCA,2018,,,20.996592106186363,10.361722722860373,8.07785378233981,2.2838689405205628,,,,,9.683705220988374,0.0,0,,,1,0
TCA,2019,,,21.03941728347686,10.366608856157942,8.143488417802308,2.223120438355634,,,,,9.683705220988374,0.0,0,,,1,0
TCA,2020,,,20.638129428377127,9.937450044994453,8.170196839808145,1.7672532051863072,,,,,9.683705220988374,0.0,0,,,1,0
TCA,2021,,,20.93551748626844,10.215714245239647,8.21722085115122,1.9984933940884275,,,,,9.683705220988374,0.0,0,,,1,0
TCA,2022,,,21.083816560339102,10.350751515547628,8.330308705589859,2.0204428099577694,,,,,9.683705220988374,0.0,0,,,1,0
TCA,2023,,,21.217140399833397,10.476448613743898,8.371664569863713,2.1047840438801853,,,,,9.683705220988374,0.0,0,,,1,0
TCA,2024,,,21.28023698805349,10.532276991433676,8.458856187822017,2.0734208036116595,,,,,9.683705220988374,0.0,0,,,1,0
TCD,2006,,,22.99638366291086,6.810029169799216,6.694260831370928,0.11576833842828727,3.1734516838328353,1.2481815938206957,,,9.187425418413332,0.0,0,-0.10650616106903144,-0.0,0,0
TCD,2007,,,23.10884789701389,6.888045849457715,6.830485755686894,0.05756009377082094,2.646236562022507,1.2051878621121777,,,9.187425418413332,0.0,0,-0.6337212828793599,-0.0,0,0
TCD,2008,,,23.31744489024733,7.0616506415373514,7.059473251657147,0.002177389880204217,2.8838732389420225,1.4082221727420954,,,9.187425418413332,0.0,0,-0.3960846059598442,-0.0,0,0
TCD,2009,,,23.234296111822704,6.94277216548508,7.1116505738887605,0.16887840840368096,2.416688690424404,0.9878419359736332,,,9.187425418413332,0.0,0,-0.8632691544774627,-0.0,0,0
TCD,2010,,,23.36649350600423,7.04036185018974,7.428429341939105,0.38806749174936517,2.485925079993639,0.8444935242983777,,,9.187425418413332,0.0,0,-0.7940327649082275,-0.0,0,0
TCD,2011,,,23.537796906316764,7.17636323196062,7.576058919459159,0.39969568749853934,2.626050779835459,0.8801961108940978,,,9.187425418413332,0.0,0,-0.6539070650664076,-0.0,0,0
TCD,2012,,,23.60763229741228,7.211072074940789,7.689424962620857,0.47835288768006734,3.0772146819918005,0.8548158833099126,,,9.187425418413332,0.0,0,-0.20274316291006622,-0.0,0,0
TCD,2013,,,23.60612706609439,7.17387205528114,7.766212370634288,0.5923403153531481,2.6550469295623245,0.8653591441139689,,,9.187425418413332,0.0,0,-0.6249109153395422,-0.0,0,0
TCD,2014,,,23.621624332645947,7.153669452049914,7.8424298457105515,0.6887603936606377,2.994679430073817,1.075726173939822,,,9.187425418413332,0.0,0,-0.2852784148280496,-0.0,0,0
TCD,2015,,,23.401516372434234,6.901727881271915,7.854601928784033,0.9528740475121182,2.7186760473892155,1.10362259546887,,,9.187425418413332,0.0,0,-0.5612817975126512,-0.0,0,0
TCD,2016,,,23.29023544738188,6.759060086454947,7.913908812616166,1.1548487261612186,2.8934135882666068,1.252988892043678,,,9.187425418413332,0.0,0,-0.38654425663525993,-0.0,0,0
TCD,2017,,,23.314710414623974,6.750471095323443,7.991629467194556,1.241158371871113,2.8581098336507513,1.1442242992528564,,,9.187425418413332,0.0,0,-0.4218480112511154,-0.0,0,0
TCD,2018,,,23.452881832200546,6.855046910028915,8.07785378233981,1.222806872310895,2.5901537747827295,1.0907053287355637,,,9.187425418413332,0.0,0,-0.6898040701191372,-0.0,0,0
TCD,2019,,,23.424997299658692,6.794963264282223,8.143488417802308,1.348525153520085,2.6424979733333673,1.261242534898586,,,9.187425418413332,0.0,0,-0.6374598715684994,-0.0,0,0
TCD,2020,,,23.426832523517632,6.764978784531204,8.170196839808145,1.4052180552769418,2.628989301908926,1.3037247078906147,,,9.187425418413332,0.0,0,-0.6509685429929406,-0.0,0,0
TCD,2021,,,23.548917587464658,6.852621461542517,8.21722085115122,1.3645993896087028,2.813057721822163,1.3551710799340742,,,9.187425418413332,0.0,0,-0.46690012307970363,-0.0,0,0
TCD,2022,,,23.60406460237171,6.873201585341103,8.330308705589859,1.4571071202487564,2.6263048014140735,1.2565715447781267,,,9.187425418413332,0.0,0,-0.6536530434877932,-0.0,0,0
TCD,2023,,,23.63305550632692,6.856452567956846,8.371664569863713,1.5152120019068667,2.5644105027576525,1.2467953100020936,,,9.187425418413332,0.0,0,-0.7155473421442142,-0.0,0,0
TCD,2024,,,23.714322531484353,6.88823429037601,8.458856187822017,1.5706218974460064,2.3946640857541306,1.1368325635465313,,,9.187425418413332,0.0,0,-0.8852937591477361,-0.0,0,0
TGO,2006,,,21.923503992669243,6.390658705745074,6.694260831370928,0.3036021256258543,3.5543988129778863,0.6398135896147799,,,9.34828762532048,0.0,0,0.2744409680760196,0.0,0,0
TGO,2007,,,22.04767491484855,6.483235321351942,6.830485755686894,0.34725043433495184,2.824182280696032,0.5207976986352347,,,9.34828762532048,0.0,0,-0.45577556420583454,-0.0,0,0
TGO,2008,,,22.244713081268774,6.648143769731213,7.059473251657147,0.4113294819259341,3.4002274612689494,0.4965753462712836,,,9.34828762532048,0.0,0,0.12026961636708267,0.0,0,0
TGO,2009,,,22.275474614861665,6.646614995854209,7.1116505738887605,0.4650355780345512,3.494005634077764,0.5158631311506087,,,9.34828762532048,0.0,0,0.2140477891758974,0.0,0,0
TGO,2010,,,22.28064951149109,6.620504341693062,7.428429341939105,0.8079250002460432,3.512288764463255,0.364841346864851,,,9.34828762532048,0.0,0,0.23233091956138852,0.0,0,0
TGO,2011,,,22.41381157923011,6.726409309911034,7.576058919459159,0.8496496095481252,3.269647657815923,0.4014697112103885,,,9.34828762532048,0.0,0,-0.010310187085943667,-0.0,0,0
TGO,2012,,,22.412169364257075,6.70148301011759,7.689424962620857,0.9879419525032667,3.33364584681344,0.35751929508907637,,,9.34828762532048,0.0,0,0.0536880019115733,0.0,0,0
TGO,2013,,,22.518640368924743,6.786376624894906,7.766212370634288,0.9798357457393818,3.141231316925955,0.3617073550139491,,,9.34828762532048,0.0,0,-0.13872652797591156,-0.0,0,0
TGO,2014,,,22.57851870446364,6.826045910885475,7.8424298457105515,1.0163839348250763,3.358197391850421,0.42244069589754457,,,9.34828762532048,0.0,0,0.0782395469485544,0.0,0,0
TGO,2015,,,22.47341443043358,6.7018309681655035,7.854601928784033,1.15277096061853,3.396702016966885,0.4358010760481151,,,9.34828762532048,0.0,0,0.11674417206501841,0.0,0,0
TGO,2016,,,22.526816776764967,6.737102422537479,7.913908812616166,1.1768063900786867,3.196892840166404,0.384155591903558,,,9.34828762532048,0.0,0,-0.08306500473546263,-0.0,0,0
TGO,2017,,,22.57759693172176,6.770877044893259,7.991629467194556,1.2207524223012962,3.410116307166318,0.557703277348091,,,9.34828762532048,0.0,0,0.13015846226445138,0.0,0,0
TGO,2018,,,22.673340981277907,6.848515520592261,8.07785378233981,1.2293382617475492,2.9246621247809093,0.4218532510642558,,,9.34828762532048,0.0,0,-0.35529572012095745,-0.0,0,0
TGO,2019,,,22.66816725726223,6.821890172167524,8.143488417802308,1.3215982456347843,2.6213493805749986,0.4098495105150964,,,9.34828762532048,0.0,0,-0.6586084643268681,-0.0,0,0
TGO,2020,,,22.73630466253903,6.868203083344619,8.170196839808145,1.3019937564635269,2.8023212627362075,0.3987202034571857,,,9.34828762532048,0.0,0,-0.4776365821656592,-0.0,0,0
TGO,2021,,,22.868222158372408,6.981280053252126,8.21722085115122,1.2359407978990937,2.5708287431008476,0.29890795947425525,,,9.34828762532048,0.0,0,-0.7091291018010191,-0.0,0,0
TGO,2022,,,22.880415027487516,6.976922501329511,8.330308705589859,1.3533862042603477,2.6739569064239066,0.3283466493857809,,,9.34828762532048,0.0,0,-0.6060009384779601,-0.0,0,0
TGO,2023,,,22.997790963286306,7.07524193607517,8.371664569863713,1.2964226337885423,2.4940725782841007,0.32979244514299727,,,9.34828762532048,0.0,0,-0.785885266617766,-0.0,0,0
TGO,2024,,,23.088209608093624,7.143686934593241,8.458856187822017,1.3151692532287758,2.2562935886612077,0.2627176450352434,,,9.34828762532048,0.0,0,-1.023664256240659,-0.0,0,0
THA,2006,,,26.12485386903324,8.111124031440792,6.694260831370928,1.416863200069863,2.9575073041878093,0.5200159082639703,1.948201322686397,0.6299745772346906,6.748283467008671,0.0,1,-0.32245054071405743,-0.32245054071405743,0,1
THA,2007,,,26.295201675949354,8.273471396551493,6.830485755686894,1.442985640864599,2.6882241076350426,0.4413248027203443,1.948201322686397,0.6299745772346906,6.748283467008671,0.0,1,-0.5917337372668241,-0.5917337372668241,0,1
THA,2008,,,26.397904329657496,8.36849248846574,7.059473251657147,1.3090192368085933,2.8869245910566903,0.482722541969865,1.948201322686397,0.6299745772346906,6.748283467008671,0.0,1,-0.3930332538451764,-0.3930332538451764,0,1
THA,2009,,,26.36414624696099,8.327348978953273,7.1116505738887605,1.2156984050645123,2.830792080973868,0.5988253332365422,1.948201322686397,0.6299745772346906,6.748283467008671,0.0,1,-0.4491657639279989,-0.4491657639279989,0,1
THA,2010,,,26.55545549968051,8.511952058289356,7.428429341939105,1.0835227163502514,2.9148421356998067,0.5656031014952683,1.948201322686397,0.6299745772346906,6.748283467008671,0.0,1,-0.36511570920206005,-0.36511570920206005,0,1
THA,2011,,,26.638979207720375,8.589257686846684,7.576058919459159,1.0131987673875251,3.0318032924139935,0.521955306927744,1.948201322686397,0.6299745772346906,6.748283467008671,0.0,1,-0.24815455248787321,-0.24815455248787321,0,1
THA,2012,,,26.708607490537542,8.652690056196338,7.689424962620857,0.9632650935754814,3.342346558251942,0.6243858897807536,1.948201322686397,0.6299745772346906,6.748283467008671,0.0,1,0.06238871335007534,0.06238871335007534,0,1
THA,2013,,,26.764314648539234,8.702523957211225,7.766212370634288,0.9363115865769371,3.343275318964481,0.6304876591748778,1.948201322686397,0.6299745772346906,6.748283467008671,0.0,1,0.06331747406261412,0.06331747406261412,0,1
THA,2014,,,26.7329116982169,8.665819708247517,7.8424298457105515,0.8233898625369651,2.5149383103963525,0.29799908560021543,1.948201322686397,0.6299745772346906,6.748283467008671,0.0,1,-0.7650195345055142,-0.7650195345055142,0,1
THA,2015,,,26.71796574021094,8.646263987300964,7.854601928784033,0.7916620585169305,2.6622653518951718,0.3244042922414434,1.948201322686397,0.6299745772346906,6.748283467008671,0.0,1,-0.6176924930066949,-0.6176924930066949,0,1
THA,2016,,,26.74760008210866,8.671385668570714,7.913908812616166,0.7574768559545486,2.6479884040049995,0.34054717334632395,1.948201322686397,0.6299745772346906,6.748283467008671,0.0,1,-0.6319694408968672,-0.6319694408968672,0,1
THA,2017,,,26.846540826304608,8.766096777665318,7.991629467194556,0.7744673104707624,2.509453001204975,0.2919679834590065,1.948201322686397,0.6299745772346906,6.748283467008671,0.0,1,-0.7705048436968918,-0.7705048436968918,0,1
THA,2018,,,26.951291926939618,8.86781858377543,8.07785378233981,0.7899648014356195,2.090431408747032,0.2071280386783345,1.948201322686397,0.6299745772346906,6.748283467008671,0.0,1,-1.1895264361548348,-1.1895264361548348,0,1
THA,2019,,,27.022172236917317,8.936652795236206,8.143488417802308,0.7931643774338983,1.680858676297896,0.1400222487260041,1.948201322686397,0.6299745772346906,6.748283467008671,0.0,1,-1.5990991686039706,-1.5990991686039706,0,1
THA,2020,,,26.93842363981049,8.85123879018372,8.170196839808145,0.6810419503755742,2.0529574429840296,0.1773766220285251,1.948201322686397,0.6299745772346906,6.748283467008671,0.0,1,-1.227000401917837,-1.227000401917837,0,1
THA,2021,,,26.949900888400002,8.861518456026083,8.21722085115122,0.644297604874863,2.119423300371374,0.19210607901635238,1.948201322686397,0.6299745772346906,6.748283467008671,0.0,1,-1.1605345445304929,-1.1605345445304929,0,1
THA,2022,,,26.92922027483722,8.840726357008444,8.330308705589859,0.5104176514185852,2.2110657177023194,0.18948155419293777,1.948201322686397,0.6299745772346906,6.748283467008671,0.0,1,-1.0688921271995473,-1.0688921271995473,0,1
THA,2023,,,26.971334570840252,8.883299304898669,8.371664569863713,0.5116347350349564,2.372115089057659,0.20854452293740447,1.948201322686397,0.6299745772346906,6.748283467008671,0.0,1,-0.9078427558442077,-0.9078427558442077,0,1
THA,2024,,,26.99498277642497,8.90742772103754,8.458856187822017,0.4485715332155227,2.430553262046016,0.20909819481031056,1.948201322686397,0.6299745772346906,6.748283467008671,0.0,1,-0.8494045828558505,-0.8494045828558505,0,1
TJK,2006,,,21.763618110630173,5.994007319810667,6.694260831370928,0.7002535115602617,2.7577892743817785,0.7006035481908186,,,8.434758742475156,0.0,0,-0.5221685705200882,-0.0,0,0
TJK,2007,,,22.03686168546661,6.248037479172625,6.830485755686894,0.5824482765142687,2.0488281254331135,0.44419272026436074,,,8.434758742475156,0.0,0,-1.2311297194687532,-0.0,0,0
TJK,2008,,,22.3644542694658,6.55582246747984,7.059473251657147,0.5036507841773075,2.066606318571862,0.5488418616057197,,,8.434758742475156,0.0,0,-1.2133515263300048,-0.0,0,0
TJK,2009,,,22.328589771456805,6.499479708824726,7.1116505738887605,0.6121708650640345,2.271897929601475,0.6271614500530024,,,8.434758742475156,0.0,0,-1.0080599153003917,-0.0,0,0
TJK,2010,,,22.453543636843644,6.603047600915982,7.428429341939105,0.825381741023123,2.0915324912904505,0.5339199552508965,,,8.434758742475156,0.0,0,-1.1884253536114162,-0.0,0,0
TJK,2011,,,22.598562862055,6.725756044080322,7.576058919459159,0.8503028753788371,2.3696415705834277,0.5877938787367954,,,8.434758742475156,0.0,0,-0.910316274318439,-0.0,0,0
TJK,2012,,,22.755751624426328,6.859040572645934,7.689424962620857,0.830384389974923,2.553348113001814,0.54988726379514,,,8.434758742475156,0.0,0,-0.7266097319000528,-0.0,0,0
TJK,2013,,,22.857244250965397,6.935562103517249,7.766212370634288,0.830650267117039,2.285228066328242,0.5628756568008412,,,8.434758742475156,0.0,0,-0.9947297785736247,-0.0,0,0
TJK,2014,,,22.93292450725438,6.986144955910143,7.8424298457105515,0.8562848898004081,1.9988355144018513,0.4816296430871161,,,8.434758742475156,0.0,0,-1.2811223305000154,-0.0,0,0
TJK,2015,,,22.836073424724283,6.863715938235779,7.854601928784033,0.9908859905482545,1.6517199427452525,0.5742443825632473,,,8.434758742475156,0.0,0,-1.6282379021566142,-0.0,0,0
TJK,2016,,,22.66809198395377,6.670399310203407,7.913908812616166,1.243509502412759,1.7263922364803692,0.6480425416917063,,,8.434758742475156,0.0,0,-1.5535656084214975,-0.0,0,0
TJK,2017,,,22.743010829911917,6.720771447837426,7.991629467194556,1.2708580193571297,2.0830052706804407,0.5457514423937181,,,8.434758742475156,0.0,0,-1.196952574221426,-0.0,0,0
TJK,2018,,,22.772892293476698,6.7265791514281315,8.07785378233981,1.3512746309116785,1.8047686211468421,0.503158612443073,,,8.434758742475156,0.0,0,-1.4751892237550246,-0.0,0,0
TJK,2019,,,22.839619370957983,6.769667663014971,8.143488417802308,1.373820754787337,1.9832681899309894,0.573596973474699,,,8.434758742475156,0.0,0,-1.2966896549708773,-0.0,0,0
TJK,2020,,,22.81931416331216,6.726607092073161,8.170196839808145,1.4435897477349844,2.128020289949603,0.5210246312497268,,,8.434758742475156,0.0,0,-1.151937554952264,-0.0,0,0
TJK,2021,,,22.91355590909786,6.798774945651387,8.21722085115122,1.4184459054998326,2.1594840124559864,0.5045690635954089,,,8.434758742475156,0.0,0,-1.1204738324458803,-0.0,0,0
TJK,2022,,,23.0947728176121,6.958619001223276,8.330308705589859,1.3716897043665828,1.562953284640503,0.47866349399768177,,,8.434758742475156,0.0,0,-1.7170045602613637,-0.0,0,0
TJK,2023,,,23.228315684526592,7.071980667162856,8.371664569863713,1.299683902700857,1.6220414496875464,0.41900998055748423,,,8.434758742475156,0.0,0,-1.6579163952143203,-0.0,0,0
TJK,2024,,,23.392236531444173,7.216728282286821,8.458856187822017,1.2421279055351953,1.8274342473074623,0.4304992042588552,,,8.434758742475156,0.0,0,-1.4525235975944044,-0.0,0,0
TKL,2006,,,,,6.694260831370928,,,,,,9.147022012804811,0.0,0,,,0,0
TKL,2007,,,,,6.830485755686894,,,,,,9.147022012804811,0.0,0,,,0,0
TKL,2008,,,,,7.059473251657147,,,,,,9.147022012804811,0.0,0,,,0,0
TKL,2009,,,,,7.1116505738887605,,,,,,9.147022012804811,0.0,0,,,0,0
TKL,2010,,,,,7.428429341939105,,,,,,9.147022012804811,0.0,0,,,0,0
TKL,2011,,,,,7.576058919459159,,,,,,9.147022012804811,0.0,0,,,0,0
TKL,2012,,,,,7.689424962620857,,,,,,9.147022012804811,0.0,0,,,0,0
TKL,2013,,,,,7.766212370634288,,,,,,9.147022012804811,0.0,0,,,0,0
TKL,2014,,,,,7.8424298457105515,,,,,,9.147022012804811,0.0,0,,,0,0
TKL,2015,,,,,7.854601928784033,,,,,,9.147022012804811,0.0,0,,,0,0
TKL,2016,,,,,7.913908812616166,,,,,,9.147022012804811,0.0,0,,,0,0
TKL,2017,,,,,7.991629467194556,,,,,,9.147022012804811,0.0,0,,,0,0
TKL,2018,,,,,8.07785378233981,,,,,,9.147022012804811,0.0,0,,,0,0
TKL,2019,,,,,8.143488417802308,,,,,,9.147022012804811,0.0,0,,,0,0
TKL,2020,,,,,8.170196839808145,,,,,,9.147022012804811,0.0,0,,,0,0
TKL,2021,,,,,8.21722085115122,,,,,,9.147022012804811,0.0,0,,,0,0
TKL,2022,,,,,8.330308705589859,,,,,,9.147022012804811,0.0,0,,,0,0
TKL,2023,,,,,8.371664569863713,,,,,,9.147022012804811,0.0,0,,,0,0
TKL,2024,,,,,8.458856187822017,,,,,,9.147022012804811,0.0,0,,,0,0
TKM,2006,,,23.05314253927398,7.599197560614026,6.694260831370928,0.9049367292430972,2.272076554254906,1.043544980899059,,,8.594410866285779,0.0,0,-1.0078812906469605,-0.0,0,0
TKM,2007,,,23.262042196647144,7.7894383008900645,6.830485755686894,0.9589525452031706,2.4020416415601487,1.0173766743489379,,,8.594410866285779,0.0,0,-0.877916203341718,-0.0,0,0
TKM,2008,,,23.681894360297022,8.19021683223903,7.059473251657147,1.130743580581882,2.4554938388176097,1.0422529782387384,,,8.594410866285779,0.0,0,-0.824464006084257,-0.0,0,0
TKM,2009,,,23.72966036435705,8.218242130281721,7.1116505738887605,1.106591556392961,2.165092222173054,1.0427803062734078,,,8.594410866285779,0.0,0,-1.1148656227288125,-0.0,0,0
TKM,2010,,,23.840470239509198,8.308578426784312,7.428429341939105,0.8801490848452067,2.4207811043961915,1.0369385164442937,,,8.594410866285779,0.0,0,-0.8591767405056752,-0.0,0,0
TKM,2011,,,24.098575447656437,8.545512253331482,7.576058919459159,0.9694533338723232,2.218573109493968,1.1248989067913457,,,8.594410866285779,0.0,0,-1.061384735407899,-0.0,0,0
TKM,2012,,,24.283294655901717,8.708453816568987,7.689424962620857,1.0190288539481305,1.8439010677014913,0.8303369762677816,,,8.594410866285779,0.0,0,-1.4360567772003754,-0.0,0,0
TKM,2013,,,24.391879925138213,8.794771182714932,7.766212370634288,1.028558812080644,1.8852689641967297,0.8720766352647037,,,8.594410866285779,0.0,0,-1.394688880705137,-0.0,0,0
TKM,2014,,,24.4965831840402,8.87684405357219,7.8424298457105515,1.034414207861639,2.233205049814064,0.9011595729794926,,,8.594410866285779,0.0,0,-1.0467527950878028,-0.0,0,0
TKM,2015,,,24.30120574947525,8.658605580417193,7.854601928784033,0.8040036516331597,2.270627827778048,0.9852207602685054,,,8.594410866285779,0.0,0,-1.0093300171238186,-0.0,0,0
TKM,2016,,,24.22924198613639,8.563696604299984,7.913908812616166,0.6497877916838188,2.3128323256134236,1.1399139516571368,,,8.594410866285779,0.0,0,-0.9671255192884431,-0.0,0,0
TKM,2017,,,24.230391412302705,8.541992959349773,7.991629467194556,0.5503634921552178,2.3802408873396605,1.1183001321569714,,,8.594410866285779,0.0,0,-0.8997169575622062,-0.0,0,0
TKM,2018,,,23.982758087761837,8.271800343259015,8.07785378233981,0.1939465609192048,2.562970655156006,1.0813370076340152,,,8.594410866285779,0.0,0,-0.7169871897458608,-0.0,0,0
TKM,2019,,,24.114412882755065,8.381399880743722,8.143488417802308,0.23791146294141363,2.4715804193772732,1.1791492364754035,,,8.594410866285779,0.0,0,-0.8083774255245935,-0.0,0,0
TKM,2020,,,24.032001644153752,8.27776208856344,8.170196839808145,0.10756524875529472,2.3795571978764953,1.20961192410074,,,8.594410866285779,0.0,0,-0.9004006470253714,-0.0,0,0
TKM,2021,,,23.99413363163566,8.219649622308035,8.21722085115122,0.002428771156814946,2.295208692236151,1.1352064392692953,,,8.594410866285779,0.0,0,-0.9847491526657155,-0.0,0,0
TKM,2022,,,24.349841953990754,8.55606566588291,8.330308705589859,0.22575696029305092,3.3358646878633005,0.9434086975505056,,,8.594410866285779,0.0,0,0.05590684296143378,0.0,0,0
TKM,2023,,,24.38734558575237,8.575172287641776,8.371664569863713,0.20350771777806287,3.511612642436851,0.9288552089059773,,,8.594410866285779,0.0,0,0.23165479753498408,0.0,0,0
TKM,2024,,,24.513108727355934,8.68342901806555,8.458856187822017,0.2245728302435328,2.515906873514319,1.0784994323841497,,,8.594410866285779,0.0,0,-0.7640509713875479,-0.0,0,0
TLS,2006,,,19.933150382703932,6.141321023980993,6.694260831370928,0.5529398073899356,5.278661001724006,0.968903440605111,,,8.103492161016357,0.0,0,1.9987031568221396,0.0,0,0
TLS,2007,,,20.112243011312806,6.291855365698491,6.830485755686894,0.5386303899884028,4.986831289225231,0.9601996764316291,,,8.103492161016357,0.0,0,1.7068734443233642,0.0,0,0
TLS,2008,,,20.290208952731703,6.44278411641198,7.059473251657147,0.6166891352451671,4.520369847684359,0.716159733596757,,,8.103492161016357,0.0,0,1.240412002782492,0.0,0,0
TLS,2009,,,20.40435147475367,6.531721725940882,7.1116505738887605,0.5799288479478788,4.116313817172655,0.711449076895872,,,8.103492161016357,0.0,0,0.8363559722707881,0.0,0,0
TLS,2010,,,20.597599774216118,6.700805125566979,7.428429341939105,0.727624216372126,4.273590060662638,0.6741141518501319,,,8.103492161016357,0.0,0,0.9936322157607713,0.0,0,0
TLS,2011,,,20.764920700534915,6.844863658146354,7.576058919459159,0.7311952613128057,4.479006664750589,0.679082023390538,,,8.103492161016357,0.0,0,1.1990488198487221,0.0,0,0
TLS,2012,,,20.872164175920666,6.930122293742309,7.689424962620857,0.759302668878548,4.615361534646076,0.6320324427808546,,,8.103492161016357,0.0,0,1.3354036897442092,0.0,0,0
TLS,2013,,,21.05668155001219,7.093876620217148,7.766212370634288,0.6723357504171403,4.637931341690589,0.6169832031185168,,,8.103492161016357,0.0,0,1.357973496788722,0.0,0,0
TLS,2014,,,21.093128084905043,7.110491675622123,7.8424298457105515,0.7319381700884282,4.305706410668206,0.5869223443858501,,,8.103492161016357,0.0,0,1.0257485657663392,0.0,0,0
TLS,2015,,,21.187177447470646,7.18507861477971,7.854601928784033,0.6695233140043237,4.540838435861348,0.6225706243173782,,,8.103492161016357,0.0,0,1.2608805909594811,0.0,0,0
TLS,2016,,,21.21824533134565,7.197093904265923,7.913908812616166,0.7168149083502424,4.979872274165241,0.6108654752843258,,,8.103492161016357,0.0,0,1.6999144292633743,0.0,0,0
TLS,2017,,,21.18377352208968,7.143757940036006,7.991629467194556,0.8478715271585493,5.255588005322152,0.6931741267960169,,,8.103492161016357,0.0,0,1.9756301604202853,0.0,0,0
TLS,2018,,,21.165376936197625,7.106168325488427,8.07785378233981,0.9716854568513833,5.07742096051734,0.6443583871093929,,,8.103492161016357,0.0,0,1.7974631156154737,0.0,0,0
TLS,2019,,,21.43255719612677,7.353955714698691,8.143488417802308,0.7895327031036166,4.791557185859279,0.5507886585555772,,,8.103492161016357,0.0,0,1.5115993409574124,0.0,0,0
TLS,2020,,,21.494585916638464,7.396868497875204,8.170196839808145,0.7733283419329418,4.754099913238439,0.6051142278680947,,,8.103492161016357,0.0,0,1.474142068336572,0.0,0,0
TLS,2021,,,22.011126828678858,7.895408720601605,8.21722085115122,0.3218121305496151,4.598723027709198,0.5344528159660743,,,8.103492161016357,0.0,0,1.3187651828073315,0.0,0,0
TLS,2022,,,21.889100510715007,7.759293943902118,8.330308705589859,0.5710147616877412,4.346834564371953,0.5587976029233019,,,8.103492161016357,0.0,0,1.0668767194700863,0.0,0,0
TLS,2023,,,21.45552180131886,7.314826760108897,8.371664569863713,1.056837809754816,4.290606678018667,0.5568379677920138,,,8.103492161016357,0.0,0,1.0106488331168006,0.0,0,0
TLS,2024,,,21.346853118546786,7.194414713481801,8.458856187822017,1.2644414743402157,4.454155764955851,0.5851988132293509,,,8.103492161016357,0.0,0,1.174197920053984,0.0,0,0
TON,2006,,,19.49306097198591,7.919482650303739,6.694260831370928,1.2252218189328108,5.2758466364137755,0.5875851583871724,,,9.147259348173156,0.0,0,1.9958887915119088,0.0,0,0
TON,2007,,,19.51434622847564,7.936326147017528,6.830485755686894,1.1058403913306343,4.710047973813348,0.48833629308868437,,,9.147259348173156,0.0,0,1.430090128911481,0.0,0,0
TON,2008,,,19.657427112582564,8.076656100717269,7.059473251657147,1.0171828490601218,3.4336440488139357,0.5113390820001451,,,9.147259348173156,0.0,0,0.153686203912069,0.0,0,0
TON,2009,,,19.559843081194344,7.977363568892454,7.1116505738887605,0.865712995003693,3.2444555998072904,0.4841578574662803,,,9.147259348173156,0.0,0,-0.035502245094576335,-0.0,0,0
TON,2010,,,19.72056547878443,8.13625001772753,7.428429341939105,0.7078206757884251,3.0585935906053234,0.7571733598831675,,,9.147259348173156,0.0,0,-0.22136425429654327,-0.0,0,0
TON,2011,,,19.84172388327834,8.255826805852292,7.576058919459159,0.6797678863931331,3.024074184875721,0.7040629301419865,,,9.147259348173156,0.0,0,-0.2558836600261456,-0.0,0,0
TON,2012,,,19.970629703477126,8.385755739194312,7.689424962620857,0.6963307765734559,2.967159292476678,0.6980970526960486,,,9.147259348173156,0.0,0,-0.3127985524251886,-0.0,0,0
TON,2013,,,19.92872470409027,8.347411884254615,7.766212370634288,0.5811995136203274,2.925642548548326,0.6742355183600703,,,9.147259348173156,0.0,0,-0.35431529635354053,-0.0,0,0
TON,2014,,,19.90455029718188,8.32762708226447,7.8424298457105515,0.485197236553919,3.355361796102705,0.6948277439357429,,,9.147259348173156,0.0,0,0.0754039512008382,0.0,0,0
TON,2015,,,19.896645636693684,8.324555438555482,7.854601928784033,0.46995350977144845,3.2604901716451837,0.6075136704853898,,,9.147259348173156,0.0,0,-0.01946767325668297,-0.0,0,0
TON,2016,,,19.85773536195686,8.291041667778448,7.913908812616166,0.3771328551622819,3.194968867054684,0.554612581827563,,,9.147259348173156,0.0,0,-0.08498897784718284,-0.0,0,0
TON,2017,,,19.946686713807065,8.381586343182725,7.991629467194556,0.38995687598816975,2.9363811897567262,0.5937940914776376,,,9.147259348173156,0.0,0,-0.34357665514514046,-0.0,0,0
TON,2018,,,20.017095759232,8.449994657816,8.07785378233981,0.37214087547618924,3.341583424902398,0.8565328945828061,,,9.147259348173156,0.0,0,0.06162558000053142,0.0,0,0
TON,2019,,,20.042108979508367,8.474042133541934,8.143488417802308,0.3305537157396259,3.583687957130153,0.8345488825877249,,,9.147259348173156,0.0,0,0.3037301122282865,0.0,0,0
TON,2020,,,20.043176010048118,8.474777995954065,8.170196839808145,0.30458115614591996,4.23545540868045,1.2145144114458988,,,9.147259348173156,0.0,0,0.9554975637785836,0.0,0,0
TON,2021,,,20.068004516230506,8.50163307555465,8.21722085115122,0.2844122244034306,4.03409420729661,1.1162405406443228,,,9.147259348173156,0.0,0,0.754136362394743,0.0,0,0
TON,2022,,,20.137203885377936,8.575088336216947,8.330308705589859,0.24477963062708774,4.402187749584773,1.2241081461151782,,,9.147259348173156,0.0,0,1.1222299046829067,0.0,0,0
TON,2023,,,20.197562983335406,8.639692833822082,8.371664569863713,0.2680282639583691,4.220554038163642,1.1411518578235944,,,9.147259348173156,0.0,0,0.9405961932617752,0.0,0,0
TON,2024,,,20.28861119515274,8.734783738862086,8.458856187822017,0.27592755104006983,3.9514751172313347,1.1082604270897236,,,9.147259348173156,0.0,0,0.671517272329468,0.0,0,0
TTO,2006,,,23.633949955731303,9.557657923713215,6.694260831370928,2.8633970923422867,3.600484121899539,0.9924154145737755,3.1241400643394006,1.8355202580213117,9.740267200628573,0.0,0,0.32052627699767244,0.0,0,0
TTO,2007,,,23.797884151797927,9.717560023673476,6.830485755686894,2.8870742679865824,3.2042054889952842,0.9062479838584556,3.1241400643394006,1.8355202580213117,9.740267200628573,0.0,0,-0.07575235590658247,-0.0,0,0
TTO,2008,,,24.05087363230962,9.966415145222102,7.059473251657147,2.906941893564955,3.275190583189058,0.9370503068502568,3.1241400643394006,1.8355202580213117,9.740267200628573,0.0,0,-0.0047672617128085015,-0.0,0,0
TTO,2009,,,23.676725336269538,9.591106728335197,7.1116505738887605,2.479456154446436,3.2889272496728434,0.9840135300187075,3.1241400643394006,1.8355202580213117,9.740267200628573,0.0,0,0.008969404770976741,0.0,0,0
TTO,2010,,,23.82146085833809,9.730051883288064,7.428429341939105,2.3016225413489595,3.4981960801223733,1.0864169642255004,3.1241400643394006,1.8355202580213117,9.740267200628573,0.0,0,0.21823823522050656,0.0,0,0
TTO,2011,,,23.959313672744564,9.860114756599481,7.576058919459159,2.284055837140322,3.717262137531467,1.001488104183533,3.1241400643394006,1.8355202580213117,9.740267200628573,0.0,0,0.43730429262960024,0.0,0,0
TTO,2012,,,24.02454527036601,9.91995811275515,7.689424962620857,2.2305331501342938,3.6725711762148077,1.0485939095202275,3.1241400643394006,1.8355202580213117,9.740267200628573,0.0,0,0.39261333131294096,0.0,0,0
TTO,2013,,,24.07529177876322,9.966696021561855,7.766212370634288,2.200483650927567,3.6207443921964284,0.9443430116643438,3.1241400643394006,1.8355202580213117,9.740267200628573,0.0,0,0.3407865472945617,0.0,0,0
TTO,2014,,,24.10678046297042,9.9946209058767,7.8424298457105515,2.152191060166148,3.4930159167216073,0.7754931976418012,3.1241400643394006,1.8355202580213117,9.740267200628573,0.0,0,0.21305807181974057,0.0,0,0
TTO,2015,,,24.013201688875846,9.897833235555126,7.854601928784033,2.0432313067710925,3.2383110699147157,0.5972757827568322,3.1241400643394006,1.8355202580213117,9.740267200628573,0.0,0,-0.04164677498715097,-0.0,0,0
TTO,2016,,,23.885542619655485,9.76704643821404,7.913908812616166,1.8531376255978742,3.6935788848558224,0.6040314586244054,3.1241400643394006,1.8355202580213117,9.740267200628573,0.0,0,0.4136210399539557,0.0,0,0
TTO,2017,,,23.894242638290358,9.773726185572425,7.991629467194556,1.7820967183778693,3.8180286675014306,0.6795571931826278,3.1241400643394006,1.8355202580213117,9.740267200628573,0.0,0,0.5380708225995638,0.0,0,0
TTO,2018,,,23.896435177708003,9.774033478469692,8.07785378233981,1.6961796961298816,3.888518472419513,0.6197403888539718,3.1241400643394006,1.8355202580213117,9.740267200628573,0.0,0,0.6085606275176465,0.0,0,0
TTO,2019,,,23.879318821833163,9.753397701575537,8.143488417802308,1.609909283773229,3.7620130979561197,0.5611575636958639,3.1241400643394006,1.8355202580213117,9.740267200628573,0.0,0,0.482055253054253,0.0,0,0
TTO,2020,,,23.76246533216317,9.634537407140801,8.170196839808145,1.4643405673326555,3.8571248315130724,0.6149444787922006,3.1241400643394006,1.8355202580213117,9.740267200628573,0.0,0,0.5771669866112057,0.0,0,0
TTO,2021,,,23.91056691534641,9.782029689804848,8.21722085115122,1.5648088386536276,3.9021155413177224,0.6000288492815565,3.1241400643394006,1.8355202580213117,9.740267200628573,0.0,0,0.6221576964158557,0.0,0,0
TTO,2022,,,24.067581153679306,9.940326597318775,8.330308705589859,1.6100178917289156,3.9107575735565514,0.5655187763091812,3.1241400643394006,1.8355202580213117,9.740267200628573,0.0,0,0.6307997286546847,0.0,0,0
TTO,2023,,,23.943620305017394,9.8151181791516,8.371664569863713,1.4434536092878876,4.100263959113938,0.576373843836385,3.1241400643394006,1.8355202580213117,9.740267200628573,0.0,0,0.8203061142120709,0.0,0,0
TTO,2024,,,23.967167663877607,9.83806389528244,8.458856187822017,1.3792077074604236,3.9884242293010423,0.531515362828814,3.1241400643394006,1.8355202580213117,9.740267200628573,0.0,0,0.7084663843991756,0.0,0,0
TUN,2006,,,24.260643816505137,8.108493658902676,6.694260831370928,1.4142328275317473,1.825331020016749,0.28986148739715417,,,9.176602703422652,0.0,0,-1.4546268248851177,-0.0,0,0
TUN,2007,,,24.384654710641794,8.223336556690532,6.830485755686894,1.3928508010036378,2.185868204861589,0.24586764336946712,,,9.176602703422652,0.0,0,-1.0940896400402775,-0.0,0,0
TUN,2008,,,24.52679988049952,8.35586181066682,7.059473251657147,1.2963885590096726,2.1176998569577474,0.17443639709771921,,,9.176602703422652,0.0,0,-1.1622579879441193,-0.0,0,0
TUN,2009,,,24.495008797245383,8.313874405508013,7.1116505738887605,1.2022238316192526,2.2137666328018843,0.20141257137702853,,,9.176602703422652,0.0,0,-1.0661912120999824,-0.0,0,0
TUN,2010,,,24.556377486470385,8.364475766069239,7.428429341939105,0.9360464241301338,1.4636120404818167,0.14263261714426514,,,9.176602703422652,0.0,0,-1.81634580442005,-0.0,0,0
TUN,2011,,,24.59703284089883,8.394041507789005,7.576058919459159,0.8179825883298459,2.6078416217479536,0.3108391591973584,,,9.176602703422652,0.0,0,-0.6721162231539131,-0.0,0,0
TUN,2012,,,24.58001715651772,8.365734710094882,7.689424962620857,0.6763097474740256,2.8171292919504216,0.4454461899188842,,,9.176602703422652,0.0,0,-0.4628285529514451,-0.0,0,0
TUN,2013,,,24.608645980770298,8.382471023417434,7.766212370634288,0.616258652783146,3.1493071478940475,0.4526978910529819,,,9.176602703422652,0.0,0,-0.13065069700781917,-0.0,0,0
TUN,2014,,,24.64071037766905,8.402675084868743,7.8424298457105515,0.560245239158192,3.069981272466988,0.43976668492366017,,,9.176602703422652,0.0,0,-0.20997657243487877,-0.0,0,0
TUN,2015,,,24.547102099464137,8.29777960932586,7.854601928784033,0.44317768054182594,3.5081050987975413,0.4673419157846321,,,9.176602703422652,0.0,0,0.22814725389567458,0.0,0,0
TUN,2016,,,24.51560563785031,8.255257756555089,7.913908812616166,0.34134894393892345,4.074053844740982,0.5651751943663503,,,9.176602703422652,0.0,0,0.7940959998391155,0.0,0,0
TUN,2017,,,24.4648214803428,8.193961996499317,7.991629467194556,0.2023325293047611,3.737244091855767,0.547785745901029,,,9.176602703422652,0.0,0,0.4572862469539003,0.0,0,0
TUN,2018,,,24.477148652419547,8.196465384322503,8.07785378233981,0.1186116019826926,3.058720877198075,0.40949727632912003,,,9.176602703422652,0.0,0,-0.22123696770379153,-0.0,0,0
TUN,2019,,,24.4586863187419,8.168733589827553,8.143488417802308,0.025245172025245566,2.999083359667801,0.4273551646716806,,,9.176602703422652,0.0,0,-0.28087448523406566,-0.0,0,0
TUN,2020,,,24.47257650401828,8.174323553248167,8.170196839808145,0.004126713440021135,3.036548967415324,0.447866311598024,,,9.176602703422652,0.0,0,-0.2434088774865426,-0.0,0,0
TUN,2021,,,24.57497040381186,8.270509549296639,8.21722085115122,0.05328869814541903,2.883113948797356,0.38228326272204655,,,9.176602703422652,0.0,0,-0.39684389610451065,-0.0,0,0
TUN,2022,,,24.528369781544715,8.218057194944155,8.330308705589859,0.11225151064570404,2.3962771886001555,0.24679072603020713,,,9.176602703422652,0.0,0,-0.8836806563017112,-0.0,0,0
TUN,2023,,,24.598735397605683,8.281753560657359,8.371664569863713,0.08991100920635375,2.5474728322603766,0.24479130894572107,,,9.176602703422652,0.0,0,-0.7324850126414901,-0.0,0,0
TUN,2024,,,24.66313982751167,8.339892797997623,8.458856187822017,0.11896338982439403,2.0981293968753767,0.18549249760598183,,,9.176602703422652,0.0,0,-1.18182844802649,-0.0,0,0
TUR,2006,,,27.050609798986194,8.985956365875012,6.694260831370928,2.2916955345040835,2.750550892102616,0.6735272318130843,2.7954639663845113,1.1846850274080054,8.953515675729424,0.0,0,-0.5294069527992509,-0.0,0,0
TUR,2007,,,27.25301816852353,9.186756172777589,6.830485755686894,2.3562704170906947,2.5785305280738346,0.6166625212001463,2.7954639663845113,1.1846850274080054,8.953515675729424,0.0,0,-0.701427316828032,-0.0,0,0
TUR,2008,,,27.376665424691545,9.297747395292031,7.059473251657147,2.238274143634884,2.572269697846171,0.6086507436058747,2.7954639663845113,1.1846850274080054,8.953515675729424,0.0,0,-0.7076881470556957,-0.0,0,0
TUR,2009,,,27.206211783820926,9.113490727264274,7.1116505738887605,2.0018401533755137,2.6930676940651015,0.6981757190441087,2.7954639663845113,1.1846850274080054,8.953515675729424,0.0,0,-0.5868901508367652,-0.0,0,0
TUR,2010,,,27.38581811455046,9.27790274861748,7.428429341939105,1.8494734066783751,2.6096606223992382,0.7311791119128933,2.7954639663845113,1.1846850274080054,8.953515675729424,0.0,0,-0.6702972225026285,-0.0,0,0
TUR,2011,,,27.461646394847694,9.339053287269795,7.576058919459159,1.7629943678106361,2.7251350049938936,0.630730992544667,2.7954639663845113,1.1846850274080054,8.953515675729424,0.0,0,-0.5548228399079731,-0.0,0,0
TUR,2012,,,27.5092236083407,9.373883320564676,7.689424962620857,1.6844583579438197,3.1611406661841515,0.807001082381179,2.7954639663845113,1.1846850274080054,8.953515675729424,0.0,0,-0.11881717871771524,-0.0,0,0
TUR,2013,,,27.59245453811457,9.444270102871739,7.766212370634288,1.678057732237451,3.1058596147481814,0.7302634135721245,2.7954639663845113,1.1846850274080054,8.953515675729424,0.0,0,-0.1740982301536853,-0.0,0,0
TUR,2014,,,27.571635622499528,9.409960298254676,7.8424298457105515,1.5675304525441245,2.7244669894832305,0.39315255619337147,2.7954639663845113,1.1846850274080054,8.953515675729424,0.0,0,-0.5554908554186362,-0.0,0,0
TUR,2015,,,27.486527052997275,9.31151057104938,7.854601928784033,1.456908642265347,3.127839669336197,0.3796443529946476,2.7954639663845113,1.1846850274080054,8.953515675729424,0.0,0,-0.15211817556566976,-0.0,0,0
TUR,2016,,,27.492698856159187,9.304228114860809,7.913908812616166,1.3903193022446434,4.196667358530937,0.7512440384409752,2.7954639663845113,1.1846850274080054,8.953515675729424,0.0,0,0.9167095136290704,0.0,0,0
TUR,2017,,,27.484693366459858,9.283255068039434,7.991629467194556,1.2916256008448785,4.345750581314096,0.7305862177610055,2.7954639663845113,1.1846850274080054,8.953515675729424,0.0,0,1.0657927364122295,0.0,0,0
TUR,2018,,,27.39321685184981,9.178242523564546,8.07785378233981,1.1003887412247355,3.2351189848644952,0.2783337915046571,2.7954639663845113,1.1846850274080054,8.953515675729424,0.0,0,-0.044838860037371475,-0.0,0,0
TUR,2019,,,27.377229092084324,9.147957794988077,8.143488417802308,1.0044693771857691,3.0272204537764535,0.3534378641935789,2.7954639663845113,1.1846850274080054,8.953515675729424,0.0,0,-0.25273739112541316,-0.0,0,0
TUR,2020,,,27.321268261944372,9.082293104534594,8.170196839808145,0.9120962647264488,2.5277272904145667,0.28444187238669444,2.7954639663845113,1.1846850274080054,8.953515675729424,0.0,0,-0.7522305544873,-0.0,0,0
TUR,2021,,,27.45659471203732,9.208515105601897,8.21722085115122,0.9912942544506773,2.536380648663723,0.26122566316577533,2.7954639663845113,1.1846850274080054,8.953515675729424,0.0,0,-0.7435771962381437,-0.0,0,0
TUR,2022,,,27.554245332698038,9.29631986381792,8.330308705589859,0.9660111582280617,2.060760733336757,0.2335546352750997,2.7954639663845113,1.1846850274080054,8.953515675729424,0.0,0,-1.21919711156511,-0.0,0,0
TUR,2023,,,27.76313901661913,9.501149654227829,8.371664569863713,1.1294850843641164,2.154222654131085,0.2159097108518363,2.7954639663845113,1.1846850274080054,8.953515675729424,0.0,0,-1.1257351907707815,-0.0,0,0
TUR,2024,,,27.93786132036793,9.673616152965664,8.458856187822017,1.2147599651436476,2.251555096880413,0.20804641555285008,2.7954639663845113,1.1846850274080054,8.953515675729424,0.0,0,-1.0284027480214535,-0.0,0,0
TUV,2006,,,17.00495618939325,7.789031439123167,6.694260831370928,1.0947706077522383,5.050045086543184,1.4636958664309654,,,9.023019941606982,0.0,0,1.7700872416413174,0.0,0,0
TUV,2007,,,17.167091123828076,7.938714389365798,6.830485755686894,1.1082286336789045,4.805002069142518,1.3930893560356152,,,9.023019941606982,0.0,0,1.5250442242406517,0.0,0,0
TUV,2008,,,17.268759921168098,8.026823987602166,7.059473251657147,0.9673507359450184,5.252171435183484,1.500316008080418,,,9.023019941606982,0.0,0,1.972213590281617,0.0,0,0
TUV,2009,,,17.142403349263265,7.886994013919506,7.1116505738887605,0.7753434400307455,5.421558968577204,1.5449016770271875,,,9.023019941606982,0.0,0,2.1416011236753376,0.0,0,0
TUV,2010,,,17.294451446316437,8.024522282928595,7.428429341939105,0.5960929409894904,5.316026008970556,1.6276396596147096,,,9.023019941606982,0.0,0,2.036068164068689,0.0,0,0
TUV,2011,,,17.495988849250494,8.210541004787506,7.576058919459159,0.6344820853283473,5.497657692483178,1.5222612148543837,,,9.023019941606982,0.0,0,2.217699847581311,0.0,0,0
TUV,2012,,,17.476838562145804,8.17720608269086,7.689424962620857,0.48778112007000374,4.883019741374614,1.3323157101087915,,,9.023019941606982,0.0,0,1.6030618964727474,0.0,0,0
TUV,2013,,,17.473094231633283,8.16735277489385,7.766212370634288,0.40114040425956166,4.948317780361808,1.3000668302976317,,,9.023019941606982,0.0,0,1.6683599354599417,0.0,0,0
TUV,2014,,,17.469880533284314,8.165685585836508,7.8424298457105515,0.3232557401259566,5.187460909868625,1.5431472636396004,,,9.023019941606982,0.0,0,1.907503064966758,0.0,0,0
TUV,2015,,,17.419792739974696,8.117511494300159,7.854601928784033,0.2629095655161251,5.585865691998586,1.3829105253028373,,,9.023019941606982,0.0,0,2.305907847096719,0.0,0,0
TUV,2016,,,17.536521754503706,8.237255173333121,7.913908812616166,0.32334636071695577,5.27331900866124,1.269312101068434,,,9.023019941606982,0.0,0,1.993361163759373,0.0,0,0
TUV,2017,,,17.628571603550547,8.33490162398736,7.991629467194556,0.3432721567928043,5.044182653990945,1.2523332967687015,,,9.023019941606982,0.0,0,1.7642248090890784,0.0,0,0
TUV,2018,,,17.687273706558784,8.404519654073558,8.07785378233981,0.3266658717337485,4.959200152484198,1.5168405858736744,,,9.023019941606982,0.0,0,1.679242307582331,0.0,0,0
TUV,2019,,,17.795710209640283,8.528894990736122,8.143488417802308,0.38540657293381386,4.816458445609706,1.5574640531835067,,,9.023019941606982,0.0,0,1.5365006007078397,0.0,0,0
TUV,2020,,,17.772555015717614,8.523090089057382,8.170196839808145,0.35289324924923626,5.0337310979892695,1.5260024187539019,,,9.023019941606982,0.0,0,1.7537732530874028,0.0,0,0
TUV,2021,,,17.936130985460082,8.706576394560097,8.21722085115122,0.48935554340887677,4.5351302147890085,1.4596824007218192,,,9.023019941606982,0.0,0,1.2551723698871418,0.0,0,0
TUV,2022,,,17.806421382650825,8.596881330845413,8.330308705589859,0.26657262525555403,4.224954888735829,1.5454515303325274,,,9.023019941606982,0.0,0,0.9449970438339625,0.0,0,0
TUV,2023,,,17.737324097803192,8.545555111412446,8.371664569863713,0.17389054154873307,4.6778472728943195,1.659212632125976,,,9.023019941606982,0.0,0,1.3978894279924527,0.0,0,0
TUV,2024,,,17.854206139541393,8.679907538912476,8.458856187822017,0.22105135109045904,5.061991136688239,1.9041425456900491,,,9.023019941606982,0.0,0,1.7820332917863726,0.0,0,0
TWN,2006,,,26.680268330499292,9.734647687953085,6.694260831370928,3.040386856582157,2.6563372596543204,2.3082718830881452,3.0722686054287296,1.028924563389149,7.5571564024480065,0.0,0,-0.6236205852475463,-0.0,0,1
TWN,2007,,,26.73185049505012,9.782658231660855,6.830485755686894,2.9521724759739616,2.8386840951468986,2.190914077670933,3.0722686054287296,1.028924563389149,7.5571564024480065,0.0,0,-0.44127374975496814,-0.0,0,1
TWN,2008,,,26.753713088116527,9.801099891342044,7.059473251657147,2.741626639684897,2.732753684969016,2.27902455353639,3.0722686054287296,1.028924563389149,7.5571564024480065,0.0,0,-0.5472041599328508,-0.0,0,1
TWN,2009,,,26.69153596111723,9.735337681354512,7.1116505738887605,2.6236871074657513,2.8496922995217955,2.241831013476396,3.0722686054287296,1.028924563389149,7.5571564024480065,0.0,0,-0.4302655453800712,-0.0,0,1
TWN,2010,,,26.819723082075605,9.861694148850729,7.428429341939105,2.433264806911624,2.6557830687618096,2.7011170062188214,3.0722686054287296,1.028924563389149,7.5571564024480065,0.0,0,-0.6241747761400571,-0.0,0,1
TWN,2011,,,26.905297023211862,9.944561787241152,7.576058919459159,2.3685028677819933,2.7029594809171584,2.5837911645205205,3.0722686054287296,1.028924563389149,7.5571564024480065,0.0,0,-0.5769983639847083,-0.0,0,1
TWN,2012,,,26.929055164060383,9.964411470735403,7.689424962620857,2.274986508114546,2.7624792236103692,2.712139248209852,3.0722686054287296,1.028924563389149,7.5571564024480065,0.0,0,-0.5174786212914975,-0.0,0,1
TWN,2013,,,26.963430564832773,9.99631556339729,7.766212370634288,2.2301031927630026,2.7869781866319734,2.5877731856269004,3.0722686054287296,1.028924563389149,7.5571564024480065,0.0,0,-0.4929796582698933,-0.0,0,1
TWN,2014,,,27.00614548009528,10.036457612643028,7.8424298457105515,2.194027766932477,2.7774596547217367,2.511970972082206,3.0722686054287296,1.028924563389149,7.5571564024480065,0.0,0,-0.50249819018013,-0.0,0,1
TWN,2015,,,27.00462563062859,10.032451888264815,7.854601928784033,2.177849959480781,2.63107816247045,2.377537440790976,3.0722686054287296,1.028924563389149,7.5571564024480065,0.0,0,-0.6488796824314167,-0.0,0,1
TWN,2016,,,27.020524317026137,10.046320123528245,7.913908812616166,2.1324113109120795,2.9075764153901296,2.3396878050472663,3.0722686054287296,1.028924563389149,7.5571564024480065,0.0,0,-0.37238142951173714,-0.0,0,1
TWN,2017,,,27.106243615794497,10.130706547934917,7.991629467194556,2.1390770807403614,3.2541106783314735,2.4685007927854654,3.0722686054287296,1.028924563389149,7.5571564024480065,0.0,0,-0.02584716657039321,-0.0,0,1
TWN,2018,,,27.137855302389397,10.161567112291076,8.07785378233981,2.083713329951266,2.9112638629176706,2.546145963798384,3.0722686054287296,1.028924563389149,7.5571564024480065,0.0,0,-0.3686939819841961,-0.0,0,1
TWN,2019,,,27.142465660808284,10.165576740712066,8.143488417802308,2.0220883229097577,2.8041254396156337,2.511767692624585,3.0722686054287296,1.028924563389149,7.5571564024480065,0.0,0,-0.47583240528623305,-0.0,0,1
TWN,2020,,,27.2407317712006,10.265618589889852,8.170196839808145,2.095421750081707,2.775441399467815,2.7198880277171305,3.0722686054287296,1.028924563389149,7.5571564024480065,0.0,0,-0.5045164454340516,-0.0,0,1
TWN,2021,,,27.378661141254454,10.41147065014985,8.21722085115122,2.19424979899863,2.670117242007321,2.6875466008875435,3.0722686054287296,1.028924563389149,7.5571564024480065,0.0,0,-0.6098406028945456,-0.0,0,1
TWN,2022,,,27.3639570245562,10.40151124008433,8.330308705589859,2.0712025344944713,2.7002908596114326,2.6792892313052,3.0722686054287296,1.028924563389149,7.5571564024480065,0.0,0,-0.5796669852904341,-0.0,0,1
TWN,2023,,,27.35314018828476,10.384020367343542,8.371664569863713,2.012355797479829,2.8114282811842948,2.770327599117771,3.0722686054287296,1.028924563389149,7.5571564024480065,0.0,0,-0.46852956371757193,-0.0,0,1
TWN,2024,,,27.40974457067338,10.441489171037569,8.458856187822017,1.9826329832155523,2.642806045305736,2.6517968383073587,3.0722686054287296,1.028924563389149,7.5571564024480065,0.0,0,-0.6371517995961309,-0.0,0,1
TZA,2006,,,23.64749457897564,6.164885642504025,6.694260831370928,0.5293751888669034,2.8438573026032015,0.35073729010697857,,,8.993364883988324,0.0,0,-0.43610054229866524,-0.0,0,0
TZA,2007,,,23.80794421078155,6.2974744525699755,6.830485755686894,0.5330113031169184,2.5208938266445027,0.3175756796888493,,,8.993364883988324,0.0,0,-0.759064018257364,-0.0,0,0
TZA,2008,,,24.053605087102643,6.51615939779349,7.059473251657147,0.5433138538636575,2.398068200200962,0.27500349533854196,,,8.993364883988324,0.0,0,-0.8818896447009048,-0.0,0,0
TZA,2009,,,24.10428001972686,6.542217673658876,7.1116505738887605,0.5694329002298844,2.362194550439145,0.27197162476080716,,,8.993364883988324,0.0,0,-0.9177632944627216,-0.0,0,0
TZA,2010,,,24.189404562332538,6.601950173784593,7.428429341939105,0.8264791681545116,2.3932504472683878,0.2919516971329729,,,8.993364883988324,0.0,0,-0.8867073976334789,-0.0,0,0
TZA,2011,,,24.268769604744758,6.653369689663808,7.576058919459159,0.9226892297953508,2.6186283977597475,0.28519341324493624,,,8.993364883988324,0.0,0,-0.6613294471421192,-0.0,0,0
TZA,2012,,,24.403366731079412,6.759220362476647,7.689424962620857,0.9302046001442097,2.76367663880058,0.29082655273524494,,,8.993364883988324,0.0,0,-0.5162812061012869,-0.0,0,0
TZA,2013,,,24.544244410647003,6.87011273392872,7.766212370634288,0.8960996367055678,2.777840838126984,0.28824401150042495,,,8.993364883988324,0.0,0,-0.5021170067748826,-0.0,0,0
TZA,2014,,,24.63502333634456,6.930248805193481,7.8424298457105515,0.91218104051707,2.8631704455742946,0.3052898980840449,,,8.993364883988324,0.0,0,-0.41678739932757214,-0.0,0,0
TZA,2015,,,24.582181689563654,6.844951060363835,7.854601928784033,1.0096508684201986,2.488540593442514,0.24980182877874593,,,8.993364883988324,0.0,0,-0.7914172514593525,-0.0,0,0
TZA,2016,,,24.630766820918762,6.859626175560768,7.913908812616166,1.0542826370553975,2.7210728440511205,0.24899392111826835,,,8.993364883988324,0.0,0,-0.5588850008507462,-0.0,0,0
TZA,2017,,,24.698730847547957,6.894339702436956,7.991629467194556,1.0972897647575994,3.142079258309079,0.3181279433381376,,,8.993364883988324,0.0,0,-0.13787858659278784,-0.0,0,0
TZA,2018,,,24.76638224111719,6.930598633682338,8.07785378233981,1.1472551486574716,2.7231666145866646,0.22556825995316598,,,8.993364883988324,0.0,0,-0.5567912303152021,-0.0,0,0
TZA,2019,,,24.83457783341954,6.969153728155179,8.143488417802308,1.1743346896471287,2.6420464095666563,0.23215795530829916,,,8.993364883988324,0.0,0,-0.6379114353352104,-0.0,0,0
TZA,2020,,,24.913961518614162,7.018773514399859,8.170196839808145,1.1514233254082864,2.593109551259022,0.26013347747500054,,,8.993364883988324,0.0,0,-0.6868482936428446,-0.0,0,0
TZA,2021,,,24.981083605294707,7.056051627647344,8.21722085115122,1.161169223503876,2.0334634901870428,0.18028786408969885,,,8.993364883988324,0.0,0,-1.246494354714824,-0.0,0,0
TZA,2022,,,25.050692688489423,7.096324470169861,8.330308705589859,1.2339842354199977,1.7776325579882577,0.13962929636031157,,,8.993364883988324,0.0,0,-1.502325286913609,-0.0,0,0
TZA,2023,,,25.093105203118036,7.109881258222319,8.371664569863713,1.261783311641394,1.732595998085866,0.10217728062882908,,,8.993364883988324,0.0,0,-1.5473618468160006,-0.0,0,0
TZA,2024,,,25.09569296146519,7.0838966858072085,8.458856187822017,1.374959502014808,1.7712346424150216,0.0999185479824962,,,8.993364883988324,0.0,0,-1.508723202486845,-0.0,0,0
UGA,2006,,,23.023613196378175,5.847935502121371,6.694260831370928,0.8463253292495576,3.1570196282907967,0.4507578226403943,,,9.026149228593859,0.0,0,-0.12293821661106996,-0.0,0,0
UGA,2007,,,23.200019717617998,5.994931357932793,6.830485755686894,0.8355543977541009,2.529153627202322,0.281579486603047,,,9.026149228593859,0.0,0,-0.7508042176995446,-0.0,0,0
UGA,2008,,,23.39329595701425,6.158762735908842,7.059473251657147,0.9007105157483055,2.561603365001196,0.238813278522933,,,9.026149228593859,0.0,0,-0.7183544799006709,-0.0,0,0
UGA,2009,,,23.947240861436264,6.683294723220978,7.1116505738887605,0.42835585066778226,2.8016527701492104,0.2963833329384194,,,9.026149228593859,0.0,0,-0.47830507475265627,-0.0,0,0
UGA,2010,,,24.00693420434048,6.7135491527708915,7.428429341939105,0.7148801891682135,2.686367482943961,0.2841359837478658,,,9.026149228593859,0.0,0,-0.5935903619579057,-0.0,0,0
UGA,2011,,,24.05087857969881,6.728174036761206,7.576058919459159,0.8478848826979535,2.7519434861025722,0.295057500672473,,,9.026149228593859,0.0,0,-0.5280143587992945,-0.0,0,0
UGA,2012,,,24.03036921569012,6.678622411912198,7.689424962620857,1.0108025507086582,2.724386570284435,0.2927786324975346,,,9.026149228593859,0.0,0,-0.5555712746174315,-0.0,0,0
UGA,2013,,,24.087653529176183,6.707211209011955,7.766212370634288,1.0590011616223327,2.7535706067541224,0.292892015019901,,,9.026149228593859,0.0,0,-0.5263872381477444,-0.0,0,0
UGA,2014,,,24.207958337000182,6.798001566848738,7.8424298457105515,1.0444282788618136,2.5423521342686994,0.3147349830880877,,,9.026149228593859,0.0,0,-0.7376057106331673,-0.0,0,0
UGA,2015,,,24.201028617602866,6.760338918057234,7.854601928784033,1.0942630107267997,2.3488987803685153,0.2834534803040827,,,9.026149228593859,0.0,0,-0.9310590645333514,-0.0,0,0
UGA,2016,,,24.097571136078905,6.623662187394344,7.913908812616166,1.2902466252218217,2.2731705465811283,0.31433876166582114,,,9.026149228593859,0.0,0,-1.0067872983207384,-0.0,0,0
UGA,2017,,,24.1489761025747,6.640161194803116,7.991629467194556,1.3514682723914397,2.2791047507106033,0.28475756654525547,,,9.026149228593859,0.0,0,-1.0008530941912634,-0.0,0,0
UGA,2018,,,24.21755960492114,6.674770587391278,8.07785378233981,1.4030831949485316,2.118459279311298,0.25567223131765227,,,9.026149228593859,0.0,0,-1.1614985655905685,-0.0,0,0
UGA,2019,,,24.28865081686793,6.71194858510619,8.143488417802308,1.4315398326961182,2.1606609692878664,0.33527882518765506,,,9.026149228593859,0.0,0,-1.1192968756140003,-0.0,0,0
UGA,2020,,,24.350279680955623,6.7402432740869225,8.170196839808145,1.429953565721223,2.319366247030106,0.37322885319674204,,,9.026149228593859,0.0,0,-0.9605915978717605,-0.0,0,0
UGA,2021,,,24.42530306535182,6.78308929230697,8.21722085115122,1.4341315588442498,2.346713917121796,0.36234465966492163,,,9.026149228593859,0.0,0,-0.9332439277800706,-0.0,0,0
UGA,2022,,,24.542413027737528,6.8701233097884105,8.330308705589859,1.4601853958014486,2.621574502115809,0.4121726693674168,,,9.026149228593859,0.0,0,-0.6583833427860579,-0.0,0,0
UGA,2023,,,24.610359797034175,6.910061756188811,8.371664569863713,1.4616028136749017,2.514642104881251,0.3642995900036314,,,9.026149228593859,0.0,0,-0.7653157400206156,-0.0,0,0
UGA,2024,,,24.710617201021705,6.982781843173812,8.458856187822017,1.4760743446482048,2.6425134796717282,0.35960994258361617,,,9.026149228593859,0.0,0,-0.6374443652301385,-0.0,0,0
UKR,2006,,,25.4407351827052,7.76916487337662,6.694260831370928,1.0749040420056915,3.3178641746014352,0.4407632516818571,,,8.941684285443445,0.0,0,0.03790632969956853,0.0,0,0
UKR,2007,,,25.725424380603055,8.058430983712231,6.830485755686894,1.2279452280253373,3.2739027206894473,0.42804245192013984,,,8.941684285443445,0.0,0,-0.006055124212419383,-0.0,0,0
UKR,2008,,,25.9602948118102,8.298491420927967,7.059473251657147,1.2390181692708193,3.3437382001297857,0.47525020094930603,,,8.941684285443445,0.0,0,0.06378035522791903,0.0,0,0
UKR,2009,,,25.523609254080807,7.865989033040172,7.1116505738887605,0.7543384591514117,3.4869859837702823,0.527960033382001,,,8.941684285443445,0.0,0,0.20702813886841565,0.0,0,0
UKR,2010,,,25.673508106265135,8.019491841105038,7.428429341939105,0.5910624991659335,3.26167320650061,0.42097849766475176,,,8.941684285443445,0.0,0,-0.018284638401256714,-0.0,0,0
UKR,2011,,,25.855137959641095,8.204315832854398,7.576058919459159,0.6282569133952389,2.9254423406228067,0.34410722330809573,,,8.941684285443445,0.0,0,-0.35451550427906,-0.0,0,0
UKR,2012,,,25.93051864432823,8.281810619196659,7.689424962620857,0.5923856565758019,3.0988513539196463,0.3509671027935846,,,8.941684285443445,0.0,0,-0.18110649098222042,-0.0,0,0
UKR,2013,,,25.972911792438733,8.326007739555845,7.766212370634288,0.5597953689215567,3.369951481081174,0.47873237325997925,,,8.941684285443445,0.0,0,0.08999363617930722,0.0,0,0
UKR,2014,,,25.61739631707568,8.02450482307732,7.8424298457105515,0.18207497736676892,4.242333745255018,0.9756680851249867,,,8.941684285443445,0.0,0,0.9623759003531513,0.0,0,0
UKR,2015,,,25.234465590946936,7.647057668097867,7.854601928784033,0.20754426068616638,4.304617688208664,0.9909747839417996,,,8.941684285443445,0.0,0,1.024659843306797,0.0,0,0
UKR,2016,,,25.259684580200453,7.677150830882293,7.913908812616166,0.23675798173387275,4.3163643371817155,0.9345013721014652,,,8.941684285443445,0.0,0,1.0364064922798488,0.0,0,0
UKR,2017,,,25.442572463006723,7.86491444179836,7.991629467194556,0.12671502539619528,4.377461913710686,0.9004440617146954,,,8.941684285443445,0.0,0,1.0975040688088193,0.0,0,0
UKR,2018,,,25.59763142728152,8.025860263854936,8.07785378233981,0.0519935184848741,3.9040081099099733,0.6957293318184617,,,8.941684285443445,0.0,0,0.6240502650081066,0.0,0,0
UKR,2019,,,25.75945871908967,8.194191064383034,8.143488417802308,0.050702646580726096,3.8660173183092006,0.6028996348337022,,,8.941684285443445,0.0,0,0.5860594734073339,0.0,0,0
UKR,2020,,,25.777073781490603,8.218724966904833,8.170196839808145,0.04852812709668797,3.922296584053581,0.6504074108824623,,,8.941684285443445,0.0,0,0.6423387391517141,0.0,0,0
UKR,2021,,,26.020411815542065,8.471347306762913,8.21722085115122,0.25412645561169356,3.9907753169005975,0.6104302849948732,,,8.941684285443445,0.0,0,0.7108174719987308,0.0,0,0
UKR,2022,,,25.810797483180274,8.342761443686468,8.330308705589859,0.012452738096609295,3.865416752066728,0.5996245637828512,,,8.941684285443445,0.0,0,0.5854589071648615,0.0,0,0
UKR,2023,,,25.922985975539838,8.544730173395028,8.371664569863713,0.17306560353131495,3.5530003395232357,0.40045237721971233,,,8.941684285443445,0.0,0,0.273042494621369,0.0,0,0
UKR,2024,,,25.974668914856597,8.592601649881207,8.458856187822017,0.13374546205919025,3.766115116662969,0.34951192114327484,,,8.941684285443445,0.0,0,0.48615727176110246,0.0,0,0
URY,2006,,,23.70598484100065,8.699736881508718,6.694260831370928,2.0054760501377897,3.685382997024532,2.064355409054362,3.6408171471224806,2.1002325741921477,9.753363836926992,0.0,0,0.4054251521226653,0.0,1,0
URY,2007,,,23.892857842842464,8.884894684010847,6.830485755686894,2.0544089283239533,3.4687231117055806,2.080570403659708,3.6408171471224806,2.1002325741921477,9.753363836926992,0.0,0,0.18876526680371386,0.0,1,0
URY,2008,,,24.161103764286615,9.151011258384603,7.059473251657147,2.091538006727456,3.429387334077377,2.28237818072485,3.6408171471224806,2.1002325741921477,9.753363836926992,0.0,0,0.14942948917551035,0.0,1,0
URY,2009,,,24.210895288534193,9.198409049111728,7.1116505738887605,2.0867584752229673,3.461713062503385,2.2591242195654657,3.6408171471224806,2.1002325741921477,9.753363836926992,0.0,0,0.18175521760151847,0.0,1,0
URY,2010,,,24.45975288035791,9.444705341802985,7.428429341939105,2.01627599986388,3.8758188569705325,2.608218182952626,3.6408171471224806,2.1002325741921477,9.753363836926992,0.0,0,0.5958610120686658,0.0,1,0
URY,2011,,,24.642113621837908,9.624584668160601,7.576058919459159,2.048525748701442,4.1054073183230315,2.377479502538258,3.6408171471224806,2.1002325741921477,9.753363836926992,0.0,0,0.8254494734211648,0.0,1,0
URY,2012,,,24.71654188853191,9.696438418548222,7.689424962620857,2.007013455927366,4.4052050030661585,2.402368310394571,3.6408171471224806,2.1002325741921477,9.753363836926992,0.0,0,1.1252471581642918,0.0,1,0
URY,2013,,,24.83965922627626,9.816581232422315,7.766212370634288,2.0503688617880274,4.400520655309226,2.395678350982473,3.6408171471224806,2.1002325741921477,9.753363836926992,0.0,0,1.120562810407359,0.0,1,0
URY,2014,,,24.84224100941242,9.81588114455334,7.8424298457105515,1.9734512988427877,3.9116426115918483,2.301297835306274,3.6408171471224806,2.1002325741921477,9.753363836926992,0.0,0,0.6316847666899816,0.0,1,0
URY,2015,,,24.77818201643032,9.748347314592769,7.854601928784033,1.8937453858087352,3.994998312875518,2.0998553330400083,3.6408171471224806,2.1002325741921477,9.753363836926992,0.0,0,0.7150404679736515,0.0,1,0
URY,2016,,,24.774716597876747,9.74154248309785,7.913908812616166,1.827633670481685,4.4590080421960465,2.1609495937992773,3.6408171471224806,2.1002325741921477,9.753363836926992,0.0,0,1.1790501972941798,0.0,1,0
URY,2017,,,24.89774602267507,9.861866416465807,7.991629467194556,1.8702369492712512,4.59444295234573,2.2332463707538204,3.6408171471224806,2.1002325741921477,9.753363836926992,0.0,0,1.3144851074438635,0.0,1,0
URY,2018,,,24.902940296003095,9.865263247126737,8.07785378233981,1.7874094647869274,4.472725251162425,2.2311636364821754,3.6408171471224806,2.1002325741921477,9.753363836926992,0.0,0,1.192767406260558,0.0,1,0
URY,2019,,,24.85397969455534,9.815515807508543,8.143488417802308,1.6720273897062352,4.229718874179134,2.150384640821976,3.6408171471224806,2.1002325741921477,9.753363836926992,0.0,0,0.9497610292772669,0.0,1,0
URY,2020,,,24.70405630581901,9.665073891718757,8.170196839808145,1.4948770519106116,4.5317005681190095,2.3201692198618504,3.6408171471224806,2.1002325741921477,9.753363836926992,0.0,0,1.2517427232171427,0.0,1,0
URY,2021,,,24.829852841738674,9.79153938373138,8.21722085115122,1.5743185325801594,4.492142655960585,2.357540514402864,3.6408171471224806,2.1002325741921477,9.753363836926992,0.0,0,1.2121848110587181,0.0,1,0
URY,2022,,,24.989329687351542,9.952719922721519,8.330308705589859,1.6224112171316598,3.9006820922132523,2.4332899978992093,3.6408171471224806,2.1002325741921477,9.753363836926992,0.0,0,0.6207242473113856,0.0,1,0
URY,2023,,,25.095352305197324,10.05957806281876,8.371664569863713,1.6879134929550474,4.037319848284352,2.3543618658813714,3.6408171471224806,2.1002325741921477,9.753363836926992,0.0,0,0.7573620033824855,0.0,1,0
URY,2024,,,25.13391465994245,10.098581177112193,8.458856187822017,1.6397249892901762,3.9278238617179344,2.276601572050064,3.6408171471224806,2.1002325741921477,9.753363836926992,0.0,0,0.6478660168160677,0.0,1,0
USA,2006,,,30.256818273920207,10.742940168927207,6.694260831370928,4.048679337556279,3.703054462572602,3.745557261769678,3.87936785024288,2.836016862387963,9.526300086528394,0.0,0,0.42309661767073514,0.0,0,1
USA,2007,,,30.303390804632002,10.780002147211276,6.830485755686894,3.949516391524382,3.4918445444571944,3.523860053406853,3.87936785024288,2.836016862387963,9.526300086528394,0.0,0,0.21188669955532768,0.0,0,1
USA,2008,,,30.323609869164816,10.790762558871265,7.059473251657147,3.7312893072141176,3.2445654071996572,3.6240224881467706,3.87936785024288,2.836016862387963,9.526300086528394,0.0,0,-0.035392437702209456,-0.0,0,1
USA,2009,,,30.3036559994998,10.762042176218221,7.1116505738887605,3.650391602329461,3.400741515661715,3.3271877302296926,3.87936785024288,2.836016862387963,9.526300086528394,0.0,0,0.12078367075984842,0.0,0,1
USA,2010,,,30.342330732692933,10.792255610753031,7.428429341939105,3.363826268813926,3.4933471803712077,3.612328070385528,3.87936785024288,2.836016862387963,9.526300086528394,0.0,0,0.21338933546934102,0.0,0,1
USA,2011,,,30.378274850549293,10.820275785277747,7.576058919459159,3.244216865818588,3.3587973668176003,3.3565549385224567,3.87936785024288,2.836016862387963,9.526300086528394,0.0,0,0.07883952191573362,0.0,0,1
USA,2012,,,30.419358302558337,10.85337540827308,7.689424962620857,3.1639504456522225,3.4278051285642035,3.5892223722085297,3.87936785024288,2.836016862387963,9.526300086528394,0.0,0,0.1478472836623368,0.0,0,1
USA,2013,,,30.457191066363098,10.883642571243472,7.766212370634288,3.117430200609184,3.2888884642328113,3.31398341688432,3.87936785024288,2.836016862387963,9.526300086528394,0.0,0,0.008930619330944634,0.0,0,1
USA,2014,,,30.499382297468657,10.91787356437094,7.8424298457105515,3.075443718660388,3.0236591402744413,3.057804277145421,3.87936785024288,2.836016862387963,9.526300086528394,0.0,0,-0.25629870462742543,-0.0,0,1
USA,2015,,,30.5376499529343,10.948162172702753,7.854601928784033,3.09356024391872,3.106436879419648,2.8385196107144215,3.87936785024288,2.836016862387963,9.526300086528394,0.0,0,-0.17352096548221851,-0.0,0,1
USA,2016,,,30.565139281411003,10.967795246322572,7.913908812616166,3.0538864337064062,3.507048450766875,2.7446623966619312,3.87936785024288,2.836016862387963,9.526300086528394,0.0,0,0.2270906058650084,0.0,0,1
USA,2017,,,30.60716794060142,11.002894842987072,7.991629467194556,3.011265375792516,3.8709406642165196,2.861042446615816,3.87936785024288,2.836016862387963,9.526300086528394,0.0,0,0.5909828193146529,0.0,0,1
USA,2018,,,30.65905193035599,11.048914501990415,8.07785378233981,2.9710607196506054,3.495656162905572,2.6650149061205703,3.87936785024288,2.836016862387963,9.526300086528394,0.0,0,0.2156983180037053,0.0,0,1
USA,2019,,,30.700931952001845,11.085643438086125,8.143488417802308,2.942155020283817,3.5271160847476652,2.3551157805258227,3.87936785024288,2.836016862387963,9.526300086528394,0.0,0,0.24715823984579854,0.0,0,1
USA,2020,,,30.693256276863792,11.073882329181632,8.170196839808145,2.903685489373487,3.6814737212399993,2.182167464916002,3.87936785024288,2.836016862387963,9.526300086528394,0.0,0,0.40151587633813257,0.0,0,1
USA,2021,,,30.79757764656711,11.176630460370818,8.21722085115122,2.9594096092195983,3.697985426529862,2.310968342922746,3.87936785024288,2.836016862387963,9.526300086528394,0.0,0,0.41802758162799547,0.0,0,1
USA,2022,,,30.891215989365172,11.264575504353687,8.330308705589859,2.9342667987638276,3.5035607091370333,2.431731332614649,3.87936785024288,2.836016862387963,9.526300086528394,0.0,0,0.22360286423516662,0.0,0,1
USA,2023,,,30.956471331410174,11.321604956040789,8.371664569863713,2.949940386177076,3.4723985013478216,2.3576062853978113,3.87936785024288,2.836016862387963,9.526300086528394,0.0,0,0.19244065644595487,0.0,0,1
USA,2024,,,31.008540813952322,11.36407347079314,8.458856187822017,2.9052172829711242,3.3567060123238224,2.159488340276154,3.87936785024288,2.836016862387963,9.526300086528394,0.0,0,0.07674816742195567,0.0,0,1
UZB,2006,,,23.57575305566866,6.475614775637175,6.694260831370928,0.2186460557337533,2.8898840268100434,1.219390307257587,,,8.469203696625513,0.0,0,-0.3900738180918233,-0.0,0,0
UZB,2007,,,23.8283633233979,6.714204743322691,6.830485755686894,0.11628101236420285,1.868096163982283,0.804553645992007,,,8.469203696625513,0.0,0,-1.4118616809195836,-0.0,0,0
UZB,2008,,,24.109330591915484,6.979824083701519,7.059473251657147,0.07964916795562793,1.7119960761260178,0.704762577991272,,,8.469203696625513,0.0,0,-1.567961768775849,-0.0,0,0
UZB,2009,,,24.24044385085977,7.094897990894936,7.1116505738887605,0.016752582993824205,2.0213661508101493,0.7735512089313454,,,8.469203696625513,0.0,0,-1.2585916940917175,-0.0,0,0
UZB,2010,,,24.740445415188695,7.579056194443902,7.428429341939105,0.15062685250479735,1.3720610927087526,0.7037040362232035,,,8.469203696625513,0.0,0,-1.907896752193114,-0.0,0,0
UZB,2011,,,24.933979374839666,7.757288337240777,7.576058919459159,0.18122941778161739,1.54584579560211,0.7960341678498444,,,8.469203696625513,0.0,0,-1.7341120492997566,-0.0,0,0
UZB,2012,,,25.04499623168727,7.853199242651886,7.689424962620857,0.16377428003102956,1.2285137176469527,0.6022070406068807,,,8.469203696625513,0.0,0,-2.051444127254914,-0.0,0,0
UZB,2013,,,25.138173157471826,7.930705612429631,7.766212370634288,0.16449324179534308,1.3753573537889774,0.5664352771096683,,,8.469203696625513,0.0,0,-1.9046004911128893,-0.0,0,0
UZB,2014,,,25.237457862623806,8.013344279261107,7.8424298457105515,0.17091443355055524,1.5480762603040086,0.5915293266949322,,,8.469203696625513,0.0,0,-1.7318815845978581,-0.0,0,0
UZB,2015,,,25.30378024178071,8.062400958082765,7.854601928784033,0.20779902929873195,1.6063343262495244,0.6481030435505853,,,8.469203696625513,0.0,0,-1.6736235186523423,-0.0,0,0
UZB,2016,,,25.306919844405485,8.048284345620665,7.913908812616166,0.13437553300449956,1.7284524708495186,0.6222249409737552,,,8.469203696625513,0.0,0,-1.5515053740523481,-0.0,0,0
UZB,2017,,,25.00376355126198,7.728183803531293,7.991629467194556,0.26344566366326294,1.7766637954565896,0.5170171284098118,,,8.469203696625513,0.0,0,-1.5032940494452771,-0.0,0,0
UZB,2018,,,24.839344695583346,7.546494259613733,8.07785378233981,0.5313595227260768,1.6140576942868028,0.37664405294652586,,,8.469203696625513,0.0,0,-1.665900150615064,-0.0,0,0
UZB,2019,,,24.974196148415015,7.663248268152607,8.143488417802308,0.48024014964970085,1.2072037509668463,0.3688426798461299,,,8.469203696625513,0.0,0,-2.0727540939350204,-0.0,0,0
UZB,2020,,,24.973575533779723,7.643944586360382,8.170196839808145,0.5262522534477636,1.5187536801260866,0.39450028833958073,,,8.469203696625513,0.0,0,-1.7612041647757801,-0.0,0,0
UZB,2021,,,25.119812196016476,7.770799148678953,8.21722085115122,0.446421702472267,0.9870909198832398,0.09186218683101784,,,8.469203696625513,0.0,0,-2.292866925018627,-0.0,0,0
UZB,2022,,,25.269602327211324,7.900489373402827,8.330308705589859,0.42981933218703183,0.9443137375612298,0.08280851040149284,,,8.469203696625513,0.0,0,-2.335644107340637,-0.0,0,0
UZB,2023,,,25.401003535126037,8.011679119912746,8.371664569863713,0.35998544995096715,1.484656518290406,0.0864842072713915,,,8.469203696625513,0.0,0,-1.7953013266114608,-0.0,0,0
UZB,2024,,,25.521994749256297,8.112963795676952,8.458856187822017,0.34589239214506406,1.388524004450527,0.0675068069370555,,,8.469203696625513,0.0,0,-1.8914338404513398,-0.0,0,0
VCT,2006,,,20.28243436922287,8.656055226757488,6.694260831370928,1.9617943953865593,3.362266229581565,2.3050783725697053,,,9.723545362801948,0.0,0,0.08230838467969814,0.0,1,0
VCT,2007,,,20.385828468068194,8.76377060992237,6.830485755686894,1.9332848542354757,3.358372876890213,2.117860602295916,,,9.723545362801948,0.0,0,0.07841503198834632,0.0,1,0
VCT,2008,,,20.41219675355637,8.794659052819895,7.059473251657147,1.7351858011627481,3.2255728516388404,2.16518681212016,,,9.723545362801948,0.0,0,-0.05438499326302626,-0.0,1,0
VCT,2009,,,20.38681396308084,8.773970767571472,7.1116505738887605,1.662320193682711,3.0195732069882966,2.174834168867578,,,9.723545362801948,0.0,0,-0.26038463791357014,-0.0,1,0
VCT,2010,,,20.395383644471575,8.787520796449824,7.428429341939105,1.359091454510719,3.245254191012903,2.5301798867840297,,,9.723545362801948,0.0,0,-0.03470365388896379,-0.0,1,0
VCT,2011,,,20.386108284068165,8.783808402952483,7.576058919459159,1.2077494834933233,3.2603289916007285,2.267477617784151,,,9.723545362801948,0.0,0,-0.01962885330113817,-0.0,1,0
VCT,2012,,,20.40859973849716,8.811921533465556,7.689424962620857,1.1224965708446994,3.204802305015084,2.3858719035594427,,,9.723545362801948,0.0,0,-0.07515553988678292,-0.0,1,0
VCT,2013,,,20.455100415294616,8.86396468978783,7.766212370634288,1.0977523191535417,3.2110169650297213,2.3080091442102284,,,9.723545362801948,0.0,0,-0.06894087987214537,-0.0,1,0
VCT,2014,,,20.46306922142949,8.877497566474407,7.8424298457105515,1.0350677207638554,3.753656716159962,1.4955689635878784,,,9.723545362801948,0.0,0,0.4736988712580952,0.0,1,0
VCT,2015,,,20.483173914402244,8.902963702626419,7.854601928784033,1.0483617738423856,3.134760415668277,1.1285046498366451,,,9.723545362801948,0.0,0,-0.14519742923358958,-0.0,1,0
VCT,2016,,,20.51784395475528,8.943362537086006,7.913908812616166,1.0294537244698407,2.948002954371738,1.109910148252025,,,9.723545362801948,0.0,0,-0.33195489053012883,-0.0,1,0
VCT,2017,,,20.553711322415058,8.985701259141278,7.991629467194556,0.9940717919467223,3.182219139428236,1.1775048497005225,,,9.723545362801948,0.0,0,-0.09773870547363073,-0.0,1,0
VCT,2018,,,20.600340435294296,9.039329816520812,8.07785378233981,0.9614760341810022,2.9822220785894875,1.1782040551142214,,,9.723545362801948,0.0,0,-0.2977357663123792,-0.0,1,0
VCT,2019,,,20.62948411807994,9.075733458594575,8.143488417802308,0.9322450407922673,2.855163616134728,1.185900725101612,,,9.723545362801948,0.0,0,-0.4247942287671389,-0.0,1,0
VCT,2020,,,20.577738975980935,9.030160908111283,8.170196839808145,0.8599640683031371,3.2066562475947618,1.2197996497579724,,,9.723545362801948,0.0,0,-0.07330159730710495,-0.0,1,0
VCT,2021,,,20.605245273082435,9.064305887907024,8.21722085115122,0.8470850367558036,3.02977737696343,1.1697706925764153,,,9.723545362801948,0.0,0,-0.25018046793843673,-0.0,1,0
VCT,2022,,,20.71239586112719,9.179216890129718,8.330308705589859,0.8489081845398587,2.651945610801612,1.1627320131692034,,,9.723545362801948,0.0,0,-0.6280122341002548,-0.0,1,0
VCT,2023,,,20.79301299179137,9.266944278955,8.371664569863713,0.8952797090912874,2.8372718623844757,1.1254733581205878,,,9.723545362801948,0.0,0,-0.442685982517391,-0.0,1,0
VCT,2024,,,20.869275532192855,9.350208962465864,8.458856187822017,0.8913527746438472,2.8344292246314904,1.0428692586478543,,,9.723545362801948,0.0,0,-0.4455286202703763,-0.0,1,0
VEN,2006,,,25.935358001700248,8.815723308500447,6.694260831370928,2.1214624771295183,3.4227047434405597,0.8249843486016584,4.030710372858589,3.1545489392022135,9.755590610596457,0.0,0,0.14274689853869305,0.0,0,0
VEN,2007,,,26.162926558150346,9.027813310457791,6.830485755686894,2.1973275547708973,3.938042378790378,0.920718928426781,4.030710372858589,3.1545489392022135,9.755590610596457,0.0,0,0.6580845338885113,0.0,0,0
VEN,2008,,,26.478860534940388,9.329229588981734,7.059473251657147,2.269756337324587,3.895349854187323,0.9827422370702936,4.030710372858589,3.1545489392022135,9.755590610596457,0.0,0,0.6153920092854563,0.0,0,0
VEN,2009,,,26.521714735538986,9.358467419718798,7.1116505738887605,2.246816845830037,3.652831659526093,0.9736436698126084,4.030710372858589,3.1545489392022135,9.755590610596457,0.0,0,0.3728738146242261,0.0,0,0
VEN,2010,,,26.69756478075432,9.521224043248555,7.428429341939105,2.09279470130945,3.6451467892313563,0.9953112395788302,4.030710372858589,3.1545489392022135,9.755590610596457,0.0,0,0.36518894432948956,0.0,0,0
VEN,2011,,,26.480532807754308,9.291360107155176,7.576058919459159,1.7153011876960171,3.7702455350327786,0.9049409910976852,4.030710372858589,3.1545489392022135,9.755590610596457,0.0,0,0.4902876901309119,0.0,0,0
VEN,2012,,,26.641747267965226,9.440023499064756,7.689424962620857,1.7505985364438992,3.860579734843356,0.8609441524187641,4.030710372858589,3.1545489392022135,9.755590610596457,0.0,0,0.5806218899414892,0.0,0,0
VEN,2013,,,26.278209484475138,9.064432569441005,7.766212370634288,1.2982201988067166,3.7694928492031576,0.9817954349003468,4.030710372858589,3.1545489392022135,9.755590610596457,0.0,0,0.48953500430129093,0.0,0,0
VEN,2014,,,26.093153607058873,8.868012030733038,7.8424298457105515,1.0255821850224862,3.882704846855048,1.331118485016621,4.030710372858589,3.1545489392022135,9.755590610596457,0.0,0,0.6027470019531811,0.0,0,0
VEN,2015,,,25.553577112668037,8.31791749593616,7.854601928784033,0.46331556715212585,4.850753354912425,1.5961615164000273,4.030710372858589,3.1545489392022135,9.755590610596457,0.0,0,1.5707955100105582,0.0,0,0
VEN,2016,,,25.450193687012924,8.208282045912101,7.913908812616166,0.2943732332959357,5.390289933271218,1.779118487139388,4.030710372858589,3.1545489392022135,9.755590610596457,0.0,0,2.110332088369351,0.0,0,0
VEN,2017,,,25.47592866493267,8.240551975900818,7.991629467194556,0.2489225087062623,5.002110910656677,1.8848945511761397,4.030710372858589,3.1545489392022135,9.755590610596457,0.0,0,1.7221530657548105,0.0,0,0
VEN,2018,,,25.34811193562349,8.1378382514943,8.07785378233981,0.05998446915448952,4.741963938809848,2.3326665663543045,4.030710372858589,3.1545489392022135,9.755590610596457,0.0,0,1.462006093907981,0.0,0,0
VEN,2019,,,25.013919192272972,7.833249637448985,8.143488417802308,0.3102387803533233,4.602454905754324,2.4799529093211024,4.030710372858589,3.1545489392022135,9.755590610596457,0.0,0,1.322497060852457,0.0,0,0
VEN,2020,,,24.480690600233135,7.317240093177706,8.170196839808145,0.8529567466304391,4.3715574032345215,2.503597894648444,4.030710372858589,3.1545489392022135,9.755590610596457,0.0,0,1.0915995583326548,0.0,0,0
VEN,2021,,,24.75954026859385,7.60336728397071,8.21722085115122,0.6138535671805103,4.168903446116456,2.2050770627838214,4.030710372858589,3.1545489392022135,9.755590610596457,0.0,0,0.8889456012145893,0.0,0,0
VEN,2022,,,25.212051083472065,8.056757058321587,8.330308705589859,0.2735516472682722,3.636837059576384,1.9778084807209646,4.030710372858589,3.1545489392022135,9.755590610596457,0.0,0,0.35687921467451744,0.0,0,0
VEN,2023,,,25.351932810429744,8.193530271593144,8.371664569863713,0.17813429827056915,3.8057982728856445,1.8673824260590337,4.030710372858589,3.1545489392022135,9.755590610596457,0.0,0,0.5258404279837778,0.0,0,0
VEN,2024,,,25.515464090021442,8.353369229878037,8.458856187822017,0.10548695794397922,3.700733909226747,2.1665821174377844,4.030710372858589,3.1545489392022135,9.755590610596457,0.0,0,0.42077606432488013,0.0,0,0
VGB,2006,,,,,6.694260831370928,,,,,,9.697459811471376,0.0,0,,,1,0
VGB,2007,,,,,6.830485755686894,,,,,,9.697459811471376,0.0,0,,,1,0
VGB,2008,,,,,7.059473251657147,,,,,,9.697459811471376,0.0,0,,,1,0
VGB,2009,,,,,7.1116505738887605,,,,,,9.697459811471376,0.0,0,,,1,0
VGB,2010,,,,,7.428429341939105,,,,,,9.697459811471376,0.0,0,,,1,0
VGB,2011,,,,,7.576058919459159,,,,,,9.697459811471376,0.0,0,,,1,0
VGB,2012,,,,,7.689424962620857,,,,,,9.697459811471376,0.0,0,,,1,0
VGB,2013,,,,,7.766212370634288,,,,,,9.697459811471376,0.0,0,,,1,0
VGB,2014,,,,,7.8424298457105515,,,,,,9.697459811471376,0.0,0,,,1,0
VGB,2015,,,,,7.854601928784033,,,,,,9.697459811471376,0.0,0,,,1,0
VGB,2016,,,,,7.913908812616166,,,,,,9.697459811471376,0.0,0,,,1,0
VGB,2017,,,,,7.991629467194556,,,,,,9.697459811471376,0.0,0,,,1,0
VGB,2018,,,,,8.07785378233981,,,,,,9.697459811471376,0.0,0,,,1,0
VGB,2019,,,,,8.143488417802308,,,,,,9.697459811471376,0.0,0,,,1,0
VGB,2020,,,,,8.170196839808145,,,,,,9.697459811471376,0.0,0,,,1,0
VGB,2021,,,,,8.21722085115122,,,,,,9.697459811471376,0.0,0,,,1,0
VGB,2022,,,,,8.330308705589859,,,,,,9.697459811471376,0.0,0,,,1,0
VGB,2023,,,,,8.371664569863713,,,,,,9.697459811471376,0.0,0,,,1,0
VGB,2024,,,,,8.458856187822017,,,,,,9.697459811471376,0.0,0,,,1,0
VIR,2006,,,22.223781342156325,10.630483992927886,6.694260831370928,3.936223161556957,2.866840471084984,2.347189518411018,,,,,0,-0.4131173738168825,-0.0,0,0
VIR,2007,,,22.28854285359474,10.695540835369899,6.830485755686894,3.865055079683005,3.022716811780316,2.1525530138327884,,,,,0,-0.2572410331215509,-0.0,0,0
VIR,2008,,,22.16877205769815,10.575216365370185,7.059473251657147,3.5157431137130377,2.6723883902580448,2.137619293771914,,,,,0,-0.607569454643822,-0.0,0,0
VIR,2009,,,22.158588429133655,10.564968161457772,7.1116505738887605,3.4533175875690114,2.576563424333795,2.139953625477583,,,,,0,-0.7033944205680718,-0.0,0,0
VIR,2010,,,22.187446736723373,10.594260126400393,7.428429341939105,3.1658307844612876,2.6909312854737553,2.326756160094778,,,,,0,-0.5890265594281114,-0.0,0,0
VIR,2011,,,22.16381161289822,10.571243520275793,7.576058919459159,2.995184600816634,2.7008140614078515,2.206089390847079,,,,,0,-0.5791437834940152,-0.0,0,0
VIR,2012,,,22.131566278328915,10.539940544815021,7.689424962620857,2.8505155821941646,2.7205690959049558,2.3072397363768347,,,,,0,-0.5593887489969109,-0.0,0,0
VIR,2013,,,22.04181654597978,10.45155048228489,7.766212370634288,2.6853381116506023,2.633364970635039,2.2278949926667546,,,,,0,-0.6465928742668279,-0.0,0,0
VIR,2014,,,21.994429890812672,10.405636574613313,7.8424298457105515,2.5632067289027614,4.578799709127163,1.747747055561842,,,,,0,1.2988418642252966,0.0,0,0
VIR,2015,,,22.02154832074309,10.434332043192612,7.854601928784033,2.5797301144085782,2.9224590163524384,1.8190586785366942,,,,,0,-0.35749882854942827,-0.0,0,0
VIR,2016,,,22.057740449336507,10.472345496652506,7.913908812616166,2.558436684036341,3.478606671057513,1.6460416458829137,,,,,0,0.1986488261556465,0.0,0,0
VIR,2017,,,22.056686708459235,10.473479869145178,7.991629467194556,2.4818504019506227,3.242116111897141,1.475252575035335,,,,,0,-0.0378417330047256,-0.0,0,0
VIR,2018,,,22.090122504173827,10.509529044979063,8.07785378233981,2.431675262639253,,,,,,,0,,,0,0
VIR,2019,,,22.13936168930309,10.561875828434546,8.143488417802308,2.4183874106322385,,,,,,,0,,,0,0
VIR,2020,,,22.165231395436763,10.591304908909134,8.170196839808145,2.4211080691009883,,,,,,,0,,,0,0
VIR,2021,,,22.228897580654923,10.658930375317498,8.21722085115122,2.441709524166278,,,,,,,0,,,0,0
VIR,2022,,,22.26485308247234,10.699211835330203,8.330308705589859,2.3689031297403442,,,,,,,0,,,0,0
VIR,2023,,,,,8.371664569863713,,,,,,,,0,,,0,0
VIR,2024,,,,,8.458856187822017,,,,,,,,0,,,0,0
VUT,2006,,,19.900826463440172,7.618149321809977,6.694260831370928,0.9238884904390483,3.1781393621243335,1.0278157892916682,,,8.932238660957225,0.0,0,-0.10181848277753325,-0.0,1,0
VUT,2007,,,20.062378511408543,7.7552124413183146,6.830485755686894,0.9247266856314207,3.0712740499596167,0.9620892802854488,,,8.932238660957225,0.0,0,-0.20868379494224998,-0.0,1,0
VUT,2008,,,20.196900815376722,7.864653773675595,7.059473251657147,0.805180522018448,3.263426123613945,1.0301171069351174,,,8.932238660957225,0.0,0,-0.016531721287921908,-0.0,1,0
VUT,2009,,,20.200067855482022,7.842429296327897,7.1116505738887605,0.7307787224391369,3.1569023620625978,1.0688633920934028,,,8.932238660957225,0.0,0,-0.12305548283926893,-0.0,1,0
VUT,2010,,,20.3238518533235,7.942784426385834,7.428429341939105,0.5143550844467288,3.0613823377075238,1.1459884958646278,,,8.932238660957225,0.0,0,-0.21857550719434293,-0.0,1,0
VUT,2011,,,20.462100518140726,8.059335078517623,7.576058919459159,0.4832761590584642,2.9396478803139843,1.0260218206439304,,,8.932238660957225,0.0,0,-0.34030996458788243,-0.0,1,0
VUT,2012,,,20.432699205146136,8.007961019645338,7.689424962620857,0.31853605702448107,3.1247487220180705,1.205992058351715,,,8.932238660957225,0.0,0,-0.15520912288379618,-0.0,1,0
VUT,2013,,,20.576327453096972,8.129342067541046,7.766212370634288,0.3631296969067579,2.85856071759632,1.1749118195796844,,,8.932238660957225,0.0,0,-0.4213971273055468,-0.0,1,0
VUT,2014,,,20.59450644419534,8.125146883048107,7.8424298457105515,0.28271703733755515,4.277829547004341,1.101913111881354,,,8.932238660957225,0.0,0,0.9978717021024743,0.0,1,0
VUT,2015,,,20.567033271042302,8.075402056097861,7.854601928784033,0.2208001273138276,4.179830445582825,0.774153760012172,,,8.932238660957225,0.0,0,0.8998726006809581,0.0,1,0
VUT,2016,,,20.627553640414252,8.113676493336989,7.913908812616166,0.1997676807208233,3.9913872238772927,0.7378625319932427,,,8.932238660957225,0.0,0,0.711429378975426,0.0,1,0
VUT,2017,,,20.721800919360454,8.184602446676937,7.991629467194556,0.19297297948238157,4.158090391412359,0.90447455615575,,,8.932238660957225,0.0,0,0.8781325465104923,0.0,1,0
VUT,2018,,,20.757090228653553,8.195937410156148,8.07785378233981,0.11808362781633797,3.766449208774646,0.9554364917741759,,,8.932238660957225,0.0,0,0.48649136387277947,0.0,1,0
VUT,2019,,,20.782993598061207,8.198535887993277,8.143488417802308,0.055047470190968895,3.9984039387048265,0.9166436019463068,,,8.932238660957225,0.0,0,0.7184460938029598,0.0,1,0
VUT,2020,,,20.740519495636626,8.132795672460265,8.170196839808145,0.03740116734788046,4.438648744114836,1.0814730581140766,,,8.932238660957225,0.0,0,1.1586908992129694,0.0,1,0
VUT,2021,,,20.81294756024974,8.182038644932147,8.21722085115122,0.035182206219072754,4.4446810922691915,1.0577692460550725,,,8.932238660957225,0.0,0,1.1647232473673248,0.0,1,0
VUT,2022,,,20.864647154179302,8.210541730599056,8.330308705589859,0.11976697499080302,3.8087716101706275,0.8504455440148737,,,8.932238660957225,0.0,0,0.5288137652687608,0.0,1,0
VUT,2023,,,20.895652594301897,8.21829901063243,8.371664569863713,0.1533655592312826,3.7025008038905125,0.8592244884873047,,,8.932238660957225,0.0,0,0.4225429589886458,0.0,1,0
VUT,2024,,,20.9840570299993,8.283968251903687,8.458856187822017,0.17488793591832952,4.0512950253143085,0.8977664449164188,,,8.932238660957225,0.0,0,0.7713371804124418,0.0,1,0
WLF,2006,,,,,6.694260831370928,,,,,,9.107965727498305,0.0,0,,,0,0
WLF,2007,,,,,6.830485755686894,,,,,,9.107965727498305,0.0,0,,,0,0
WLF,2008,,,,,7.059473251657147,,,,,,9.107965727498305,0.0,0,,,0,0
WLF,2009,,,,,7.1116505738887605,,,,,,9.107965727498305,0.0,0,,,0,0
WLF,2010,,,,,7.428429341939105,,,,,,9.107965727498305,0.0,0,,,0,0
WLF,2011,,,,,7.576058919459159,,,,,,9.107965727498305,0.0,0,,,0,0
WLF,2012,,,,,7.689424962620857,,,,,,9.107965727498305,0.0,0,,,0,0
WLF,2013,,,,,7.766212370634288,,,,,,9.107965727498305,0.0,0,,,0,0
WLF,2014,,,,,7.8424298457105515,,,,,,9.107965727498305,0.0,0,,,0,0
WLF,2015,,,,,7.854601928784033,,,,,,9.107965727498305,0.0,0,,,0,0
WLF,2016,,,,,7.913908812616166,,,,,,9.107965727498305,0.0,0,,,0,0
WLF,2017,,,,,7.991629467194556,,,,,,9.107965727498305,0.0,0,,,0,0
WLF,2018,,,,,8.07785378233981,,,,,,9.107965727498305,0.0,0,,,0,0
WLF,2019,,,,,8.143488417802308,,,,,,9.107965727498305,0.0,0,,,0,0
WLF,2020,,,,,8.170196839808145,,,,,,9.107965727498305,0.0,0,,,0,0
WLF,2021,,,,,8.21722085115122,,,,,,9.107965727498305,0.0,0,,,0,0
WLF,2022,,,,,8.330308705589859,,,,,,9.107965727498305,0.0,0,,,0,0
WLF,2023,,,,,8.371664569863713,,,,,,9.107965727498305,0.0,0,,,0,0
WLF,2024,,,,,8.458856187822017,,,,,,9.107965727498305,0.0,0,,,0,0
WSM,2006,,,20.029966160321003,7.887317990041359,6.694260831370928,1.1930571586704302,3.493469044219711,1.4072838151685583,,,9.15801728437567,0.0,0,0.21351119931784446,0.0,1,0
WSM,2007,,,20.167352989365604,8.019158428340909,6.830485755686894,1.1886726726540147,3.257917149355953,1.3050864458796465,,,9.15801728437567,0.0,0,-0.022040695545913813,-0.0,1,0
WSM,2008,,,20.279079949694182,8.123737599170719,7.059473251657147,1.0642643475135714,3.3325676930910535,1.248656701753254,,,9.15801728437567,0.0,0,0.05260984818918679,0.0,1,0
WSM,2009,,,20.25806046232145,8.095349491905207,7.1116505738887605,0.9836989180164464,3.3587202547918094,1.118837590446546,,,9.15801728437567,0.0,0,0.07876240988994265,0.0,1,0
WSM,2010,,,20.337986969536548,8.167422337765368,7.428429341939105,0.7389929958262629,3.530599879537455,1.1473759656185043,,,9.15801728437567,0.0,0,0.2506420346355882,0.0,1,0
WSM,2011,,,20.42768202806601,8.248400069545891,7.576058919459159,0.6723411500867318,3.487766080076306,1.0760874819505521,,,9.15801728437567,0.0,0,0.20780823517443947,0.0,1,0
WSM,2012,,,20.46597285129505,8.27756531917244,7.689424962620857,0.5881403565515839,3.387063129951893,1.1130072604363763,,,9.15801728437567,0.0,0,0.10710528505002648,0.0,1,0
WSM,2013,,,20.497288692648485,8.29991376282151,7.766212370634288,0.5337013921872211,3.3122696725805048,1.105604484373121,,,9.15801728437567,0.0,0,0.03231182767863805,0.0,1,0
WSM,2014,,,20.495968068299867,8.289710439880082,7.8424298457105515,0.4472805941695306,2.9317899487671206,1.1612053952990231,,,9.15801728437567,0.0,0,-0.3481678961347461,-0.0,1,0
WSM,2015,,,20.529863715193372,8.314920529495012,7.854601928784033,0.46031860071097874,2.9791511993795288,1.042387386877195,,,9.15801728437567,0.0,0,-0.30080664552233793,-0.0,1,0
WSM,2016,,,20.55357394515121,8.33015757530341,7.913908812616166,0.4162487626872444,3.320122376047611,1.0894871714693612,,,9.15801728437567,0.0,0,0.04016453114574414,0.0,1,0
WSM,2017,,,20.600922350746377,8.368134748698628,7.991629467194556,0.37650528150407236,2.9327286997102124,1.3044262720953814,,,9.15801728437567,0.0,0,-0.34722914519165426,-0.0,1,0
WSM,2018,,,20.593667765410256,8.350386044097812,8.07785378233981,0.27253226175800194,3.130413760724229,1.5186849061564855,,,9.15801728437567,0.0,0,-0.14954408417763787,-0.0,1,0
WSM,2019,,,20.632192183051192,8.378377541535597,8.143488417802308,0.2348891237332893,3.396795596240111,1.5363051116727602,,,9.15801728437567,0.0,0,0.11683775133824437,0.0,1,0
WSM,2020,,,20.582721226762747,8.318643858945999,8.170196839808145,0.14844701913785308,3.7287773106445914,1.6741710884862646,,,9.15801728437567,0.0,0,0.4488194657427247,0.0,1,0
WSM,2021,,,20.572123054258103,8.299425004147158,8.21722085115122,0.08220415299593853,3.257403842222461,1.4258705895249169,,,9.15801728437567,0.0,0,-0.02255400267940555,-0.0,1,0
WSM,2022,,,20.60623157171411,8.326625047361686,8.330308705589859,0.003683658228172959,3.5755820694800162,1.646741784273938,,,9.15801728437567,0.0,0,0.2956242245781495,0.0,1,0
WSM,2023,,,20.76719611576631,8.481097685782721,8.371664569863713,0.10943311591900873,3.5414684991963084,1.7171172184978605,,,9.15801728437567,0.0,0,0.26151065429444165,0.0,1,0
WSM,2024,,,20.88517189648121,8.59283440254454,8.458856187822017,0.13397821472252325,3.140210837323539,1.4898080736021315,,,9.15801728437567,0.0,0,-0.1397470075783276,-0.0,1,0
XKX,2006,,,,,6.694260831370928,,,,,,,,0,,,0,0
XKX,2007,,,,,6.830485755686894,,,,,,,,0,,,0,0
XKX,2008,,,22.372490278486392,7.968716502522798,7.059473251657147,0.9092432508656509,2.635035101224326,0.4550974248118078,,,,,0,-0.6449227436775407,-0.0,0,0
XKX,2009,,,22.33983419562168,7.939496347387938,7.1116505738887605,0.8278457734991775,2.570305048185328,0.3902964252717845,,,,,0,-0.7096527967165387,-0.0,0,0
XKX,2010,,,22.39923103402256,8.002207337524728,7.428429341939105,0.5737779955856235,4.163479187180761,0.5444725982128686,,,,,0,0.8835213422788946,0.0,0,0
XKX,2011,,,22.57039922669784,8.171584814407243,7.576058919459159,0.595525894948084,4.105183621659165,0.49177793966973965,,,,,0,0.8252257767572986,0.0,0,0
XKX,2012,,,22.541907924005546,8.134659628029805,7.689424962620857,0.4452346654089485,4.052789887032753,0.49745644056133104,,,,,0,0.7728320421308861,0.0,0,0
XKX,2013,,,22.630632273993424,8.217319265870394,7.766212370634288,0.4511068952361059,4.122080967720513,0.47710230686634686,,,,,0,0.8421231228186463,0.0,0,0
XKX,2014,,,22.67974746535131,8.269370915711336,7.8424298457105515,0.42694107000078496,3.429149279326591,0.3807068377105593,,,,,0,0.14919143442472427,0.0,0,0
XKX,2015,,,22.563155802868124,8.166394336045292,7.854601928784033,0.3117924072612581,3.129766825194976,0.3498982830905409,,,,,0,-0.15019101970689075,-0.0,0,0
XKX,2016,,,22.622784053219334,8.232027357314045,7.913908812616166,0.3181185446978798,3.342768065133471,0.3589410976836924,,,,,0,0.06281022023160432,0.0,0,0
XKX,2017,,,22.694672274479846,8.296376984894719,7.991629467194556,0.3047475177001635,3.425114294476091,0.4095638223552371,,,,,0,0.14515644957422413,0.0,0,0
XKX,2018,,,22.787436724962134,8.385759702801229,8.07785378233981,0.30790592046141896,3.144698774859228,0.37747316541038994,,,,,0,-0.13525907004263882,-0.0,0,0
XKX,2019,,,22.790027919299988,8.392921486557988,8.143488417802308,0.24943306875568005,3.0768682059799164,0.32665214413109356,,,,,0,-0.2030896389219503,-0.0,0,0
XKX,2020,,,22.76895634869325,8.37114581689231,8.170196839808145,0.20094897708416504,3.1033966568160753,0.3928525296278563,,,,,0,-0.17656118808579135,-0.0,0,0
XKX,2021,,,22.9652618841536,8.56972861179053,8.21722085115122,0.3525077606393108,2.6767528450235836,0.3121007976657822,,,,,0,-0.6032049998782831,-0.0,0,0
XKX,2022,,,22.960526308178387,8.575112488830246,8.330308705589859,0.24480378324038732,2.602593745135832,0.3138788846068435,,,,,0,-0.6773640997660348,-0.0,0,0
XKX,2023,,,23.07146976981951,8.735578582891726,8.371664569863713,0.3639140130280136,2.5585749386038183,0.33714910039349477,,,,,0,-0.7213829062980484,-0.0,0,0
XKX,2024,,,23.13945085813063,8.857472288858009,8.458856187822017,0.39861610103599254,2.4482664178405096,0.33832797995927727,,,,,0,-0.8316914270613571,-0.0,0,0
YEM,2006,,,23.67102264129443,6.696680021509514,6.694260831370928,0.002419190138585492,2.8484831762383087,0.5605688558964306,,,8.811555252978323,0.0,0,-0.431474668663558,-0.0,0,0
YEM,2007,,,23.798295710223478,6.791564963402834,6.830485755686894,0.03892079228405976,2.8305404366002866,0.6447963388511562,,,8.811555252978323,0.0,0,-0.44941740830158006,-0.0,0,0
YEM,2008,,,24.015795603754338,6.976941575727531,7.059473251657147,0.08253167592961663,3.6266745211348006,0.9369450032377262,,,8.811555252978323,0.0,0,0.3467166762329339,0.0,0,0
YEM,2009,,,23.947339259374075,6.876515880489907,7.1116505738887605,0.2351346933988534,3.9118847785090036,1.113861071543709,,,8.811555252978323,0.0,0,0.6319269336071369,0.0,0,0
YEM,2010,,,24.15424042849325,7.052031410633495,7.428429341939105,0.3763979313056103,4.38251815367976,1.2815923242676484,,,8.811555252978323,0.0,0,1.102560308777893,0.0,0,0
YEM,2011,,,24.211448474874555,7.078742010177453,7.576058919459159,0.49731690928170647,4.277565128142804,1.416387384323394,,,8.811555252978323,0.0,0,0.9976072832409373,0.0,0,0
YEM,2012,,,24.290015272468832,7.126931517082894,7.689424962620857,0.5624934455379629,4.131177008723305,1.3092038170691236,,,8.811555252978323,0.0,0,0.8512191638214381,0.0,0,0
YEM,2013,,,24.422472616094176,7.228932591999647,7.766212370634288,0.537279778634641,4.083829345490367,1.3193475021847128,,,8.811555252978323,0.0,0,0.8038715005885,0.0,0,0
YEM,2014,,,24.48976781062432,7.265544548577539,7.8424298457105515,0.5768852971330123,4.405578486740944,1.8024459508968527,,,8.811555252978323,0.0,0,1.125620641839077,0.0,0,0
YEM,2015,,,24.471462943254668,7.216837093883101,7.854601928784033,0.6377648349009322,4.480758932987891,2.201078638049293,,,8.811555252978323,0.0,0,1.2008010880860245,0.0,0,0
YEM,2016,,,24.167453269967016,6.882806035893282,7.913908812616166,1.031102776722884,4.31168634490966,2.6440821749194425,,,8.811555252978323,0.0,0,1.0317285000077931,0.0,0,0
YEM,2017,,,24.013242194952632,6.698472682259946,7.991629467194556,1.2931567849346095,4.797429569834991,2.7744863075172375,,,8.811555252978323,0.0,0,1.5174717249331242,0.0,0,0
YEM,2018,,,23.796244326851316,6.45187102449435,8.07785378233981,1.6259827578454598,4.359929868398992,2.8623500098542074,,,8.811555252978323,0.0,0,1.0799720234971253,0.0,0,0
YEM,2019,,,,,8.143488417802308,,4.224504149809743,2.937792951556608,,,8.811555252978323,0.0,0,0.9445463049078762,0.0,0,0
YEM,2020,,,,,8.170196839808145,,4.377396043558376,3.0701136784353817,,,8.811555252978323,0.0,0,1.097438198656509,0.0,0,0
YEM,2021,,,,,8.21722085115122,,4.285530309378547,2.942728864446044,,,8.811555252978323,0.0,0,1.0055724644766806,0.0,0,0
YEM,2022,,,,,8.330308705589859,,3.7387898032667723,2.7829918717033117,,,8.811555252978323,0.0,0,0.45883195836490565,0.0,0,0
YEM,2023,,,,,8.371664569863713,,3.8519669425237275,2.7314023302359574,,,8.811555252978323,0.0,0,0.5720090976218608,0.0,0,0
YEM,2024,,,,,8.458856187822017,,3.8640561048078124,2.7904146671030343,,,8.811555252978323,0.0,0,0.5840982599059457,0.0,0,0
YUG,2006,,,,,6.694260831370928,,,,,,9.0627948963455,0.0,0,,,0,0
YUG,2007,,,,,6.830485755686894,,,,,,9.0627948963455,0.0,0,,,0,0
YUG,2008,,,,,7.059473251657147,,,,,,9.0627948963455,0.0,0,,,0,0
YUG,2009,,,,,7.1116505738887605,,,,,,9.0627948963455,0.0,0,,,0,0
YUG,2010,,,,,7.428429341939105,,,,,,9.0627948963455,0.0,0,,,0,0
YUG,2011,,,,,7.576058919459159,,,,,,9.0627948963455,0.0,0,,,0,0
YUG,2012,,,,,7.689424962620857,,,,,,9.0627948963455,0.0,0,,,0,0
YUG,2013,,,,,7.766212370634288,,,,,,9.0627948963455,0.0,0,,,0,0
YUG,2014,,,,,7.8424298457105515,,,,,,9.0627948963455,0.0,0,,,0,0
YUG,2015,,,,,7.854601928784033,,,,,,9.0627948963455,0.0,0,,,0,0
YUG,2016,,,,,7.913908812616166,,,,,,9.0627948963455,0.0,0,,,0,0
YUG,2017,,,,,7.991629467194556,,,,,,9.0627948963455,0.0,0,,,0,0
YUG,2018,,,,,8.07785378233981,,,,,,9.0627948963455,0.0,0,,,0,0
YUG,2019,,,,,8.143488417802308,,,,,,9.0627948963455,0.0,0,,,0,0
YUG,2020,,,,,8.170196839808145,,,,,,9.0627948963455,0.0,0,,,0,0
YUG,2021,,,,,8.21722085115122,,,,,,9.0627948963455,0.0,0,,,0,0
YUG,2022,,,,,8.330308705589859,,,,,,9.0627948963455,0.0,0,,,0,0
YUG,2023,,,,,8.371664569863713,,,,,,9.0627948963455,0.0,0,,,0,0
YUG,2024,,,,,8.458856187822017,,,,,,9.0627948963455,0.0,0,,,0,0
ZAF,2006,,,26.43982854658849,8.712329443789828,6.694260831370928,2.0180686124189,3.4135238715174427,1.3591761713435593,,,9.195282773205056,0.0,0,0.13356602661557604,0.0,0,0
ZAF,2007,,,26.531639883459967,8.793590129541185,6.830485755686894,1.963104373854291,3.0748595370676863,1.121190616675467,,,9.195282773205056,0.0,0,-0.20509830783418037,-0.0,0,0
ZAF,2008,,,26.479423339656922,8.729842630569712,7.059473251657147,1.6703693789125644,3.042377826376215,1.0330749806612516,,,9.195282773205056,0.0,0,-0.23758001852565158,-0.0,0,0
ZAF,2009,,,26.521612942788344,8.760093188635565,7.1116505738887605,1.6484426147468048,3.210215312694994,1.0839004204679241,,,9.195282773205056,0.0,0,-0.06974253220687254,-0.0,0,0
ZAF,2010,,,26.757224155101333,8.98387530524639,7.428429341939105,1.5554459633072844,3.3957027607286774,1.1916822726791088,,,9.195282773205056,0.0,0,0.11574491582681068,0.0,0,0
ZAF,2011,,,26.8505705044572,9.064858508731724,7.576058919459159,1.4887995892725652,3.493071079252927,1.0450809407076191,,,9.195282773205056,0.0,0,0.21311323435106022,0.0,0,0
ZAF,2012,,,26.79723286036694,8.996772921202362,7.689424962620857,1.3073479585815058,3.7538523184889,1.1126305685328728,,,9.195282773205056,0.0,0,0.4738944735870332,0.0,0,0
ZAF,2013,,,26.71694296847213,8.89995650935741,7.766212370634288,1.133744138723121,3.6624554785580807,1.0680571877619207,,,9.195282773205056,0.0,0,0.38249763365621403,0.0,0,0
ZAF,2014,,,26.666587043811532,8.832986130627399,7.8424298457105515,0.9905562849168472,3.62107097810771,0.87061961505083,,,9.195282773205056,0.0,0,0.34111313320584324,0.0,0,0
ZAF,2015,,,26.57175392823078,8.718054131030598,7.854601928784033,0.8634522022465649,3.7003270819255953,0.7438942032535057,,,9.195282773205056,0.0,0,0.42036923702372864,0.0,0,0
ZAF,2016,,,26.50272924261914,8.639624226440718,7.913908812616166,0.7257154138245525,3.93629641632226,0.728305961504118,,,9.195282773205056,0.0,0,0.6563385714203931,0.0,0,0
ZAF,2017,,,26.667242510002282,8.797599119196931,7.991629467194556,0.8059696520023758,4.055196194843228,0.7851836592116851,,,9.195282773205056,0.0,0,0.7752383499413615,0.0,0,0
ZAF,2018,,,26.727796459624205,8.84132936961601,8.07785378233981,0.7634755872762007,3.895099923180827,0.6544599659543513,,,9.195282773205056,0.0,0,0.6151420782789603,0.0,0,0
ZAF,2019,,,26.687693232754505,8.784730393193524,8.143488417802308,0.6412419753912157,3.8388332358846955,0.6344836765614301,,,9.195282773205056,0.0,0,0.5588753909828288,0.0,0,0
ZAF,2020,,,26.546236745618152,8.627052262917106,8.170196839808145,0.4568554231089603,3.674901986915265,0.6662276861246191,,,9.195282773205056,0.0,0,0.3949441420133981,0.0,0,0
ZAF,2021,,,26.763487891441475,8.828897834357164,8.21722085115122,0.6116769832059443,3.976745356043893,0.8114735461315611,,,9.195282773205056,0.0,0,0.6967875111420261,0.0,0,0
ZAF,2022,,,26.7335424303673,8.784812650486982,8.330308705589859,0.4545039448971231,3.7786340621137775,0.6970318937181368,,,9.195282773205056,0.0,0,0.4986762172119108,0.0,0,0
ZAF,2023,,,26.667221300739843,8.705210511451236,8.371664569863713,0.3335459415875235,3.633861817554584,0.6775484478323758,,,9.195282773205056,0.0,0,0.35390397265271734,0.0,0,0
ZAF,2024,,,26.717588790848442,8.743082858954319,8.458856187822017,0.28422667113230204,3.566276575530991,0.6436970691948235,,,9.195282773205056,0.0,0,0.2863187306291244,0.0,0,0
ZMB,2006,,,23.269334916790864,6.958179487332816,6.694260831370928,0.2639186559618878,3.3203725934542625,0.32502349875615927,,,9.126796249832577,0.0,0,0.040414748552395796,0.0,0,0
ZMB,2007,,,23.366383339767832,7.019950846007968,6.830485755686894,0.1894650903210744,2.910480185918436,0.2973461366200474,,,9.126796249832577,0.0,0,-0.36947765898343077,-0.0,0,0
ZMB,2008,,,23.608672993684756,7.226574114401962,7.059473251657147,0.16710086274481473,2.6933470888617355,0.2941456964688713,,,9.126796249832577,0.0,0,-0.5866107560401312,-0.0,0,0
ZMB,2009,,,23.452969389864332,7.035481325921209,7.1116505738887605,0.07616924796755153,2.5733485749284104,0.2777731382700182,,,9.126796249832577,0.0,0,-0.7066092699734563,-0.0,0,0
ZMB,2010,,,23.732188705027262,7.2800814136617324,7.428429341939105,0.14834792827737253,2.5789956257024444,0.30931912796386735,,,9.126796249832577,0.0,0,-0.7009622191994223,-0.0,0,0
ZMB,2011,,,23.878542018218198,7.393181970017579,7.576058919459159,0.18287694944157984,2.4530570571819768,0.2882829544196158,,,9.126796249832577,0.0,0,-0.82690078771989,-0.0,0,0
ZMB,2012,,,23.962064298380998,7.444278247560012,7.689424962620857,0.2451467150608444,2.680772777304726,0.2794748278974248,,,9.126796249832577,0.0,0,-0.5991850675971406,-0.0,0,0
ZMB,2013,,,24.056799444291755,7.506986508899073,7.766212370634288,0.25922586173521545,2.447907326627492,0.2551113140123196,,,9.126796249832577,0.0,0,-0.8320505182743747,-0.0,0,0
ZMB,2014,,,24.024312204646506,7.442777234963143,7.8424298457105515,0.39965261074740877,2.725652892599936,0.26282881222153204,,,9.126796249832577,0.0,0,-0.5543049523019308,-0.0,0,0
ZMB,2015,,,23.77967999179636,7.166943649325317,7.854601928784033,0.6876582794587165,2.7536298053520007,0.24419276517769192,,,9.126796249832577,0.0,0,-0.526328039549866,-0.0,0,0
ZMB,2016,,,23.765805955854926,7.122128707974946,7.913908812616166,0.7917801046412194,2.6489661967062834,0.21767143436196434,,,9.126796249832577,0.0,0,-0.6309916481955833,-0.0,0,0
ZMB,2017,,,23.976489029518522,7.302136367864217,7.991629467194556,0.6894930993303383,2.6582146924753656,0.23143508079017136,,,9.126796249832577,0.0,0,-0.6217431524265011,-0.0,0,0
ZMB,2018,,,23.993272219360833,7.288859371528776,8.07785378233981,0.7889944108110338,2.2383124424994962,0.17176646661886244,,,9.126796249832577,0.0,0,-1.0416454024023705,-0.0,0,0
ZMB,2019,,,23.87209113611826,7.138062071668629,8.143488417802308,1.005426346133679,2.423133877965834,0.23354162999943365,,,9.126796249832577,0.0,0,-0.8568239669360329,-0.0,0,0
ZMB,2020,,,23.621262061839893,6.8581913480211325,8.170196839808145,1.312005491787013,2.7653984139368033,0.3224392208870579,,,9.126796249832577,0.0,0,-0.5145594309650634,-0.0,0,0
ZMB,2021,,,23.818681302552314,7.027457164670876,8.21722085115122,1.1897636864803438,2.6097031308660954,0.22981661639228798,,,9.126796249832577,0.0,0,-0.6702547140357713,-0.0,0,0
ZMB,2022,,,24.09619343871065,7.277332796530802,8.330308705589859,1.0529759090590574,2.860172846574455,0.20796615751824554,,,9.126796249832577,0.0,0,-0.4197849983274118,-0.0,0,0
ZMB,2023,,,24.04028261197774,7.193481293925503,8.371664569863713,1.1781832759382098,2.7305825076500305,0.20048072350207446,,,9.126796249832577,0.0,0,-0.5493753372518362,-0.0,0,0
ZMB,2024,,,23.95419612761056,7.079276583705228,8.458856187822017,1.3795796041167883,2.5834131800053655,0.1831122513301021,,,9.126796249832577,0.0,0,-0.6965446648965012,-0.0,0,0
ZWE,2006,,,22.418284937470716,6.06618928034593,6.694260831370928,0.6280715510249983,3.155474224969519,1.3723221795203855,,,9.120748650577653,0.0,0,-0.1244836199323478,-0.0,0,0
ZWE,2007,,,22.389981600531986,6.024708890635926,6.830485755686894,0.8057768650509676,3.203197137130284,1.4490313427318757,,,9.120748650577653,0.0,0,-0.07676070777158284,-0.0,0,0
ZWE,2008,,,22.208952941944336,5.831640358792127,7.059473251657147,1.2278328928650204,2.6072621915743546,1.8197876601025842,,,9.120748650577653,0.0,0,-0.6726956533275121,-0.0,0,0
ZWE,2009,,,22.99237170286629,6.60098782561699,7.1116505738887605,0.5106627482717707,2.6627366573423847,1.747811010331487,,,9.120748650577653,0.0,0,-0.617221187559482,-0.0,0,0
ZWE,2010,,,23.21214375745665,6.804626448004111,7.428429341939105,0.623802893934994,2.615805675191249,1.3894139072721936,,,9.120748650577653,0.0,0,-0.6641521697106176,-0.0,0,0
ZWE,2011,,,23.370078728577433,6.94483490507832,7.576058919459159,0.6312240143808392,2.616141509969246,1.2826439973726556,,,9.120748650577653,0.0,0,-0.6638163349326205,-0.0,0,0
ZWE,2012,,,23.56371762601749,7.122243155759232,7.689424962620857,0.5671818068616243,2.5772635869917617,1.0398040740238799,,,9.120748650577653,0.0,0,-0.702694257910105,-0.0,0,0
ZWE,2013,,,23.672993438243772,7.21743975101014,7.766212370634288,0.548772619624148,2.322705233279649,0.9668193633062178,,,9.120748650577653,0.0,0,-0.9572526116222178,-0.0,0,0
ZWE,2014,,,23.69396231402918,7.224691686260747,7.8424298457105515,0.6177381594498046,2.3647465372009826,1.2124476194350395,,,9.120748650577653,0.0,0,-0.9152113077008841,-0.0,0,0
ZWE,2015,,,23.71765971524892,7.234989494718449,7.854601928784033,0.6196124340655844,2.1447683240265176,0.8921934726993047,,,9.120748650577653,0.0,0,-1.135189520875349,-0.0,0,0
ZWE,2016,,,23.746576798268794,7.250024574806672,7.913908812616166,0.6638842378094933,2.5632841252458767,1.0073016992143797,,,9.120748650577653,0.0,0,-0.71667371965599,-0.0,0,0
ZWE,2017,,,24.655790389497163,8.144809627828154,7.991629467194556,0.15318016063359874,2.522385112092826,0.9114096074890173,,,9.120748650577653,0.0,0,-0.7575727328090407,-0.0,0,0
ZWE,2018,,,24.253784371711237,7.727929446258053,8.07785378233981,0.34992433608175677,2.40291286015545,0.8378789044815503,,,9.120748650577653,0.0,0,-0.8770449847464166,-0.0,0,0
ZWE,2019,,,24.230642375688713,7.6891521150802875,8.143488417802308,0.4543363027220204,2.2402932106524824,0.9215173485370883,,,9.120748650577653,0.0,0,-1.0396646342493843,-0.0,0,0
ZWE,2020,,,24.188368840903404,7.630285052207563,8.170196839808145,0.5399117876005821,2.451941166397266,0.9603698447730263,,,9.120748650577653,0.0,0,-0.8280166785046008,-0.0,0,0
ZWE,2021,,,24.443834165889093,7.868490265762864,8.21722085115122,0.3487305853883562,2.3221584221756095,0.882551126040969,,,9.120748650577653,0.0,0,-0.9577994227262572,-0.0,0,0
ZWE,2022,,,24.430907801850825,7.838501808861945,8.330308705589859,0.49180689672791367,2.186776018153608,0.7812146085723864,,,9.120748650577653,0.0,0,-1.0931818267482587,-0.0,0,0
ZWE,2023,,,24.303216787236092,7.694039835107712,8.371664569863713,0.6776247347560007,2.302770057957417,0.7726567216811833,,,9.120748650577653,0.0,0,-0.9771877869444499,-0.0,0,0
ZWE,2024,,,24.449488662105207,7.822506886994904,8.458856187822017,0.6363493008271126,2.052599386104839,0.7396406764593868,,,9.120748650577653,0.0,0,-1.2273584587970277,-0.0,0,0
