iso3,year,fdi_usd_m,projects,label_as_printed,capital_definition,source
AFG,2019,9.7,1,Ap-ga-ni-xtan - Afghanistan,"vốn cấp mới + vốn tăng thêm + vốn góp, mua cổ phần","Tổng cục Thống kê, Niên giám Thống kê 2019, biểu ""Đầu tư trực tiếp của nước ngoài được cấp giấy phép năm 2019 phân theo đối tác đầu tư chủ yếu"""
AFG,2020,24.9,1,Ap-ga-ni-xtan - Afghanistan,"vốn cấp mới + vốn tăng thêm + vốn góp, mua cổ phần","Tổng cục Thống kê, Niên giám Thống kê 2020, biểu ""Đầu tư trực tiếp của nước ngoài được cấp giấy phép năm 2020 phân theo đối tác đầu tư chủ yếu"""
AFG,2021,18.2,,Ap-ga-ni-xtan - Afghanistan,"vốn cấp mới + vốn tăng thêm + vốn góp, mua cổ phần","Tổng cục Thống kê, Niên giám Thống kê 2021, biểu ""Đầu tư trực tiếp của nước ngoài được cấp giấy phép năm 2021 phân theo đối tác đầu tư chủ yếu"""
AFG,2022,1.1,2,Ap-ga-ni-xtan - Afghanistan,"vốn cấp mới + vốn tăng thêm + vốn góp, mua cổ phần","Tổng cục Thống kê, Niên giám Thống kê 2022, biểu ""Đầu tư trực tiếp của nước ngoài được cấp giấy phép năm 2022 phân theo đối tác đầu tư chủ yếu"""
AFG,2023,7.9,,Ap-ga-ni-xtan - Afghanistan,"vốn cấp mới + vốn tăng thêm + vốn góp, mua cổ phần","Tổng cục Thống kê, Niên giám Thống kê 2023, biểu ""Đầu tư trực tiếp của nước ngoài được cấp giấy phép năm 2023 phân theo đối tác đầu tư chủ yếu"""
AFG,2024,17.5,2,Ap-ga-ni-xtan - Afghanistan,"vốn cấp mới + vốn tăng thêm + vốn góp, mua cổ phần","Tổng cục Thống kê, Niên giám Thống kê 2024, biểu ""Đầu tư trực tiếp của nước ngoài được cấp giấy phép năm 2024 phân theo đối tác đầu tư chủ yếu"""
AFG,2025,1.7,2,Ap-ga-ni-xtan - Afghanistan,"vốn cấp mới + vốn tăng thêm + vốn góp, mua cổ phần","Tổng cục Thống kê, Niên giám Thống kê 2025, biểu ""Đầu tư trực tiếp của nước ngoài được cấp giấy phép năm 2025 phân theo đối tác đầu tư chủ yếu"""
AGO,2016,11.7,1,Ăng-go-la - Angola,"vốn cấp mới + vốn tăng thêm + vốn góp, mua cổ phần","Tổng cục Thống kê, Niên giám Thống kê 2016, biểu ""Đầu tư trực tiếp của nước ngoài được cấp giấy phép năm 2016 phân theo đối tác đầu tư chủ yếu"""
AGO,2017,33.3,,Ăng-gô-la - Angola,"vốn cấp mới + vốn tăng thêm + vốn góp, mua cổ phần","Tổng cục Thống kê, Niên giám Thống kê 2017, biểu ""Đầu tư trực tiếp của nước ngoài được cấp giấy phép năm 2017 phân theo đối tác đầu tư chủ yếu"""
AGO,2018,8.3,,Ăng-gô-la - Angola,"vốn cấp mới + vốn tăng thêm + vốn góp, mua cổ phần","Tổng cục Thống kê, Niên giám Thống kê 2018, biểu ""Đầu tư trực tiếp của nước ngoài được cấp giấy phép năm 2018 phân theo đối tác đầu tư chủ yếu"""
AIA,2016,10.1,,Đảo An-gui-la - Anguilla,"vốn cấp mới + vốn tăng thêm + vốn góp, mua cổ phần","Tổng cục Thống kê, Niên giám Thống kê 2016, biểu ""Đầu tư trực tiếp của nước ngoài được cấp giấy phép năm 2016 phân theo đối tác đầu tư chủ yếu"""
AIA,2017,30.0,3,Đảo Anguilla - Anguilla,"vốn cấp mới + vốn tăng thêm + vốn góp, mua cổ phần","Tổng cục Thống kê, Niên giám Thống kê 2017, biểu ""Đầu tư trực tiếp của nước ngoài được cấp giấy phép năm 2017 phân theo đối tác đầu tư chủ yếu"""
AIA,2018,25.1,3,Đảo Anguilla - Anguilla,"vốn cấp mới + vốn tăng thêm + vốn góp, mua cổ phần","Tổng cục Thống kê, Niên giám Thống kê 2018, biểu ""Đầu tư trực tiếp của nước ngoài được cấp giấy phép năm 2018 phân theo đối tác đầu tư chủ yếu"""
AIA,2019,71.9,8,Đảo An-gui-la - Anguilla,"vốn cấp mới + vốn tăng thêm + vốn góp, mua cổ phần","Tổng cục Thống kê, Niên giám Thống kê 2019, biểu ""Đầu tư trực tiếp của nước ngoài được cấp giấy phép năm 2019 phân theo đối tác đầu tư chủ yếu"""
AIA,2020,30.7,3,Đảo An-gui-la - Anguilla,"vốn cấp mới + vốn tăng thêm + vốn góp, mua cổ phần","Tổng cục Thống kê, Niên giám Thống kê 2020, biểu ""Đầu tư trực tiếp của nước ngoài được cấp giấy phép năm 2020 phân theo đối tác đầu tư chủ yếu"""
AIA,2021,10.0,1,Đảo An-gui-la - Anguilla,"vốn cấp mới + vốn tăng thêm + vốn góp, mua cổ phần","Tổng cục Thống kê, Niên giám Thống kê 2021, biểu ""Đầu tư trực tiếp của nước ngoài được cấp giấy phép năm 2021 phân theo đối tác đầu tư chủ yếu"""
AIA,2024,8.5,1,Đảo An-gui-la - Anguilla,"vốn cấp mới + vốn tăng thêm + vốn góp, mua cổ phần","Tổng cục Thống kê, Niên giám Thống kê 2024, biểu ""Đầu tư trực tiếp của nước ngoài được cấp giấy phép năm 2024 phân theo đối tác đầu tư chủ yếu"""
AIA,2025,3.7,1,Đảo An-gui-la - Anguilla,"vốn cấp mới + vốn tăng thêm + vốn góp, mua cổ phần","Tổng cục Thống kê, Niên giám Thống kê 2025, biểu ""Đầu tư trực tiếp của nước ngoài được cấp giấy phép năm 2025 phân theo đối tác đầu tư chủ yếu"""
ARE,2008,112.0,1,C¸c TiÓu v−¬ng quèc ¶-rËp Thèng nhÊt / United Arab Emirates,vốn cấp mới + vốn tăng thêm,"Tổng cục Thống kê, Niên giám Thống kê 2008, biểu ""Đầu tư trực tiếp của nước ngoài được cấp giấy phép năm 2008 phân theo đối tác đầu tư chủ yếu"""
ARE,2010,16.2,2,TiÓu VQ A-rËp Thèng nhÊt - United Arab Emirates,vốn cấp mới + vốn tăng thêm,"Tổng cục Thống kê, Niên giám Thống kê 2010, biểu ""Đầu tư trực tiếp của nước ngoài được cấp giấy phép năm 2010 phân theo đối tác đầu tư chủ yếu"""
ARE,2018,4.4,4,Tiểu VQ A-rập Thống nhất - United Arad Emirates,"vốn cấp mới + vốn tăng thêm + vốn góp, mua cổ phần","Tổng cục Thống kê, Niên giám Thống kê 2018, biểu ""Đầu tư trực tiếp của nước ngoài được cấp giấy phép năm 2018 phân theo đối tác đầu tư chủ yếu"""
ARE,2019,4.4,3,Các Tiểu VQ Ả-rập Thống nhất - United Arab Emirates,"vốn cấp mới + vốn tăng thêm + vốn góp, mua cổ phần","Tổng cục Thống kê, Niên giám Thống kê 2019, biểu ""Đầu tư trực tiếp của nước ngoài được cấp giấy phép năm 2019 phân theo đối tác đầu tư chủ yếu"""
ARE,2020,24.3,6,Các Tiểu VQ Ả-rập Thống nhất / United Arab Emirates N,"vốn cấp mới + vốn tăng thêm + vốn góp, mua cổ phần","Tổng cục Thống kê, Niên giám Thống kê 2020, biểu ""Đầu tư trực tiếp của nước ngoài được cấp giấy phép năm 2020 phân theo đối tác đầu tư chủ yếu"""
ARE,2021,0.5,4,Các Tiểu VQ Ả-rập Thống nhất - United Arab Emirates,"vốn cấp mới + vốn tăng thêm + vốn góp, mua cổ phần","Tổng cục Thống kê, Niên giám Thống kê 2021, biểu ""Đầu tư trực tiếp của nước ngoài được cấp giấy phép năm 2021 phân theo đối tác đầu tư chủ yếu"""
ARE,2022,2.7,2,Các Tiểu VQ Ả-rập Thống nhất - United Arab Emirates,"vốn cấp mới + vốn tăng thêm + vốn góp, mua cổ phần","Tổng cục Thống kê, Niên giám Thống kê 2022, biểu ""Đầu tư trực tiếp của nước ngoài được cấp giấy phép năm 2022 phân theo đối tác đầu tư chủ yếu"""
ARE,2023,1.1,8,Các Tiểu VQ Ả-rập Thống nhất - United Arab Emirates,"vốn cấp mới + vốn tăng thêm + vốn góp, mua cổ phần","Tổng cục Thống kê, Niên giám Thống kê 2023, biểu ""Đầu tư trực tiếp của nước ngoài được cấp giấy phép năm 2023 phân theo đối tác đầu tư chủ yếu"""
ARE,2024,4.3,7,Các Tiểu VQ Ả-rập Thống nhất - United Arab Emirates,"vốn cấp mới + vốn tăng thêm + vốn góp, mua cổ phần","Tổng cục Thống kê, Niên giám Thống kê 2024, biểu ""Đầu tư trực tiếp của nước ngoài được cấp giấy phép năm 2024 phân theo đối tác đầu tư chủ yếu"""
ARE,2025,6.5,9,Các Tiểu VQ Ả-rập Thống nhất - United Arab Emirates,"vốn cấp mới + vốn tăng thêm + vốn góp, mua cổ phần","Tổng cục Thống kê, Niên giám Thống kê 2025, biểu ""Đầu tư trực tiếp của nước ngoài được cấp giấy phép năm 2025 phân theo đối tác đầu tư chủ yếu"""
ARG,2017,2.4,1,Ác-hen-ti-na - Argentina,"vốn cấp mới + vốn tăng thêm + vốn góp, mua cổ phần","Tổng cục Thống kê, Niên giám Thống kê 2017, biểu ""Đầu tư trực tiếp của nước ngoài được cấp giấy phép năm 2017 phân theo đối tác đầu tư chủ yếu"""
ARG,2018,3.5,,Ác-hen-ti-na - Argentina,"vốn cấp mới + vốn tăng thêm + vốn góp, mua cổ phần","Tổng cục Thống kê, Niên giám Thống kê 2018, biểu ""Đầu tư trực tiếp của nước ngoài được cấp giấy phép năm 2018 phân theo đối tác đầu tư chủ yếu"""
ARM,2019,1.0,,Ác-mê-ni-a - Armenia,"vốn cấp mới + vốn tăng thêm + vốn góp, mua cổ phần","Tổng cục Thống kê, Niên giám Thống kê 2019, biểu ""Đầu tư trực tiếp của nước ngoài được cấp giấy phép năm 2019 phân theo đối tác đầu tư chủ yếu"""
ARM,2022,5.8,3,Ác-mê-ni-a - Armenia,"vốn cấp mới + vốn tăng thêm + vốn góp, mua cổ phần","Tổng cục Thống kê, Niên giám Thống kê 2022, biểu ""Đầu tư trực tiếp của nước ngoài được cấp giấy phép năm 2022 phân theo đối tác đầu tư chủ yếu"""
ARM,2023,0.2,,Ác-mê-ni-a - Armenia,"vốn cấp mới + vốn tăng thêm + vốn góp, mua cổ phần","Tổng cục Thống kê, Niên giám Thống kê 2023, biểu ""Đầu tư trực tiếp của nước ngoài được cấp giấy phép năm 2023 phân theo đối tác đầu tư chủ yếu"""
AUS,2006,25.4,15,¤x-tr©y-li-a - Australia,vốn cấp mới + vốn tăng thêm,"Tổng cục Thống kê, Niên giám Thống kê 2006, biểu ""Đầu tư trực tiếp của nước ngoài được cấp giấy phép năm 2006 phân theo đối tác đầu tư chủ yếu"""
AUS,2007,215.4,36,¤x-tr©y-li-a - Australia,vốn cấp mới + vốn tăng thêm,"Tổng cục Thống kê, Niên giám Thống kê 2007, biểu ""Đầu tư trực tiếp của nước ngoài được cấp giấy phép năm 2007 phân theo đối tác đầu tư chủ yếu"""
AUS,2008,56.7,24,¤x-tr©y-lia - Australia,vốn cấp mới + vốn tăng thêm,"Tổng cục Thống kê, Niên giám Thống kê 2008, biểu ""Đầu tư trực tiếp của nước ngoài được cấp giấy phép năm 2008 phân theo đối tác đầu tư chủ yếu"""
AUS,2009,93.3,28,¤x-tr©y-li-a - Australia,vốn cấp mới + vốn tăng thêm,"Tổng cục Thống kê, Niên giám Thống kê 2009, biểu ""Đầu tư trực tiếp của nước ngoài được cấp giấy phép năm 2009 phân theo đối tác đầu tư chủ yếu"""
AUS,2010,34.5,18,¤x-tr©y-li-a - Australia,vốn cấp mới + vốn tăng thêm,"Tổng cục Thống kê, Niên giám Thống kê 2010, biểu ""Đầu tư trực tiếp của nước ngoài được cấp giấy phép năm 2010 phân theo đối tác đầu tư chủ yếu"""
AUS,2011,188.3,25,¤x-tr©y-li-a - Australia,vốn cấp mới + vốn tăng thêm,"Tổng cục Thống kê, Niên giám Thống kê 2011, biểu ""Đầu tư trực tiếp của nước ngoài được cấp giấy phép năm 2011 phân theo đối tác đầu tư chủ yếu"""
AUS,2012,11.3,20,Ốt-xtrây-li-a - Australia,vốn cấp mới + vốn tăng thêm,"Tổng cục Thống kê, Niên giám Thống kê 2012, biểu ""Đầu tư trực tiếp của nước ngoài được cấp giấy phép năm 2012 phân theo đối tác đầu tư chủ yếu"""
AUS,2013,139.8,24,Ôx-trây-li-a - Australia,vốn cấp mới + vốn tăng thêm,"Tổng cục Thống kê, Niên giám Thống kê 2013, biểu ""Đầu tư trực tiếp của nước ngoài được cấp giấy phép năm 2013 phân theo đối tác đầu tư chủ yếu"""
AUS,2014,147.4,30,Ôx-trây-li-a - Australia,vốn cấp mới + vốn tăng thêm,"Tổng cục Thống kê, Niên giám Thống kê 2014, biểu ""Đầu tư trực tiếp của nước ngoài được cấp giấy phép năm 2014 phân theo đối tác đầu tư chủ yếu"""
AUS,2015,200.4,36,Ô-xtrây-li-a - Australia,vốn cấp mới + vốn tăng thêm,"Tổng cục Thống kê, Niên giám Thống kê 2015, biểu ""Đầu tư trực tiếp của nước ngoài được cấp giấy phép năm 2015 phân theo đối tác đầu tư chủ yếu"""
AUS,2016,466.8,45,Ôx-trây-li-a - Australia,"vốn cấp mới + vốn tăng thêm + vốn góp, mua cổ phần","Tổng cục Thống kê, Niên giám Thống kê 2016, biểu ""Đầu tư trực tiếp của nước ngoài được cấp giấy phép năm 2016 phân theo đối tác đầu tư chủ yếu"""
AUS,2017,153.5,36,Ôx-trây-li-a - Australia,"vốn cấp mới + vốn tăng thêm + vốn góp, mua cổ phần","Tổng cục Thống kê, Niên giám Thống kê 2017, biểu ""Đầu tư trực tiếp của nước ngoài được cấp giấy phép năm 2017 phân theo đối tác đầu tư chủ yếu"""
AUS,2018,609.1,43,Ôx-trây-li-a - Australia,"vốn cấp mới + vốn tăng thêm + vốn góp, mua cổ phần","Tổng cục Thống kê, Niên giám Thống kê 2018, biểu ""Đầu tư trực tiếp của nước ngoài được cấp giấy phép năm 2018 phân theo đối tác đầu tư chủ yếu"""
AUS,2019,230.5,52,Ô-xtrây-li-a - Australia,"vốn cấp mới + vốn tăng thêm + vốn góp, mua cổ phần","Tổng cục Thống kê, Niên giám Thống kê 2019, biểu ""Đầu tư trực tiếp của nước ngoài được cấp giấy phép năm 2019 phân theo đối tác đầu tư chủ yếu"""
AUS,2020,74.0,46,Ô-xtrây-li-a - Australia,"vốn cấp mới + vốn tăng thêm + vốn góp, mua cổ phần","Tổng cục Thống kê, Niên giám Thống kê 2020, biểu ""Đầu tư trực tiếp của nước ngoài được cấp giấy phép năm 2020 phân theo đối tác đầu tư chủ yếu"""
AUS,2021,69.3,36,Ô-xtrây-li-a - Australia,"vốn cấp mới + vốn tăng thêm + vốn góp, mua cổ phần","Tổng cục Thống kê, Niên giám Thống kê 2021, biểu ""Đầu tư trực tiếp của nước ngoài được cấp giấy phép năm 2021 phân theo đối tác đầu tư chủ yếu"""
AUS,2022,80.8,40,Ô-xtrây-li-a - Australia,"vốn cấp mới + vốn tăng thêm + vốn góp, mua cổ phần","Tổng cục Thống kê, Niên giám Thống kê 2022, biểu ""Đầu tư trực tiếp của nước ngoài được cấp giấy phép năm 2022 phân theo đối tác đầu tư chủ yếu"""
AUS,2023,105.5,50,Ô-xtrây-li-a - Australia,"vốn cấp mới + vốn tăng thêm + vốn góp, mua cổ phần","Tổng cục Thống kê, Niên giám Thống kê 2023, biểu ""Đầu tư trực tiếp của nước ngoài được cấp giấy phép năm 2023 phân theo đối tác đầu tư chủ yếu"""
AUS,2024,43.3,49,Ô-xtrây-li-a - Australia,"vốn cấp mới + vốn tăng thêm + vốn góp, mua cổ phần","Tổng cục Thống kê, Niên giám Thống kê 2024, biểu ""Đầu tư trực tiếp của nước ngoài được cấp giấy phép năm 2024 phân theo đối tác đầu tư chủ yếu"""
AUS,2025,59.0,55,Ô-xtrây-li-a - Australia,"vốn cấp mới + vốn tăng thêm + vốn góp, mua cổ phần","Tổng cục Thống kê, Niên giám Thống kê 2025, biểu ""Đầu tư trực tiếp của nước ngoài được cấp giấy phép năm 2025 phân theo đối tác đầu tư chủ yếu"""
AUT,2008,0.6,1,¸o - Austria,vốn cấp mới + vốn tăng thêm,"Tổng cục Thống kê, Niên giám Thống kê 2008, biểu ""Đầu tư trực tiếp của nước ngoài được cấp giấy phép năm 2008 phân theo đối tác đầu tư chủ yếu"""
AUT,2013,19.0,,Áo - Austria,vốn cấp mới + vốn tăng thêm,"Tổng cục Thống kê, Niên giám Thống kê 2013, biểu ""Đầu tư trực tiếp của nước ngoài được cấp giấy phép năm 2013 phân theo đối tác đầu tư chủ yếu"""
AUT,2014,15.0,,Áo - Austria,vốn cấp mới + vốn tăng thêm,"Tổng cục Thống kê, Niên giám Thống kê 2014, biểu ""Đầu tư trực tiếp của nước ngoài được cấp giấy phép năm 2014 phân theo đối tác đầu tư chủ yếu"""
AUT,2015,3.0,3,Áo - Austria,vốn cấp mới + vốn tăng thêm,"Tổng cục Thống kê, Niên giám Thống kê 2015, biểu ""Đầu tư trực tiếp của nước ngoài được cấp giấy phép năm 2015 phân theo đối tác đầu tư chủ yếu"""
AUT,2016,34.6,4,Áo - Austria,"vốn cấp mới + vốn tăng thêm + vốn góp, mua cổ phần","Tổng cục Thống kê, Niên giám Thống kê 2016, biểu ""Đầu tư trực tiếp của nước ngoài được cấp giấy phép năm 2016 phân theo đối tác đầu tư chủ yếu"""
AUT,2017,3.0,3,Áo - Austria,"vốn cấp mới + vốn tăng thêm + vốn góp, mua cổ phần","Tổng cục Thống kê, Niên giám Thống kê 2017, biểu ""Đầu tư trực tiếp của nước ngoài được cấp giấy phép năm 2017 phân theo đối tác đầu tư chủ yếu"""
AUT,2018,4.9,1,Áo - Austria,"vốn cấp mới + vốn tăng thêm + vốn góp, mua cổ phần","Tổng cục Thống kê, Niên giám Thống kê 2018, biểu ""Đầu tư trực tiếp của nước ngoài được cấp giấy phép năm 2018 phân theo đối tác đầu tư chủ yếu"""
AUT,2019,3.6,2,Áo - Austria,"vốn cấp mới + vốn tăng thêm + vốn góp, mua cổ phần","Tổng cục Thống kê, Niên giám Thống kê 2019, biểu ""Đầu tư trực tiếp của nước ngoài được cấp giấy phép năm 2019 phân theo đối tác đầu tư chủ yếu"""
AUT,2020,1.1,1,Áo - Austria,"vốn cấp mới + vốn tăng thêm + vốn góp, mua cổ phần","Tổng cục Thống kê, Niên giám Thống kê 2020, biểu ""Đầu tư trực tiếp của nước ngoài được cấp giấy phép năm 2020 phân theo đối tác đầu tư chủ yếu"""
AUT,2021,1.4,2,Áo - Austria,"vốn cấp mới + vốn tăng thêm + vốn góp, mua cổ phần","Tổng cục Thống kê, Niên giám Thống kê 2021, biểu ""Đầu tư trực tiếp của nước ngoài được cấp giấy phép năm 2021 phân theo đối tác đầu tư chủ yếu"""
AUT,2022,4.5,6,Áo - Austria,"vốn cấp mới + vốn tăng thêm + vốn góp, mua cổ phần","Tổng cục Thống kê, Niên giám Thống kê 2022, biểu ""Đầu tư trực tiếp của nước ngoài được cấp giấy phép năm 2022 phân theo đối tác đầu tư chủ yếu"""
AUT,2023,2.3,4,Áo - Austria,"vốn cấp mới + vốn tăng thêm + vốn góp, mua cổ phần","Tổng cục Thống kê, Niên giám Thống kê 2023, biểu ""Đầu tư trực tiếp của nước ngoài được cấp giấy phép năm 2023 phân theo đối tác đầu tư chủ yếu"""
AUT,2024,2.6,3,Áo - Austria,"vốn cấp mới + vốn tăng thêm + vốn góp, mua cổ phần","Tổng cục Thống kê, Niên giám Thống kê 2024, biểu ""Đầu tư trực tiếp của nước ngoài được cấp giấy phép năm 2024 phân theo đối tác đầu tư chủ yếu"""
AUT,2025,2.9,4,Áo - Austria,"vốn cấp mới + vốn tăng thêm + vốn góp, mua cổ phần","Tổng cục Thống kê, Niên giám Thống kê 2025, biểu ""Đầu tư trực tiếp của nước ngoài được cấp giấy phép năm 2025 phân theo đối tác đầu tư chủ yếu"""
BEL,2006,5.6,2,BØ - Belgium,vốn cấp mới + vốn tăng thêm,"Tổng cục Thống kê, Niên giám Thống kê 2006, biểu ""Đầu tư trực tiếp của nước ngoài được cấp giấy phép năm 2006 phân theo đối tác đầu tư chủ yếu"""
BEL,2008,0.4,2,BØ - Belgium,vốn cấp mới + vốn tăng thêm,"Tổng cục Thống kê, Niên giám Thống kê 2008, biểu ""Đầu tư trực tiếp của nước ngoài được cấp giấy phép năm 2008 phân theo đối tác đầu tư chủ yếu"""
BEL,2012,29.6,5,Bỉ - Belgium,vốn cấp mới + vốn tăng thêm,"Tổng cục Thống kê, Niên giám Thống kê 2012, biểu ""Đầu tư trực tiếp của nước ngoài được cấp giấy phép năm 2012 phân theo đối tác đầu tư chủ yếu"""
BEL,2014,281.7,7,Bỉ - Belgium,vốn cấp mới + vốn tăng thêm,"Tổng cục Thống kê, Niên giám Thống kê 2014, biểu ""Đầu tư trực tiếp của nước ngoài được cấp giấy phép năm 2014 phân theo đối tác đầu tư chủ yếu"""
BEL,2015,2.4,4,Bỉ - Belgium,vốn cấp mới + vốn tăng thêm,"Tổng cục Thống kê, Niên giám Thống kê 2015, biểu ""Đầu tư trực tiếp của nước ngoài được cấp giấy phép năm 2015 phân theo đối tác đầu tư chủ yếu"""
BEL,2016,9.2,7,Bỉ - Belgium,"vốn cấp mới + vốn tăng thêm + vốn góp, mua cổ phần","Tổng cục Thống kê, Niên giám Thống kê 2016, biểu ""Đầu tư trực tiếp của nước ngoài được cấp giấy phép năm 2016 phân theo đối tác đầu tư chủ yếu"""
BEL,2017,375.1,4,Bỉ - Belgium,"vốn cấp mới + vốn tăng thêm + vốn góp, mua cổ phần","Tổng cục Thống kê, Niên giám Thống kê 2017, biểu ""Đầu tư trực tiếp của nước ngoài được cấp giấy phép năm 2017 phân theo đối tác đầu tư chủ yếu"""
BEL,2018,129.4,7,Bỉ - Belgium,"vốn cấp mới + vốn tăng thêm + vốn góp, mua cổ phần","Tổng cục Thống kê, Niên giám Thống kê 2018, biểu ""Đầu tư trực tiếp của nước ngoài được cấp giấy phép năm 2018 phân theo đối tác đầu tư chủ yếu"""
BEL,2019,6.0,5,Bỉ - Belgium,"vốn cấp mới + vốn tăng thêm + vốn góp, mua cổ phần","Tổng cục Thống kê, Niên giám Thống kê 2019, biểu ""Đầu tư trực tiếp của nước ngoài được cấp giấy phép năm 2019 phân theo đối tác đầu tư chủ yếu"""
BEL,2020,4.3,8,Bỉ - Belgium,"vốn cấp mới + vốn tăng thêm + vốn góp, mua cổ phần","Tổng cục Thống kê, Niên giám Thống kê 2020, biểu ""Đầu tư trực tiếp của nước ngoài được cấp giấy phép năm 2020 phân theo đối tác đầu tư chủ yếu"""
BEL,2021,16.8,5,Bỉ - Belgium,"vốn cấp mới + vốn tăng thêm + vốn góp, mua cổ phần","Tổng cục Thống kê, Niên giám Thống kê 2021, biểu ""Đầu tư trực tiếp của nước ngoài được cấp giấy phép năm 2021 phân theo đối tác đầu tư chủ yếu"""
BEL,2022,1.5,2,Bỉ - Belgium,"vốn cấp mới + vốn tăng thêm + vốn góp, mua cổ phần","Tổng cục Thống kê, Niên giám Thống kê 2022, biểu ""Đầu tư trực tiếp của nước ngoài được cấp giấy phép năm 2022 phân theo đối tác đầu tư chủ yếu"""
BEL,2023,2.0,11,Bỉ - Belgium,"vốn cấp mới + vốn tăng thêm + vốn góp, mua cổ phần","Tổng cục Thống kê, Niên giám Thống kê 2023, biểu ""Đầu tư trực tiếp của nước ngoài được cấp giấy phép năm 2023 phân theo đối tác đầu tư chủ yếu"""
BEL,2024,12.9,5,Bỉ - Belgium,"vốn cấp mới + vốn tăng thêm + vốn góp, mua cổ phần","Tổng cục Thống kê, Niên giám Thống kê 2024, biểu ""Đầu tư trực tiếp của nước ngoài được cấp giấy phép năm 2024 phân theo đối tác đầu tư chủ yếu"""
BEL,2025,51.6,10,Bỉ - Belgium,"vốn cấp mới + vốn tăng thêm + vốn góp, mua cổ phần","Tổng cục Thống kê, Niên giám Thống kê 2025, biểu ""Đầu tư trực tiếp của nước ngoài được cấp giấy phép năm 2025 phân theo đối tác đầu tư chủ yếu"""
BGD,2018,1.1,6,Băng-la-đet - Bangladesh,"vốn cấp mới + vốn tăng thêm + vốn góp, mua cổ phần","Tổng cục Thống kê, Niên giám Thống kê 2018, biểu ""Đầu tư trực tiếp của nước ngoài được cấp giấy phép năm 2018 phân theo đối tác đầu tư chủ yếu"""
BGD,2019,2.8,5,Băng-la-đet - Bangladesh,"vốn cấp mới + vốn tăng thêm + vốn góp, mua cổ phần","Tổng cục Thống kê, Niên giám Thống kê 2019, biểu ""Đầu tư trực tiếp của nước ngoài được cấp giấy phép năm 2019 phân theo đối tác đầu tư chủ yếu"""
BGD,2020,1.2,,Băng-la-đet - Bangladesh,"vốn cấp mới + vốn tăng thêm + vốn góp, mua cổ phần","Tổng cục Thống kê, Niên giám Thống kê 2020, biểu ""Đầu tư trực tiếp của nước ngoài được cấp giấy phép năm 2020 phân theo đối tác đầu tư chủ yếu"""
BGD,2021,0.3,1,Băng-la-đet - Bangladesh,"vốn cấp mới + vốn tăng thêm + vốn góp, mua cổ phần","Tổng cục Thống kê, Niên giám Thống kê 2021, biểu ""Đầu tư trực tiếp của nước ngoài được cấp giấy phép năm 2021 phân theo đối tác đầu tư chủ yếu"""
BGD,2022,0.6,1,Băng-la-đet - Bangladesh,"vốn cấp mới + vốn tăng thêm + vốn góp, mua cổ phần","Tổng cục Thống kê, Niên giám Thống kê 2022, biểu ""Đầu tư trực tiếp của nước ngoài được cấp giấy phép năm 2022 phân theo đối tác đầu tư chủ yếu"""
BGD,2023,3.0,2,Băng-la-đet - Bangladesh,"vốn cấp mới + vốn tăng thêm + vốn góp, mua cổ phần","Tổng cục Thống kê, Niên giám Thống kê 2023, biểu ""Đầu tư trực tiếp của nước ngoài được cấp giấy phép năm 2023 phân theo đối tác đầu tư chủ yếu"""
BGD,2024,9.3,3,Băng-la-đet - Bangladesh,"vốn cấp mới + vốn tăng thêm + vốn góp, mua cổ phần","Tổng cục Thống kê, Niên giám Thống kê 2024, biểu ""Đầu tư trực tiếp của nước ngoài được cấp giấy phép năm 2024 phân theo đối tác đầu tư chủ yếu"""
BGD,2025,4.0,11,Băng-la-đet - Bangladesh,"vốn cấp mới + vốn tăng thêm + vốn góp, mua cổ phần","Tổng cục Thống kê, Niên giám Thống kê 2025, biểu ""Đầu tư trực tiếp của nước ngoài được cấp giấy phép năm 2025 phân theo đối tác đầu tư chủ yếu"""
BGR,2008,12.0,2,Bun-ga-ri - Bulgaria,vốn cấp mới + vốn tăng thêm,"Tổng cục Thống kê, Niên giám Thống kê 2008, biểu ""Đầu tư trực tiếp của nước ngoài được cấp giấy phép năm 2008 phân theo đối tác đầu tư chủ yếu"""
BGR,2009,16.4,2,Bun-ga-ri - Bulgaria,vốn cấp mới + vốn tăng thêm,"Tổng cục Thống kê, Niên giám Thống kê 2009, biểu ""Đầu tư trực tiếp của nước ngoài được cấp giấy phép năm 2009 phân theo đối tác đầu tư chủ yếu"""
BGR,2018,1.5,1,Bun-ga-ri - Bulgaria,"vốn cấp mới + vốn tăng thêm + vốn góp, mua cổ phần","Tổng cục Thống kê, Niên giám Thống kê 2018, biểu ""Đầu tư trực tiếp của nước ngoài được cấp giấy phép năm 2018 phân theo đối tác đầu tư chủ yếu"""
BGR,2019,1.1,1,Bun-ga-ri - Bulgaria,"vốn cấp mới + vốn tăng thêm + vốn góp, mua cổ phần","Tổng cục Thống kê, Niên giám Thống kê 2019, biểu ""Đầu tư trực tiếp của nước ngoài được cấp giấy phép năm 2019 phân theo đối tác đầu tư chủ yếu"""
BGR,2020,0.7,,Bun-ga-ri - Bulgaria,"vốn cấp mới + vốn tăng thêm + vốn góp, mua cổ phần","Tổng cục Thống kê, Niên giám Thống kê 2020, biểu ""Đầu tư trực tiếp của nước ngoài được cấp giấy phép năm 2020 phân theo đối tác đầu tư chủ yếu"""
BGR,2021,0.2,2,Bun-ga-ri - Bulgaria,"vốn cấp mới + vốn tăng thêm + vốn góp, mua cổ phần","Tổng cục Thống kê, Niên giám Thống kê 2021, biểu ""Đầu tư trực tiếp của nước ngoài được cấp giấy phép năm 2021 phân theo đối tác đầu tư chủ yếu"""
BHR,2024,3.1,,Vương quốc Bahrain - Bahrain,"vốn cấp mới + vốn tăng thêm + vốn góp, mua cổ phần","Tổng cục Thống kê, Niên giám Thống kê 2024, biểu ""Đầu tư trực tiếp của nước ngoài được cấp giấy phép năm 2024 phân theo đối tác đầu tư chủ yếu"""
BHS,2006,60.0,1,Ba-ha-ma - Bahama,vốn cấp mới + vốn tăng thêm,"Tổng cục Thống kê, Niên giám Thống kê 2006, biểu ""Đầu tư trực tiếp của nước ngoài được cấp giấy phép năm 2006 phân theo đối tác đầu tư chủ yếu"""
BHS,2024,2.5,,Ba-ha-mát - Bahamas,"vốn cấp mới + vốn tăng thêm + vốn góp, mua cổ phần","Tổng cục Thống kê, Niên giám Thống kê 2024, biểu ""Đầu tư trực tiếp của nước ngoài được cấp giấy phép năm 2024 phân theo đối tác đầu tư chủ yếu"""
BLR,2016,16.3,1,Bê-la-rút - Belarus,"vốn cấp mới + vốn tăng thêm + vốn góp, mua cổ phần","Tổng cục Thống kê, Niên giám Thống kê 2016, biểu ""Đầu tư trực tiếp của nước ngoài được cấp giấy phép năm 2016 phân theo đối tác đầu tư chủ yếu"""
BLZ,2006,6.0,1,Bª-li-xª - Belize,vốn cấp mới + vốn tăng thêm,"Tổng cục Thống kê, Niên giám Thống kê 2006, biểu ""Đầu tư trực tiếp của nước ngoài được cấp giấy phép năm 2006 phân theo đối tác đầu tư chủ yếu"""
BLZ,2007,10.0,1,Bª-li-xª - Belize,vốn cấp mới + vốn tăng thêm,"Tổng cục Thống kê, Niên giám Thống kê 2007, biểu ""Đầu tư trực tiếp của nước ngoài được cấp giấy phép năm 2007 phân theo đối tác đầu tư chủ yếu"""
BLZ,2008,12.1,1,Bª-li-xª - Belize,vốn cấp mới + vốn tăng thêm,"Tổng cục Thống kê, Niên giám Thống kê 2008, biểu ""Đầu tư trực tiếp của nước ngoài được cấp giấy phép năm 2008 phân theo đối tác đầu tư chủ yếu"""
BLZ,2015,5.0,,Bê-li-xê - Belize,vốn cấp mới + vốn tăng thêm,"Tổng cục Thống kê, Niên giám Thống kê 2015, biểu ""Đầu tư trực tiếp của nước ngoài được cấp giấy phép năm 2015 phân theo đối tác đầu tư chủ yếu"""
BLZ,2016,26.5,2,Bê-li-xê - Belize,"vốn cấp mới + vốn tăng thêm + vốn góp, mua cổ phần","Tổng cục Thống kê, Niên giám Thống kê 2016, biểu ""Đầu tư trực tiếp của nước ngoài được cấp giấy phép năm 2016 phân theo đối tác đầu tư chủ yếu"""
BLZ,2017,36.5,4,Bê-li-xê - Belize,"vốn cấp mới + vốn tăng thêm + vốn góp, mua cổ phần","Tổng cục Thống kê, Niên giám Thống kê 2017, biểu ""Đầu tư trực tiếp của nước ngoài được cấp giấy phép năm 2017 phân theo đối tác đầu tư chủ yếu"""
BLZ,2018,7.9,,Bê-li-xê - Belize,"vốn cấp mới + vốn tăng thêm + vốn góp, mua cổ phần","Tổng cục Thống kê, Niên giám Thống kê 2018, biểu ""Đầu tư trực tiếp của nước ngoài được cấp giấy phép năm 2018 phân theo đối tác đầu tư chủ yếu"""
BLZ,2019,9.7,2,Bê-li-xê - Belize,"vốn cấp mới + vốn tăng thêm + vốn góp, mua cổ phần","Tổng cục Thống kê, Niên giám Thống kê 2019, biểu ""Đầu tư trực tiếp của nước ngoài được cấp giấy phép năm 2019 phân theo đối tác đầu tư chủ yếu"""
BLZ,2020,36.5,4,Bê-li-xê - Belize,"vốn cấp mới + vốn tăng thêm + vốn góp, mua cổ phần","Tổng cục Thống kê, Niên giám Thống kê 2020, biểu ""Đầu tư trực tiếp của nước ngoài được cấp giấy phép năm 2020 phân theo đối tác đầu tư chủ yếu"""
BLZ,2021,11.3,1,Bê-li-xê - Belize,"vốn cấp mới + vốn tăng thêm + vốn góp, mua cổ phần","Tổng cục Thống kê, Niên giám Thống kê 2021, biểu ""Đầu tư trực tiếp của nước ngoài được cấp giấy phép năm 2021 phân theo đối tác đầu tư chủ yếu"""
BLZ,2022,6.6,2,Bê-li-xê - Belize,"vốn cấp mới + vốn tăng thêm + vốn góp, mua cổ phần","Tổng cục Thống kê, Niên giám Thống kê 2022, biểu ""Đầu tư trực tiếp của nước ngoài được cấp giấy phép năm 2022 phân theo đối tác đầu tư chủ yếu"""
BLZ,2023,1.1,,Bê-li-xê - Belize,"vốn cấp mới + vốn tăng thêm + vốn góp, mua cổ phần","Tổng cục Thống kê, Niên giám Thống kê 2023, biểu ""Đầu tư trực tiếp của nước ngoài được cấp giấy phép năm 2023 phân theo đối tác đầu tư chủ yếu"""
BLZ,2024,11.3,2,Bê-li-xê - Belize,"vốn cấp mới + vốn tăng thêm + vốn góp, mua cổ phần","Tổng cục Thống kê, Niên giám Thống kê 2024, biểu ""Đầu tư trực tiếp của nước ngoài được cấp giấy phép năm 2024 phân theo đối tác đầu tư chủ yếu"""
BLZ,2025,19.3,1,Bê-li-xê - Belize,"vốn cấp mới + vốn tăng thêm + vốn góp, mua cổ phần","Tổng cục Thống kê, Niên giám Thống kê 2025, biểu ""Đầu tư trực tiếp của nước ngoài được cấp giấy phép năm 2025 phân theo đối tác đầu tư chủ yếu"""
BMU,2007,15.5,1,BÐc-mu-®a - Bermuda,vốn cấp mới + vốn tăng thêm,"Tổng cục Thống kê, Niên giám Thống kê 2007, biểu ""Đầu tư trực tiếp của nước ngoài được cấp giấy phép năm 2007 phân theo đối tác đầu tư chủ yếu"""
BMU,2013,15.0,1,Bơ-mu-đa - Bermuda,vốn cấp mới + vốn tăng thêm,"Tổng cục Thống kê, Niên giám Thống kê 2013, biểu ""Đầu tư trực tiếp của nước ngoài được cấp giấy phép năm 2013 phân theo đối tác đầu tư chủ yếu"""
BMU,2014,6.0,,Bơ-mu-đa - Bermuda,vốn cấp mới + vốn tăng thêm,"Tổng cục Thống kê, Niên giám Thống kê 2014, biểu ""Đầu tư trực tiếp của nước ngoài được cấp giấy phép năm 2014 phân theo đối tác đầu tư chủ yếu"""
BMU,2016,50.5,1,Bơ-mu-đa - Bermuda,"vốn cấp mới + vốn tăng thêm + vốn góp, mua cổ phần","Tổng cục Thống kê, Niên giám Thống kê 2016, biểu ""Đầu tư trực tiếp của nước ngoài được cấp giấy phép năm 2016 phân theo đối tác đầu tư chủ yếu"""
BMU,2017,11.0,1,Bơ-mu-đa - Bermuda,"vốn cấp mới + vốn tăng thêm + vốn góp, mua cổ phần","Tổng cục Thống kê, Niên giám Thống kê 2017, biểu ""Đầu tư trực tiếp của nước ngoài được cấp giấy phép năm 2017 phân theo đối tác đầu tư chủ yếu"""
BMU,2018,39.5,2,Bơ-mu-đa - Bermuda,"vốn cấp mới + vốn tăng thêm + vốn góp, mua cổ phần","Tổng cục Thống kê, Niên giám Thống kê 2018, biểu ""Đầu tư trực tiếp của nước ngoài được cấp giấy phép năm 2018 phân theo đối tác đầu tư chủ yếu"""
BMU,2019,42.5,,Bơ-mu-đa - Bermuda,"vốn cấp mới + vốn tăng thêm + vốn góp, mua cổ phần","Tổng cục Thống kê, Niên giám Thống kê 2019, biểu ""Đầu tư trực tiếp của nước ngoài được cấp giấy phép năm 2019 phân theo đối tác đầu tư chủ yếu"""
BMU,2022,180.3,2,Béc-mu-đa - Bermuda,"vốn cấp mới + vốn tăng thêm + vốn góp, mua cổ phần","Tổng cục Thống kê, Niên giám Thống kê 2022, biểu ""Đầu tư trực tiếp của nước ngoài được cấp giấy phép năm 2022 phân theo đối tác đầu tư chủ yếu"""
BRB,2008,2.5,1,Ba-ra-®èt - Barados,vốn cấp mới + vốn tăng thêm,"Tổng cục Thống kê, Niên giám Thống kê 2008, biểu ""Đầu tư trực tiếp của nước ngoài được cấp giấy phép năm 2008 phân theo đối tác đầu tư chủ yếu"""
BRN,2006,53.2,12,Bru-n©y - Brunei,vốn cấp mới + vốn tăng thêm,"Tổng cục Thống kê, Niên giám Thống kê 2006, biểu ""Đầu tư trực tiếp của nước ngoài được cấp giấy phép năm 2006 phân theo đối tác đầu tư chủ yếu"""
BRN,2007,70.9,15,Bru-n©y - Brunei,vốn cấp mới + vốn tăng thêm,"Tổng cục Thống kê, Niên giám Thống kê 2007, biểu ""Đầu tư trực tiếp của nước ngoài được cấp giấy phép năm 2007 phân theo đối tác đầu tư chủ yếu"""
BRN,2008,4417.8,19,Bru-n©y - Brunei,vốn cấp mới + vốn tăng thêm,"Tổng cục Thống kê, Niên giám Thống kê 2008, biểu ""Đầu tư trực tiếp của nước ngoài được cấp giấy phép năm 2008 phân theo đối tác đầu tư chủ yếu"""
BRN,2009,34.7,22,Bru-n©y - Brunei,vốn cấp mới + vốn tăng thêm,"Tổng cục Thống kê, Niên giám Thống kê 2009, biểu ""Đầu tư trực tiếp của nước ngoài được cấp giấy phép năm 2009 phân theo đối tác đầu tư chủ yếu"""
BRN,2010,32.7,10,Bru-n©y - Brunei,vốn cấp mới + vốn tăng thêm,"Tổng cục Thống kê, Niên giám Thống kê 2010, biểu ""Đầu tư trực tiếp của nước ngoài được cấp giấy phép năm 2010 phân theo đối tác đầu tư chủ yếu"""
BRN,2011,79.5,11,Bru-n©y - Brunei,vốn cấp mới + vốn tăng thêm,"Tổng cục Thống kê, Niên giám Thống kê 2011, biểu ""Đầu tư trực tiếp của nước ngoài được cấp giấy phép năm 2011 phân theo đối tác đầu tư chủ yếu"""
BRN,2013,82.7,15,Bru-nây - Brunei,vốn cấp mới + vốn tăng thêm,"Tổng cục Thống kê, Niên giám Thống kê 2013, biểu ""Đầu tư trực tiếp của nước ngoài được cấp giấy phép năm 2013 phân theo đối tác đầu tư chủ yếu"""
BRN,2014,87.4,16,Bru-nây - Brunei,vốn cấp mới + vốn tăng thêm,"Tổng cục Thống kê, Niên giám Thống kê 2014, biểu ""Đầu tư trực tiếp của nước ngoài được cấp giấy phép năm 2014 phân theo đối tác đầu tư chủ yếu"""
BRN,2015,197.6,20,Bru-nây - Brunei,vốn cấp mới + vốn tăng thêm,"Tổng cục Thống kê, Niên giám Thống kê 2015, biểu ""Đầu tư trực tiếp của nước ngoài được cấp giấy phép năm 2015 phân theo đối tác đầu tư chủ yếu"""
BRN,2016,354.8,18,Bru-nây - Brunei,"vốn cấp mới + vốn tăng thêm + vốn góp, mua cổ phần","Tổng cục Thống kê, Niên giám Thống kê 2016, biểu ""Đầu tư trực tiếp của nước ngoài được cấp giấy phép năm 2016 phân theo đối tác đầu tư chủ yếu"""
BRN,2017,55.5,2,Bru-nây - Brunei,"vốn cấp mới + vốn tăng thêm + vốn góp, mua cổ phần","Tổng cục Thống kê, Niên giám Thống kê 2017, biểu ""Đầu tư trực tiếp của nước ngoài được cấp giấy phép năm 2017 phân theo đối tác đầu tư chủ yếu"""
BRN,2018,12.1,1,Bru-nây - Brunei,"vốn cấp mới + vốn tăng thêm + vốn góp, mua cổ phần","Tổng cục Thống kê, Niên giám Thống kê 2018, biểu ""Đầu tư trực tiếp của nước ngoài được cấp giấy phép năm 2018 phân theo đối tác đầu tư chủ yếu"""
BRN,2019,69.6,1,Bru-nây - Brunei,"vốn cấp mới + vốn tăng thêm + vốn góp, mua cổ phần","Tổng cục Thống kê, Niên giám Thống kê 2019, biểu ""Đầu tư trực tiếp của nước ngoài được cấp giấy phép năm 2019 phân theo đối tác đầu tư chủ yếu"""
BRN,2020,1.9,,Bru-nây - Brunei,"vốn cấp mới + vốn tăng thêm + vốn góp, mua cổ phần","Tổng cục Thống kê, Niên giám Thống kê 2020, biểu ""Đầu tư trực tiếp của nước ngoài được cấp giấy phép năm 2020 phân theo đối tác đầu tư chủ yếu"""
BRN,2021,8.4,,Bru-nây - Brunei,"vốn cấp mới + vốn tăng thêm + vốn góp, mua cổ phần","Tổng cục Thống kê, Niên giám Thống kê 2021, biểu ""Đầu tư trực tiếp của nước ngoài được cấp giấy phép năm 2021 phân theo đối tác đầu tư chủ yếu"""
BRN,2022,28.5,1,Bru-nây - Brunei,"vốn cấp mới + vốn tăng thêm + vốn góp, mua cổ phần","Tổng cục Thống kê, Niên giám Thống kê 2022, biểu ""Đầu tư trực tiếp của nước ngoài được cấp giấy phép năm 2022 phân theo đối tác đầu tư chủ yếu"""
BRN,2023,21.0,2,Bru-nây - Brunei,"vốn cấp mới + vốn tăng thêm + vốn góp, mua cổ phần","Tổng cục Thống kê, Niên giám Thống kê 2023, biểu ""Đầu tư trực tiếp của nước ngoài được cấp giấy phép năm 2023 phân theo đối tác đầu tư chủ yếu"""
BRN,2024,26.3,,Bru-nây - Brunei,"vốn cấp mới + vốn tăng thêm + vốn góp, mua cổ phần","Tổng cục Thống kê, Niên giám Thống kê 2024, biểu ""Đầu tư trực tiếp của nước ngoài được cấp giấy phép năm 2024 phân theo đối tác đầu tư chủ yếu"""
BRN,2025,7.7,1,Bru-nây - Brunei,"vốn cấp mới + vốn tăng thêm + vốn góp, mua cổ phần","Tổng cục Thống kê, Niên giám Thống kê 2025, biểu ""Đầu tư trực tiếp của nước ngoài được cấp giấy phép năm 2025 phân theo đối tác đầu tư chủ yếu"""
CAN,2006,76.3,3,Ca-na-da - Canada,vốn cấp mới + vốn tăng thêm,"Tổng cục Thống kê, Niên giám Thống kê 2006, biểu ""Đầu tư trực tiếp của nước ngoài được cấp giấy phép năm 2006 phân theo đối tác đầu tư chủ yếu"""
CAN,2007,146.0,6,Ca-na-da - Canada,vốn cấp mới + vốn tăng thêm,"Tổng cục Thống kê, Niên giám Thống kê 2007, biểu ""Đầu tư trực tiếp của nước ngoài được cấp giấy phép năm 2007 phân theo đối tác đầu tư chủ yếu"""
CAN,2008,4237.7,9,Ca-na-®a - Canada,vốn cấp mới + vốn tăng thêm,"Tổng cục Thống kê, Niên giám Thống kê 2008, biểu ""Đầu tư trực tiếp của nước ngoài được cấp giấy phép năm 2008 phân theo đối tác đầu tư chủ yếu"""
CAN,2009,24.7,16,Ca-na-®a - Canada,vốn cấp mới + vốn tăng thêm,"Tổng cục Thống kê, Niên giám Thống kê 2009, biểu ""Đầu tư trực tiếp của nước ngoài được cấp giấy phép năm 2009 phân theo đối tác đầu tư chủ yếu"""
CAN,2010,48.2,13,Ca-na-®a - Canada,vốn cấp mới + vốn tăng thêm,"Tổng cục Thống kê, Niên giám Thống kê 2010, biểu ""Đầu tư trực tiếp của nước ngoài được cấp giấy phép năm 2010 phân theo đối tác đầu tư chủ yếu"""
CAN,2011,52.8,14,Ca-na-®a - Canada,vốn cấp mới + vốn tăng thêm,"Tổng cục Thống kê, Niên giám Thống kê 2011, biểu ""Đầu tư trực tiếp của nước ngoài được cấp giấy phép năm 2011 phân theo đối tác đầu tư chủ yếu"""
CAN,2012,21.6,15,Ca-na-đa - Canada,vốn cấp mới + vốn tăng thêm,"Tổng cục Thống kê, Niên giám Thống kê 2012, biểu ""Đầu tư trực tiếp của nước ngoài được cấp giấy phép năm 2012 phân theo đối tác đầu tư chủ yếu"""
CAN,2013,27.7,7,Ca-na-đa - Canada,vốn cấp mới + vốn tăng thêm,"Tổng cục Thống kê, Niên giám Thống kê 2013, biểu ""Đầu tư trực tiếp của nước ngoài được cấp giấy phép năm 2013 phân theo đối tác đầu tư chủ yếu"""
CAN,2014,297.0,13,Ca-na-da - Canada,vốn cấp mới + vốn tăng thêm,"Tổng cục Thống kê, Niên giám Thống kê 2014, biểu ""Đầu tư trực tiếp của nước ngoài được cấp giấy phép năm 2014 phân theo đối tác đầu tư chủ yếu"""
CAN,2015,6.1,10,Ca-na-đa - Canada,vốn cấp mới + vốn tăng thêm,"Tổng cục Thống kê, Niên giám Thống kê 2015, biểu ""Đầu tư trực tiếp của nước ngoài được cấp giấy phép năm 2015 phân theo đối tác đầu tư chủ yếu"""
CAN,2016,76.4,16,Ca-na-đa - Canada,"vốn cấp mới + vốn tăng thêm + vốn góp, mua cổ phần","Tổng cục Thống kê, Niên giám Thống kê 2016, biểu ""Đầu tư trực tiếp của nước ngoài được cấp giấy phép năm 2016 phân theo đối tác đầu tư chủ yếu"""
CAN,2017,46.4,8,Ca-na-đa - Canada,"vốn cấp mới + vốn tăng thêm + vốn góp, mua cổ phần","Tổng cục Thống kê, Niên giám Thống kê 2017, biểu ""Đầu tư trực tiếp của nước ngoài được cấp giấy phép năm 2017 phân theo đối tác đầu tư chủ yếu"""
CAN,2018,91.4,14,Ca-na-đa - Canada,"vốn cấp mới + vốn tăng thêm + vốn góp, mua cổ phần","Tổng cục Thống kê, Niên giám Thống kê 2018, biểu ""Đầu tư trực tiếp của nước ngoài được cấp giấy phép năm 2018 phân theo đối tác đầu tư chủ yếu"""
CAN,2019,182.6,29,Ca-na-đa - Canada,"vốn cấp mới + vốn tăng thêm + vốn góp, mua cổ phần","Tổng cục Thống kê, Niên giám Thống kê 2019, biểu ""Đầu tư trực tiếp của nước ngoài được cấp giấy phép năm 2019 phân theo đối tác đầu tư chủ yếu"""
CAN,2020,68.2,21,Ca-na-đa - Canada,"vốn cấp mới + vốn tăng thêm + vốn góp, mua cổ phần","Tổng cục Thống kê, Niên giám Thống kê 2020, biểu ""Đầu tư trực tiếp của nước ngoài được cấp giấy phép năm 2020 phân theo đối tác đầu tư chủ yếu"""
CAN,2021,62.6,20,Ca-na-đa - Canada,"vốn cấp mới + vốn tăng thêm + vốn góp, mua cổ phần","Tổng cục Thống kê, Niên giám Thống kê 2021, biểu ""Đầu tư trực tiếp của nước ngoài được cấp giấy phép năm 2021 phân theo đối tác đầu tư chủ yếu"""
CAN,2022,58.2,15,Ca-na-đa - Canada,"vốn cấp mới + vốn tăng thêm + vốn góp, mua cổ phần","Tổng cục Thống kê, Niên giám Thống kê 2022, biểu ""Đầu tư trực tiếp của nước ngoài được cấp giấy phép năm 2022 phân theo đối tác đầu tư chủ yếu"""
CAN,2023,555.1,16,Ca-na-đa - Canada,"vốn cấp mới + vốn tăng thêm + vốn góp, mua cổ phần","Tổng cục Thống kê, Niên giám Thống kê 2023, biểu ""Đầu tư trực tiếp của nước ngoài được cấp giấy phép năm 2023 phân theo đối tác đầu tư chủ yếu"""
CAN,2024,73.1,21,Ca-na-đa - Canada,"vốn cấp mới + vốn tăng thêm + vốn góp, mua cổ phần","Tổng cục Thống kê, Niên giám Thống kê 2024, biểu ""Đầu tư trực tiếp của nước ngoài được cấp giấy phép năm 2024 phân theo đối tác đầu tư chủ yếu"""
CAN,2025,65.3,28,Ca-na-đa - Canada,"vốn cấp mới + vốn tăng thêm + vốn góp, mua cổ phần","Tổng cục Thống kê, Niên giám Thống kê 2025, biểu ""Đầu tư trực tiếp của nước ngoài được cấp giấy phép năm 2025 phân theo đối tác đầu tư chủ yếu"""
CHE,2006,51.0,8,Thôy Sü - Switzerland,vốn cấp mới + vốn tăng thêm,"Tổng cục Thống kê, Niên giám Thống kê 2006, biểu ""Đầu tư trực tiếp của nước ngoài được cấp giấy phép năm 2006 phân theo đối tác đầu tư chủ yếu"""
CHE,2007,5.0,4,Thôy Sü - Switzerland,vốn cấp mới + vốn tăng thêm,"Tổng cục Thống kê, Niên giám Thống kê 2007, biểu ""Đầu tư trực tiếp của nước ngoài được cấp giấy phép năm 2007 phân theo đối tác đầu tư chủ yếu"""
CHE,2008,658.9,11,Thôy Sü - Switzerland,vốn cấp mới + vốn tăng thêm,"Tổng cục Thống kê, Niên giám Thống kê 2008, biểu ""Đầu tư trực tiếp của nước ngoài được cấp giấy phép năm 2008 phân theo đối tác đầu tư chủ yếu"""
CHE,2010,290.7,5,Thôy Sü - Switzerland,vốn cấp mới + vốn tăng thêm,"Tổng cục Thống kê, Niên giám Thống kê 2010, biểu ""Đầu tư trực tiếp của nước ngoài được cấp giấy phép năm 2010 phân theo đối tác đầu tư chủ yếu"""
CHE,2011,269.0,9,Thôy Sü - Switzerland,vốn cấp mới + vốn tăng thêm,"Tổng cục Thống kê, Niên giám Thống kê 2011, biểu ""Đầu tư trực tiếp của nước ngoài được cấp giấy phép năm 2011 phân theo đối tác đầu tư chủ yếu"""
CHE,2014,116.7,6,Thụy Sỹ - Switzerland,vốn cấp mới + vốn tăng thêm,"Tổng cục Thống kê, Niên giám Thống kê 2014, biểu ""Đầu tư trực tiếp của nước ngoài được cấp giấy phép năm 2014 phân theo đối tác đầu tư chủ yếu"""
CHE,2015,102.2,9,Thụy Sỹ - Switzerland,vốn cấp mới + vốn tăng thêm,"Tổng cục Thống kê, Niên giám Thống kê 2015, biểu ""Đầu tư trực tiếp của nước ngoài được cấp giấy phép năm 2015 phân theo đối tác đầu tư chủ yếu"""
CHE,2016,55.6,8,Thụy Sỹ - Switzerland,"vốn cấp mới + vốn tăng thêm + vốn góp, mua cổ phần","Tổng cục Thống kê, Niên giám Thống kê 2016, biểu ""Đầu tư trực tiếp của nước ngoài được cấp giấy phép năm 2016 phân theo đối tác đầu tư chủ yếu"""
CHE,2017,44.7,6,Thụy Sỹ - Switzerland,"vốn cấp mới + vốn tăng thêm + vốn góp, mua cổ phần","Tổng cục Thống kê, Niên giám Thống kê 2017, biểu ""Đầu tư trực tiếp của nước ngoài được cấp giấy phép năm 2017 phân theo đối tác đầu tư chủ yếu"""
CHE,2018,85.5,11,Thụy Sỹ - Switzerland,"vốn cấp mới + vốn tăng thêm + vốn góp, mua cổ phần","Tổng cục Thống kê, Niên giám Thống kê 2018, biểu ""Đầu tư trực tiếp của nước ngoài được cấp giấy phép năm 2018 phân theo đối tác đầu tư chủ yếu"""
CHE,2019,108.0,21,Thụy Sỹ - Switzerland,"vốn cấp mới + vốn tăng thêm + vốn góp, mua cổ phần","Tổng cục Thống kê, Niên giám Thống kê 2019, biểu ""Đầu tư trực tiếp của nước ngoài được cấp giấy phép năm 2019 phân theo đối tác đầu tư chủ yếu"""
CHE,2020,148.5,12,Thụy Sỹ - Switzerland,"vốn cấp mới + vốn tăng thêm + vốn góp, mua cổ phần","Tổng cục Thống kê, Niên giám Thống kê 2020, biểu ""Đầu tư trực tiếp của nước ngoài được cấp giấy phép năm 2020 phân theo đối tác đầu tư chủ yếu"""
CHE,2021,198.9,13,Thụy Sỹ - Switzerland,"vốn cấp mới + vốn tăng thêm + vốn góp, mua cổ phần","Tổng cục Thống kê, Niên giám Thống kê 2021, biểu ""Đầu tư trực tiếp của nước ngoài được cấp giấy phép năm 2021 phân theo đối tác đầu tư chủ yếu"""
CHE,2022,15.3,17,Thụy Sỹ - Switzerland,"vốn cấp mới + vốn tăng thêm + vốn góp, mua cổ phần","Tổng cục Thống kê, Niên giám Thống kê 2022, biểu ""Đầu tư trực tiếp của nước ngoài được cấp giấy phép năm 2022 phân theo đối tác đầu tư chủ yếu"""
CHE,2023,44.5,15,Thụy Sỹ - Switzerland,"vốn cấp mới + vốn tăng thêm + vốn góp, mua cổ phần","Tổng cục Thống kê, Niên giám Thống kê 2023, biểu ""Đầu tư trực tiếp của nước ngoài được cấp giấy phép năm 2023 phân theo đối tác đầu tư chủ yếu"""
CHE,2024,103.2,13,Thụy Sỹ - Switzerland,"vốn cấp mới + vốn tăng thêm + vốn góp, mua cổ phần","Tổng cục Thống kê, Niên giám Thống kê 2024, biểu ""Đầu tư trực tiếp của nước ngoài được cấp giấy phép năm 2024 phân theo đối tác đầu tư chủ yếu"""
CHE,2025,584.7,18,Thụy Sỹ - Switzerland,"vốn cấp mới + vốn tăng thêm + vốn góp, mua cổ phần","Tổng cục Thống kê, Niên giám Thống kê 2025, biểu ""Đầu tư trực tiếp của nước ngoài được cấp giấy phép năm 2025 phân theo đối tác đầu tư chủ yếu"""
CHN,2006,401.3,77,"CHND Trung Hoa - China, PR",vốn cấp mới + vốn tăng thêm,"Tổng cục Thống kê, Niên giám Thống kê 2006, biểu ""Đầu tư trực tiếp của nước ngoài được cấp giấy phép năm 2006 phân theo đối tác đầu tư chủ yếu"""
CHN,2007,572.5,130,"CHND Trung Hoa - China, PR",vốn cấp mới + vốn tăng thêm,"Tổng cục Thống kê, Niên giám Thống kê 2007, biểu ""Đầu tư trực tiếp của nước ngoài được cấp giấy phép năm 2007 phân theo đối tác đầu tư chủ yếu"""
CHN,2008,373.5,73,"CHND Trung Hoa - China, PR",vốn cấp mới + vốn tăng thêm,"Tổng cục Thống kê, Niên giám Thống kê 2008, biểu ""Đầu tư trực tiếp của nước ngoài được cấp giấy phép năm 2008 phân theo đối tác đầu tư chủ yếu"""
CHN,2009,380.0,76,"CHND Trung Hoa - China, PR",vốn cấp mới + vốn tăng thêm,"Tổng cục Thống kê, Niên giám Thống kê 2009, biểu ""Đầu tư trực tiếp của nước ngoài được cấp giấy phép năm 2009 phân theo đối tác đầu tư chủ yếu"""
CHN,2010,685.0,105,"CHND Trung Hoa - China, PR",vốn cấp mới + vốn tăng thêm,"Tổng cục Thống kê, Niên giám Thống kê 2010, biểu ""Đầu tư trực tiếp của nước ngoài được cấp giấy phép năm 2010 phân theo đối tác đầu tư chủ yếu"""
CHN,2011,757.7,85,"CHND Trung Hoa - China, PR",vốn cấp mới + vốn tăng thêm,"Tổng cục Thống kê, Niên giám Thống kê 2011, biểu ""Đầu tư trực tiếp của nước ngoài được cấp giấy phép năm 2011 phân theo đối tác đầu tư chủ yếu"""
CHN,2012,371.2,76,"CHND Trung Hoa - China, PR",vốn cấp mới + vốn tăng thêm,"Tổng cục Thống kê, Niên giám Thống kê 2012, biểu ""Đầu tư trực tiếp của nước ngoài được cấp giấy phép năm 2012 phân theo đối tác đầu tư chủ yếu"""
CHN,2013,2338.6,110,"CHND Trung Hoa - China, PR",vốn cấp mới + vốn tăng thêm,"Tổng cục Thống kê, Niên giám Thống kê 2013, biểu ""Đầu tư trực tiếp của nước ngoài được cấp giấy phép năm 2013 phân theo đối tác đầu tư chủ yếu"""
CHN,2014,497.1,112,"CHND Trung Hoa - China, PR",vốn cấp mới + vốn tăng thêm,"Tổng cục Thống kê, Niên giám Thống kê 2014, biểu ""Đầu tư trực tiếp của nước ngoài được cấp giấy phép năm 2014 phân theo đối tác đầu tư chủ yếu"""
CHN,2015,744.1,175,"CHND Trung Hoa - China, PR",vốn cấp mới + vốn tăng thêm,"Tổng cục Thống kê, Niên giám Thống kê 2015, biểu ""Đầu tư trực tiếp của nước ngoài được cấp giấy phép năm 2015 phân theo đối tác đầu tư chủ yếu"""
CHN,2016,2136.7,283,"CHND Trung Hoa - China, PR","vốn cấp mới + vốn tăng thêm + vốn góp, mua cổ phần","Tổng cục Thống kê, Niên giám Thống kê 2016, biểu ""Đầu tư trực tiếp của nước ngoài được cấp giấy phép năm 2016 phân theo đối tác đầu tư chủ yếu"""
CHN,2017,2137.6,295,"CHND Trung Hoa - China, PR","vốn cấp mới + vốn tăng thêm + vốn góp, mua cổ phần","Tổng cục Thống kê, Niên giám Thống kê 2017, biểu ""Đầu tư trực tiếp của nước ngoài được cấp giấy phép năm 2017 phân theo đối tác đầu tư chủ yếu"""
CHN,2018,2531.7,408,"CHND Trung Hoa - China, PR","vốn cấp mới + vốn tăng thêm + vốn góp, mua cổ phần","Tổng cục Thống kê, Niên giám Thống kê 2018, biểu ""Đầu tư trực tiếp của nước ngoài được cấp giấy phép năm 2018 phân theo đối tác đầu tư chủ yếu"""
CHN,2019,4115.2,705,"CHND Trung Hoa - China, PR","vốn cấp mới + vốn tăng thêm + vốn góp, mua cổ phần","Tổng cục Thống kê, Niên giám Thống kê 2019, biểu ""Đầu tư trực tiếp của nước ngoài được cấp giấy phép năm 2019 phân theo đối tác đầu tư chủ yếu"""
CHN,2020,2613.3,360,"CHND Trung Hoa - China, PR","vốn cấp mới + vốn tăng thêm + vốn góp, mua cổ phần","Tổng cục Thống kê, Niên giám Thống kê 2020, biểu ""Đầu tư trực tiếp của nước ngoài được cấp giấy phép năm 2020 phân theo đối tác đầu tư chủ yếu"""
CHN,2021,3001.8,216,"CHND Trung Hoa - China, PR","vốn cấp mới + vốn tăng thêm + vốn góp, mua cổ phần","Tổng cục Thống kê, Niên giám Thống kê 2021, biểu ""Đầu tư trực tiếp của nước ngoài được cấp giấy phép năm 2021 phân theo đối tác đầu tư chủ yếu"""
CHN,2022,2616.6,296,"CHND Trung Hoa - China, PR","vốn cấp mới + vốn tăng thêm + vốn góp, mua cổ phần","Tổng cục Thống kê, Niên giám Thống kê 2022, biểu ""Đầu tư trực tiếp của nước ngoài được cấp giấy phép năm 2022 phân theo đối tác đầu tư chủ yếu"""
CHN,2023,4588.2,743,"CHND Trung Hoa - China, PR","vốn cấp mới + vốn tăng thêm + vốn góp, mua cổ phần","Tổng cục Thống kê, Niên giám Thống kê 2023, biểu ""Đầu tư trực tiếp của nước ngoài được cấp giấy phép năm 2023 phân theo đối tác đầu tư chủ yếu"""
CHN,2024,4732.1,955,"CHND Trung Hoa - China, PR","vốn cấp mới + vốn tăng thêm + vốn góp, mua cổ phần","Tổng cục Thống kê, Niên giám Thống kê 2024, biểu ""Đầu tư trực tiếp của nước ngoài được cấp giấy phép năm 2024 phân theo đối tác đầu tư chủ yếu"""
CHN,2025,5695.8,1275,"CHND Trung Hoa - China, PR","vốn cấp mới + vốn tăng thêm + vốn góp, mua cổ phần","Tổng cục Thống kê, Niên giám Thống kê 2025, biểu ""Đầu tư trực tiếp của nước ngoài được cấp giấy phép năm 2025 phân theo đối tác đầu tư chủ yếu"""
CIV,2022,0.7,,Cốt-đi-voa (Bờ biển Ngà) - Cote d'Ivoire,"vốn cấp mới + vốn tăng thêm + vốn góp, mua cổ phần","Tổng cục Thống kê, Niên giám Thống kê 2022, biểu ""Đầu tư trực tiếp của nước ngoài được cấp giấy phép năm 2022 phân theo đối tác đầu tư chủ yếu"""
CIV,2023,0.3,1,Cốt-đi-voa (Bờ biển Ngà) - Ivory Coast,"vốn cấp mới + vốn tăng thêm + vốn góp, mua cổ phần","Tổng cục Thống kê, Niên giám Thống kê 2023, biểu ""Đầu tư trực tiếp của nước ngoài được cấp giấy phép năm 2023 phân theo đối tác đầu tư chủ yếu"""
CMR,2024,1.0,1,Cộng hòa Ca-mơ-run - Republic of Cameroon,"vốn cấp mới + vốn tăng thêm + vốn góp, mua cổ phần","Tổng cục Thống kê, Niên giám Thống kê 2024, biểu ""Đầu tư trực tiếp của nước ngoài được cấp giấy phép năm 2024 phân theo đối tác đầu tư chủ yếu"""
COG,2017,0.9,,Công-gô - Congo,"vốn cấp mới + vốn tăng thêm + vốn góp, mua cổ phần","Tổng cục Thống kê, Niên giám Thống kê 2017, biểu ""Đầu tư trực tiếp của nước ngoài được cấp giấy phép năm 2017 phân theo đối tác đầu tư chủ yếu"""
COG,2019,2.2,,Công-gô - Congo,"vốn cấp mới + vốn tăng thêm + vốn góp, mua cổ phần","Tổng cục Thống kê, Niên giám Thống kê 2019, biểu ""Đầu tư trực tiếp của nước ngoài được cấp giấy phép năm 2019 phân theo đối tác đầu tư chủ yếu"""
COG,2020,0.3,,Công-gô - Congo,"vốn cấp mới + vốn tăng thêm + vốn góp, mua cổ phần","Tổng cục Thống kê, Niên giám Thống kê 2020, biểu ""Đầu tư trực tiếp của nước ngoài được cấp giấy phép năm 2020 phân theo đối tác đầu tư chủ yếu"""
COG,2021,1.0,,Công-gô - Congo,"vốn cấp mới + vốn tăng thêm + vốn góp, mua cổ phần","Tổng cục Thống kê, Niên giám Thống kê 2021, biểu ""Đầu tư trực tiếp của nước ngoài được cấp giấy phép năm 2021 phân theo đối tác đầu tư chủ yếu"""
COG,2025,1.1,,Công gô - Congo,"vốn cấp mới + vốn tăng thêm + vốn góp, mua cổ phần","Tổng cục Thống kê, Niên giám Thống kê 2025, biểu ""Đầu tư trực tiếp của nước ngoài được cấp giấy phép năm 2025 phân theo đối tác đầu tư chủ yếu"""
COK,2013,49.0,,Quần đảo Cúc - Cook Islands,vốn cấp mới + vốn tăng thêm,"Tổng cục Thống kê, Niên giám Thống kê 2013, biểu ""Đầu tư trực tiếp của nước ngoài được cấp giấy phép năm 2013 phân theo đối tác đầu tư chủ yếu"""
CRI,2007,16.5,1,C«-xta-ri-ca - Costa Rica,vốn cấp mới + vốn tăng thêm,"Tổng cục Thống kê, Niên giám Thống kê 2007, biểu ""Đầu tư trực tiếp của nước ngoài được cấp giấy phép năm 2007 phân theo đối tác đầu tư chủ yếu"""
CUB,2022,0.9,,Cu-ba - Cuba,"vốn cấp mới + vốn tăng thêm + vốn góp, mua cổ phần","Tổng cục Thống kê, Niên giám Thống kê 2022, biểu ""Đầu tư trực tiếp của nước ngoài được cấp giấy phép năm 2022 phân theo đối tác đầu tư chủ yếu"""
CUB,2023,0.4,,Cu-ba - Cuba,"vốn cấp mới + vốn tăng thêm + vốn góp, mua cổ phần","Tổng cục Thống kê, Niên giám Thống kê 2023, biểu ""Đầu tư trực tiếp của nước ngoài được cấp giấy phép năm 2023 phân theo đối tác đầu tư chủ yếu"""
CUB,2025,18.7,1,Cu-ba - Cuba,"vốn cấp mới + vốn tăng thêm + vốn góp, mua cổ phần","Tổng cục Thống kê, Niên giám Thống kê 2025, biểu ""Đầu tư trực tiếp của nước ngoài được cấp giấy phép năm 2025 phân theo đối tác đầu tư chủ yếu"""
CYM,2006,713.8,5,QuÇn ®¶o Cay men - Cayman Islands,vốn cấp mới + vốn tăng thêm,"Tổng cục Thống kê, Niên giám Thống kê 2006, biểu ""Đầu tư trực tiếp của nước ngoài được cấp giấy phép năm 2006 phân theo đối tác đầu tư chủ yếu"""
CYM,2007,158.2,6,QuÇn ®¶o Cay men - Cayman Islands,vốn cấp mới + vốn tăng thêm,"Tổng cục Thống kê, Niên giám Thống kê 2007, biểu ""Đầu tư trực tiếp của nước ngoài được cấp giấy phép năm 2007 phân theo đối tác đầu tư chủ yếu"""
CYM,2008,2712.2,5,QuÇn ®¶o Cay men - Cayman Islands,vốn cấp mới + vốn tăng thêm,"Tổng cục Thống kê, Niên giám Thống kê 2008, biểu ""Đầu tư trực tiếp của nước ngoài được cấp giấy phép năm 2008 phân theo đối tác đầu tư chủ yếu"""
CYM,2009,2203.4,5,QuÇn ®¶o Cay men - Cayman Islands,vốn cấp mới + vốn tăng thêm,"Tổng cục Thống kê, Niên giám Thống kê 2009, biểu ""Đầu tư trực tiếp của nước ngoài được cấp giấy phép năm 2009 phân theo đối tác đầu tư chủ yếu"""
CYM,2010,565.8,5,QuÇn ®¶o Cay men - Cayman Islands,vốn cấp mới + vốn tăng thêm,"Tổng cục Thống kê, Niên giám Thống kê 2010, biểu ""Đầu tư trực tiếp của nước ngoài được cấp giấy phép năm 2010 phân theo đối tác đầu tư chủ yếu"""
CYM,2011,69.6,1,QuÇn ®¶o Cay men - Cayman Islands,vốn cấp mới + vốn tăng thêm,"Tổng cục Thống kê, Niên giám Thống kê 2011, biểu ""Đầu tư trực tiếp của nước ngoài được cấp giấy phép năm 2011 phân theo đối tác đầu tư chủ yếu"""
CYM,2013,372.7,4,Quần đảo Cay men - Cayman Islands,vốn cấp mới + vốn tăng thêm,"Tổng cục Thống kê, Niên giám Thống kê 2013, biểu ""Đầu tư trực tiếp của nước ngoài được cấp giấy phép năm 2013 phân theo đối tác đầu tư chủ yếu"""
CYM,2014,87.9,2,Quần đảo Cay men - Cayman Islands,vốn cấp mới + vốn tăng thêm,"Tổng cục Thống kê, Niên giám Thống kê 2014, biểu ""Đầu tư trực tiếp của nước ngoài được cấp giấy phép năm 2014 phân theo đối tác đầu tư chủ yếu"""
CYM,2015,258.3,6,Quần đảo Cay men - Cayman Islands,vốn cấp mới + vốn tăng thêm,"Tổng cục Thống kê, Niên giám Thống kê 2015, biểu ""Đầu tư trực tiếp của nước ngoài được cấp giấy phép năm 2015 phân theo đối tác đầu tư chủ yếu"""
CYM,2016,645.6,8,Quần đảo Cay men - Cayman Islands,"vốn cấp mới + vốn tăng thêm + vốn góp, mua cổ phần","Tổng cục Thống kê, Niên giám Thống kê 2016, biểu ""Đầu tư trực tiếp của nước ngoài được cấp giấy phép năm 2016 phân theo đối tác đầu tư chủ yếu"""
CYM,2017,411.4,8,Quần đảo Cay men - Cayman Islands,"vốn cấp mới + vốn tăng thêm + vốn góp, mua cổ phần","Tổng cục Thống kê, Niên giám Thống kê 2017, biểu ""Đầu tư trực tiếp của nước ngoài được cấp giấy phép năm 2017 phân theo đối tác đầu tư chủ yếu"""
CYM,2018,244.1,5,Quần đảo Cay men - Cayman Islands,"vốn cấp mới + vốn tăng thêm + vốn góp, mua cổ phần","Tổng cục Thống kê, Niên giám Thống kê 2018, biểu ""Đầu tư trực tiếp của nước ngoài được cấp giấy phép năm 2018 phân theo đối tác đầu tư chủ yếu"""
CYM,2019,508.2,8,Quần đảo Cay-men - Cayman Islands,"vốn cấp mới + vốn tăng thêm + vốn góp, mua cổ phần","Tổng cục Thống kê, Niên giám Thống kê 2019, biểu ""Đầu tư trực tiếp của nước ngoài được cấp giấy phép năm 2019 phân theo đối tác đầu tư chủ yếu"""
CYM,2020,403.2,3,Quần đảo Cay-men - Cayman Islands,"vốn cấp mới + vốn tăng thêm + vốn góp, mua cổ phần","Tổng cục Thống kê, Niên giám Thống kê 2020, biểu ""Đầu tư trực tiếp của nước ngoài được cấp giấy phép năm 2020 phân theo đối tác đầu tư chủ yếu"""
CYM,2021,431.3,7,Quần đảo Cay-men - Cayman Islands,"vốn cấp mới + vốn tăng thêm + vốn góp, mua cổ phần","Tổng cục Thống kê, Niên giám Thống kê 2021, biểu ""Đầu tư trực tiếp của nước ngoài được cấp giấy phép năm 2021 phân theo đối tác đầu tư chủ yếu"""
CYM,2022,236.3,4,Quần đảo Cay-men - Cayman Islands,"vốn cấp mới + vốn tăng thêm + vốn góp, mua cổ phần","Tổng cục Thống kê, Niên giám Thống kê 2022, biểu ""Đầu tư trực tiếp của nước ngoài được cấp giấy phép năm 2022 phân theo đối tác đầu tư chủ yếu"""
CYM,2023,225.7,4,Quần đảo Cay-men - Cayman Islands,"vốn cấp mới + vốn tăng thêm + vốn góp, mua cổ phần","Tổng cục Thống kê, Niên giám Thống kê 2023, biểu ""Đầu tư trực tiếp của nước ngoài được cấp giấy phép năm 2023 phân theo đối tác đầu tư chủ yếu"""
CYM,2024,1231.5,4,Quần đảo Cay-men - Cayman Islands,"vốn cấp mới + vốn tăng thêm + vốn góp, mua cổ phần","Tổng cục Thống kê, Niên giám Thống kê 2024, biểu ""Đầu tư trực tiếp của nước ngoài được cấp giấy phép năm 2024 phân theo đối tác đầu tư chủ yếu"""
CYM,2025,664.7,7,Quần đảo Cay-men - Cayman Islands,"vốn cấp mới + vốn tăng thêm + vốn góp, mua cổ phần","Tổng cục Thống kê, Niên giám Thống kê 2025, biểu ""Đầu tư trực tiếp của nước ngoài được cấp giấy phép năm 2025 phân theo đối tác đầu tư chủ yếu"""
CYP,2007,1.5,1,SÝp - Cyprus,vốn cấp mới + vốn tăng thêm,"Tổng cục Thống kê, Niên giám Thống kê 2007, biểu ""Đầu tư trực tiếp của nước ngoài được cấp giấy phép năm 2007 phân theo đối tác đầu tư chủ yếu"""
CYP,2008,2200.1,3,SÝp - Cyprus,vốn cấp mới + vốn tăng thêm,"Tổng cục Thống kê, Niên giám Thống kê 2008, biểu ""Đầu tư trực tiếp của nước ngoài được cấp giấy phép năm 2008 phân theo đối tác đầu tư chủ yếu"""
CYP,2011,144.3,2,SÝp - Cyprus,vốn cấp mới + vốn tăng thêm,"Tổng cục Thống kê, Niên giám Thống kê 2011, biểu ""Đầu tư trực tiếp của nước ngoài được cấp giấy phép năm 2011 phân theo đối tác đầu tư chủ yếu"""
CYP,2012,378.1,2,Síp - Cyprus,vốn cấp mới + vốn tăng thêm,"Tổng cục Thống kê, Niên giám Thống kê 2012, biểu ""Đầu tư trực tiếp của nước ngoài được cấp giấy phép năm 2012 phân theo đối tác đầu tư chủ yếu"""
CYP,2015,6.4,,Síp - Cyprus,vốn cấp mới + vốn tăng thêm,"Tổng cục Thống kê, Niên giám Thống kê 2015, biểu ""Đầu tư trực tiếp của nước ngoài được cấp giấy phép năm 2015 phân theo đối tác đầu tư chủ yếu"""
CYP,2018,12.6,2,Cộng hòa Síp - Republic of Cyprus,"vốn cấp mới + vốn tăng thêm + vốn góp, mua cổ phần","Tổng cục Thống kê, Niên giám Thống kê 2018, biểu ""Đầu tư trực tiếp của nước ngoài được cấp giấy phép năm 2018 phân theo đối tác đầu tư chủ yếu"""
CYP,2019,6.1,3,Cộng hòa Síp - Cyprus,"vốn cấp mới + vốn tăng thêm + vốn góp, mua cổ phần","Tổng cục Thống kê, Niên giám Thống kê 2019, biểu ""Đầu tư trực tiếp của nước ngoài được cấp giấy phép năm 2019 phân theo đối tác đầu tư chủ yếu"""
CYP,2020,3.1,4,Cộng hòa Síp - Cyprus,"vốn cấp mới + vốn tăng thêm + vốn góp, mua cổ phần","Tổng cục Thống kê, Niên giám Thống kê 2020, biểu ""Đầu tư trực tiếp của nước ngoài được cấp giấy phép năm 2020 phân theo đối tác đầu tư chủ yếu"""
CYP,2022,7.9,3,Cộng hòa Síp - Cyprus,"vốn cấp mới + vốn tăng thêm + vốn góp, mua cổ phần","Tổng cục Thống kê, Niên giám Thống kê 2022, biểu ""Đầu tư trực tiếp của nước ngoài được cấp giấy phép năm 2022 phân theo đối tác đầu tư chủ yếu"""
CYP,2023,1.4,1,Cộng hòa Síp - Cyprus,"vốn cấp mới + vốn tăng thêm + vốn góp, mua cổ phần","Tổng cục Thống kê, Niên giám Thống kê 2023, biểu ""Đầu tư trực tiếp của nước ngoài được cấp giấy phép năm 2023 phân theo đối tác đầu tư chủ yếu"""
CYP,2024,10.4,,Cộng hòa Síp - Cyprus,"vốn cấp mới + vốn tăng thêm + vốn góp, mua cổ phần","Tổng cục Thống kê, Niên giám Thống kê 2024, biểu ""Đầu tư trực tiếp của nước ngoài được cấp giấy phép năm 2024 phân theo đối tác đầu tư chủ yếu"""
CYP,2025,1.5,4,Cộng hòa Síp - Cyprus,"vốn cấp mới + vốn tăng thêm + vốn góp, mua cổ phần","Tổng cục Thống kê, Niên giám Thống kê 2025, biểu ""Đầu tư trực tiếp của nước ngoài được cấp giấy phép năm 2025 phân theo đối tác đầu tư chủ yếu"""
CZE,2007,13.3,5,Céng hoµ SÐc - Czech Rep. of,vốn cấp mới + vốn tăng thêm,"Tổng cục Thống kê, Niên giám Thống kê 2007, biểu ""Đầu tư trực tiếp của nước ngoài được cấp giấy phép năm 2007 phân theo đối tác đầu tư chủ yếu"""
CZE,2008,4.0,2,Céng hßa SÐc - Czech Rep. of,vốn cấp mới + vốn tăng thêm,"Tổng cục Thống kê, Niên giám Thống kê 2008, biểu ""Đầu tư trực tiếp của nước ngoài được cấp giấy phép năm 2008 phân theo đối tác đầu tư chủ yếu"""
CZE,2016,7.2,,Cộng hòa Séc - Czech Republic,"vốn cấp mới + vốn tăng thêm + vốn góp, mua cổ phần","Tổng cục Thống kê, Niên giám Thống kê 2016, biểu ""Đầu tư trực tiếp của nước ngoài được cấp giấy phép năm 2016 phân theo đối tác đầu tư chủ yếu"""
CZE,2017,1.7,2,Cộng hòa Séc - Czech Republic,"vốn cấp mới + vốn tăng thêm + vốn góp, mua cổ phần","Tổng cục Thống kê, Niên giám Thống kê 2017, biểu ""Đầu tư trực tiếp của nước ngoài được cấp giấy phép năm 2017 phân theo đối tác đầu tư chủ yếu"""
CZE,2018,2.4,4,Cộng hòa Séc - Czech Republic,"vốn cấp mới + vốn tăng thêm + vốn góp, mua cổ phần","Tổng cục Thống kê, Niên giám Thống kê 2018, biểu ""Đầu tư trực tiếp của nước ngoài được cấp giấy phép năm 2018 phân theo đối tác đầu tư chủ yếu"""
CZE,2019,16.0,1,Cộng hòa Séc - Czech Republic,"vốn cấp mới + vốn tăng thêm + vốn góp, mua cổ phần","Tổng cục Thống kê, Niên giám Thống kê 2019, biểu ""Đầu tư trực tiếp của nước ngoài được cấp giấy phép năm 2019 phân theo đối tác đầu tư chủ yếu"""
CZE,2020,1.2,1,Cộng hòa Séc - Czech Republic,"vốn cấp mới + vốn tăng thêm + vốn góp, mua cổ phần","Tổng cục Thống kê, Niên giám Thống kê 2020, biểu ""Đầu tư trực tiếp của nước ngoài được cấp giấy phép năm 2020 phân theo đối tác đầu tư chủ yếu"""
CZE,2021,0.6,3,Cộng hòa Séc - Czech Republic,"vốn cấp mới + vốn tăng thêm + vốn góp, mua cổ phần","Tổng cục Thống kê, Niên giám Thống kê 2021, biểu ""Đầu tư trực tiếp của nước ngoài được cấp giấy phép năm 2021 phân theo đối tác đầu tư chủ yếu"""
CZE,2022,1.8,2,Cộng hòa Séc - Czech Republic,"vốn cấp mới + vốn tăng thêm + vốn góp, mua cổ phần","Tổng cục Thống kê, Niên giám Thống kê 2022, biểu ""Đầu tư trực tiếp của nước ngoài được cấp giấy phép năm 2022 phân theo đối tác đầu tư chủ yếu"""
CZE,2023,0.5,1,Cộng hòa Séc - Czech Republic,"vốn cấp mới + vốn tăng thêm + vốn góp, mua cổ phần","Tổng cục Thống kê, Niên giám Thống kê 2023, biểu ""Đầu tư trực tiếp của nước ngoài được cấp giấy phép năm 2023 phân theo đối tác đầu tư chủ yếu"""
CZE,2024,1.7,1,Cộng hòa Séc - Czech Republic,"vốn cấp mới + vốn tăng thêm + vốn góp, mua cổ phần","Tổng cục Thống kê, Niên giám Thống kê 2024, biểu ""Đầu tư trực tiếp của nước ngoài được cấp giấy phép năm 2024 phân theo đối tác đầu tư chủ yếu"""
CZE,2025,2.8,5,Cộng hòa Séc - Czech Republic,"vốn cấp mới + vốn tăng thêm + vốn góp, mua cổ phần","Tổng cục Thống kê, Niên giám Thống kê 2025, biểu ""Đầu tư trực tiếp của nước ngoài được cấp giấy phép năm 2025 phân theo đối tác đầu tư chủ yếu"""
DEU,2006,33.2,12,CHLB §øc - F.R. Germany,vốn cấp mới + vốn tăng thêm,"Tổng cục Thống kê, Niên giám Thống kê 2006, biểu ""Đầu tư trực tiếp của nước ngoài được cấp giấy phép năm 2006 phân theo đối tác đầu tư chủ yếu"""
DEU,2007,168.0,16,CHLB §øc - F.R. Germany,vốn cấp mới + vốn tăng thêm,"Tổng cục Thống kê, Niên giám Thống kê 2007, biểu ""Đầu tư trực tiếp của nước ngoài được cấp giấy phép năm 2007 phân theo đối tác đầu tư chủ yếu"""
DEU,2008,56.6,16,CHLB §øc - FR. Germany,vốn cấp mới + vốn tăng thêm,"Tổng cục Thống kê, Niên giám Thống kê 2008, biểu ""Đầu tư trực tiếp của nước ngoài được cấp giấy phép năm 2008 phân theo đối tác đầu tư chủ yếu"""
DEU,2009,102.9,17,CHLB §øc - F.R Germany,vốn cấp mới + vốn tăng thêm,"Tổng cục Thống kê, Niên giám Thống kê 2009, biểu ""Đầu tư trực tiếp của nước ngoài được cấp giấy phép năm 2009 phân theo đối tác đầu tư chủ yếu"""
DEU,2010,46.1,22,CHLB §øc - F.R Germany,vốn cấp mới + vốn tăng thêm,"Tổng cục Thống kê, Niên giám Thống kê 2010, biểu ""Đầu tư trực tiếp của nước ngoài được cấp giấy phép năm 2010 phân theo đối tác đầu tư chủ yếu"""
DEU,2011,56.3,14,CHLB §øc - F.R Germany,vốn cấp mới + vốn tăng thêm,"Tổng cục Thống kê, Niên giám Thống kê 2011, biểu ""Đầu tư trực tiếp của nước ngoài được cấp giấy phép năm 2011 phân theo đối tác đầu tư chủ yếu"""
DEU,2012,188.8,22,CHLB Đức - F.R Germany,vốn cấp mới + vốn tăng thêm,"Tổng cục Thống kê, Niên giám Thống kê 2012, biểu ""Đầu tư trực tiếp của nước ngoài được cấp giấy phép năm 2012 phân theo đối tác đầu tư chủ yếu"""
DEU,2013,122.0,23,CHLB Đức - F.R Germany,vốn cấp mới + vốn tăng thêm,"Tổng cục Thống kê, Niên giám Thống kê 2013, biểu ""Đầu tư trực tiếp của nước ngoài được cấp giấy phép năm 2013 phân theo đối tác đầu tư chủ yếu"""
DEU,2014,173.8,28,CHLB Đức - F.R Germany,vốn cấp mới + vốn tăng thêm,"Tổng cục Thống kê, Niên giám Thống kê 2014, biểu ""Đầu tư trực tiếp của nước ngoài được cấp giấy phép năm 2014 phân theo đối tác đầu tư chủ yếu"""
DEU,2015,74.3,18,CHLB Đức - F.R Germany,vốn cấp mới + vốn tăng thêm,"Tổng cục Thống kê, Niên giám Thống kê 2015, biểu ""Đầu tư trực tiếp của nước ngoài được cấp giấy phép năm 2015 phân theo đối tác đầu tư chủ yếu"""
DEU,2016,80.2,21,CHLB Đức - F.R Germany,"vốn cấp mới + vốn tăng thêm + vốn góp, mua cổ phần","Tổng cục Thống kê, Niên giám Thống kê 2016, biểu ""Đầu tư trực tiếp của nước ngoài được cấp giấy phép năm 2016 phân theo đối tác đầu tư chủ yếu"""
DEU,2017,413.9,33,CHLB Đức - F.R Germany,"vốn cấp mới + vốn tăng thêm + vốn góp, mua cổ phần","Tổng cục Thống kê, Niên giám Thống kê 2017, biểu ""Đầu tư trực tiếp của nước ngoài được cấp giấy phép năm 2017 phân theo đối tác đầu tư chủ yếu"""
DEU,2018,397.7,29,CHLB Đức - F.R Germany,"vốn cấp mới + vốn tăng thêm + vốn góp, mua cổ phần","Tổng cục Thống kê, Niên giám Thống kê 2018, biểu ""Đầu tư trực tiếp của nước ngoài được cấp giấy phép năm 2018 phân theo đối tác đầu tư chủ yếu"""
DEU,2019,152.0,36,CHLB Đức - F.R Germany,"vốn cấp mới + vốn tăng thêm + vốn góp, mua cổ phần","Tổng cục Thống kê, Niên giám Thống kê 2019, biểu ""Đầu tư trực tiếp của nước ngoài được cấp giấy phép năm 2019 phân theo đối tác đầu tư chủ yếu"""
DEU,2020,275.5,32,CHLB Đức - F.R Germany,"vốn cấp mới + vốn tăng thêm + vốn góp, mua cổ phần","Tổng cục Thống kê, Niên giám Thống kê 2020, biểu ""Đầu tư trực tiếp của nước ngoài được cấp giấy phép năm 2020 phân theo đối tác đầu tư chủ yếu"""
DEU,2021,130.6,37,CHLB Đức - F.R Germany,"vốn cấp mới + vốn tăng thêm + vốn góp, mua cổ phần","Tổng cục Thống kê, Niên giám Thống kê 2021, biểu ""Đầu tư trực tiếp của nước ngoài được cấp giấy phép năm 2021 phân theo đối tác đầu tư chủ yếu"""
DEU,2022,120.3,38,CHLB Đức - F.R Germany,"vốn cấp mới + vốn tăng thêm + vốn góp, mua cổ phần","Tổng cục Thống kê, Niên giám Thống kê 2022, biểu ""Đầu tư trực tiếp của nước ngoài được cấp giấy phép năm 2022 phân theo đối tác đầu tư chủ yếu"""
DEU,2023,428.9,34,CHLB Đức - F.R Germany,"vốn cấp mới + vốn tăng thêm + vốn góp, mua cổ phần","Tổng cục Thống kê, Niên giám Thống kê 2023, biểu ""Đầu tư trực tiếp của nước ngoài được cấp giấy phép năm 2023 phân theo đối tác đầu tư chủ yếu"""
DEU,2024,118.5,24,CHLB Đức - F.R Germany,"vốn cấp mới + vốn tăng thêm + vốn góp, mua cổ phần","Tổng cục Thống kê, Niên giám Thống kê 2024, biểu ""Đầu tư trực tiếp của nước ngoài được cấp giấy phép năm 2024 phân theo đối tác đầu tư chủ yếu"""
DEU,2025,188.0,36,CHLB Đức - F.R Germany,"vốn cấp mới + vốn tăng thêm + vốn góp, mua cổ phần","Tổng cục Thống kê, Niên giám Thống kê 2025, biểu ""Đầu tư trực tiếp của nước ngoài được cấp giấy phép năm 2025 phân theo đối tác đầu tư chủ yếu"""
DNK,2006,9.3,9,§an M¹ch - Denmark,vốn cấp mới + vốn tăng thêm,"Tổng cục Thống kê, Niên giám Thống kê 2006, biểu ""Đầu tư trực tiếp của nước ngoài được cấp giấy phép năm 2006 phân theo đối tác đầu tư chủ yếu"""
DNK,2007,7.3,11,§an M¹ch - Denmark,vốn cấp mới + vốn tăng thêm,"Tổng cục Thống kê, Niên giám Thống kê 2007, biểu ""Đầu tư trực tiếp của nước ngoài được cấp giấy phép năm 2007 phân theo đối tác đầu tư chủ yếu"""
DNK,2008,82.6,13,§an M¹ch - Denmark,vốn cấp mới + vốn tăng thêm,"Tổng cục Thống kê, Niên giám Thống kê 2008, biểu ""Đầu tư trực tiếp của nước ngoài được cấp giấy phép năm 2008 phân theo đối tác đầu tư chủ yếu"""
DNK,2009,87.0,14,§an M¹ch - Denmark,vốn cấp mới + vốn tăng thêm,"Tổng cục Thống kê, Niên giám Thống kê 2009, biểu ""Đầu tư trực tiếp của nước ngoài được cấp giấy phép năm 2009 phân theo đối tác đầu tư chủ yếu"""
DNK,2013,56.8,5,Đan Mạch - Denmark,vốn cấp mới + vốn tăng thêm,"Tổng cục Thống kê, Niên giám Thống kê 2013, biểu ""Đầu tư trực tiếp của nước ngoài được cấp giấy phép năm 2013 phân theo đối tác đầu tư chủ yếu"""
DNK,2014,6.9,5,Đan Mạch - Denmark,vốn cấp mới + vốn tăng thêm,"Tổng cục Thống kê, Niên giám Thống kê 2014, biểu ""Đầu tư trực tiếp của nước ngoài được cấp giấy phép năm 2014 phân theo đối tác đầu tư chủ yếu"""
DNK,2015,76.0,8,Đan Mạch - Denmark,vốn cấp mới + vốn tăng thêm,"Tổng cục Thống kê, Niên giám Thống kê 2015, biểu ""Đầu tư trực tiếp của nước ngoài được cấp giấy phép năm 2015 phân theo đối tác đầu tư chủ yếu"""
DNK,2016,238.0,8,Đan Mạch - Denmark,"vốn cấp mới + vốn tăng thêm + vốn góp, mua cổ phần","Tổng cục Thống kê, Niên giám Thống kê 2016, biểu ""Đầu tư trực tiếp của nước ngoài được cấp giấy phép năm 2016 phân theo đối tác đầu tư chủ yếu"""
DNK,2017,69.6,5,Đan Mạch - Denmark,"vốn cấp mới + vốn tăng thêm + vốn góp, mua cổ phần","Tổng cục Thống kê, Niên giám Thống kê 2017, biểu ""Đầu tư trực tiếp của nước ngoài được cấp giấy phép năm 2017 phân theo đối tác đầu tư chủ yếu"""
DNK,2019,24.5,11,Đan Mạch - Denmark,"vốn cấp mới + vốn tăng thêm + vốn góp, mua cổ phần","Tổng cục Thống kê, Niên giám Thống kê 2019, biểu ""Đầu tư trực tiếp của nước ngoài được cấp giấy phép năm 2019 phân theo đối tác đầu tư chủ yếu"""
DNK,2020,13.1,6,Đan Mạch - Denmark,"vốn cấp mới + vốn tăng thêm + vốn góp, mua cổ phần","Tổng cục Thống kê, Niên giám Thống kê 2020, biểu ""Đầu tư trực tiếp của nước ngoài được cấp giấy phép năm 2020 phân theo đối tác đầu tư chủ yếu"""
DNK,2021,47.7,6,Đan Mạch - Denmark,"vốn cấp mới + vốn tăng thêm + vốn góp, mua cổ phần","Tổng cục Thống kê, Niên giám Thống kê 2021, biểu ""Đầu tư trực tiếp của nước ngoài được cấp giấy phép năm 2021 phân theo đối tác đầu tư chủ yếu"""
DNK,2022,1350.8,9,Đan Mạch - Denmark,"vốn cấp mới + vốn tăng thêm + vốn góp, mua cổ phần","Tổng cục Thống kê, Niên giám Thống kê 2022, biểu ""Đầu tư trực tiếp của nước ngoài được cấp giấy phép năm 2022 phân theo đối tác đầu tư chủ yếu"""
DNK,2023,168.8,14,Đan Mạch - Denmark,"vốn cấp mới + vốn tăng thêm + vốn góp, mua cổ phần","Tổng cục Thống kê, Niên giám Thống kê 2023, biểu ""Đầu tư trực tiếp của nước ngoài được cấp giấy phép năm 2023 phân theo đối tác đầu tư chủ yếu"""
DNK,2024,62.8,10,Đan Mạch - Denmark,"vốn cấp mới + vốn tăng thêm + vốn góp, mua cổ phần","Tổng cục Thống kê, Niên giám Thống kê 2024, biểu ""Đầu tư trực tiếp của nước ngoài được cấp giấy phép năm 2024 phân theo đối tác đầu tư chủ yếu"""
DNK,2025,85.0,8,Đan Mạch - Denmark,"vốn cấp mới + vốn tăng thêm + vốn góp, mua cổ phần","Tổng cục Thống kê, Niên giám Thống kê 2025, biểu ""Đầu tư trực tiếp của nước ngoài được cấp giấy phép năm 2025 phân theo đối tác đầu tư chủ yếu"""
EGY,2017,1.8,,Ai Cập - Egypt,"vốn cấp mới + vốn tăng thêm + vốn góp, mua cổ phần","Tổng cục Thống kê, Niên giám Thống kê 2017, biểu ""Đầu tư trực tiếp của nước ngoài được cấp giấy phép năm 2017 phân theo đối tác đầu tư chủ yếu"""
EGY,2022,0.7,2,Ai Cập - Egypt,"vốn cấp mới + vốn tăng thêm + vốn góp, mua cổ phần","Tổng cục Thống kê, Niên giám Thống kê 2022, biểu ""Đầu tư trực tiếp của nước ngoài được cấp giấy phép năm 2022 phân theo đối tác đầu tư chủ yếu"""
EGY,2023,1.8,2,Ai Cập - Egypt,"vốn cấp mới + vốn tăng thêm + vốn góp, mua cổ phần","Tổng cục Thống kê, Niên giám Thống kê 2023, biểu ""Đầu tư trực tiếp của nước ngoài được cấp giấy phép năm 2023 phân theo đối tác đầu tư chủ yếu"""
EGY,2024,1.3,,Ai Cập - Egypt,"vốn cấp mới + vốn tăng thêm + vốn góp, mua cổ phần","Tổng cục Thống kê, Niên giám Thống kê 2024, biểu ""Đầu tư trực tiếp của nước ngoài được cấp giấy phép năm 2024 phân theo đối tác đầu tư chủ yếu"""
EGY,2025,2.0,3,Ai Cập - Egypt,"vốn cấp mới + vốn tăng thêm + vốn góp, mua cổ phần","Tổng cục Thống kê, Niên giám Thống kê 2025, biểu ""Đầu tư trực tiếp của nước ngoài được cấp giấy phép năm 2025 phân theo đối tác đầu tư chủ yếu"""
ESP,2015,2.6,10,Tây Ban Nha - Spain,vốn cấp mới + vốn tăng thêm,"Tổng cục Thống kê, Niên giám Thống kê 2015, biểu ""Đầu tư trực tiếp của nước ngoài được cấp giấy phép năm 2015 phân theo đối tác đầu tư chủ yếu"""
ESP,2016,64.7,7,Tây Ban Nha - Spain,"vốn cấp mới + vốn tăng thêm + vốn góp, mua cổ phần","Tổng cục Thống kê, Niên giám Thống kê 2016, biểu ""Đầu tư trực tiếp của nước ngoài được cấp giấy phép năm 2016 phân theo đối tác đầu tư chủ yếu"""
ESP,2017,6.6,10,Tây Ban Nha - Spain,"vốn cấp mới + vốn tăng thêm + vốn góp, mua cổ phần","Tổng cục Thống kê, Niên giám Thống kê 2017, biểu ""Đầu tư trực tiếp của nước ngoài được cấp giấy phép năm 2017 phân theo đối tác đầu tư chủ yếu"""
ESP,2018,17.0,5,Tây Ban Nha - Spain,"vốn cấp mới + vốn tăng thêm + vốn góp, mua cổ phần","Tổng cục Thống kê, Niên giám Thống kê 2018, biểu ""Đầu tư trực tiếp của nước ngoài được cấp giấy phép năm 2018 phân theo đối tác đầu tư chủ yếu"""
ESP,2019,40.2,7,Tây Ban Nha - Spain,"vốn cấp mới + vốn tăng thêm + vốn góp, mua cổ phần","Tổng cục Thống kê, Niên giám Thống kê 2019, biểu ""Đầu tư trực tiếp của nước ngoài được cấp giấy phép năm 2019 phân theo đối tác đầu tư chủ yếu"""
ESP,2020,14.7,8,Tây Ban Nha - Spain,"vốn cấp mới + vốn tăng thêm + vốn góp, mua cổ phần","Tổng cục Thống kê, Niên giám Thống kê 2020, biểu ""Đầu tư trực tiếp của nước ngoài được cấp giấy phép năm 2020 phân theo đối tác đầu tư chủ yếu"""
ESP,2021,10.5,5,Tây Ban Nha - Spain,"vốn cấp mới + vốn tăng thêm + vốn góp, mua cổ phần","Tổng cục Thống kê, Niên giám Thống kê 2021, biểu ""Đầu tư trực tiếp của nước ngoài được cấp giấy phép năm 2021 phân theo đối tác đầu tư chủ yếu"""
ESP,2022,16.2,6,Tây Ban Nha - Spain Ố,"vốn cấp mới + vốn tăng thêm + vốn góp, mua cổ phần","Tổng cục Thống kê, Niên giám Thống kê 2022, biểu ""Đầu tư trực tiếp của nước ngoài được cấp giấy phép năm 2022 phân theo đối tác đầu tư chủ yếu"""
ESP,2023,0.6,7,Tây Ban Nha - Spain,"vốn cấp mới + vốn tăng thêm + vốn góp, mua cổ phần","Tổng cục Thống kê, Niên giám Thống kê 2023, biểu ""Đầu tư trực tiếp của nước ngoài được cấp giấy phép năm 2023 phân theo đối tác đầu tư chủ yếu"""
ESP,2025,17.3,6,Tây Ban Nha - Spain,"vốn cấp mới + vốn tăng thêm + vốn góp, mua cổ phần","Tổng cục Thống kê, Niên giám Thống kê 2025, biểu ""Đầu tư trực tiếp của nước ngoài được cấp giấy phép năm 2025 phân theo đối tác đầu tư chủ yếu"""
EST,2024,3.3,1,Cộng hoà E-xtô-ni-a - Estonia,"vốn cấp mới + vốn tăng thêm + vốn góp, mua cổ phần","Tổng cục Thống kê, Niên giám Thống kê 2024, biểu ""Đầu tư trực tiếp của nước ngoài được cấp giấy phép năm 2024 phân theo đối tác đầu tư chủ yếu"""
FIN,2007,17.1,2,PhÇn Lan - Finland,vốn cấp mới + vốn tăng thêm,"Tổng cục Thống kê, Niên giám Thống kê 2007, biểu ""Đầu tư trực tiếp của nước ngoài được cấp giấy phép năm 2007 phân theo đối tác đầu tư chủ yếu"""
FIN,2011,302.1,2,PhÇn Lan - Finland,vốn cấp mới + vốn tăng thêm,"Tổng cục Thống kê, Niên giám Thống kê 2011, biểu ""Đầu tư trực tiếp của nước ngoài được cấp giấy phép năm 2011 phân theo đối tác đầu tư chủ yếu"""
FIN,2015,0.4,4,Phần Lan - Finland,vốn cấp mới + vốn tăng thêm,"Tổng cục Thống kê, Niên giám Thống kê 2015, biểu ""Đầu tư trực tiếp của nước ngoài được cấp giấy phép năm 2015 phân theo đối tác đầu tư chủ yếu"""
FIN,2017,2.8,2,Phần Lan - Finland,"vốn cấp mới + vốn tăng thêm + vốn góp, mua cổ phần","Tổng cục Thống kê, Niên giám Thống kê 2017, biểu ""Đầu tư trực tiếp của nước ngoài được cấp giấy phép năm 2017 phân theo đối tác đầu tư chủ yếu"""
FIN,2019,0.9,4,Phần Lan - Finland,"vốn cấp mới + vốn tăng thêm + vốn góp, mua cổ phần","Tổng cục Thống kê, Niên giám Thống kê 2019, biểu ""Đầu tư trực tiếp của nước ngoài được cấp giấy phép năm 2019 phân theo đối tác đầu tư chủ yếu"""
FIN,2020,1.4,5,Phần Lan - Finland,"vốn cấp mới + vốn tăng thêm + vốn góp, mua cổ phần","Tổng cục Thống kê, Niên giám Thống kê 2020, biểu ""Đầu tư trực tiếp của nước ngoài được cấp giấy phép năm 2020 phân theo đối tác đầu tư chủ yếu"""
FIN,2021,0.4,4,Phần Lan - Finland,"vốn cấp mới + vốn tăng thêm + vốn góp, mua cổ phần","Tổng cục Thống kê, Niên giám Thống kê 2021, biểu ""Đầu tư trực tiếp của nước ngoài được cấp giấy phép năm 2021 phân theo đối tác đầu tư chủ yếu"""
FIN,2022,1.4,2,Phần Lan - Finland,"vốn cấp mới + vốn tăng thêm + vốn góp, mua cổ phần","Tổng cục Thống kê, Niên giám Thống kê 2022, biểu ""Đầu tư trực tiếp của nước ngoài được cấp giấy phép năm 2022 phân theo đối tác đầu tư chủ yếu"""
FIN,2023,22.9,1,Phần Lan - Finland,"vốn cấp mới + vốn tăng thêm + vốn góp, mua cổ phần","Tổng cục Thống kê, Niên giám Thống kê 2023, biểu ""Đầu tư trực tiếp của nước ngoài được cấp giấy phép năm 2023 phân theo đối tác đầu tư chủ yếu"""
FIN,2024,34.7,2,Phần Lan - Finland,"vốn cấp mới + vốn tăng thêm + vốn góp, mua cổ phần","Tổng cục Thống kê, Niên giám Thống kê 2024, biểu ""Đầu tư trực tiếp của nước ngoài được cấp giấy phép năm 2024 phân theo đối tác đầu tư chủ yếu"""
FIN,2025,1.2,2,Phần Lan - Finland,"vốn cấp mới + vốn tăng thêm + vốn góp, mua cổ phần","Tổng cục Thống kê, Niên giám Thống kê 2025, biểu ""Đầu tư trực tiếp của nước ngoài được cấp giấy phép năm 2025 phân theo đối tác đầu tư chủ yếu"""
FRA,2006,68.1,19,Ph¸p - France,vốn cấp mới + vốn tăng thêm,"Tổng cục Thống kê, Niên giám Thống kê 2006, biểu ""Đầu tư trực tiếp của nước ngoài được cấp giấy phép năm 2006 phân theo đối tác đầu tư chủ yếu"""
FRA,2007,226.2,22,Ph¸p - France,vốn cấp mới + vốn tăng thêm,"Tổng cục Thống kê, Niên giám Thống kê 2007, biểu ""Đầu tư trực tiếp của nước ngoài được cấp giấy phép năm 2007 phân theo đối tác đầu tư chủ yếu"""
FRA,2008,87.5,38,Ph¸p - France,vốn cấp mới + vốn tăng thêm,"Tổng cục Thống kê, Niên giám Thống kê 2008, biểu ""Đầu tư trực tiếp của nước ngoài được cấp giấy phép năm 2008 phân theo đối tác đầu tư chủ yếu"""
FRA,2009,123.6,42,Ph¸p - France,vốn cấp mới + vốn tăng thêm,"Tổng cục Thống kê, Niên giám Thống kê 2009, biểu ""Đầu tư trực tiếp của nước ngoài được cấp giấy phép năm 2009 phân theo đối tác đầu tư chủ yếu"""
FRA,2010,30.1,41,Ph¸p - France,vốn cấp mới + vốn tăng thêm,"Tổng cục Thống kê, Niên giám Thống kê 2010, biểu ""Đầu tư trực tiếp của nước ngoài được cấp giấy phép năm 2010 phân theo đối tác đầu tư chủ yếu"""
FRA,2011,62.9,20,Ph¸p - France,vốn cấp mới + vốn tăng thêm,"Tổng cục Thống kê, Niên giám Thống kê 2011, biểu ""Đầu tư trực tiếp của nước ngoài được cấp giấy phép năm 2011 phân theo đối tác đầu tư chủ yếu"""
FRA,2012,108.9,40,Pháp - France,vốn cấp mới + vốn tăng thêm,"Tổng cục Thống kê, Niên giám Thống kê 2012, biểu ""Đầu tư trực tiếp của nước ngoài được cấp giấy phép năm 2012 phân theo đối tác đầu tư chủ yếu"""
FRA,2013,84.4,22,Pháp - France,vốn cấp mới + vốn tăng thêm,"Tổng cục Thống kê, Niên giám Thống kê 2013, biểu ""Đầu tư trực tiếp của nước ngoài được cấp giấy phép năm 2013 phân theo đối tác đầu tư chủ yếu"""
FRA,2014,47.6,25,Pháp - France,vốn cấp mới + vốn tăng thêm,"Tổng cục Thống kê, Niên giám Thống kê 2014, biểu ""Đầu tư trực tiếp của nước ngoài được cấp giấy phép năm 2014 phân theo đối tác đầu tư chủ yếu"""
FRA,2015,99.0,28,Pháp - France,vốn cấp mới + vốn tăng thêm,"Tổng cục Thống kê, Niên giám Thống kê 2015, biểu ""Đầu tư trực tiếp của nước ngoài được cấp giấy phép năm 2015 phân theo đối tác đầu tư chủ yếu"""
FRA,2016,205.3,41,Pháp - France,"vốn cấp mới + vốn tăng thêm + vốn góp, mua cổ phần","Tổng cục Thống kê, Niên giám Thống kê 2016, biểu ""Đầu tư trực tiếp của nước ngoài được cấp giấy phép năm 2016 phân theo đối tác đầu tư chủ yếu"""
FRA,2017,109.3,48,Pháp - France,"vốn cấp mới + vốn tăng thêm + vốn góp, mua cổ phần","Tổng cục Thống kê, Niên giám Thống kê 2017, biểu ""Đầu tư trực tiếp của nước ngoài được cấp giấy phép năm 2017 phân theo đối tác đầu tư chủ yếu"""
FRA,2018,590.1,40,Pháp - France,"vốn cấp mới + vốn tăng thêm + vốn góp, mua cổ phần","Tổng cục Thống kê, Niên giám Thống kê 2018, biểu ""Đầu tư trực tiếp của nước ngoài được cấp giấy phép năm 2018 phân theo đối tác đầu tư chủ yếu"""
FRA,2019,180.4,47,Pháp - France,"vốn cấp mới + vốn tăng thêm + vốn góp, mua cổ phần","Tổng cục Thống kê, Niên giám Thống kê 2019, biểu ""Đầu tư trực tiếp của nước ngoài được cấp giấy phép năm 2019 phân theo đối tác đầu tư chủ yếu"""
FRA,2020,135.2,53,Pháp - France,"vốn cấp mới + vốn tăng thêm + vốn góp, mua cổ phần","Tổng cục Thống kê, Niên giám Thống kê 2020, biểu ""Đầu tư trực tiếp của nước ngoài được cấp giấy phép năm 2020 phân theo đối tác đầu tư chủ yếu"""
FRA,2021,51.0,33,Pháp - France,"vốn cấp mới + vốn tăng thêm + vốn góp, mua cổ phần","Tổng cục Thống kê, Niên giám Thống kê 2021, biểu ""Đầu tư trực tiếp của nước ngoài được cấp giấy phép năm 2021 phân theo đối tác đầu tư chủ yếu"""
FRA,2022,165.4,30,Pháp - France,"vốn cấp mới + vốn tăng thêm + vốn góp, mua cổ phần","Tổng cục Thống kê, Niên giám Thống kê 2022, biểu ""Đầu tư trực tiếp của nước ngoài được cấp giấy phép năm 2022 phân theo đối tác đầu tư chủ yếu"""
FRA,2023,130.0,25,Pháp - France,"vốn cấp mới + vốn tăng thêm + vốn góp, mua cổ phần","Tổng cục Thống kê, Niên giám Thống kê 2023, biểu ""Đầu tư trực tiếp của nước ngoài được cấp giấy phép năm 2023 phân theo đối tác đầu tư chủ yếu"""
FRA,2024,52.5,29,Pháp - France,"vốn cấp mới + vốn tăng thêm + vốn góp, mua cổ phần","Tổng cục Thống kê, Niên giám Thống kê 2024, biểu ""Đầu tư trực tiếp của nước ngoài được cấp giấy phép năm 2024 phân theo đối tác đầu tư chủ yếu"""
FRA,2025,86.0,42,Pháp - France,"vốn cấp mới + vốn tăng thêm + vốn góp, mua cổ phần","Tổng cục Thống kê, Niên giám Thống kê 2025, biểu ""Đầu tư trực tiếp của nước ngoài được cấp giấy phép năm 2025 phân theo đối tác đầu tư chủ yếu"""
GBR,2006,80.5,10,V­¬ng quèc Anh - United Kingdom,vốn cấp mới + vốn tăng thêm,"Tổng cục Thống kê, Niên giám Thống kê 2006, biểu ""Đầu tư trực tiếp của nước ngoài được cấp giấy phép năm 2006 phân theo đối tác đầu tư chủ yếu"""
GBR,2007,80.5,18,V−¬ng quèc Anh - United Kingdom,vốn cấp mới + vốn tăng thêm,"Tổng cục Thống kê, Niên giám Thống kê 2007, biểu ""Đầu tư trực tiếp của nước ngoài được cấp giấy phép năm 2007 phân theo đối tác đầu tư chủ yếu"""
GBR,2008,565.1,17,V−¬ng quèc Anh - United Kingdom,vốn cấp mới + vốn tăng thêm,"Tổng cục Thống kê, Niên giám Thống kê 2008, biểu ""Đầu tư trực tiếp của nước ngoài được cấp giấy phép năm 2008 phân theo đối tác đầu tư chủ yếu"""
GBR,2009,50.8,11,V−¬ng quèc Anh - United Kingdom,vốn cấp mới + vốn tăng thêm,"Tổng cục Thống kê, Niên giám Thống kê 2009, biểu ""Đầu tư trực tiếp của nước ngoài được cấp giấy phép năm 2009 phân theo đối tác đầu tư chủ yếu"""
GBR,2010,56.7,13,V­¬ng quèc Anh - United Kingdom,vốn cấp mới + vốn tăng thêm,"Tổng cục Thống kê, Niên giám Thống kê 2010, biểu ""Đầu tư trực tiếp của nước ngoài được cấp giấy phép năm 2010 phân theo đối tác đầu tư chủ yếu"""
GBR,2011,334.5,14,V−¬ng quèc Anh - United Kingdom,vốn cấp mới + vốn tăng thêm,"Tổng cục Thống kê, Niên giám Thống kê 2011, biểu ""Đầu tư trực tiếp của nước ngoài được cấp giấy phép năm 2011 phân theo đối tác đầu tư chủ yếu"""
GBR,2012,43.2,11,Vương quốc Anh / United Kingdom,vốn cấp mới + vốn tăng thêm,"Tổng cục Thống kê, Niên giám Thống kê 2012, biểu ""Đầu tư trực tiếp của nước ngoài được cấp giấy phép năm 2012 phân theo đối tác đầu tư chủ yếu"""
GBR,2013,193.7,16,Vương quốc Anh - United Kingdom,vốn cấp mới + vốn tăng thêm,"Tổng cục Thống kê, Niên giám Thống kê 2013, biểu ""Đầu tư trực tiếp của nước ngoài được cấp giấy phép năm 2013 phân theo đối tác đầu tư chủ yếu"""
GBR,2014,346.3,23,Vương quốc Anh - United Kingdom,vốn cấp mới + vốn tăng thêm,"Tổng cục Thống kê, Niên giám Thống kê 2014, biểu ""Đầu tư trực tiếp của nước ngoài được cấp giấy phép năm 2014 phân theo đối tác đầu tư chủ yếu"""
GBR,2015,1288.7,32,Vương quốc Anh - United Kingdom,vốn cấp mới + vốn tăng thêm,"Tổng cục Thống kê, Niên giám Thống kê 2015, biểu ""Đầu tư trực tiếp của nước ngoài được cấp giấy phép năm 2015 phân theo đối tác đầu tư chủ yếu"""
GBR,2016,230.5,48,Vương quốc Anh - United Kingdom,"vốn cấp mới + vốn tăng thêm + vốn góp, mua cổ phần","Tổng cục Thống kê, Niên giám Thống kê 2016, biểu ""Đầu tư trực tiếp của nước ngoài được cấp giấy phép năm 2016 phân theo đối tác đầu tư chủ yếu"""
GBR,2017,244.9,40,Vương quốc Anh - United Kingdom,"vốn cấp mới + vốn tăng thêm + vốn góp, mua cổ phần","Tổng cục Thống kê, Niên giám Thống kê 2017, biểu ""Đầu tư trực tiếp của nước ngoài được cấp giấy phép năm 2017 phân theo đối tác đầu tư chủ yếu"""
GBR,2018,293.3,48,Vương quốc Anh - United Kingdom,"vốn cấp mới + vốn tăng thêm + vốn góp, mua cổ phần","Tổng cục Thống kê, Niên giám Thống kê 2018, biểu ""Đầu tư trực tiếp của nước ngoài được cấp giấy phép năm 2018 phân theo đối tác đầu tư chủ yếu"""
GBR,2019,303.6,36,Vương quốc Anh - United Kingdom,"vốn cấp mới + vốn tăng thêm + vốn góp, mua cổ phần","Tổng cục Thống kê, Niên giám Thống kê 2019, biểu ""Đầu tư trực tiếp của nước ngoài được cấp giấy phép năm 2019 phân theo đối tác đầu tư chủ yếu"""
GBR,2020,286.9,42,Vương quốc Anh - United Kingdom,"vốn cấp mới + vốn tăng thêm + vốn góp, mua cổ phần","Tổng cục Thống kê, Niên giám Thống kê 2020, biểu ""Đầu tư trực tiếp của nước ngoài được cấp giấy phép năm 2020 phân theo đối tác đầu tư chủ yếu"""
GBR,2021,331.0,50,Vương quốc Anh - United Kingdom,"vốn cấp mới + vốn tăng thêm + vốn góp, mua cổ phần","Tổng cục Thống kê, Niên giám Thống kê 2021, biểu ""Đầu tư trực tiếp của nước ngoài được cấp giấy phép năm 2021 phân theo đối tác đầu tư chủ yếu"""
GBR,2022,188.1,55,Vương quốc Anh - United Kingdom,"vốn cấp mới + vốn tăng thêm + vốn góp, mua cổ phần","Tổng cục Thống kê, Niên giám Thống kê 2022, biểu ""Đầu tư trực tiếp của nước ngoài được cấp giấy phép năm 2022 phân theo đối tác đầu tư chủ yếu"""
GBR,2023,88.6,51,Vương quốc Anh - United Kingdom,"vốn cấp mới + vốn tăng thêm + vốn góp, mua cổ phần","Tổng cục Thống kê, Niên giám Thống kê 2023, biểu ""Đầu tư trực tiếp của nước ngoài được cấp giấy phép năm 2023 phân theo đối tác đầu tư chủ yếu"""
GBR,2024,241.3,44,Vương quốc Anh - United Kingdom,"vốn cấp mới + vốn tăng thêm + vốn góp, mua cổ phần","Tổng cục Thống kê, Niên giám Thống kê 2024, biểu ""Đầu tư trực tiếp của nước ngoài được cấp giấy phép năm 2024 phân theo đối tác đầu tư chủ yếu"""
GBR,2025,294.4,37,Vương quốc Anh - United Kingdom + Vương quốc Liên hiệp Anh và Bắc Ireland - British Isles,"vốn cấp mới + vốn tăng thêm + vốn góp, mua cổ phần","Tổng cục Thống kê, Niên giám Thống kê 2025, biểu ""Đầu tư trực tiếp của nước ngoài được cấp giấy phép năm 2025 phân theo đối tác đầu tư chủ yếu"""
GEO,2025,1.5,,Gru-di-a-Georgia,"vốn cấp mới + vốn tăng thêm + vốn góp, mua cổ phần","Tổng cục Thống kê, Niên giám Thống kê 2025, biểu ""Đầu tư trực tiếp của nước ngoài được cấp giấy phép năm 2025 phân theo đối tác đầu tư chủ yếu"""
GHA,2017,1.1,2,Gha-na - Ghana,"vốn cấp mới + vốn tăng thêm + vốn góp, mua cổ phần","Tổng cục Thống kê, Niên giám Thống kê 2017, biểu ""Đầu tư trực tiếp của nước ngoài được cấp giấy phép năm 2017 phân theo đối tác đầu tư chủ yếu"""
GRC,2025,1.8,1,Hy Lạp - Greece,"vốn cấp mới + vốn tăng thêm + vốn góp, mua cổ phần","Tổng cục Thống kê, Niên giám Thống kê 2025, biểu ""Đầu tư trực tiếp của nước ngoài được cấp giấy phép năm 2025 phân theo đối tác đầu tư chủ yếu"""
GTM,2024,2.7,,Cộng hòa Goa-tê-ma-la - Guatemala,"vốn cấp mới + vốn tăng thêm + vốn góp, mua cổ phần","Tổng cục Thống kê, Niên giám Thống kê 2024, biểu ""Đầu tư trực tiếp của nước ngoài được cấp giấy phép năm 2024 phân theo đối tác đầu tư chủ yếu"""
HKG,2006,1693.0,28,§Æc khu HC Hång C«ng (TQ) / Hong kong SAR (China),vốn cấp mới + vốn tăng thêm,"Tổng cục Thống kê, Niên giám Thống kê 2006, biểu ""Đầu tư trực tiếp của nước ngoài được cấp giấy phép năm 2006 phân theo đối tác đầu tư chủ yếu"""
HKG,2007,607.4,73,§Æc khu HC Hång C«ng (TQ) / Hong kong SAR (China),vốn cấp mới + vốn tăng thêm,"Tổng cục Thống kê, Niên giám Thống kê 2007, biểu ""Đầu tư trực tiếp của nước ngoài được cấp giấy phép năm 2007 phân theo đối tác đầu tư chủ yếu"""
HKG,2008,409.0,50,§Æc khu HC Hång C«ng (TQ) / Hong Kong SAR (China),vốn cấp mới + vốn tăng thêm,"Tổng cục Thống kê, Niên giám Thống kê 2008, biểu ""Đầu tư trực tiếp của nước ngoài được cấp giấy phép năm 2008 phân theo đối tác đầu tư chủ yếu"""
HKG,2009,774.9,50,§Æc khu hµnh chÝnh Hång C«ng (TQ) / Hong Kong SAR (China),vốn cấp mới + vốn tăng thêm,"Tổng cục Thống kê, Niên giám Thống kê 2009, biểu ""Đầu tư trực tiếp của nước ngoài được cấp giấy phép năm 2009 phân theo đối tác đầu tư chủ yếu"""
HKG,2010,248.7,59,§Æc khu hµnh chÝnh Hång C«ng (TQ) / Hong Kong SAR (China),vốn cấp mới + vốn tăng thêm,"Tổng cục Thống kê, Niên giám Thống kê 2010, biểu ""Đầu tư trực tiếp của nước ngoài được cấp giấy phép năm 2010 phân theo đối tác đầu tư chủ yếu"""
HKG,2011,3460.7,53,§Æc khu hµnh chÝnh Hång C«ng (TQ) / Hong Kong SAR (China),vốn cấp mới + vốn tăng thêm,"Tổng cục Thống kê, Niên giám Thống kê 2011, biểu ""Đầu tư trực tiếp của nước ngoài được cấp giấy phép năm 2011 phân theo đối tác đầu tư chủ yếu"""
HKG,2012,729.1,51,Đặc khu hành chính Hồng Công (TQ) - Hong Kong SAR (China),vốn cấp mới + vốn tăng thêm,"Tổng cục Thống kê, Niên giám Thống kê 2012, biểu ""Đầu tư trực tiếp của nước ngoài được cấp giấy phép năm 2012 phân theo đối tác đầu tư chủ yếu"""
HKG,2013,729.9,72,Đặc khu hành chính Hồng Công (TQ) / Hong Kong SAR (China),vốn cấp mới + vốn tăng thêm,"Tổng cục Thống kê, Niên giám Thống kê 2013, biểu ""Đầu tư trực tiếp của nước ngoài được cấp giấy phép năm 2013 phân theo đối tác đầu tư chủ yếu"""
HKG,2014,3036.4,112,Đặc khu hành chính Hồng Công (TQ) - Hong Kong SAR (China),vốn cấp mới + vốn tăng thêm,"Tổng cục Thống kê, Niên giám Thống kê 2014, biểu ""Đầu tư trực tiếp của nước ngoài được cấp giấy phép năm 2014 phân theo đối tác đầu tư chủ yếu"""
HKG,2015,1148.1,96,Đặc khu hành chính Hồng Công (TQ) - Hong Kong SAR (China),vốn cấp mới + vốn tăng thêm,"Tổng cục Thống kê, Niên giám Thống kê 2015, biểu ""Đầu tư trực tiếp của nước ngoài được cấp giấy phép năm 2015 phân theo đối tác đầu tư chủ yếu"""
HKG,2016,1680.9,168,Đặc khu hành chính Hồng Công (TQ) - Hong Kong SAR (China),"vốn cấp mới + vốn tăng thêm + vốn góp, mua cổ phần","Tổng cục Thống kê, Niên giám Thống kê 2016, biểu ""Đầu tư trực tiếp của nước ngoài được cấp giấy phép năm 2016 phân theo đối tác đầu tư chủ yếu"""
HKG,2017,1566.6,145,Đặc khu hành chính Hồng Công (TQ) - Hong Kong SAR (China),"vốn cấp mới + vốn tăng thêm + vốn góp, mua cổ phần","Tổng cục Thống kê, Niên giám Thống kê 2017, biểu ""Đầu tư trực tiếp của nước ngoài được cấp giấy phép năm 2017 phân theo đối tác đầu tư chủ yếu"""
HKG,2018,3252.6,174,Đặc khu hành chính Hồng Công (TQ) - Hong Kong SAR (China),"vốn cấp mới + vốn tăng thêm + vốn góp, mua cổ phần","Tổng cục Thống kê, Niên giám Thống kê 2018, biểu ""Đầu tư trực tiếp của nước ngoài được cấp giấy phép năm 2018 phân theo đối tác đầu tư chủ yếu"""
HKG,2019,8178.3,346,Đặc khu hành chính Hồng Công (TQ) - Hong Kong SAR (China),"vốn cấp mới + vốn tăng thêm + vốn góp, mua cổ phần","Tổng cục Thống kê, Niên giám Thống kê 2019, biểu ""Đầu tư trực tiếp của nước ngoài được cấp giấy phép năm 2019 phân theo đối tác đầu tư chủ yếu"""
HKG,2020,2105.3,216,Đặc khu hành chính Hồng Công (TQ) Hong Kong SAR (China),"vốn cấp mới + vốn tăng thêm + vốn góp, mua cổ phần","Tổng cục Thống kê, Niên giám Thống kê 2020, biểu ""Đầu tư trực tiếp của nước ngoài được cấp giấy phép năm 2020 phân theo đối tác đầu tư chủ yếu"""
HKG,2021,2365.1,132,Đặc khu hành chính Hồng Công (TQ) - Hong Kong SAR (China),"vốn cấp mới + vốn tăng thêm + vốn góp, mua cổ phần","Tổng cục Thống kê, Niên giám Thống kê 2021, biểu ""Đầu tư trực tiếp của nước ngoài được cấp giấy phép năm 2021 phân theo đối tác đầu tư chủ yếu"""
HKG,2022,2321.5,138,Đặc khu hành chính Hồng Công (TQ) - Hong Kong SAR (China),"vốn cấp mới + vốn tăng thêm + vốn góp, mua cổ phần","Tổng cục Thống kê, Niên giám Thống kê 2022, biểu ""Đầu tư trực tiếp của nước ngoài được cấp giấy phép năm 2022 phân theo đối tác đầu tư chủ yếu"""
HKG,2023,4806.4,330,Đặc khu hành chính Hồng Công (TQ) - Hong Kong SAR (China),"vốn cấp mới + vốn tăng thêm + vốn góp, mua cổ phần","Tổng cục Thống kê, Niên giám Thống kê 2023, biểu ""Đầu tư trực tiếp của nước ngoài được cấp giấy phép năm 2023 phân theo đối tác đầu tư chủ yếu"""
HKG,2024,4347.5,379,Đặc khu hành chính Hồng Công (TQ) - Hong Kong SAR (China),"vốn cấp mới + vốn tăng thêm + vốn góp, mua cổ phần","Tổng cục Thống kê, Niên giám Thống kê 2024, biểu ""Đầu tư trực tiếp của nước ngoài được cấp giấy phép năm 2024 phân theo đối tác đầu tư chủ yếu"""
HKG,2025,3129.6,470,Đặc khu hành chính Hồng Công (TQ) - Hong Kong SAR (China),"vốn cấp mới + vốn tăng thêm + vốn góp, mua cổ phần","Tổng cục Thống kê, Niên giám Thống kê 2025, biểu ""Đầu tư trực tiếp của nước ngoài được cấp giấy phép năm 2025 phân theo đối tác đầu tư chủ yếu"""
HUN,2014,0.2,1,Hung-ga-ry - Hungary,vốn cấp mới + vốn tăng thêm,"Tổng cục Thống kê, Niên giám Thống kê 2014, biểu ""Đầu tư trực tiếp của nước ngoài được cấp giấy phép năm 2014 phân theo đối tác đầu tư chủ yếu"""
HUN,2015,0.1,2,Hung-ga-ri - Hungary,vốn cấp mới + vốn tăng thêm,"Tổng cục Thống kê, Niên giám Thống kê 2015, biểu ""Đầu tư trực tiếp của nước ngoài được cấp giấy phép năm 2015 phân theo đối tác đầu tư chủ yếu"""
HUN,2016,3.6,,Hung-ga-ry - Hungary,"vốn cấp mới + vốn tăng thêm + vốn góp, mua cổ phần","Tổng cục Thống kê, Niên giám Thống kê 2016, biểu ""Đầu tư trực tiếp của nước ngoài được cấp giấy phép năm 2016 phân theo đối tác đầu tư chủ yếu"""
HUN,2017,14.3,3,Hung-ga-ry - Hungary,"vốn cấp mới + vốn tăng thêm + vốn góp, mua cổ phần","Tổng cục Thống kê, Niên giám Thống kê 2017, biểu ""Đầu tư trực tiếp của nước ngoài được cấp giấy phép năm 2017 phân theo đối tác đầu tư chủ yếu"""
HUN,2019,1.4,,Hung-ga-ry - Hungary,"vốn cấp mới + vốn tăng thêm + vốn góp, mua cổ phần","Tổng cục Thống kê, Niên giám Thống kê 2019, biểu ""Đầu tư trực tiếp của nước ngoài được cấp giấy phép năm 2019 phân theo đối tác đầu tư chủ yếu"""
HUN,2021,2.3,2,Hung-ga-ry - Hungary,"vốn cấp mới + vốn tăng thêm + vốn góp, mua cổ phần","Tổng cục Thống kê, Niên giám Thống kê 2021, biểu ""Đầu tư trực tiếp của nước ngoài được cấp giấy phép năm 2021 phân theo đối tác đầu tư chủ yếu"""
HUN,2022,5.6,3,Hung-ga-ry - Hungary,"vốn cấp mới + vốn tăng thêm + vốn góp, mua cổ phần","Tổng cục Thống kê, Niên giám Thống kê 2022, biểu ""Đầu tư trực tiếp của nước ngoài được cấp giấy phép năm 2022 phân theo đối tác đầu tư chủ yếu"""
IDN,2007,15.3,5,In-®«-nª-xi-a - Indonesia,vốn cấp mới + vốn tăng thêm,"Tổng cục Thống kê, Niên giám Thống kê 2007, biểu ""Đầu tư trực tiếp của nước ngoài được cấp giấy phép năm 2007 phân theo đối tác đầu tư chủ yếu"""
IDN,2008,5.8,2,In-®«-nª-xi-a - Indonesia,vốn cấp mới + vốn tăng thêm,"Tổng cục Thống kê, Niên giám Thống kê 2008, biểu ""Đầu tư trực tiếp của nước ngoài được cấp giấy phép năm 2008 phân theo đối tác đầu tư chủ yếu"""
IDN,2012,57.9,4,In-đô-nê-xi-a - Indonesia,vốn cấp mới + vốn tăng thêm,"Tổng cục Thống kê, Niên giám Thống kê 2012, biểu ""Đầu tư trực tiếp của nước ngoài được cấp giấy phép năm 2012 phân theo đối tác đầu tư chủ yếu"""
IDN,2013,39.9,4,In-đô-nê-xi-a - Indonesia,vốn cấp mới + vốn tăng thêm,"Tổng cục Thống kê, Niên giám Thống kê 2013, biểu ""Đầu tư trực tiếp của nước ngoài được cấp giấy phép năm 2013 phân theo đối tác đầu tư chủ yếu"""
IDN,2014,53.1,3,In-đô-nê-xi-a - Indonesia,vốn cấp mới + vốn tăng thêm,"Tổng cục Thống kê, Niên giám Thống kê 2014, biểu ""Đầu tư trực tiếp của nước ngoài được cấp giấy phép năm 2014 phân theo đối tác đầu tư chủ yếu"""
IDN,2015,21.6,5,In-đô-nê-xi-a - Indonesia,vốn cấp mới + vốn tăng thêm,"Tổng cục Thống kê, Niên giám Thống kê 2015, biểu ""Đầu tư trực tiếp của nước ngoài được cấp giấy phép năm 2015 phân theo đối tác đầu tư chủ yếu"""
IDN,2016,26.9,8,In-đô-nê-xi-a - Indonesia,"vốn cấp mới + vốn tăng thêm + vốn góp, mua cổ phần","Tổng cục Thống kê, Niên giám Thống kê 2016, biểu ""Đầu tư trực tiếp của nước ngoài được cấp giấy phép năm 2016 phân theo đối tác đầu tư chủ yếu"""
IDN,2017,45.8,14,In-đô-nê-xi-a - Indonesia,"vốn cấp mới + vốn tăng thêm + vốn góp, mua cổ phần","Tổng cục Thống kê, Niên giám Thống kê 2017, biểu ""Đầu tư trực tiếp của nước ngoài được cấp giấy phép năm 2017 phân theo đối tác đầu tư chủ yếu"""
IDN,2018,102.4,8,In-đô-nê-xi-a - Indonesia,"vốn cấp mới + vốn tăng thêm + vốn góp, mua cổ phần","Tổng cục Thống kê, Niên giám Thống kê 2018, biểu ""Đầu tư trực tiếp của nước ngoài được cấp giấy phép năm 2018 phân theo đối tác đầu tư chủ yếu"""
IDN,2019,44.7,19,In-đô-nê-xi-a - Indonesia,"vốn cấp mới + vốn tăng thêm + vốn góp, mua cổ phần","Tổng cục Thống kê, Niên giám Thống kê 2019, biểu ""Đầu tư trực tiếp của nước ngoài được cấp giấy phép năm 2019 phân theo đối tác đầu tư chủ yếu"""
IDN,2020,36.9,11,In-đô-nê-xi-a - Indonesia,"vốn cấp mới + vốn tăng thêm + vốn góp, mua cổ phần","Tổng cục Thống kê, Niên giám Thống kê 2020, biểu ""Đầu tư trực tiếp của nước ngoài được cấp giấy phép năm 2020 phân theo đối tác đầu tư chủ yếu"""
IDN,2021,5.7,3,In-đô-nê-xi-a - Indonesia,"vốn cấp mới + vốn tăng thêm + vốn góp, mua cổ phần","Tổng cục Thống kê, Niên giám Thống kê 2021, biểu ""Đầu tư trực tiếp của nước ngoài được cấp giấy phép năm 2021 phân theo đối tác đầu tư chủ yếu"""
IDN,2022,31.1,4,In-đô-nê-xi-a - Indonesia,"vốn cấp mới + vốn tăng thêm + vốn góp, mua cổ phần","Tổng cục Thống kê, Niên giám Thống kê 2022, biểu ""Đầu tư trực tiếp của nước ngoài được cấp giấy phép năm 2022 phân theo đối tác đầu tư chủ yếu"""
IDN,2023,12.8,16,In-đô-nê-xi-a - Indonesia,"vốn cấp mới + vốn tăng thêm + vốn góp, mua cổ phần","Tổng cục Thống kê, Niên giám Thống kê 2023, biểu ""Đầu tư trực tiếp của nước ngoài được cấp giấy phép năm 2023 phân theo đối tác đầu tư chủ yếu"""
IDN,2024,27.2,19,In-đô-nê-xi-a - Indonesia,"vốn cấp mới + vốn tăng thêm + vốn góp, mua cổ phần","Tổng cục Thống kê, Niên giám Thống kê 2024, biểu ""Đầu tư trực tiếp của nước ngoài được cấp giấy phép năm 2024 phân theo đối tác đầu tư chủ yếu"""
IDN,2025,12.1,22,In-đô-nê-xi-a - Indonesia,"vốn cấp mới + vốn tăng thêm + vốn góp, mua cổ phần","Tổng cục Thống kê, Niên giám Thống kê 2025, biểu ""Đầu tư trực tiếp của nước ngoài được cấp giấy phép năm 2025 phân theo đối tác đầu tư chủ yếu"""
IND,2006,87.8,6,Ên ®é - India,vốn cấp mới + vốn tăng thêm,"Tổng cục Thống kê, Niên giám Thống kê 2006, biểu ""Đầu tư trực tiếp của nước ngoài được cấp giấy phép năm 2006 phân theo đối tác đầu tư chủ yếu"""
IND,2007,39.1,7,Ên §é - India,vốn cấp mới + vốn tăng thêm,"Tổng cục Thống kê, Niên giám Thống kê 2007, biểu ""Đầu tư trực tiếp của nước ngoài được cấp giấy phép năm 2007 phân theo đối tác đầu tư chủ yếu"""
IND,2008,3.1,4,Ên §é - India,vốn cấp mới + vốn tăng thêm,"Tổng cục Thống kê, Niên giám Thống kê 2008, biểu ""Đầu tư trực tiếp của nước ngoài được cấp giấy phép năm 2008 phân theo đối tác đầu tư chủ yếu"""
IND,2012,19.7,10,Ấn Độ - India,vốn cấp mới + vốn tăng thêm,"Tổng cục Thống kê, Niên giám Thống kê 2012, biểu ""Đầu tư trực tiếp của nước ngoài được cấp giấy phép năm 2012 phân theo đối tác đầu tư chủ yếu"""
IND,2014,44.8,15,Ấn Độ - India,vốn cấp mới + vốn tăng thêm,"Tổng cục Thống kê, Niên giám Thống kê 2014, biểu ""Đầu tư trực tiếp của nước ngoài được cấp giấy phép năm 2014 phân theo đối tác đầu tư chủ yếu"""
IND,2015,141.8,24,Ấn Độ - India,vốn cấp mới + vốn tăng thêm,"Tổng cục Thống kê, Niên giám Thống kê 2015, biểu ""Đầu tư trực tiếp của nước ngoài được cấp giấy phép năm 2015 phân theo đối tác đầu tư chủ yếu"""
IND,2016,104.9,19,Ấn Độ - India,"vốn cấp mới + vốn tăng thêm + vốn góp, mua cổ phần","Tổng cục Thống kê, Niên giám Thống kê 2016, biểu ""Đầu tư trực tiếp của nước ngoài được cấp giấy phép năm 2016 phân theo đối tác đầu tư chủ yếu"""
IND,2017,187.6,44,Ấn Độ - India,"vốn cấp mới + vốn tăng thêm + vốn góp, mua cổ phần","Tổng cục Thống kê, Niên giám Thống kê 2017, biểu ""Đầu tư trực tiếp của nước ngoài được cấp giấy phép năm 2017 phân theo đối tác đầu tư chủ yếu"""
IND,2018,168.5,40,Ấn Độ - India,"vốn cấp mới + vốn tăng thêm + vốn góp, mua cổ phần","Tổng cục Thống kê, Niên giám Thống kê 2018, biểu ""Đầu tư trực tiếp của nước ngoài được cấp giấy phép năm 2018 phân theo đối tác đầu tư chủ yếu"""
IND,2019,50.3,54,Ấn Độ - India,"vốn cấp mới + vốn tăng thêm + vốn góp, mua cổ phần","Tổng cục Thống kê, Niên giám Thống kê 2019, biểu ""Đầu tư trực tiếp của nước ngoài được cấp giấy phép năm 2019 phân theo đối tác đầu tư chủ yếu"""
IND,2020,31.2,49,Ấn Độ - India,"vốn cấp mới + vốn tăng thêm + vốn góp, mua cổ phần","Tổng cục Thống kê, Niên giám Thống kê 2020, biểu ""Đầu tư trực tiếp của nước ngoài được cấp giấy phép năm 2020 phân theo đối tác đầu tư chủ yếu"""
IND,2021,27.2,27,Ấn Độ - India,"vốn cấp mới + vốn tăng thêm + vốn góp, mua cổ phần","Tổng cục Thống kê, Niên giám Thống kê 2021, biểu ""Đầu tư trực tiếp của nước ngoài được cấp giấy phép năm 2021 phân theo đối tác đầu tư chủ yếu"""
IND,2022,33.2,44,Ấn Độ - India,"vốn cấp mới + vốn tăng thêm + vốn góp, mua cổ phần","Tổng cục Thống kê, Niên giám Thống kê 2022, biểu ""Đầu tư trực tiếp của nước ngoài được cấp giấy phép năm 2022 phân theo đối tác đầu tư chủ yếu"""
IND,2023,135.0,53,Ấn Độ - India,"vốn cấp mới + vốn tăng thêm + vốn góp, mua cổ phần","Tổng cục Thống kê, Niên giám Thống kê 2023, biểu ""Đầu tư trực tiếp của nước ngoài được cấp giấy phép năm 2023 phân theo đối tác đầu tư chủ yếu"""
IND,2024,86.7,48,Ấn Độ - India,"vốn cấp mới + vốn tăng thêm + vốn góp, mua cổ phần","Tổng cục Thống kê, Niên giám Thống kê 2024, biểu ""Đầu tư trực tiếp của nước ngoài được cấp giấy phép năm 2024 phân theo đối tác đầu tư chủ yếu"""
IND,2025,35.4,53,Ấn Độ - India,"vốn cấp mới + vốn tăng thêm + vốn góp, mua cổ phần","Tổng cục Thống kê, Niên giám Thống kê 2025, biểu ""Đầu tư trực tiếp của nước ngoài được cấp giấy phép năm 2025 phân theo đối tác đầu tư chủ yếu"""
IRL,2007,3.9,2,Ai-len - Ireland,vốn cấp mới + vốn tăng thêm,"Tổng cục Thống kê, Niên giám Thống kê 2007, biểu ""Đầu tư trực tiếp của nước ngoài được cấp giấy phép năm 2007 phân theo đối tác đầu tư chủ yếu"""
IRL,2016,12.5,,Ai-len - Ireland,"vốn cấp mới + vốn tăng thêm + vốn góp, mua cổ phần","Tổng cục Thống kê, Niên giám Thống kê 2016, biểu ""Đầu tư trực tiếp của nước ngoài được cấp giấy phép năm 2016 phân theo đối tác đầu tư chủ yếu"""
IRL,2019,21.5,4,Ai-len - Ireland,"vốn cấp mới + vốn tăng thêm + vốn góp, mua cổ phần","Tổng cục Thống kê, Niên giám Thống kê 2019, biểu ""Đầu tư trực tiếp của nước ngoài được cấp giấy phép năm 2019 phân theo đối tác đầu tư chủ yếu"""
IRL,2020,4.1,3,Ai-len - Ireland,"vốn cấp mới + vốn tăng thêm + vốn góp, mua cổ phần","Tổng cục Thống kê, Niên giám Thống kê 2020, biểu ""Đầu tư trực tiếp của nước ngoài được cấp giấy phép năm 2020 phân theo đối tác đầu tư chủ yếu"""
IRL,2021,13.8,6,Ai-len - Ireland,"vốn cấp mới + vốn tăng thêm + vốn góp, mua cổ phần","Tổng cục Thống kê, Niên giám Thống kê 2021, biểu ""Đầu tư trực tiếp của nước ngoài được cấp giấy phép năm 2021 phân theo đối tác đầu tư chủ yếu"""
IRL,2022,2.7,9,Ai-len - Ireland,"vốn cấp mới + vốn tăng thêm + vốn góp, mua cổ phần","Tổng cục Thống kê, Niên giám Thống kê 2022, biểu ""Đầu tư trực tiếp của nước ngoài được cấp giấy phép năm 2022 phân theo đối tác đầu tư chủ yếu"""
IRL,2023,0.3,4,Ai-len - Ireland,"vốn cấp mới + vốn tăng thêm + vốn góp, mua cổ phần","Tổng cục Thống kê, Niên giám Thống kê 2023, biểu ""Đầu tư trực tiếp của nước ngoài được cấp giấy phép năm 2023 phân theo đối tác đầu tư chủ yếu"""
IRL,2024,16.8,1,Cộng hoà Ai-rơ-len - Ireland,"vốn cấp mới + vốn tăng thêm + vốn góp, mua cổ phần","Tổng cục Thống kê, Niên giám Thống kê 2024, biểu ""Đầu tư trực tiếp của nước ngoài được cấp giấy phép năm 2024 phân theo đối tác đầu tư chủ yếu"""
IRL,2025,2.9,7,Cộng hoà Ai-rơ-len - Ireland,"vốn cấp mới + vốn tăng thêm + vốn góp, mua cổ phần","Tổng cục Thống kê, Niên giám Thống kê 2025, biểu ""Đầu tư trực tiếp của nước ngoài được cấp giấy phép năm 2025 phân theo đối tác đầu tư chủ yếu"""
IRN,2018,0.9,,I-ran - Iran (Islamic Republic of),"vốn cấp mới + vốn tăng thêm + vốn góp, mua cổ phần","Tổng cục Thống kê, Niên giám Thống kê 2018, biểu ""Đầu tư trực tiếp của nước ngoài được cấp giấy phép năm 2018 phân theo đối tác đầu tư chủ yếu"""
ISL,2007,3.8,2,Ai-x¬-len - Iceland,vốn cấp mới + vốn tăng thêm,"Tổng cục Thống kê, Niên giám Thống kê 2007, biểu ""Đầu tư trực tiếp của nước ngoài được cấp giấy phép năm 2007 phân theo đối tác đầu tư chủ yếu"""
ISR,2007,1.1,2,I-xra-en - Israel,vốn cấp mới + vốn tăng thêm,"Tổng cục Thống kê, Niên giám Thống kê 2007, biểu ""Đầu tư trực tiếp của nước ngoài được cấp giấy phép năm 2007 phân theo đối tác đầu tư chủ yếu"""
ISR,2008,3.0,1,I-xra-en - Israel,vốn cấp mới + vốn tăng thêm,"Tổng cục Thống kê, Niên giám Thống kê 2008, biểu ""Đầu tư trực tiếp của nước ngoài được cấp giấy phép năm 2008 phân theo đối tác đầu tư chủ yếu"""
ISR,2010,19.1,3,I-xra-en - Israel,vốn cấp mới + vốn tăng thêm,"Tổng cục Thống kê, Niên giám Thống kê 2010, biểu ""Đầu tư trực tiếp của nước ngoài được cấp giấy phép năm 2010 phân theo đối tác đầu tư chủ yếu"""
ISR,2017,22.0,4,I-xra-ren - Israel,"vốn cấp mới + vốn tăng thêm + vốn góp, mua cổ phần","Tổng cục Thống kê, Niên giám Thống kê 2017, biểu ""Đầu tư trực tiếp của nước ngoài được cấp giấy phép năm 2017 phân theo đối tác đầu tư chủ yếu"""
ISR,2018,4.8,1,I-xra-ren - Israel,"vốn cấp mới + vốn tăng thêm + vốn góp, mua cổ phần","Tổng cục Thống kê, Niên giám Thống kê 2018, biểu ""Đầu tư trực tiếp của nước ngoài được cấp giấy phép năm 2018 phân theo đối tác đầu tư chủ yếu"""
ISR,2019,16.0,5,I-xra-ren - Israel,"vốn cấp mới + vốn tăng thêm + vốn góp, mua cổ phần","Tổng cục Thống kê, Niên giám Thống kê 2019, biểu ""Đầu tư trực tiếp của nước ngoài được cấp giấy phép năm 2019 phân theo đối tác đầu tư chủ yếu"""
ISR,2020,9.2,5,I-xra-ren - Israel,"vốn cấp mới + vốn tăng thêm + vốn góp, mua cổ phần","Tổng cục Thống kê, Niên giám Thống kê 2020, biểu ""Đầu tư trực tiếp của nước ngoài được cấp giấy phép năm 2020 phân theo đối tác đầu tư chủ yếu"""
ISR,2021,13.1,6,I-xra-ren - Israel,"vốn cấp mới + vốn tăng thêm + vốn góp, mua cổ phần","Tổng cục Thống kê, Niên giám Thống kê 2021, biểu ""Đầu tư trực tiếp của nước ngoài được cấp giấy phép năm 2021 phân theo đối tác đầu tư chủ yếu"""
ISR,2022,1.9,2,I-xra-ren - Israel,"vốn cấp mới + vốn tăng thêm + vốn góp, mua cổ phần","Tổng cục Thống kê, Niên giám Thống kê 2022, biểu ""Đầu tư trực tiếp của nước ngoài được cấp giấy phép năm 2022 phân theo đối tác đầu tư chủ yếu"""
ISR,2023,61.6,4,I-xra-ren - Israel,"vốn cấp mới + vốn tăng thêm + vốn góp, mua cổ phần","Tổng cục Thống kê, Niên giám Thống kê 2023, biểu ""Đầu tư trực tiếp của nước ngoài được cấp giấy phép năm 2023 phân theo đối tác đầu tư chủ yếu"""
ISR,2024,5.1,4,I-xra-ren - Israel,"vốn cấp mới + vốn tăng thêm + vốn góp, mua cổ phần","Tổng cục Thống kê, Niên giám Thống kê 2024, biểu ""Đầu tư trực tiếp của nước ngoài được cấp giấy phép năm 2024 phân theo đối tác đầu tư chủ yếu"""
ISR,2025,1.4,3,I-xra-ren - Israel,"vốn cấp mới + vốn tăng thêm + vốn góp, mua cổ phần","Tổng cục Thống kê, Niên giám Thống kê 2025, biểu ""Đầu tư trực tiếp của nước ngoài được cấp giấy phép năm 2025 phân theo đối tác đầu tư chủ yếu"""
ITA,2007,49.6,4,I-ta-li-a - Italy,vốn cấp mới + vốn tăng thêm,"Tổng cục Thống kê, Niên giám Thống kê 2007, biểu ""Đầu tư trực tiếp của nước ngoài được cấp giấy phép năm 2007 phân theo đối tác đầu tư chủ yếu"""
ITA,2008,20.5,6,I-ta-li-a - Italy,vốn cấp mới + vốn tăng thêm,"Tổng cục Thống kê, Niên giám Thống kê 2008, biểu ""Đầu tư trực tiếp của nước ngoài được cấp giấy phép năm 2008 phân theo đối tác đầu tư chủ yếu"""
ITA,2009,57.2,7,I-ta-li-a - Italy,vốn cấp mới + vốn tăng thêm,"Tổng cục Thống kê, Niên giám Thống kê 2009, biểu ""Đầu tư trực tiếp của nước ngoài được cấp giấy phép năm 2009 phân theo đối tác đầu tư chủ yếu"""
ITA,2012,65.2,9,I-ta-li-a - Italy,vốn cấp mới + vốn tăng thêm,"Tổng cục Thống kê, Niên giám Thống kê 2012, biểu ""Đầu tư trực tiếp của nước ngoài được cấp giấy phép năm 2012 phân theo đối tác đầu tư chủ yếu"""
ITA,2014,108.7,9,I-ta-li-a - Italy,vốn cấp mới + vốn tăng thêm,"Tổng cục Thống kê, Niên giám Thống kê 2014, biểu ""Đầu tư trực tiếp của nước ngoài được cấp giấy phép năm 2014 phân theo đối tác đầu tư chủ yếu"""
ITA,2015,15.9,9,I-ta-li-a - Italy,vốn cấp mới + vốn tăng thêm,"Tổng cục Thống kê, Niên giám Thống kê 2015, biểu ""Đầu tư trực tiếp của nước ngoài được cấp giấy phép năm 2015 phân theo đối tác đầu tư chủ yếu"""
ITA,2016,40.8,11,I-ta-li-a - Italy,"vốn cấp mới + vốn tăng thêm + vốn góp, mua cổ phần","Tổng cục Thống kê, Niên giám Thống kê 2016, biểu ""Đầu tư trực tiếp của nước ngoài được cấp giấy phép năm 2016 phân theo đối tác đầu tư chủ yếu"""
ITA,2017,19.9,8,I-ta-li-a - Italy,"vốn cấp mới + vốn tăng thêm + vốn góp, mua cổ phần","Tổng cục Thống kê, Niên giám Thống kê 2017, biểu ""Đầu tư trực tiếp của nước ngoài được cấp giấy phép năm 2017 phân theo đối tác đầu tư chủ yếu"""
ITA,2018,4.8,7,I-ta-li-a - Italy,"vốn cấp mới + vốn tăng thêm + vốn góp, mua cổ phần","Tổng cục Thống kê, Niên giám Thống kê 2018, biểu ""Đầu tư trực tiếp của nước ngoài được cấp giấy phép năm 2018 phân theo đối tác đầu tư chủ yếu"""
ITA,2019,13.8,16,I-ta-li-a - Italy,"vốn cấp mới + vốn tăng thêm + vốn góp, mua cổ phần","Tổng cục Thống kê, Niên giám Thống kê 2019, biểu ""Đầu tư trực tiếp của nước ngoài được cấp giấy phép năm 2019 phân theo đối tác đầu tư chủ yếu"""
ITA,2020,7.5,11,I-ta-li-a - Italy,"vốn cấp mới + vốn tăng thêm + vốn góp, mua cổ phần","Tổng cục Thống kê, Niên giám Thống kê 2020, biểu ""Đầu tư trực tiếp của nước ngoài được cấp giấy phép năm 2020 phân theo đối tác đầu tư chủ yếu"""
ITA,2021,12.6,16,I-ta-li-a - Italy,"vốn cấp mới + vốn tăng thêm + vốn góp, mua cổ phần","Tổng cục Thống kê, Niên giám Thống kê 2021, biểu ""Đầu tư trực tiếp của nước ngoài được cấp giấy phép năm 2021 phân theo đối tác đầu tư chủ yếu"""
ITA,2022,23.0,11,I-ta-li-a - Italy,"vốn cấp mới + vốn tăng thêm + vốn góp, mua cổ phần","Tổng cục Thống kê, Niên giám Thống kê 2022, biểu ""Đầu tư trực tiếp của nước ngoài được cấp giấy phép năm 2022 phân theo đối tác đầu tư chủ yếu"""
ITA,2023,133.5,14,I-ta-li-a - Italy,"vốn cấp mới + vốn tăng thêm + vốn góp, mua cổ phần","Tổng cục Thống kê, Niên giám Thống kê 2023, biểu ""Đầu tư trực tiếp của nước ngoài được cấp giấy phép năm 2023 phân theo đối tác đầu tư chủ yếu"""
ITA,2025,137.6,12,I-ta-li-a - Italy,"vốn cấp mới + vốn tăng thêm + vốn góp, mua cổ phần","Tổng cục Thống kê, Niên giám Thống kê 2025, biểu ""Đầu tư trực tiếp của nước ngoài được cấp giấy phép năm 2025 phân theo đối tác đầu tư chủ yếu"""
JOR,2018,1.1,,Gioóc-đa-ni - Jordan,"vốn cấp mới + vốn tăng thêm + vốn góp, mua cổ phần","Tổng cục Thống kê, Niên giám Thống kê 2018, biểu ""Đầu tư trực tiếp của nước ngoài được cấp giấy phép năm 2018 phân theo đối tác đầu tư chủ yếu"""
JPN,2006,1490.4,154,main counterparts projects Vèn cÊp míi Vèn t¨ng thªm capital capital / NhËt B¶n - Japan,vốn cấp mới + vốn tăng thêm,"Tổng cục Thống kê, Niên giám Thống kê 2006, biểu ""Đầu tư trực tiếp của nước ngoài được cấp giấy phép năm 2006 phân theo đối tác đầu tư chủ yếu"""
JPN,2007,1385.9,159,NhËt B¶n - Japan,vốn cấp mới + vốn tăng thêm,"Tổng cục Thống kê, Niên giám Thống kê 2007, biểu ""Đầu tư trực tiếp của nước ngoài được cấp giấy phép năm 2007 phân theo đối tác đầu tư chủ yếu"""
JPN,2008,7578.7,105,NhËt B¶n - Japan,vốn cấp mới + vốn tăng thêm,"Tổng cục Thống kê, Niên giám Thống kê 2008, biểu ""Đầu tư trực tiếp của nước ngoài được cấp giấy phép năm 2008 phân theo đối tác đầu tư chủ yếu"""
JPN,2009,715.0,102,NhËt B¶n - Japan,vốn cấp mới + vốn tăng thêm,"Tổng cục Thống kê, Niên giám Thống kê 2009, biểu ""Đầu tư trực tiếp của nước ngoài được cấp giấy phép năm 2009 phân theo đối tác đầu tư chủ yếu"""
JPN,2010,2399.0,144,NhËt B¶n - Japan,vốn cấp mới + vốn tăng thêm,"Tổng cục Thống kê, Niên giám Thống kê 2010, biểu ""Đầu tư trực tiếp của nước ngoài được cấp giấy phép năm 2010 phân theo đối tác đầu tư chủ yếu"""
JPN,2011,2622.0,227,NhËt B¶n - Japan,vốn cấp mới + vốn tăng thêm,"Tổng cục Thống kê, Niên giám Thống kê 2011, biểu ""Đầu tư trực tiếp của nước ngoài được cấp giấy phép năm 2011 phân theo đối tác đầu tư chủ yếu"""
JPN,2012,5593.1,317,Nhật Bản - Japan,vốn cấp mới + vốn tăng thêm,"Tổng cục Thống kê, Niên giám Thống kê 2012, biểu ""Đầu tư trực tiếp của nước ngoài được cấp giấy phép năm 2012 phân theo đối tác đầu tư chủ yếu"""
JPN,2013,5875.5,352,Nhật Bản - Japan,vốn cấp mới + vốn tăng thêm,"Tổng cục Thống kê, Niên giám Thống kê 2013, biểu ""Đầu tư trực tiếp của nước ngoài được cấp giấy phép năm 2013 phân theo đối tác đầu tư chủ yếu"""
JPN,2014,2299.0,342,Nhật Bản - Japan,vốn cấp mới + vốn tăng thêm,"Tổng cục Thống kê, Niên giám Thống kê 2014, biểu ""Đầu tư trực tiếp của nước ngoài được cấp giấy phép năm 2014 phân theo đối tác đầu tư chủ yếu"""
JPN,2015,1803.4,319,Nhật Bản - Japan,vốn cấp mới + vốn tăng thêm,"Tổng cục Thống kê, Niên giám Thống kê 2015, biểu ""Đầu tư trực tiếp của nước ngoài được cấp giấy phép năm 2015 phân theo đối tác đầu tư chủ yếu"""
JPN,2016,3035.9,351,Nhật Bản - Japan,"vốn cấp mới + vốn tăng thêm + vốn góp, mua cổ phần","Tổng cục Thống kê, Niên giám Thống kê 2016, biểu ""Đầu tư trực tiếp của nước ngoài được cấp giấy phép năm 2016 phân theo đối tác đầu tư chủ yếu"""
JPN,2017,9204.7,397,Nhật Bản - Japan,"vốn cấp mới + vốn tăng thêm + vốn góp, mua cổ phần","Tổng cục Thống kê, Niên giám Thống kê 2017, biểu ""Đầu tư trực tiếp của nước ngoài được cấp giấy phép năm 2017 phân theo đối tác đầu tư chủ yếu"""
JPN,2018,8944.5,440,Nhật Bản - Japan,"vốn cấp mới + vốn tăng thêm + vốn góp, mua cổ phần","Tổng cục Thống kê, Niên giám Thống kê 2018, biểu ""Đầu tư trực tiếp của nước ngoài được cấp giấy phép năm 2018 phân theo đối tác đầu tư chủ yếu"""
JPN,2019,4169.2,454,Nhật Bản - Japan,"vốn cấp mới + vốn tăng thêm + vốn góp, mua cổ phần","Tổng cục Thống kê, Niên giám Thống kê 2019, biểu ""Đầu tư trực tiếp của nước ngoài được cấp giấy phép năm 2019 phân theo đối tác đầu tư chủ yếu"""
JPN,2020,2983.6,283,Nhật Bản - Japan,"vốn cấp mới + vốn tăng thêm + vốn góp, mua cổ phần","Tổng cục Thống kê, Niên giám Thống kê 2020, biểu ""Đầu tư trực tiếp của nước ngoài được cấp giấy phép năm 2020 phân theo đối tác đầu tư chủ yếu"""
JPN,2021,4325.8,204,Nhật Bản - Japan,"vốn cấp mới + vốn tăng thêm + vốn góp, mua cổ phần","Tổng cục Thống kê, Niên giám Thống kê 2021, biểu ""Đầu tư trực tiếp của nước ngoài được cấp giấy phép năm 2021 phân theo đối tác đầu tư chủ yếu"""
JPN,2022,5017.3,225,Nhật Bản - Japan,"vốn cấp mới + vốn tăng thêm + vốn góp, mua cổ phần","Tổng cục Thống kê, Niên giám Thống kê 2022, biểu ""Đầu tư trực tiếp của nước ngoài được cấp giấy phép năm 2022 phân theo đối tác đầu tư chủ yếu"""
JPN,2023,6752.6,316,Nhật Bản - Japan,"vốn cấp mới + vốn tăng thêm + vốn góp, mua cổ phần","Tổng cục Thống kê, Niên giám Thống kê 2023, biểu ""Đầu tư trực tiếp của nước ngoài được cấp giấy phép năm 2023 phân theo đối tác đầu tư chủ yếu"""
JPN,2024,3502.2,270,Nhật Bản - Japan,"vốn cấp mới + vốn tăng thêm + vốn góp, mua cổ phần","Tổng cục Thống kê, Niên giám Thống kê 2024, biểu ""Đầu tư trực tiếp của nước ngoài được cấp giấy phép năm 2024 phân theo đối tác đầu tư chủ yếu"""
JPN,2025,3731.8,296,Nhật Bản - Japan,"vốn cấp mới + vốn tăng thêm + vốn góp, mua cổ phần","Tổng cục Thống kê, Niên giám Thống kê 2025, biểu ""Đầu tư trực tiếp của nước ngoài được cấp giấy phép năm 2025 phân theo đối tác đầu tư chủ yếu"""
KAZ,2016,21.2,,Ka-dắc-xtan - Kazakhstan,"vốn cấp mới + vốn tăng thêm + vốn góp, mua cổ phần","Tổng cục Thống kê, Niên giám Thống kê 2016, biểu ""Đầu tư trực tiếp của nước ngoài được cấp giấy phép năm 2016 phân theo đối tác đầu tư chủ yếu"""
KAZ,2018,2.0,,Ca-dắc-xtan - Kazakhstan,"vốn cấp mới + vốn tăng thêm + vốn góp, mua cổ phần","Tổng cục Thống kê, Niên giám Thống kê 2018, biểu ""Đầu tư trực tiếp của nước ngoài được cấp giấy phép năm 2018 phân theo đối tác đầu tư chủ yếu"""
KAZ,2019,2.3,1,Ka-dắc-xtan - Kazakhstan,"vốn cấp mới + vốn tăng thêm + vốn góp, mua cổ phần","Tổng cục Thống kê, Niên giám Thống kê 2019, biểu ""Đầu tư trực tiếp của nước ngoài được cấp giấy phép năm 2019 phân theo đối tác đầu tư chủ yếu"""
KAZ,2020,0.8,2,Ka-dắc-xtan - Kazakhstan,"vốn cấp mới + vốn tăng thêm + vốn góp, mua cổ phần","Tổng cục Thống kê, Niên giám Thống kê 2020, biểu ""Đầu tư trực tiếp của nước ngoài được cấp giấy phép năm 2020 phân theo đối tác đầu tư chủ yếu"""
KAZ,2021,1.4,1,Ka-dắc-xtan - Kazakhstan,"vốn cấp mới + vốn tăng thêm + vốn góp, mua cổ phần","Tổng cục Thống kê, Niên giám Thống kê 2021, biểu ""Đầu tư trực tiếp của nước ngoài được cấp giấy phép năm 2021 phân theo đối tác đầu tư chủ yếu"""
KAZ,2022,0.5,,Ka-dắc-xtan - Kazakhstan,"vốn cấp mới + vốn tăng thêm + vốn góp, mua cổ phần","Tổng cục Thống kê, Niên giám Thống kê 2022, biểu ""Đầu tư trực tiếp của nước ngoài được cấp giấy phép năm 2022 phân theo đối tác đầu tư chủ yếu"""
KAZ,2023,0.2,1,Ka-dắc-xtan - Kazakhstan,"vốn cấp mới + vốn tăng thêm + vốn góp, mua cổ phần","Tổng cục Thống kê, Niên giám Thống kê 2023, biểu ""Đầu tư trực tiếp của nước ngoài được cấp giấy phép năm 2023 phân theo đối tác đầu tư chủ yếu"""
KAZ,2025,1.2,3,Ka-dắc-xtan - Kazakhstan,"vốn cấp mới + vốn tăng thêm + vốn góp, mua cổ phần","Tổng cục Thống kê, Niên giám Thống kê 2025, biểu ""Đầu tư trực tiếp của nước ngoài được cấp giấy phép năm 2025 phân theo đối tác đầu tư chủ yếu"""
KGZ,2024,5.5,1,Cộng hòa Kyrgyzstan -Kyrgyz Republic,"vốn cấp mới + vốn tăng thêm + vốn góp, mua cổ phần","Tổng cục Thống kê, Niên giám Thống kê 2024, biểu ""Đầu tư trực tiếp của nước ngoài được cấp giấy phép năm 2024 phân theo đối tác đầu tư chủ yếu"""
KGZ,2025,1.7,2,Cộng hòa Kyrgyzstan - Kyrgyz Republic,"vốn cấp mới + vốn tăng thêm + vốn góp, mua cổ phần","Tổng cục Thống kê, Niên giám Thống kê 2025, biểu ""Đầu tư trực tiếp của nước ngoài được cấp giấy phép năm 2025 phân theo đối tác đầu tư chủ yếu"""
KHM,2007,2.0,2,Cam-pu-chia - Cambodia,vốn cấp mới + vốn tăng thêm,"Tổng cục Thống kê, Niên giám Thống kê 2007, biểu ""Đầu tư trực tiếp của nước ngoài được cấp giấy phép năm 2007 phân theo đối tác đầu tư chủ yếu"""
KHM,2016,15.5,5,Cam-pu-chia - Cambodia,"vốn cấp mới + vốn tăng thêm + vốn góp, mua cổ phần","Tổng cục Thống kê, Niên giám Thống kê 2016, biểu ""Đầu tư trực tiếp của nước ngoài được cấp giấy phép năm 2016 phân theo đối tác đầu tư chủ yếu"""
KHM,2017,6.4,1,Cam-pu-chia - Cambodia,"vốn cấp mới + vốn tăng thêm + vốn góp, mua cổ phần","Tổng cục Thống kê, Niên giám Thống kê 2017, biểu ""Đầu tư trực tiếp của nước ngoài được cấp giấy phép năm 2017 phân theo đối tác đầu tư chủ yếu"""
KHM,2018,82.2,1,Cam-pu-chia - Cambodia,"vốn cấp mới + vốn tăng thêm + vốn góp, mua cổ phần","Tổng cục Thống kê, Niên giám Thống kê 2018, biểu ""Đầu tư trực tiếp của nước ngoài được cấp giấy phép năm 2018 phân theo đối tác đầu tư chủ yếu"""
KHM,2019,5.7,4,Cam-pu-chia - Cambodia,"vốn cấp mới + vốn tăng thêm + vốn góp, mua cổ phần","Tổng cục Thống kê, Niên giám Thống kê 2019, biểu ""Đầu tư trực tiếp của nước ngoài được cấp giấy phép năm 2019 phân theo đối tác đầu tư chủ yếu"""
KHM,2020,23.0,5,Cam-pu-chia - Cambodia,"vốn cấp mới + vốn tăng thêm + vốn góp, mua cổ phần","Tổng cục Thống kê, Niên giám Thống kê 2020, biểu ""Đầu tư trực tiếp của nước ngoài được cấp giấy phép năm 2020 phân theo đối tác đầu tư chủ yếu"""
KHM,2021,4.2,1,Cam-pu-chia - Cambodia,"vốn cấp mới + vốn tăng thêm + vốn góp, mua cổ phần","Tổng cục Thống kê, Niên giám Thống kê 2021, biểu ""Đầu tư trực tiếp của nước ngoài được cấp giấy phép năm 2021 phân theo đối tác đầu tư chủ yếu"""
KHM,2022,17.9,2,Cam-pu-chia - Cambodia,"vốn cấp mới + vốn tăng thêm + vốn góp, mua cổ phần","Tổng cục Thống kê, Niên giám Thống kê 2022, biểu ""Đầu tư trực tiếp của nước ngoài được cấp giấy phép năm 2022 phân theo đối tác đầu tư chủ yếu"""
KHM,2023,13.9,3,Cam-pu-chia - Cambodia,"vốn cấp mới + vốn tăng thêm + vốn góp, mua cổ phần","Tổng cục Thống kê, Niên giám Thống kê 2023, biểu ""Đầu tư trực tiếp của nước ngoài được cấp giấy phép năm 2023 phân theo đối tác đầu tư chủ yếu"""
KHM,2024,6.9,10,Cam-pu-chia - Cambodia,"vốn cấp mới + vốn tăng thêm + vốn góp, mua cổ phần","Tổng cục Thống kê, Niên giám Thống kê 2024, biểu ""Đầu tư trực tiếp của nước ngoài được cấp giấy phép năm 2024 phân theo đối tác đầu tư chủ yếu"""
KHM,2025,6.1,8,Cam-pu-chia - Cambodia,"vốn cấp mới + vốn tăng thêm + vốn góp, mua cổ phần","Tổng cục Thống kê, Niên giám Thống kê 2025, biểu ""Đầu tư trực tiếp của nước ngoài được cấp giấy phép năm 2025 phân theo đối tác đầu tư chủ yếu"""
KNA,2022,0.9,,Saint Kitts and Nevis,"vốn cấp mới + vốn tăng thêm + vốn góp, mua cổ phần","Tổng cục Thống kê, Niên giám Thống kê 2022, biểu ""Đầu tư trực tiếp của nước ngoài được cấp giấy phép năm 2022 phân theo đối tác đầu tư chủ yếu"""
KNA,2023,1.2,1,Liên bang Saint Kitts và Nevis - Saint Kitts and Nevis,"vốn cấp mới + vốn tăng thêm + vốn góp, mua cổ phần","Tổng cục Thống kê, Niên giám Thống kê 2023, biểu ""Đầu tư trực tiếp của nước ngoài được cấp giấy phép năm 2023 phân theo đối tác đầu tư chủ yếu"""
KNA,2025,1.8,,Đảo Nêvít - Island of Nevis,"vốn cấp mới + vốn tăng thêm + vốn góp, mua cổ phần","Tổng cục Thống kê, Niên giám Thống kê 2025, biểu ""Đầu tư trực tiếp của nước ngoài được cấp giấy phép năm 2025 phân theo đối tác đầu tư chủ yếu"""
KOR,2006,3106.5,253,Hµn Quèc - Korea Rep. of,vốn cấp mới + vốn tăng thêm,"Tổng cục Thống kê, Niên giám Thống kê 2006, biểu ""Đầu tư trực tiếp của nước ngoài được cấp giấy phép năm 2006 phân theo đối tác đầu tư chủ yếu"""
KOR,2007,5395.4,423,Hµn Quèc - Korea Rep. of,vốn cấp mới + vốn tăng thêm,"Tổng cục Thống kê, Niên giám Thống kê 2007, biểu ""Đầu tư trực tiếp của nước ngoài được cấp giấy phép năm 2007 phân theo đối tác đầu tư chủ yếu"""
KOR,2008,2019.0,292,Hµn Quèc - Korea Rep. of,vốn cấp mới + vốn tăng thêm,"Tổng cục Thống kê, Niên giám Thống kê 2008, biểu ""Đầu tư trực tiếp của nước ngoài được cấp giấy phép năm 2008 phân theo đối tác đầu tư chủ yếu"""
KOR,2009,1911.5,315,Hµn Quèc - Korea Rep. of,vốn cấp mới + vốn tăng thêm,"Tổng cục Thống kê, Niên giám Thống kê 2009, biểu ""Đầu tư trực tiếp của nước ngoài được cấp giấy phép năm 2009 phân theo đối tác đầu tư chủ yếu"""
KOR,2010,2545.2,313,Hµn Quèc - Korea Rep. of,vốn cấp mới + vốn tăng thêm,"Tổng cục Thống kê, Niên giám Thống kê 2010, biểu ""Đầu tư trực tiếp của nước ngoài được cấp giấy phép năm 2010 phân theo đối tác đầu tư chủ yếu"""
KOR,2011,1540.2,288,Hµn Quèc - Korea Rep. of,vốn cấp mới + vốn tăng thêm,"Tổng cục Thống kê, Niên giám Thống kê 2011, biểu ""Đầu tư trực tiếp của nước ngoài được cấp giấy phép năm 2011 phân theo đối tác đầu tư chủ yếu"""
KOR,2012,1285.2,277,Hàn Quốc - Korea Rep. of,vốn cấp mới + vốn tăng thêm,"Tổng cục Thống kê, Niên giám Thống kê 2012, biểu ""Đầu tư trực tiếp của nước ngoài được cấp giấy phép năm 2012 phân theo đối tác đầu tư chủ yếu"""
KOR,2013,4466.0,427,Hàn Quốc - Korea Rep. of,vốn cấp mới + vốn tăng thêm,"Tổng cục Thống kê, Niên giám Thống kê 2013, biểu ""Đầu tư trực tiếp của nước ngoài được cấp giấy phép năm 2013 phân theo đối tác đầu tư chủ yếu"""
KOR,2014,7705.0,588,Hàn Quốc - Korea Rep. of,vốn cấp mới + vốn tăng thêm,"Tổng cục Thống kê, Niên giám Thống kê 2014, biểu ""Đầu tư trực tiếp của nước ngoài được cấp giấy phép năm 2014 phân theo đối tác đầu tư chủ yếu"""
KOR,2015,6983.2,736,Hàn Quốc - Korea Rep. of,vốn cấp mới + vốn tăng thêm,"Tổng cục Thống kê, Niên giám Thống kê 2015, biểu ""Đầu tư trực tiếp của nước ngoài được cấp giấy phép năm 2015 phân theo đối tác đầu tư chủ yếu"""
KOR,2016,7965.2,849,Hàn Quốc - Korea Rep. of,"vốn cấp mới + vốn tăng thêm + vốn góp, mua cổ phần","Tổng cục Thống kê, Niên giám Thống kê 2016, biểu ""Đầu tư trực tiếp của nước ngoài được cấp giấy phép năm 2016 phân theo đối tác đầu tư chủ yếu"""
KOR,2017,8720.0,895,Hàn Quốc - Korea Rep. of,"vốn cấp mới + vốn tăng thêm + vốn góp, mua cổ phần","Tổng cục Thống kê, Niên giám Thống kê 2017, biểu ""Đầu tư trực tiếp của nước ngoài được cấp giấy phép năm 2017 phân theo đối tác đầu tư chủ yếu"""
KOR,2018,7320.5,1071,Hàn Quốc - Korea Rep. of,"vốn cấp mới + vốn tăng thêm + vốn góp, mua cổ phần","Tổng cục Thống kê, Niên giám Thống kê 2018, biểu ""Đầu tư trực tiếp của nước ngoài được cấp giấy phép năm 2018 phân theo đối tác đầu tư chủ yếu"""
KOR,2019,8344.4,1181,Hàn Quốc - Korea Rep.of,"vốn cấp mới + vốn tăng thêm + vốn góp, mua cổ phần","Tổng cục Thống kê, Niên giám Thống kê 2019, biểu ""Đầu tư trực tiếp của nước ngoài được cấp giấy phép năm 2019 phân theo đối tác đầu tư chủ yếu"""
KOR,2020,4214.1,617,Hàn Quốc - Korea Rep.of,"vốn cấp mới + vốn tăng thêm + vốn góp, mua cổ phần","Tổng cục Thống kê, Niên giám Thống kê 2020, biểu ""Đầu tư trực tiếp của nước ngoài được cấp giấy phép năm 2020 phân theo đối tác đầu tư chủ yếu"""
KOR,2021,7679.9,377,Hàn Quốc - Korea Rep.of,"vốn cấp mới + vốn tăng thêm + vốn góp, mua cổ phần","Tổng cục Thống kê, Niên giám Thống kê 2021, biểu ""Đầu tư trực tiếp của nước ngoài được cấp giấy phép năm 2021 phân theo đối tác đầu tư chủ yếu"""
KOR,2022,5086.7,435,Hàn Quốc - Korea Rep.of,"vốn cấp mới + vốn tăng thêm + vốn góp, mua cổ phần","Tổng cục Thống kê, Niên giám Thống kê 2022, biểu ""Đầu tư trực tiếp của nước ngoài được cấp giấy phép năm 2022 phân theo đối tác đầu tư chủ yếu"""
KOR,2023,5131.1,492,Hàn Quốc - Korea Rep.of,"vốn cấp mới + vốn tăng thêm + vốn góp, mua cổ phần","Tổng cục Thống kê, Niên giám Thống kê 2023, biểu ""Đầu tư trực tiếp của nước ngoài được cấp giấy phép năm 2023 phân theo đối tác đầu tư chủ yếu"""
KOR,2024,7057.3,410,Hàn Quốc - Korea Rep.of,"vốn cấp mới + vốn tăng thêm + vốn góp, mua cổ phần","Tổng cục Thống kê, Niên giám Thống kê 2024, biểu ""Đầu tư trực tiếp của nước ngoài được cấp giấy phép năm 2024 phân theo đối tác đầu tư chủ yếu"""
KOR,2025,5292.2,451,Hàn Quốc - Korea Rep. of,"vốn cấp mới + vốn tăng thêm + vốn góp, mua cổ phần","Tổng cục Thống kê, Niên giám Thống kê 2025, biểu ""Đầu tư trực tiếp của nước ngoài được cấp giấy phép năm 2025 phân theo đối tác đầu tư chủ yếu"""
KWT,2017,1.0,1,Cô-oét - Kuwait,"vốn cấp mới + vốn tăng thêm + vốn góp, mua cổ phần","Tổng cục Thống kê, Niên giám Thống kê 2017, biểu ""Đầu tư trực tiếp của nước ngoài được cấp giấy phép năm 2017 phân theo đối tác đầu tư chủ yếu"""
LAO,2007,25.0,1,projects Vèn cÊp míi Vèn t¨ng thªm capital capital / Lµo - Laos,vốn cấp mới + vốn tăng thêm,"Tổng cục Thống kê, Niên giám Thống kê 2007, biểu ""Đầu tư trực tiếp của nước ngoài được cấp giấy phép năm 2007 phân theo đối tác đầu tư chủ yếu"""
LAO,2010,50.2,2,Lµo - Lao PDR,vốn cấp mới + vốn tăng thêm,"Tổng cục Thống kê, Niên giám Thống kê 2010, biểu ""Đầu tư trực tiếp của nước ngoài được cấp giấy phép năm 2010 phân theo đối tác đầu tư chủ yếu"""
LAO,2016,14.3,1,Lào - Lao PDR,"vốn cấp mới + vốn tăng thêm + vốn góp, mua cổ phần","Tổng cục Thống kê, Niên giám Thống kê 2016, biểu ""Đầu tư trực tiếp của nước ngoài được cấp giấy phép năm 2016 phân theo đối tác đầu tư chủ yếu"""
LAO,2018,1.0,,Lào - Lao PDR,"vốn cấp mới + vốn tăng thêm + vốn góp, mua cổ phần","Tổng cục Thống kê, Niên giám Thống kê 2018, biểu ""Đầu tư trực tiếp của nước ngoài được cấp giấy phép năm 2018 phân theo đối tác đầu tư chủ yếu"""
LAO,2019,1.1,2,Lào - Lao PDR,"vốn cấp mới + vốn tăng thêm + vốn góp, mua cổ phần","Tổng cục Thống kê, Niên giám Thống kê 2019, biểu ""Đầu tư trực tiếp của nước ngoài được cấp giấy phép năm 2019 phân theo đối tác đầu tư chủ yếu"""
LAO,2020,2.3,,Lào - Lao PDR,"vốn cấp mới + vốn tăng thêm + vốn góp, mua cổ phần","Tổng cục Thống kê, Niên giám Thống kê 2020, biểu ""Đầu tư trực tiếp của nước ngoài được cấp giấy phép năm 2020 phân theo đối tác đầu tư chủ yếu"""
LAO,2021,2.7,1,Lào - Lao PDR,"vốn cấp mới + vốn tăng thêm + vốn góp, mua cổ phần","Tổng cục Thống kê, Niên giám Thống kê 2021, biểu ""Đầu tư trực tiếp của nước ngoài được cấp giấy phép năm 2021 phân theo đối tác đầu tư chủ yếu"""
LAO,2022,2.1,,Lào - Lao PDR,"vốn cấp mới + vốn tăng thêm + vốn góp, mua cổ phần","Tổng cục Thống kê, Niên giám Thống kê 2022, biểu ""Đầu tư trực tiếp của nước ngoài được cấp giấy phép năm 2022 phân theo đối tác đầu tư chủ yếu"""
LAO,2023,0.5,1,Lào - Lao PDR,"vốn cấp mới + vốn tăng thêm + vốn góp, mua cổ phần","Tổng cục Thống kê, Niên giám Thống kê 2023, biểu ""Đầu tư trực tiếp của nước ngoài được cấp giấy phép năm 2023 phân theo đối tác đầu tư chủ yếu"""
LAO,2024,1.1,2,Lào - Lao PDR,"vốn cấp mới + vốn tăng thêm + vốn góp, mua cổ phần","Tổng cục Thống kê, Niên giám Thống kê 2024, biểu ""Đầu tư trực tiếp của nước ngoài được cấp giấy phép năm 2024 phân theo đối tác đầu tư chủ yếu"""
LAO,2025,30.0,1,Lào - Lao PDR,"vốn cấp mới + vốn tăng thêm + vốn góp, mua cổ phần","Tổng cục Thống kê, Niên giám Thống kê 2025, biểu ""Đầu tư trực tiếp của nước ngoài được cấp giấy phép năm 2025 phân theo đối tác đầu tư chủ yếu"""
LKA,2015,59.1,4,Xri Lan-ca - Sri Lanka,vốn cấp mới + vốn tăng thêm,"Tổng cục Thống kê, Niên giám Thống kê 2015, biểu ""Đầu tư trực tiếp của nước ngoài được cấp giấy phép năm 2015 phân theo đối tác đầu tư chủ yếu"""
LKA,2016,7.5,1,Xri Lan-ca - Sri Lanka,"vốn cấp mới + vốn tăng thêm + vốn góp, mua cổ phần","Tổng cục Thống kê, Niên giám Thống kê 2016, biểu ""Đầu tư trực tiếp của nước ngoài được cấp giấy phép năm 2016 phân theo đối tác đầu tư chủ yếu"""
LKA,2017,2.1,2,Xri Lan-ca - Sri Lanka,"vốn cấp mới + vốn tăng thêm + vốn góp, mua cổ phần","Tổng cục Thống kê, Niên giám Thống kê 2017, biểu ""Đầu tư trực tiếp của nước ngoài được cấp giấy phép năm 2017 phân theo đối tác đầu tư chủ yếu"""
LKA,2019,10.7,5,Xri-Lan-ca - Srilanka,"vốn cấp mới + vốn tăng thêm + vốn góp, mua cổ phần","Tổng cục Thống kê, Niên giám Thống kê 2019, biểu ""Đầu tư trực tiếp của nước ngoài được cấp giấy phép năm 2019 phân theo đối tác đầu tư chủ yếu"""
LKA,2020,0.6,2,Xri-Lan-ca - Srilanka,"vốn cấp mới + vốn tăng thêm + vốn góp, mua cổ phần","Tổng cục Thống kê, Niên giám Thống kê 2020, biểu ""Đầu tư trực tiếp của nước ngoài được cấp giấy phép năm 2020 phân theo đối tác đầu tư chủ yếu"""
LKA,2021,1.0,1,Xri-Lan-ca - Srilanka,"vốn cấp mới + vốn tăng thêm + vốn góp, mua cổ phần","Tổng cục Thống kê, Niên giám Thống kê 2021, biểu ""Đầu tư trực tiếp của nước ngoài được cấp giấy phép năm 2021 phân theo đối tác đầu tư chủ yếu"""
LKA,2022,1.2,1,Xri-Lan-ca - Srilanka,"vốn cấp mới + vốn tăng thêm + vốn góp, mua cổ phần","Tổng cục Thống kê, Niên giám Thống kê 2022, biểu ""Đầu tư trực tiếp của nước ngoài được cấp giấy phép năm 2022 phân theo đối tác đầu tư chủ yếu"""
LKA,2023,2.8,3,Xri-Lan-ca - Srilanka,"vốn cấp mới + vốn tăng thêm + vốn góp, mua cổ phần","Tổng cục Thống kê, Niên giám Thống kê 2023, biểu ""Đầu tư trực tiếp của nước ngoài được cấp giấy phép năm 2023 phân theo đối tác đầu tư chủ yếu"""
LTU,2019,21.8,4,Lit-va - Lithuania,"vốn cấp mới + vốn tăng thêm + vốn góp, mua cổ phần","Tổng cục Thống kê, Niên giám Thống kê 2019, biểu ""Đầu tư trực tiếp của nước ngoài được cấp giấy phép năm 2019 phân theo đối tác đầu tư chủ yếu"""
LTU,2020,0.1,1,Lit-va - Lithuania,"vốn cấp mới + vốn tăng thêm + vốn góp, mua cổ phần","Tổng cục Thống kê, Niên giám Thống kê 2020, biểu ""Đầu tư trực tiếp của nước ngoài được cấp giấy phép năm 2020 phân theo đối tác đầu tư chủ yếu"""
LTU,2021,0.3,,Lit-va - Lithuania,"vốn cấp mới + vốn tăng thêm + vốn góp, mua cổ phần","Tổng cục Thống kê, Niên giám Thống kê 2021, biểu ""Đầu tư trực tiếp của nước ngoài được cấp giấy phép năm 2021 phân theo đối tác đầu tư chủ yếu"""
LTU,2025,1.2,3,Lithuania - Lit-va,"vốn cấp mới + vốn tăng thêm + vốn góp, mua cổ phần","Tổng cục Thống kê, Niên giám Thống kê 2025, biểu ""Đầu tư trực tiếp của nước ngoài được cấp giấy phép năm 2025 phân theo đối tác đầu tư chủ yếu"""
LUX,2006,3.2,1,Lóc-xăm-bua - Luxembourg,vốn cấp mới + vốn tăng thêm,"Tổng cục Thống kê, Niên giám Thống kê 2006, biểu ""Đầu tư trực tiếp của nước ngoài được cấp giấy phép năm 2006 phân theo đối tác đầu tư chủ yếu"""
LUX,2009,187.8,2,Lóc-x¨m-bua - Luxembourg,vốn cấp mới + vốn tăng thêm,"Tổng cục Thống kê, Niên giám Thống kê 2009, biểu ""Đầu tư trực tiếp của nước ngoài được cấp giấy phép năm 2009 phân theo đối tác đầu tư chủ yếu"""
LUX,2010,110.4,2,Lóc-x¨m-bua - Luxembourg,vốn cấp mới + vốn tăng thêm,"Tổng cục Thống kê, Niên giám Thống kê 2010, biểu ""Đầu tư trực tiếp của nước ngoài được cấp giấy phép năm 2010 phân theo đối tác đầu tư chủ yếu"""
LUX,2011,398.1,3,Lóc-x¨m-bua - Luxembourg,vốn cấp mới + vốn tăng thêm,"Tổng cục Thống kê, Niên giám Thống kê 2011, biểu ""Đầu tư trực tiếp của nước ngoài được cấp giấy phép năm 2011 phân theo đối tác đầu tư chủ yếu"""
LUX,2012,11.3,2,Lúc-xăm-bua - Luxembourg,vốn cấp mới + vốn tăng thêm,"Tổng cục Thống kê, Niên giám Thống kê 2012, biểu ""Đầu tư trực tiếp của nước ngoài được cấp giấy phép năm 2012 phân theo đối tác đầu tư chủ yếu"""
LUX,2013,16.4,3,Lúc-xăm-bua - Luxembourg,vốn cấp mới + vốn tăng thêm,"Tổng cục Thống kê, Niên giám Thống kê 2013, biểu ""Đầu tư trực tiếp của nước ngoài được cấp giấy phép năm 2013 phân theo đối tác đầu tư chủ yếu"""
LUX,2014,23.9,5,Lúc-xăm-bua - Luxembourg,vốn cấp mới + vốn tăng thêm,"Tổng cục Thống kê, Niên giám Thống kê 2014, biểu ""Đầu tư trực tiếp của nước ngoài được cấp giấy phép năm 2014 phân theo đối tác đầu tư chủ yếu"""
LUX,2015,22.2,5,Lúc-xăm-bua - Luxembourg,vốn cấp mới + vốn tăng thêm,"Tổng cục Thống kê, Niên giám Thống kê 2015, biểu ""Đầu tư trực tiếp của nước ngoài được cấp giấy phép năm 2015 phân theo đối tác đầu tư chủ yếu"""
LUX,2016,311.8,,Lúc-xăm-bua - Luxembourg,"vốn cấp mới + vốn tăng thêm + vốn góp, mua cổ phần","Tổng cục Thống kê, Niên giám Thống kê 2016, biểu ""Đầu tư trực tiếp của nước ngoài được cấp giấy phép năm 2016 phân theo đối tác đầu tư chủ yếu"""
LUX,2017,18.9,4,Lúc-xăm-bua - Luxembourg,"vốn cấp mới + vốn tăng thêm + vốn góp, mua cổ phần","Tổng cục Thống kê, Niên giám Thống kê 2017, biểu ""Đầu tư trực tiếp của nước ngoài được cấp giấy phép năm 2017 phân theo đối tác đầu tư chủ yếu"""
LUX,2018,19.2,3,Lúc-xăm-bua - Luxembourg,"vốn cấp mới + vốn tăng thêm + vốn góp, mua cổ phần","Tổng cục Thống kê, Niên giám Thống kê 2018, biểu ""Đầu tư trực tiếp của nước ngoài được cấp giấy phép năm 2018 phân theo đối tác đầu tư chủ yếu"""
LUX,2019,57.1,5,Lúc-xăm-bua - Luxembourg,"vốn cấp mới + vốn tăng thêm + vốn góp, mua cổ phần","Tổng cục Thống kê, Niên giám Thống kê 2019, biểu ""Đầu tư trực tiếp của nước ngoài được cấp giấy phép năm 2019 phân theo đối tác đầu tư chủ yếu"""
LUX,2020,58.8,1,Lúc-xăm-bua - Luxembourg,"vốn cấp mới + vốn tăng thêm + vốn góp, mua cổ phần","Tổng cục Thống kê, Niên giám Thống kê 2020, biểu ""Đầu tư trực tiếp của nước ngoài được cấp giấy phép năm 2020 phân theo đối tác đầu tư chủ yếu"""
LUX,2021,5.1,2,Lúc-xăm-bua - Luxembourg,"vốn cấp mới + vốn tăng thêm + vốn góp, mua cổ phần","Tổng cục Thống kê, Niên giám Thống kê 2021, biểu ""Đầu tư trực tiếp của nước ngoài được cấp giấy phép năm 2021 phân theo đối tác đầu tư chủ yếu"""
LUX,2022,41.4,4,Lúc-xăm-bua - Luxembourg,"vốn cấp mới + vốn tăng thêm + vốn góp, mua cổ phần","Tổng cục Thống kê, Niên giám Thống kê 2022, biểu ""Đầu tư trực tiếp của nước ngoài được cấp giấy phép năm 2022 phân theo đối tác đầu tư chủ yếu"""
LUX,2023,11.5,2,Lúc-xăm-bua - Luxembourg,"vốn cấp mới + vốn tăng thêm + vốn góp, mua cổ phần","Tổng cục Thống kê, Niên giám Thống kê 2023, biểu ""Đầu tư trực tiếp của nước ngoài được cấp giấy phép năm 2023 phân theo đối tác đầu tư chủ yếu"""
LUX,2024,140.1,4,Lúc-xăm-bua - Luxembourg,"vốn cấp mới + vốn tăng thêm + vốn góp, mua cổ phần","Tổng cục Thống kê, Niên giám Thống kê 2024, biểu ""Đầu tư trực tiếp của nước ngoài được cấp giấy phép năm 2024 phân theo đối tác đầu tư chủ yếu"""
LUX,2025,79.7,3,Lúc-xăm-bua - Luxembourg,"vốn cấp mới + vốn tăng thêm + vốn góp, mua cổ phần","Tổng cục Thống kê, Niên giám Thống kê 2025, biểu ""Đầu tư trực tiếp của nước ngoài được cấp giấy phép năm 2025 phân theo đối tác đầu tư chủ yếu"""
LVA,2019,1.5,1,Lat-vi-a - Latvia,"vốn cấp mới + vốn tăng thêm + vốn góp, mua cổ phần","Tổng cục Thống kê, Niên giám Thống kê 2019, biểu ""Đầu tư trực tiếp của nước ngoài được cấp giấy phép năm 2019 phân theo đối tác đầu tư chủ yếu"""
LVA,2020,0.2,,Lat-vi-a - Latvia,"vốn cấp mới + vốn tăng thêm + vốn góp, mua cổ phần","Tổng cục Thống kê, Niên giám Thống kê 2020, biểu ""Đầu tư trực tiếp của nước ngoài được cấp giấy phép năm 2020 phân theo đối tác đầu tư chủ yếu"""
MAC,2007,18.0,1,§Æc khu HC Ma-cao (TQ) / Macao SAR (China),vốn cấp mới + vốn tăng thêm,"Tổng cục Thống kê, Niên giám Thống kê 2007, biểu ""Đầu tư trực tiếp của nước ngoài được cấp giấy phép năm 2007 phân theo đối tác đầu tư chủ yếu"""
MAC,2016,42.7,2,Đặc khu HC Ma-cao (TQ) - Macao SAR (China),"vốn cấp mới + vốn tăng thêm + vốn góp, mua cổ phần","Tổng cục Thống kê, Niên giám Thống kê 2016, biểu ""Đầu tư trực tiếp của nước ngoài được cấp giấy phép năm 2016 phân theo đối tác đầu tư chủ yếu"""
MAC,2017,9.0,1,Ma Cao - Macau,"vốn cấp mới + vốn tăng thêm + vốn góp, mua cổ phần","Tổng cục Thống kê, Niên giám Thống kê 2017, biểu ""Đầu tư trực tiếp của nước ngoài được cấp giấy phép năm 2017 phân theo đối tác đầu tư chủ yếu"""
MAC,2018,83.8,3,Ma Cao - Macau,"vốn cấp mới + vốn tăng thêm + vốn góp, mua cổ phần","Tổng cục Thống kê, Niên giám Thống kê 2018, biểu ""Đầu tư trực tiếp của nước ngoài được cấp giấy phép năm 2018 phân theo đối tác đầu tư chủ yếu"""
MAC,2019,15.0,1,Đặc khu HC Ma-cao (TQ) - Macau SAR (China),"vốn cấp mới + vốn tăng thêm + vốn góp, mua cổ phần","Tổng cục Thống kê, Niên giám Thống kê 2019, biểu ""Đầu tư trực tiếp của nước ngoài được cấp giấy phép năm 2019 phân theo đối tác đầu tư chủ yếu"""
MAC,2020,9.1,1,Ma cao - Macau,"vốn cấp mới + vốn tăng thêm + vốn góp, mua cổ phần","Tổng cục Thống kê, Niên giám Thống kê 2020, biểu ""Đầu tư trực tiếp của nước ngoài được cấp giấy phép năm 2020 phân theo đối tác đầu tư chủ yếu"""
MAC,2021,12.4,1,Ma cao - Macau,"vốn cấp mới + vốn tăng thêm + vốn góp, mua cổ phần","Tổng cục Thống kê, Niên giám Thống kê 2021, biểu ""Đầu tư trực tiếp của nước ngoài được cấp giấy phép năm 2021 phân theo đối tác đầu tư chủ yếu"""
MAC,2025,2.1,1,Đặc khu HC Ma-cao (TQ) - Macau (China),"vốn cấp mới + vốn tăng thêm + vốn góp, mua cổ phần","Tổng cục Thống kê, Niên giám Thống kê 2025, biểu ""Đầu tư trực tiếp của nước ngoài được cấp giấy phép năm 2025 phân theo đối tác đầu tư chủ yếu"""
MDA,2025,4.9,1,Môn-đô-va - Republic of Moldova,"vốn cấp mới + vốn tăng thêm + vốn góp, mua cổ phần","Tổng cục Thống kê, Niên giám Thống kê 2025, biểu ""Đầu tư trực tiếp của nước ngoài được cấp giấy phép năm 2025 phân theo đối tác đầu tư chủ yếu"""
MHL,2015,5.0,1,Quần đảo Mác-san - Marshall Islands,vốn cấp mới + vốn tăng thêm,"Tổng cục Thống kê, Niên giám Thống kê 2015, biểu ""Đầu tư trực tiếp của nước ngoài được cấp giấy phép năm 2015 phân theo đối tác đầu tư chủ yếu"""
MHL,2016,41.5,2,Quốc đảo Marshall - Marshall Islands,"vốn cấp mới + vốn tăng thêm + vốn góp, mua cổ phần","Tổng cục Thống kê, Niên giám Thống kê 2016, biểu ""Đầu tư trực tiếp của nước ngoài được cấp giấy phép năm 2016 phân theo đối tác đầu tư chủ yếu"""
MHL,2017,100.1,,Quốc đảo Marshall - Marshall Islands,"vốn cấp mới + vốn tăng thêm + vốn góp, mua cổ phần","Tổng cục Thống kê, Niên giám Thống kê 2017, biểu ""Đầu tư trực tiếp của nước ngoài được cấp giấy phép năm 2017 phân theo đối tác đầu tư chủ yếu"""
MHL,2018,7.9,,Quốc đảo Marshall - Marshall Islands,"vốn cấp mới + vốn tăng thêm + vốn góp, mua cổ phần","Tổng cục Thống kê, Niên giám Thống kê 2018, biểu ""Đầu tư trực tiếp của nước ngoài được cấp giấy phép năm 2018 phân theo đối tác đầu tư chủ yếu"""
MHL,2019,7.5,,Quốc đảo Marshall - Marshall Islands,"vốn cấp mới + vốn tăng thêm + vốn góp, mua cổ phần","Tổng cục Thống kê, Niên giám Thống kê 2019, biểu ""Đầu tư trực tiếp của nước ngoài được cấp giấy phép năm 2019 phân theo đối tác đầu tư chủ yếu"""
MHL,2020,17.2,2,Quốc đảo Marshall - Marshall Islands,"vốn cấp mới + vốn tăng thêm + vốn góp, mua cổ phần","Tổng cục Thống kê, Niên giám Thống kê 2020, biểu ""Đầu tư trực tiếp của nước ngoài được cấp giấy phép năm 2020 phân theo đối tác đầu tư chủ yếu"""
MHL,2021,5.0,1,Quốc đảo Marshall - Marshall Islands,"vốn cấp mới + vốn tăng thêm + vốn góp, mua cổ phần","Tổng cục Thống kê, Niên giám Thống kê 2021, biểu ""Đầu tư trực tiếp của nước ngoài được cấp giấy phép năm 2021 phân theo đối tác đầu tư chủ yếu"""
MHL,2022,14.0,7,Quốc đảo Marshall - Marshall Islands,"vốn cấp mới + vốn tăng thêm + vốn góp, mua cổ phần","Tổng cục Thống kê, Niên giám Thống kê 2022, biểu ""Đầu tư trực tiếp của nước ngoài được cấp giấy phép năm 2022 phân theo đối tác đầu tư chủ yếu"""
MHL,2023,23.5,4,Quốc đảo Marshall - Marshall Islands,"vốn cấp mới + vốn tăng thêm + vốn góp, mua cổ phần","Tổng cục Thống kê, Niên giám Thống kê 2023, biểu ""Đầu tư trực tiếp của nước ngoài được cấp giấy phép năm 2023 phân theo đối tác đầu tư chủ yếu"""
MHL,2024,10.3,2,Quốc đảo Marshall - Marshall Islands,"vốn cấp mới + vốn tăng thêm + vốn góp, mua cổ phần","Tổng cục Thống kê, Niên giám Thống kê 2024, biểu ""Đầu tư trực tiếp của nước ngoài được cấp giấy phép năm 2024 phân theo đối tác đầu tư chủ yếu"""
MHL,2025,0.9,,Quốc đảo Marshall - Marshall Islands,"vốn cấp mới + vốn tăng thêm + vốn góp, mua cổ phần","Tổng cục Thống kê, Niên giám Thống kê 2025, biểu ""Đầu tư trực tiếp của nước ngoài được cấp giấy phép năm 2025 phân theo đối tác đầu tư chủ yếu"""
MLI,2018,0.9,2,Cộng hòa Mali - Mali,"vốn cấp mới + vốn tăng thêm + vốn góp, mua cổ phần","Tổng cục Thống kê, Niên giám Thống kê 2018, biểu ""Đầu tư trực tiếp của nước ngoài được cấp giấy phép năm 2018 phân theo đối tác đầu tư chủ yếu"""
MUS,2006,27.1,6,Ma-ri-ti-us - Mauritius,vốn cấp mới + vốn tăng thêm,"Tổng cục Thống kê, Niên giám Thống kê 2006, biểu ""Đầu tư trực tiếp của nước ngoài được cấp giấy phép năm 2006 phân theo đối tác đầu tư chủ yếu"""
MUS,2007,9.9,3,Ma-ri-ti-us - Mauritius,vốn cấp mới + vốn tăng thêm,"Tổng cục Thống kê, Niên giám Thống kê 2007, biểu ""Đầu tư trực tiếp của nước ngoài được cấp giấy phép năm 2007 phân theo đối tác đầu tư chủ yếu"""
MUS,2008,19.1,4,Ma-ri-ti-us - Mauritius,vốn cấp mới + vốn tăng thêm,"Tổng cục Thống kê, Niên giám Thống kê 2008, biểu ""Đầu tư trực tiếp của nước ngoài được cấp giấy phép năm 2008 phân theo đối tác đầu tư chủ yếu"""
MUS,2014,17.7,4,Ma-ri-ti-us - Mauritius,vốn cấp mới + vốn tăng thêm,"Tổng cục Thống kê, Niên giám Thống kê 2014, biểu ""Đầu tư trực tiếp của nước ngoài được cấp giấy phép năm 2014 phân theo đối tác đầu tư chủ yếu"""
MUS,2016,15.5,1,Ma-ri-ti-us - Mauritius,"vốn cấp mới + vốn tăng thêm + vốn góp, mua cổ phần","Tổng cục Thống kê, Niên giám Thống kê 2016, biểu ""Đầu tư trực tiếp của nước ngoài được cấp giấy phép năm 2016 phân theo đối tác đầu tư chủ yếu"""
MUS,2017,15.4,1,Ma-ri-ti-us - Mauritius,"vốn cấp mới + vốn tăng thêm + vốn góp, mua cổ phần","Tổng cục Thống kê, Niên giám Thống kê 2017, biểu ""Đầu tư trực tiếp của nước ngoài được cấp giấy phép năm 2017 phân theo đối tác đầu tư chủ yếu"""
MUS,2018,20.5,1,Ma-ri-ti-us - Mauritius,"vốn cấp mới + vốn tăng thêm + vốn góp, mua cổ phần","Tổng cục Thống kê, Niên giám Thống kê 2018, biểu ""Đầu tư trực tiếp của nước ngoài được cấp giấy phép năm 2018 phân theo đối tác đầu tư chủ yếu"""
MUS,2019,6.0,1,Ma-ri-ti-us - Mauritius,"vốn cấp mới + vốn tăng thêm + vốn góp, mua cổ phần","Tổng cục Thống kê, Niên giám Thống kê 2019, biểu ""Đầu tư trực tiếp của nước ngoài được cấp giấy phép năm 2019 phân theo đối tác đầu tư chủ yếu"""
MUS,2020,8.7,2,Ma-ri-ti-us - Mauritius,"vốn cấp mới + vốn tăng thêm + vốn góp, mua cổ phần","Tổng cục Thống kê, Niên giám Thống kê 2020, biểu ""Đầu tư trực tiếp của nước ngoài được cấp giấy phép năm 2020 phân theo đối tác đầu tư chủ yếu"""
MUS,2021,1.0,,Ma-ri-ti-us - Mauritius,"vốn cấp mới + vốn tăng thêm + vốn góp, mua cổ phần","Tổng cục Thống kê, Niên giám Thống kê 2021, biểu ""Đầu tư trực tiếp của nước ngoài được cấp giấy phép năm 2021 phân theo đối tác đầu tư chủ yếu"""
MUS,2022,6.5,2,Ma-ri-ti-us - Mauritius,"vốn cấp mới + vốn tăng thêm + vốn góp, mua cổ phần","Tổng cục Thống kê, Niên giám Thống kê 2022, biểu ""Đầu tư trực tiếp của nước ngoài được cấp giấy phép năm 2022 phân theo đối tác đầu tư chủ yếu"""
MUS,2023,3.5,3,Ma-ri-ti-us - Mauritius,"vốn cấp mới + vốn tăng thêm + vốn góp, mua cổ phần","Tổng cục Thống kê, Niên giám Thống kê 2023, biểu ""Đầu tư trực tiếp của nước ngoài được cấp giấy phép năm 2023 phân theo đối tác đầu tư chủ yếu"""
MUS,2024,13.1,1,Ma-ri-ti-us - Mauritius,"vốn cấp mới + vốn tăng thêm + vốn góp, mua cổ phần","Tổng cục Thống kê, Niên giám Thống kê 2024, biểu ""Đầu tư trực tiếp của nước ngoài được cấp giấy phép năm 2024 phân theo đối tác đầu tư chủ yếu"""
MUS,2025,6.8,2,Ma-ri-ti-us - Mauritius,"vốn cấp mới + vốn tăng thêm + vốn góp, mua cổ phần","Tổng cục Thống kê, Niên giám Thống kê 2025, biểu ""Đầu tư trực tiếp của nước ngoài được cấp giấy phép năm 2025 phân theo đối tác đầu tư chủ yếu"""
MYS,2006,91.6,25,Ma-lai-xi-a - Malaysia,vốn cấp mới + vốn tăng thêm,"Tổng cục Thống kê, Niên giám Thống kê 2006, biểu ""Đầu tư trực tiếp của nước ngoài được cấp giấy phép năm 2006 phân theo đối tác đầu tư chủ yếu"""
MYS,2007,1172.6,46,Ma-lai-xi-a - Malaysia,vốn cấp mới + vốn tăng thêm,"Tổng cục Thống kê, Niên giám Thống kê 2007, biểu ""Đầu tư trực tiếp của nước ngoài được cấp giấy phép năm 2007 phân theo đối tác đầu tư chủ yếu"""
MYS,2008,14969.2,55,Ma-lai-xi-a - Malaysia,vốn cấp mới + vốn tăng thêm,"Tổng cục Thống kê, Niên giám Thống kê 2008, biểu ""Đầu tư trực tiếp của nước ngoài được cấp giấy phép năm 2008 phân theo đối tác đầu tư chủ yếu"""
MYS,2009,223.6,42,Ma-lai-xi-a - Malaysia,vốn cấp mới + vốn tăng thêm,"Tổng cục Thống kê, Niên giám Thống kê 2009, biểu ""Đầu tư trực tiếp của nước ngoài được cấp giấy phép năm 2009 phân theo đối tác đầu tư chủ yếu"""
MYS,2010,491.3,31,Ma-lai-xi-a - Malaysia,vốn cấp mới + vốn tăng thêm,"Tổng cục Thống kê, Niên giám Thống kê 2010, biểu ""Đầu tư trực tiếp của nước ngoài được cấp giấy phép năm 2010 phân theo đối tác đầu tư chủ yếu"""
MYS,2011,458.3,23,Ma-lai-xi-a - Malaysia,vốn cấp mới + vốn tăng thêm,"Tổng cục Thống kê, Niên giám Thống kê 2011, biểu ""Đầu tư trực tiếp của nước ngoài được cấp giấy phép năm 2011 phân theo đối tác đầu tư chủ yếu"""
MYS,2012,238.4,45,Ma-lai-xi-a - Malaysia,vốn cấp mới + vốn tăng thêm,"Tổng cục Thống kê, Niên giám Thống kê 2012, biểu ""Đầu tư trực tiếp của nước ngoài được cấp giấy phép năm 2012 phân theo đối tác đầu tư chủ yếu"""
MYS,2013,147.8,23,Ma-lai-xi-a - Malaysia,vốn cấp mới + vốn tăng thêm,"Tổng cục Thống kê, Niên giám Thống kê 2013, biểu ""Đầu tư trực tiếp của nước ngoài được cấp giấy phép năm 2013 phân theo đối tác đầu tư chủ yếu"""
MYS,2014,388.4,36,Ma-lai-xi-a - Malaysia,vốn cấp mới + vốn tăng thêm,"Tổng cục Thống kê, Niên giám Thống kê 2014, biểu ""Đầu tư trực tiếp của nước ngoài được cấp giấy phép năm 2014 phân theo đối tác đầu tư chủ yếu"""
MYS,2015,2478.8,29,Ma-lai-xi-a - Malaysia,vốn cấp mới + vốn tăng thêm,"Tổng cục Thống kê, Niên giám Thống kê 2015, biểu ""Đầu tư trực tiếp của nước ngoài được cấp giấy phép năm 2015 phân theo đối tác đầu tư chủ yếu"""
MYS,2016,939.6,41,Ma-lai-xi-a - Malaysia,"vốn cấp mới + vốn tăng thêm + vốn góp, mua cổ phần","Tổng cục Thống kê, Niên giám Thống kê 2016, biểu ""Đầu tư trực tiếp của nước ngoài được cấp giấy phép năm 2016 phân theo đối tác đầu tư chủ yếu"""
MYS,2017,297.7,30,Ma-lai-xi-a - Malaysia,"vốn cấp mới + vốn tăng thêm + vốn góp, mua cổ phần","Tổng cục Thống kê, Niên giám Thống kê 2017, biểu ""Đầu tư trực tiếp của nước ngoài được cấp giấy phép năm 2017 phân theo đối tác đầu tư chủ yếu"""
MYS,2018,438.1,42,Ma-lai-xi-a - Malaysia,"vốn cấp mới + vốn tăng thêm + vốn góp, mua cổ phần","Tổng cục Thống kê, Niên giám Thống kê 2018, biểu ""Đầu tư trực tiếp của nước ngoài được cấp giấy phép năm 2018 phân theo đối tác đầu tư chủ yếu"""
MYS,2019,220.5,37,Ma-lai-xi-a - Malaysia,"vốn cấp mới + vốn tăng thêm + vốn góp, mua cổ phần","Tổng cục Thống kê, Niên giám Thống kê 2019, biểu ""Đầu tư trực tiếp của nước ngoài được cấp giấy phép năm 2019 phân theo đối tác đầu tư chủ yếu"""
MYS,2020,285.9,35,Ma-lai-xi-a - Malaysia,"vốn cấp mới + vốn tăng thêm + vốn góp, mua cổ phần","Tổng cục Thống kê, Niên giám Thống kê 2020, biểu ""Đầu tư trực tiếp của nước ngoài được cấp giấy phép năm 2020 phân theo đối tác đầu tư chủ yếu"""
MYS,2021,202.6,23,Ma-lai-xi-a - Malaysia,"vốn cấp mới + vốn tăng thêm + vốn góp, mua cổ phần","Tổng cục Thống kê, Niên giám Thống kê 2021, biểu ""Đầu tư trực tiếp của nước ngoài được cấp giấy phép năm 2021 phân theo đối tác đầu tư chủ yếu"""
MYS,2022,201.3,42,Ma-lai-xi-a - Malaysia,"vốn cấp mới + vốn tăng thêm + vốn góp, mua cổ phần","Tổng cục Thống kê, Niên giám Thống kê 2022, biểu ""Đầu tư trực tiếp của nước ngoài được cấp giấy phép năm 2022 phân theo đối tác đầu tư chủ yếu"""
MYS,2023,442.6,37,Ma-lai-xi-a - Malaysia,"vốn cấp mới + vốn tăng thêm + vốn góp, mua cổ phần","Tổng cục Thống kê, Niên giám Thống kê 2023, biểu ""Đầu tư trực tiếp của nước ngoài được cấp giấy phép năm 2023 phân theo đối tác đầu tư chủ yếu"""
MYS,2024,185.2,44,Ma-lai-xi-a - Malaysia,"vốn cấp mới + vốn tăng thêm + vốn góp, mua cổ phần","Tổng cục Thống kê, Niên giám Thống kê 2024, biểu ""Đầu tư trực tiếp của nước ngoài được cấp giấy phép năm 2024 phân theo đối tác đầu tư chủ yếu"""
MYS,2025,2062.9,40,Ma-lai-xi-a - Malaysia,"vốn cấp mới + vốn tăng thêm + vốn góp, mua cổ phần","Tổng cục Thống kê, Niên giám Thống kê 2025, biểu ""Đầu tư trực tiếp của nước ngoài được cấp giấy phép năm 2025 phân theo đối tác đầu tư chủ yếu"""
NGA,2017,3.5,3,Ni-giê-ri-a- Nigeria,"vốn cấp mới + vốn tăng thêm + vốn góp, mua cổ phần","Tổng cục Thống kê, Niên giám Thống kê 2017, biểu ""Đầu tư trực tiếp của nước ngoài được cấp giấy phép năm 2017 phân theo đối tác đầu tư chủ yếu"""
NGA,2018,27.5,4,Ni-giê-ri-a- Nigeria,"vốn cấp mới + vốn tăng thêm + vốn góp, mua cổ phần","Tổng cục Thống kê, Niên giám Thống kê 2018, biểu ""Đầu tư trực tiếp của nước ngoài được cấp giấy phép năm 2018 phân theo đối tác đầu tư chủ yếu"""
NGA,2019,4.5,5,Ni-giê-ri-a - Nigeria,"vốn cấp mới + vốn tăng thêm + vốn góp, mua cổ phần","Tổng cục Thống kê, Niên giám Thống kê 2019, biểu ""Đầu tư trực tiếp của nước ngoài được cấp giấy phép năm 2019 phân theo đối tác đầu tư chủ yếu"""
NGA,2020,7.5,1,Ni-giê-ri-a - Nigeria,"vốn cấp mới + vốn tăng thêm + vốn góp, mua cổ phần","Tổng cục Thống kê, Niên giám Thống kê 2020, biểu ""Đầu tư trực tiếp của nước ngoài được cấp giấy phép năm 2020 phân theo đối tác đầu tư chủ yếu"""
NGA,2021,7.3,2,Ni-giê-ri-a - Nigeria,"vốn cấp mới + vốn tăng thêm + vốn góp, mua cổ phần","Tổng cục Thống kê, Niên giám Thống kê 2021, biểu ""Đầu tư trực tiếp của nước ngoài được cấp giấy phép năm 2021 phân theo đối tác đầu tư chủ yếu"""
NGA,2022,11.7,1,Ni-giê-ri-a - Nigeria,"vốn cấp mới + vốn tăng thêm + vốn góp, mua cổ phần","Tổng cục Thống kê, Niên giám Thống kê 2022, biểu ""Đầu tư trực tiếp của nước ngoài được cấp giấy phép năm 2022 phân theo đối tác đầu tư chủ yếu"""
NGA,2023,17.9,1,Ni-giê-ri-a - Nigeria,"vốn cấp mới + vốn tăng thêm + vốn góp, mua cổ phần","Tổng cục Thống kê, Niên giám Thống kê 2023, biểu ""Đầu tư trực tiếp của nước ngoài được cấp giấy phép năm 2023 phân theo đối tác đầu tư chủ yếu"""
NGA,2024,20.5,2,Ni-giê-ri-a - Nigeria,"vốn cấp mới + vốn tăng thêm + vốn góp, mua cổ phần","Tổng cục Thống kê, Niên giám Thống kê 2024, biểu ""Đầu tư trực tiếp của nước ngoài được cấp giấy phép năm 2024 phân theo đối tác đầu tư chủ yếu"""
NGA,2025,9.8,2,Ni-giê-ri-a - Nigeria,"vốn cấp mới + vốn tăng thêm + vốn góp, mua cổ phần","Tổng cục Thống kê, Niên giám Thống kê 2025, biểu ""Đầu tư trực tiếp của nước ngoài được cấp giấy phép năm 2025 phân theo đối tác đầu tư chủ yếu"""
NLD,2006,345.6,11,Hµ Lan - Netherlands,vốn cấp mới + vốn tăng thêm,"Tổng cục Thống kê, Niên giám Thống kê 2006, biểu ""Đầu tư trực tiếp của nước ngoài được cấp giấy phép năm 2006 phân theo đối tác đầu tư chủ yếu"""
NLD,2007,236.3,13,Hµ Lan - Netherlands,vốn cấp mới + vốn tăng thêm,"Tổng cục Thống kê, Niên giám Thống kê 2007, biểu ""Đầu tư trực tiếp của nước ngoài được cấp giấy phép năm 2007 phân theo đối tác đầu tư chủ yếu"""
NLD,2008,16.9,11,Hµ Lan - Netherlands,vốn cấp mới + vốn tăng thêm,"Tổng cục Thống kê, Niên giám Thống kê 2008, biểu ""Đầu tư trực tiếp của nước ngoài được cấp giấy phép năm 2008 phân theo đối tác đầu tư chủ yếu"""
NLD,2009,165.9,19,Hµ Lan - Netherlands,vốn cấp mới + vốn tăng thêm,"Tổng cục Thống kê, Niên giám Thống kê 2009, biểu ""Đầu tư trực tiếp của nước ngoài được cấp giấy phép năm 2009 phân theo đối tác đầu tư chủ yếu"""
NLD,2010,2417.5,16,Hµ Lan - Netherlands,vốn cấp mới + vốn tăng thêm,"Tổng cục Thống kê, Niên giám Thống kê 2010, biểu ""Đầu tư trực tiếp của nước ngoài được cấp giấy phép năm 2010 phân theo đối tác đầu tư chủ yếu"""
NLD,2011,394.2,15,Hµ Lan - Netherlands,vốn cấp mới + vốn tăng thêm,"Tổng cục Thống kê, Niên giám Thống kê 2011, biểu ""Đầu tư trực tiếp của nước ngoài được cấp giấy phép năm 2011 phân theo đối tác đầu tư chủ yếu"""
NLD,2012,119.1,19,Hà Lan - Netherlands,vốn cấp mới + vốn tăng thêm,"Tổng cục Thống kê, Niên giám Thống kê 2012, biểu ""Đầu tư trực tiếp của nước ngoài được cấp giấy phép năm 2012 phân theo đối tác đầu tư chủ yếu"""
NLD,2013,398.7,21,Hà Lan - Netherlands,vốn cấp mới + vốn tăng thêm,"Tổng cục Thống kê, Niên giám Thống kê 2013, biểu ""Đầu tư trực tiếp của nước ngoài được cấp giấy phép năm 2013 phân theo đối tác đầu tư chủ yếu"""
NLD,2014,204.5,31,Hà Lan - Netherlands,vốn cấp mới + vốn tăng thêm,"Tổng cục Thống kê, Niên giám Thống kê 2014, biểu ""Đầu tư trực tiếp của nước ngoài được cấp giấy phép năm 2014 phân theo đối tác đầu tư chủ yếu"""
NLD,2015,430.5,26,Hà Lan - Netherlands,vốn cấp mới + vốn tăng thêm,"Tổng cục Thống kê, Niên giám Thống kê 2015, biểu ""Đầu tư trực tiếp của nước ngoài được cấp giấy phép năm 2015 phân theo đối tác đầu tư chủ yếu"""
NLD,2016,92.1,16,Hà Lan - Netherlands,"vốn cấp mới + vốn tăng thêm + vốn góp, mua cổ phần","Tổng cục Thống kê, Niên giám Thống kê 2016, biểu ""Đầu tư trực tiếp của nước ngoài được cấp giấy phép năm 2016 phân theo đối tác đầu tư chủ yếu"""
NLD,2017,822.5,39,Hà Lan - Netherlands,"vốn cấp mới + vốn tăng thêm + vốn góp, mua cổ phần","Tổng cục Thống kê, Niên giám Thống kê 2017, biểu ""Đầu tư trực tiếp của nước ngoài được cấp giấy phép năm 2017 phân theo đối tác đầu tư chủ yếu"""
NLD,2018,396.4,20,Hà Lan - Netherlands,"vốn cấp mới + vốn tăng thêm + vốn góp, mua cổ phần","Tổng cục Thống kê, Niên giám Thống kê 2018, biểu ""Đầu tư trực tiếp của nước ngoài được cấp giấy phép năm 2018 phân theo đối tác đầu tư chủ yếu"""
NLD,2019,839.3,30,Hà Lan - Netherlands,"vốn cấp mới + vốn tăng thêm + vốn góp, mua cổ phần","Tổng cục Thống kê, Niên giám Thống kê 2019, biểu ""Đầu tư trực tiếp của nước ngoài được cấp giấy phép năm 2019 phân theo đối tác đầu tư chủ yếu"""
NLD,2020,907.6,36,Hà Lan - Netherlands,"vốn cấp mới + vốn tăng thêm + vốn góp, mua cổ phần","Tổng cục Thống kê, Niên giám Thống kê 2020, biểu ""Đầu tư trực tiếp của nước ngoài được cấp giấy phép năm 2020 phân theo đối tác đầu tư chủ yếu"""
NLD,2021,4209.6,24,Hà Lan - Netherlands,"vốn cấp mới + vốn tăng thêm + vốn góp, mua cổ phần","Tổng cục Thống kê, Niên giám Thống kê 2021, biểu ""Đầu tư trực tiếp của nước ngoài được cấp giấy phép năm 2021 phân theo đối tác đầu tư chủ yếu"""
NLD,2022,705.0,33,Hà Lan - Netherlands,"vốn cấp mới + vốn tăng thêm + vốn góp, mua cổ phần","Tổng cục Thống kê, Niên giám Thống kê 2022, biểu ""Đầu tư trực tiếp của nước ngoài được cấp giấy phép năm 2022 phân theo đối tác đầu tư chủ yếu"""
NLD,2023,970.0,22,Hà Lan - Netherlands,"vốn cấp mới + vốn tăng thêm + vốn góp, mua cổ phần","Tổng cục Thống kê, Niên giám Thống kê 2023, biểu ""Đầu tư trực tiếp của nước ngoài được cấp giấy phép năm 2023 phân theo đối tác đầu tư chủ yếu"""
NLD,2024,546.1,24,Hà Lan - Netherlands,"vốn cấp mới + vốn tăng thêm + vốn góp, mua cổ phần","Tổng cục Thống kê, Niên giám Thống kê 2024, biểu ""Đầu tư trực tiếp của nước ngoài được cấp giấy phép năm 2024 phân theo đối tác đầu tư chủ yếu"""
NLD,2025,207.4,21,Hà Lan - Netherlands,"vốn cấp mới + vốn tăng thêm + vốn góp, mua cổ phần","Tổng cục Thống kê, Niên giám Thống kê 2025, biểu ""Đầu tư trực tiếp của nước ngoài được cấp giấy phép năm 2025 phân theo đối tác đầu tư chủ yếu"""
NOR,2007,3.2,1,Na Uy - Norway,vốn cấp mới + vốn tăng thêm,"Tổng cục Thống kê, Niên giám Thống kê 2007, biểu ""Đầu tư trực tiếp của nước ngoài được cấp giấy phép năm 2007 phân theo đối tác đầu tư chủ yếu"""
NOR,2012,28.0,3,Na Uy - Norway,vốn cấp mới + vốn tăng thêm,"Tổng cục Thống kê, Niên giám Thống kê 2012, biểu ""Đầu tư trực tiếp của nước ngoài được cấp giấy phép năm 2012 phân theo đối tác đầu tư chủ yếu"""
NOR,2014,3.9,,Na Uy - Norway,vốn cấp mới + vốn tăng thêm,"Tổng cục Thống kê, Niên giám Thống kê 2014, biểu ""Đầu tư trực tiếp của nước ngoài được cấp giấy phép năm 2014 phân theo đối tác đầu tư chủ yếu"""
NOR,2015,2.1,2,Na Uy - Norway,vốn cấp mới + vốn tăng thêm,"Tổng cục Thống kê, Niên giám Thống kê 2015, biểu ""Đầu tư trực tiếp của nước ngoài được cấp giấy phép năm 2015 phân theo đối tác đầu tư chủ yếu"""
NOR,2016,1.2,1,Na Uy - Norway,"vốn cấp mới + vốn tăng thêm + vốn góp, mua cổ phần","Tổng cục Thống kê, Niên giám Thống kê 2016, biểu ""Đầu tư trực tiếp của nước ngoài được cấp giấy phép năm 2016 phân theo đối tác đầu tư chủ yếu"""
NOR,2017,4.3,4,Na Uy - Norway,"vốn cấp mới + vốn tăng thêm + vốn góp, mua cổ phần","Tổng cục Thống kê, Niên giám Thống kê 2017, biểu ""Đầu tư trực tiếp của nước ngoài được cấp giấy phép năm 2017 phân theo đối tác đầu tư chủ yếu"""
NOR,2018,74.2,4,Na Uy - Norway,"vốn cấp mới + vốn tăng thêm + vốn góp, mua cổ phần","Tổng cục Thống kê, Niên giám Thống kê 2018, biểu ""Đầu tư trực tiếp của nước ngoài được cấp giấy phép năm 2018 phân theo đối tác đầu tư chủ yếu"""
NOR,2019,32.5,4,Na Uy - Norway,"vốn cấp mới + vốn tăng thêm + vốn góp, mua cổ phần","Tổng cục Thống kê, Niên giám Thống kê 2019, biểu ""Đầu tư trực tiếp của nước ngoài được cấp giấy phép năm 2019 phân theo đối tác đầu tư chủ yếu"""
NOR,2020,0.2,2,Na Uy - Norway,"vốn cấp mới + vốn tăng thêm + vốn góp, mua cổ phần","Tổng cục Thống kê, Niên giám Thống kê 2020, biểu ""Đầu tư trực tiếp của nước ngoài được cấp giấy phép năm 2020 phân theo đối tác đầu tư chủ yếu"""
NOR,2021,0.6,5,Na Uy - Norway,"vốn cấp mới + vốn tăng thêm + vốn góp, mua cổ phần","Tổng cục Thống kê, Niên giám Thống kê 2021, biểu ""Đầu tư trực tiếp của nước ngoài được cấp giấy phép năm 2021 phân theo đối tác đầu tư chủ yếu"""
NOR,2022,0.9,4,Na Uy - Norway,"vốn cấp mới + vốn tăng thêm + vốn góp, mua cổ phần","Tổng cục Thống kê, Niên giám Thống kê 2022, biểu ""Đầu tư trực tiếp của nước ngoài được cấp giấy phép năm 2022 phân theo đối tác đầu tư chủ yếu"""
NOR,2023,2.2,2,Na Uy - Norway,"vốn cấp mới + vốn tăng thêm + vốn góp, mua cổ phần","Tổng cục Thống kê, Niên giám Thống kê 2023, biểu ""Đầu tư trực tiếp của nước ngoài được cấp giấy phép năm 2023 phân theo đối tác đầu tư chủ yếu"""
NOR,2024,7.4,4,Na Uy - Norway,"vốn cấp mới + vốn tăng thêm + vốn góp, mua cổ phần","Tổng cục Thống kê, Niên giám Thống kê 2024, biểu ""Đầu tư trực tiếp của nước ngoài được cấp giấy phép năm 2024 phân theo đối tác đầu tư chủ yếu"""
NOR,2025,1.2,3,Na Uy - Norway,"vốn cấp mới + vốn tăng thêm + vốn góp, mua cổ phần","Tổng cục Thống kê, Niên giám Thống kê 2025, biểu ""Đầu tư trực tiếp của nước ngoài được cấp giấy phép năm 2025 phân theo đối tác đầu tư chủ yếu"""
NPL,2019,0.9,2,Nê-pan - Nepal,"vốn cấp mới + vốn tăng thêm + vốn góp, mua cổ phần","Tổng cục Thống kê, Niên giám Thống kê 2019, biểu ""Đầu tư trực tiếp của nước ngoài được cấp giấy phép năm 2019 phân theo đối tác đầu tư chủ yếu"""
NPL,2020,0.1,,Nê-pan - Nepal,"vốn cấp mới + vốn tăng thêm + vốn góp, mua cổ phần","Tổng cục Thống kê, Niên giám Thống kê 2020, biểu ""Đầu tư trực tiếp của nước ngoài được cấp giấy phép năm 2020 phân theo đối tác đầu tư chủ yếu"""
NPL,2021,0.1,1,Nê-pan - Nepal,"vốn cấp mới + vốn tăng thêm + vốn góp, mua cổ phần","Tổng cục Thống kê, Niên giám Thống kê 2021, biểu ""Đầu tư trực tiếp của nước ngoài được cấp giấy phép năm 2021 phân theo đối tác đầu tư chủ yếu"""
NZL,2006,9.3,2,Niu-di-l©n - New Zealand,vốn cấp mới + vốn tăng thêm,"Tổng cục Thống kê, Niên giám Thống kê 2006, biểu ""Đầu tư trực tiếp của nước ngoài được cấp giấy phép năm 2006 phân theo đối tác đầu tư chủ yếu"""
NZL,2007,35.3,2,Niu-di-l©n - New Zealand,vốn cấp mới + vốn tăng thêm,"Tổng cục Thống kê, Niên giám Thống kê 2007, biểu ""Đầu tư trực tiếp của nước ngoài được cấp giấy phép năm 2007 phân theo đối tác đầu tư chủ yếu"""
NZL,2008,2.5,3,Niu Di-l©n - New Zealand,vốn cấp mới + vốn tăng thêm,"Tổng cục Thống kê, Niên giám Thống kê 2008, biểu ""Đầu tư trực tiếp của nước ngoài được cấp giấy phép năm 2008 phân theo đối tác đầu tư chủ yếu"""
NZL,2014,4.2,3,Niu-di-lân - New Zealand,vốn cấp mới + vốn tăng thêm,"Tổng cục Thống kê, Niên giám Thống kê 2014, biểu ""Đầu tư trực tiếp của nước ngoài được cấp giấy phép năm 2014 phân theo đối tác đầu tư chủ yếu"""
NZL,2015,11.0,,Niu-di-lân - New Zealand,vốn cấp mới + vốn tăng thêm,"Tổng cục Thống kê, Niên giám Thống kê 2015, biểu ""Đầu tư trực tiếp của nước ngoài được cấp giấy phép năm 2015 phân theo đối tác đầu tư chủ yếu"""
NZL,2016,18.6,1,Niu-di-lân - New Zealand,"vốn cấp mới + vốn tăng thêm + vốn góp, mua cổ phần","Tổng cục Thống kê, Niên giám Thống kê 2016, biểu ""Đầu tư trực tiếp của nước ngoài được cấp giấy phép năm 2016 phân theo đối tác đầu tư chủ yếu"""
NZL,2017,3.5,1,Niu-di-lân - New Zealand,"vốn cấp mới + vốn tăng thêm + vốn góp, mua cổ phần","Tổng cục Thống kê, Niên giám Thống kê 2017, biểu ""Đầu tư trực tiếp của nước ngoài được cấp giấy phép năm 2017 phân theo đối tác đầu tư chủ yếu"""
NZL,2018,7.5,4,Niu-di-lân - New Zealand,"vốn cấp mới + vốn tăng thêm + vốn góp, mua cổ phần","Tổng cục Thống kê, Niên giám Thống kê 2018, biểu ""Đầu tư trực tiếp của nước ngoài được cấp giấy phép năm 2018 phân theo đối tác đầu tư chủ yếu"""
NZL,2019,135.1,8,Niu-di-lân - New Zealand,"vốn cấp mới + vốn tăng thêm + vốn góp, mua cổ phần","Tổng cục Thống kê, Niên giám Thống kê 2019, biểu ""Đầu tư trực tiếp của nước ngoài được cấp giấy phép năm 2019 phân theo đối tác đầu tư chủ yếu"""
NZL,2020,1.2,6,Niu-di-lân - New Zealand,"vốn cấp mới + vốn tăng thêm + vốn góp, mua cổ phần","Tổng cục Thống kê, Niên giám Thống kê 2020, biểu ""Đầu tư trực tiếp của nước ngoài được cấp giấy phép năm 2020 phân theo đối tác đầu tư chủ yếu"""
NZL,2021,1.3,4,Niu-di-lân - New Zealand,"vốn cấp mới + vốn tăng thêm + vốn góp, mua cổ phần","Tổng cục Thống kê, Niên giám Thống kê 2021, biểu ""Đầu tư trực tiếp của nước ngoài được cấp giấy phép năm 2021 phân theo đối tác đầu tư chủ yếu"""
NZL,2022,2.0,4,Niu-di-lân - New Zealand,"vốn cấp mới + vốn tăng thêm + vốn góp, mua cổ phần","Tổng cục Thống kê, Niên giám Thống kê 2022, biểu ""Đầu tư trực tiếp của nước ngoài được cấp giấy phép năm 2022 phân theo đối tác đầu tư chủ yếu"""
NZL,2023,1.8,2,Niu-di-lân - New Zealand,"vốn cấp mới + vốn tăng thêm + vốn góp, mua cổ phần","Tổng cục Thống kê, Niên giám Thống kê 2023, biểu ""Đầu tư trực tiếp của nước ngoài được cấp giấy phép năm 2023 phân theo đối tác đầu tư chủ yếu"""
NZL,2025,1.8,4,Niu-di-lân - New Zealand,"vốn cấp mới + vốn tăng thêm + vốn góp, mua cổ phần","Tổng cục Thống kê, Niên giám Thống kê 2025, biểu ""Đầu tư trực tiếp của nước ngoài được cấp giấy phép năm 2025 phân theo đối tác đầu tư chủ yếu"""
OMN,2017,327.0,3,Vương quốc Ô man - Oman,"vốn cấp mới + vốn tăng thêm + vốn góp, mua cổ phần","Tổng cục Thống kê, Niên giám Thống kê 2017, biểu ""Đầu tư trực tiếp của nước ngoài được cấp giấy phép năm 2017 phân theo đối tác đầu tư chủ yếu"""
OMN,2019,5.1,,Ô-man - Oman,"vốn cấp mới + vốn tăng thêm + vốn góp, mua cổ phần","Tổng cục Thống kê, Niên giám Thống kê 2019, biểu ""Đầu tư trực tiếp của nước ngoài được cấp giấy phép năm 2019 phân theo đối tác đầu tư chủ yếu"""
PAK,2016,22.0,1,Pa-ki-xtan - Pakistan,"vốn cấp mới + vốn tăng thêm + vốn góp, mua cổ phần","Tổng cục Thống kê, Niên giám Thống kê 2016, biểu ""Đầu tư trực tiếp của nước ngoài được cấp giấy phép năm 2016 phân theo đối tác đầu tư chủ yếu"""
PAK,2017,3.3,16,Pa-ki-xtan - Pakistan,"vốn cấp mới + vốn tăng thêm + vốn góp, mua cổ phần","Tổng cục Thống kê, Niên giám Thống kê 2017, biểu ""Đầu tư trực tiếp của nước ngoài được cấp giấy phép năm 2017 phân theo đối tác đầu tư chủ yếu"""
PAK,2018,8.1,18,Pa-ki-xtan - Pakistan,"vốn cấp mới + vốn tăng thêm + vốn góp, mua cổ phần","Tổng cục Thống kê, Niên giám Thống kê 2018, biểu ""Đầu tư trực tiếp của nước ngoài được cấp giấy phép năm 2018 phân theo đối tác đầu tư chủ yếu"""
PAK,2019,16.4,10,Pa-ki-xtan - Pakistan,"vốn cấp mới + vốn tăng thêm + vốn góp, mua cổ phần","Tổng cục Thống kê, Niên giám Thống kê 2019, biểu ""Đầu tư trực tiếp của nước ngoài được cấp giấy phép năm 2019 phân theo đối tác đầu tư chủ yếu"""
PAK,2020,8.7,1,Pa-ki-xtan - Pakistan,"vốn cấp mới + vốn tăng thêm + vốn góp, mua cổ phần","Tổng cục Thống kê, Niên giám Thống kê 2020, biểu ""Đầu tư trực tiếp của nước ngoài được cấp giấy phép năm 2020 phân theo đối tác đầu tư chủ yếu"""
PAK,2021,2.1,4,Pa-ki-xtan - Pakistan,"vốn cấp mới + vốn tăng thêm + vốn góp, mua cổ phần","Tổng cục Thống kê, Niên giám Thống kê 2021, biểu ""Đầu tư trực tiếp của nước ngoài được cấp giấy phép năm 2021 phân theo đối tác đầu tư chủ yếu"""
PAK,2022,3.5,3,Pa-ki-xtan - Pakistan,"vốn cấp mới + vốn tăng thêm + vốn góp, mua cổ phần","Tổng cục Thống kê, Niên giám Thống kê 2022, biểu ""Đầu tư trực tiếp của nước ngoài được cấp giấy phép năm 2022 phân theo đối tác đầu tư chủ yếu"""
PAK,2023,18.4,9,Pa-ki-xtan - Pakistan,"vốn cấp mới + vốn tăng thêm + vốn góp, mua cổ phần","Tổng cục Thống kê, Niên giám Thống kê 2023, biểu ""Đầu tư trực tiếp của nước ngoài được cấp giấy phép năm 2023 phân theo đối tác đầu tư chủ yếu"""
PAK,2024,10.9,5,Pa-ki-xtan - Pakistan,"vốn cấp mới + vốn tăng thêm + vốn góp, mua cổ phần","Tổng cục Thống kê, Niên giám Thống kê 2024, biểu ""Đầu tư trực tiếp của nước ngoài được cấp giấy phép năm 2024 phân theo đối tác đầu tư chủ yếu"""
PAK,2025,4.0,3,Pa-ki-xtan - Pakistan,"vốn cấp mới + vốn tăng thêm + vốn góp, mua cổ phần","Tổng cục Thống kê, Niên giám Thống kê 2025, biểu ""Đầu tư trực tiếp của nước ngoài được cấp giấy phép năm 2025 phân theo đối tác đầu tư chủ yếu"""
PAN,2007,3.6,2,Pa-na-ma - Panama,vốn cấp mới + vốn tăng thêm,"Tổng cục Thống kê, Niên giám Thống kê 2007, biểu ""Đầu tư trực tiếp của nước ngoài được cấp giấy phép năm 2007 phân theo đối tác đầu tư chủ yếu"""
PAN,2012,32.0,1,Pa-na-ma - Panama,vốn cấp mới + vốn tăng thêm,"Tổng cục Thống kê, Niên giám Thống kê 2012, biểu ""Đầu tư trực tiếp của nước ngoài được cấp giấy phép năm 2012 phân theo đối tác đầu tư chủ yếu"""
PAN,2016,11.0,1,Pa-na-ma - Panama,"vốn cấp mới + vốn tăng thêm + vốn góp, mua cổ phần","Tổng cục Thống kê, Niên giám Thống kê 2016, biểu ""Đầu tư trực tiếp của nước ngoài được cấp giấy phép năm 2016 phân theo đối tác đầu tư chủ yếu"""
PAN,2017,0.8,1,Pa-na-ma - Panama,"vốn cấp mới + vốn tăng thêm + vốn góp, mua cổ phần","Tổng cục Thống kê, Niên giám Thống kê 2017, biểu ""Đầu tư trực tiếp của nước ngoài được cấp giấy phép năm 2017 phân theo đối tác đầu tư chủ yếu"""
PAN,2018,1.2,1,Pa-na-ma - Panama,"vốn cấp mới + vốn tăng thêm + vốn góp, mua cổ phần","Tổng cục Thống kê, Niên giám Thống kê 2018, biểu ""Đầu tư trực tiếp của nước ngoài được cấp giấy phép năm 2018 phân theo đối tác đầu tư chủ yếu"""
PAN,2019,6.5,1,Pa-na-ma - Panama,"vốn cấp mới + vốn tăng thêm + vốn góp, mua cổ phần","Tổng cục Thống kê, Niên giám Thống kê 2019, biểu ""Đầu tư trực tiếp của nước ngoài được cấp giấy phép năm 2019 phân theo đối tác đầu tư chủ yếu"""
PAN,2020,9.7,1,Pa-na-ma - Panama,"vốn cấp mới + vốn tăng thêm + vốn góp, mua cổ phần","Tổng cục Thống kê, Niên giám Thống kê 2020, biểu ""Đầu tư trực tiếp của nước ngoài được cấp giấy phép năm 2020 phân theo đối tác đầu tư chủ yếu"""
PAN,2021,1.6,1,Pa-na-ma - Panama,"vốn cấp mới + vốn tăng thêm + vốn góp, mua cổ phần","Tổng cục Thống kê, Niên giám Thống kê 2021, biểu ""Đầu tư trực tiếp của nước ngoài được cấp giấy phép năm 2021 phân theo đối tác đầu tư chủ yếu"""
PHL,2007,40.5,6,Phi-lip-pin - Philippines,vốn cấp mới + vốn tăng thêm,"Tổng cục Thống kê, Niên giám Thống kê 2007, biểu ""Đầu tư trực tiếp của nước ngoài được cấp giấy phép năm 2007 phân theo đối tác đầu tư chủ yếu"""
PHL,2008,8.4,4,Phi-li-pin - The Philippines,vốn cấp mới + vốn tăng thêm,"Tổng cục Thống kê, Niên giám Thống kê 2008, biểu ""Đầu tư trực tiếp của nước ngoài được cấp giấy phép năm 2008 phân theo đối tác đầu tư chủ yếu"""
PHL,2009,18.5,5,Phi-li-pin - The Philippines,vốn cấp mới + vốn tăng thêm,"Tổng cục Thống kê, Niên giám Thống kê 2009, biểu ""Đầu tư trực tiếp của nước ngoài được cấp giấy phép năm 2009 phân theo đối tác đầu tư chủ yếu"""
PHL,2012,21.9,6,Phi-li-pin - Philippines,vốn cấp mới + vốn tăng thêm,"Tổng cục Thống kê, Niên giám Thống kê 2012, biểu ""Đầu tư trực tiếp của nước ngoài được cấp giấy phép năm 2012 phân theo đối tác đầu tư chủ yếu"""
PHL,2015,5.5,4,Phi-li-pin - The Philippines,vốn cấp mới + vốn tăng thêm,"Tổng cục Thống kê, Niên giám Thống kê 2015, biểu ""Đầu tư trực tiếp của nước ngoài được cấp giấy phép năm 2015 phân theo đối tác đầu tư chủ yếu"""
PHL,2016,54.9,2,Phi-li-pin - Philippines,"vốn cấp mới + vốn tăng thêm + vốn góp, mua cổ phần","Tổng cục Thống kê, Niên giám Thống kê 2016, biểu ""Đầu tư trực tiếp của nước ngoài được cấp giấy phép năm 2016 phân theo đối tác đầu tư chủ yếu"""
PHL,2017,30.0,2,Phi-li-pin - The Philippines,"vốn cấp mới + vốn tăng thêm + vốn góp, mua cổ phần","Tổng cục Thống kê, Niên giám Thống kê 2017, biểu ""Đầu tư trực tiếp của nước ngoài được cấp giấy phép năm 2017 phân theo đối tác đầu tư chủ yếu"""
PHL,2018,53.1,8,Phi-li-pin - The Philippines,"vốn cấp mới + vốn tăng thêm + vốn góp, mua cổ phần","Tổng cục Thống kê, Niên giám Thống kê 2018, biểu ""Đầu tư trực tiếp của nước ngoài được cấp giấy phép năm 2018 phân theo đối tác đầu tư chủ yếu"""
PHL,2019,9.5,3,Phi-li-pin - Philippines,"vốn cấp mới + vốn tăng thêm + vốn góp, mua cổ phần","Tổng cục Thống kê, Niên giám Thống kê 2019, biểu ""Đầu tư trực tiếp của nước ngoài được cấp giấy phép năm 2019 phân theo đối tác đầu tư chủ yếu"""
PHL,2020,307.9,7,Phi-li-pin - Philippines,"vốn cấp mới + vốn tăng thêm + vốn góp, mua cổ phần","Tổng cục Thống kê, Niên giám Thống kê 2020, biểu ""Đầu tư trực tiếp của nước ngoài được cấp giấy phép năm 2020 phân theo đối tác đầu tư chủ yếu"""
PHL,2021,62.3,6,Phi-li-pin - Philippines,"vốn cấp mới + vốn tăng thêm + vốn góp, mua cổ phần","Tổng cục Thống kê, Niên giám Thống kê 2021, biểu ""Đầu tư trực tiếp của nước ngoài được cấp giấy phép năm 2021 phân theo đối tác đầu tư chủ yếu"""
PHL,2022,14.5,4,Phi-li-pin - Philippines,"vốn cấp mới + vốn tăng thêm + vốn góp, mua cổ phần","Tổng cục Thống kê, Niên giám Thống kê 2022, biểu ""Đầu tư trực tiếp của nước ngoài được cấp giấy phép năm 2022 phân theo đối tác đầu tư chủ yếu"""
PHL,2023,5.9,11,Phi-li-pin - Philippines,"vốn cấp mới + vốn tăng thêm + vốn góp, mua cổ phần","Tổng cục Thống kê, Niên giám Thống kê 2023, biểu ""Đầu tư trực tiếp của nước ngoài được cấp giấy phép năm 2023 phân theo đối tác đầu tư chủ yếu"""
PHL,2024,20.4,4,Phi-li-pin - Philippines,"vốn cấp mới + vốn tăng thêm + vốn góp, mua cổ phần","Tổng cục Thống kê, Niên giám Thống kê 2024, biểu ""Đầu tư trực tiếp của nước ngoài được cấp giấy phép năm 2024 phân theo đối tác đầu tư chủ yếu"""
PHL,2025,21.4,10,Phi-li-pin - Philippines,"vốn cấp mới + vốn tăng thêm + vốn góp, mua cổ phần","Tổng cục Thống kê, Niên giám Thống kê 2025, biểu ""Đầu tư trực tiếp của nước ngoài được cấp giấy phép năm 2025 phân theo đối tác đầu tư chủ yếu"""
POL,2006,62.7,2,Ba Lan - Poland,vốn cấp mới + vốn tăng thêm,"Tổng cục Thống kê, Niên giám Thống kê 2006, biểu ""Đầu tư trực tiếp của nước ngoài được cấp giấy phép năm 2006 phân theo đối tác đầu tư chủ yếu"""
POL,2014,39.1,2,Ba Lan - Poland,vốn cấp mới + vốn tăng thêm,"Tổng cục Thống kê, Niên giám Thống kê 2014, biểu ""Đầu tư trực tiếp của nước ngoài được cấp giấy phép năm 2014 phân theo đối tác đầu tư chủ yếu"""
POL,2016,26.7,3,Ba Lan - Poland,"vốn cấp mới + vốn tăng thêm + vốn góp, mua cổ phần","Tổng cục Thống kê, Niên giám Thống kê 2016, biểu ""Đầu tư trực tiếp của nước ngoài được cấp giấy phép năm 2016 phân theo đối tác đầu tư chủ yếu"""
POL,2017,36.4,1,Ba Lan - Poland,"vốn cấp mới + vốn tăng thêm + vốn góp, mua cổ phần","Tổng cục Thống kê, Niên giám Thống kê 2017, biểu ""Đầu tư trực tiếp của nước ngoài được cấp giấy phép năm 2017 phân theo đối tác đầu tư chủ yếu"""
POL,2018,2.1,1,Ba Lan - Poland,"vốn cấp mới + vốn tăng thêm + vốn góp, mua cổ phần","Tổng cục Thống kê, Niên giám Thống kê 2018, biểu ""Đầu tư trực tiếp của nước ngoài được cấp giấy phép năm 2018 phân theo đối tác đầu tư chủ yếu"""
POL,2019,28.5,5,Ba Lan - Poland,"vốn cấp mới + vốn tăng thêm + vốn góp, mua cổ phần","Tổng cục Thống kê, Niên giám Thống kê 2019, biểu ""Đầu tư trực tiếp của nước ngoài được cấp giấy phép năm 2019 phân theo đối tác đầu tư chủ yếu"""
POL,2020,94.1,3,Ba Lan - Poland,"vốn cấp mới + vốn tăng thêm + vốn góp, mua cổ phần","Tổng cục Thống kê, Niên giám Thống kê 2020, biểu ""Đầu tư trực tiếp của nước ngoài được cấp giấy phép năm 2020 phân theo đối tác đầu tư chủ yếu"""
POL,2021,0.5,2,Ba Lan - Poland,"vốn cấp mới + vốn tăng thêm + vốn góp, mua cổ phần","Tổng cục Thống kê, Niên giám Thống kê 2021, biểu ""Đầu tư trực tiếp của nước ngoài được cấp giấy phép năm 2021 phân theo đối tác đầu tư chủ yếu"""
POL,2022,22.6,3,Ba Lan - Poland,"vốn cấp mới + vốn tăng thêm + vốn góp, mua cổ phần","Tổng cục Thống kê, Niên giám Thống kê 2022, biểu ""Đầu tư trực tiếp của nước ngoài được cấp giấy phép năm 2022 phân theo đối tác đầu tư chủ yếu"""
POL,2023,2.2,3,Ba Lan - Poland,"vốn cấp mới + vốn tăng thêm + vốn góp, mua cổ phần","Tổng cục Thống kê, Niên giám Thống kê 2023, biểu ""Đầu tư trực tiếp của nước ngoài được cấp giấy phép năm 2023 phân theo đối tác đầu tư chủ yếu"""
POL,2024,45.0,2,Ba Lan - Poland,"vốn cấp mới + vốn tăng thêm + vốn góp, mua cổ phần","Tổng cục Thống kê, Niên giám Thống kê 2024, biểu ""Đầu tư trực tiếp của nước ngoài được cấp giấy phép năm 2024 phân theo đối tác đầu tư chủ yếu"""
PRT,2016,4.0,,Bồ Đào Nha - Portugal,"vốn cấp mới + vốn tăng thêm + vốn góp, mua cổ phần","Tổng cục Thống kê, Niên giám Thống kê 2016, biểu ""Đầu tư trực tiếp của nước ngoài được cấp giấy phép năm 2016 phân theo đối tác đầu tư chủ yếu"""
QAT,2019,42.8,,Ca-ta - Qatar,"vốn cấp mới + vốn tăng thêm + vốn góp, mua cổ phần","Tổng cục Thống kê, Niên giám Thống kê 2019, biểu ""Đầu tư trực tiếp của nước ngoài được cấp giấy phép năm 2019 phân theo đối tác đầu tư chủ yếu"""
RUS,2006,14.5,5,Liªn bang Nga - Fed. Russian,vốn cấp mới + vốn tăng thêm,"Tổng cục Thống kê, Niên giám Thống kê 2006, biểu ""Đầu tư trực tiếp của nước ngoài được cấp giấy phép năm 2006 phân theo đối tác đầu tư chủ yếu"""
RUS,2007,12.0,5,Liªn bang Nga - Fed. Russian,vốn cấp mới + vốn tăng thêm,"Tổng cục Thống kê, Niên giám Thống kê 2007, biểu ""Đầu tư trực tiếp của nước ngoài được cấp giấy phép năm 2007 phân theo đối tác đầu tư chủ yếu"""
RUS,2008,69.0,5,Liªn bang Nga - Fed. Russian,vốn cấp mới + vốn tăng thêm,"Tổng cục Thống kê, Niên giám Thống kê 2008, biểu ""Đầu tư trực tiếp của nước ngoài được cấp giấy phép năm 2008 phân theo đối tác đầu tư chủ yếu"""
RUS,2009,335.0,6,Liªn bang Nga - Fed. Russian,vốn cấp mới + vốn tăng thêm,"Tổng cục Thống kê, Niên giám Thống kê 2009, biểu ""Đầu tư trực tiếp của nước ngoài được cấp giấy phép năm 2009 phân theo đối tác đầu tư chủ yếu"""
RUS,2010,146.0,8,Liªn bang Nga - Fed. Russian,vốn cấp mới + vốn tăng thêm,"Tổng cục Thống kê, Niên giám Thống kê 2010, biểu ""Đầu tư trực tiếp của nước ngoài được cấp giấy phép năm 2010 phân theo đối tác đầu tư chủ yếu"""
RUS,2011,38.7,7,Liªn bang Nga - Fed. Russian,vốn cấp mới + vốn tăng thêm,"Tổng cục Thống kê, Niên giám Thống kê 2011, biểu ""Đầu tư trực tiếp của nước ngoài được cấp giấy phép năm 2011 phân theo đối tác đầu tư chủ yếu"""
RUS,2012,143.1,11,Liên bang Nga - Fed. Russian,vốn cấp mới + vốn tăng thêm,"Tổng cục Thống kê, Niên giám Thống kê 2012, biểu ""Đầu tư trực tiếp của nước ngoài được cấp giấy phép năm 2012 phân theo đối tác đầu tư chủ yếu"""
RUS,2013,1031.9,13,Liên bang Nga - Fed. Russian,vốn cấp mới + vốn tăng thêm,"Tổng cục Thống kê, Niên giám Thống kê 2013, biểu ""Đầu tư trực tiếp của nước ngoài được cấp giấy phép năm 2013 phân theo đối tác đầu tư chủ yếu"""
RUS,2014,11.5,9,Liên bang Nga - Fed. Russian,vốn cấp mới + vốn tăng thêm,"Tổng cục Thống kê, Niên giám Thống kê 2014, biểu ""Đầu tư trực tiếp của nước ngoài được cấp giấy phép năm 2014 phân theo đối tác đầu tư chủ yếu"""
RUS,2015,12.0,9,Liên bang Nga - Fed. Russian,vốn cấp mới + vốn tăng thêm,"Tổng cục Thống kê, Niên giám Thống kê 2015, biểu ""Đầu tư trực tiếp của nước ngoài được cấp giấy phép năm 2015 phân theo đối tác đầu tư chủ yếu"""
RUS,2016,58.2,15,Liên bang Nga - Fed. Russian,"vốn cấp mới + vốn tăng thêm + vốn góp, mua cổ phần","Tổng cục Thống kê, Niên giám Thống kê 2016, biểu ""Đầu tư trực tiếp của nước ngoài được cấp giấy phép năm 2016 phân theo đối tác đầu tư chủ yếu"""
RUS,2017,43.7,9,Liên bang Nga - Fed. Russian,"vốn cấp mới + vốn tăng thêm + vốn góp, mua cổ phần","Tổng cục Thống kê, Niên giám Thống kê 2017, biểu ""Đầu tư trực tiếp của nước ngoài được cấp giấy phép năm 2017 phân theo đối tác đầu tư chủ yếu"""
RUS,2018,64.4,11,Liên bang Nga - Fed. Russian,"vốn cấp mới + vốn tăng thêm + vốn góp, mua cổ phần","Tổng cục Thống kê, Niên giám Thống kê 2018, biểu ""Đầu tư trực tiếp của nước ngoài được cấp giấy phép năm 2018 phân theo đối tác đầu tư chủ yếu"""
RUS,2019,36.1,14,Liên bang Nga - Fed. Russian,"vốn cấp mới + vốn tăng thêm + vốn góp, mua cổ phần","Tổng cục Thống kê, Niên giám Thống kê 2019, biểu ""Đầu tư trực tiếp của nước ngoài được cấp giấy phép năm 2019 phân theo đối tác đầu tư chủ yếu"""
RUS,2020,8.8,8,Liên bang Nga - Fed. Russian,"vốn cấp mới + vốn tăng thêm + vốn góp, mua cổ phần","Tổng cục Thống kê, Niên giám Thống kê 2020, biểu ""Đầu tư trực tiếp của nước ngoài được cấp giấy phép năm 2020 phân theo đối tác đầu tư chủ yếu"""
RUS,2021,8.2,5,Liên bang Nga - Fed. Russian,"vốn cấp mới + vốn tăng thêm + vốn góp, mua cổ phần","Tổng cục Thống kê, Niên giám Thống kê 2021, biểu ""Đầu tư trực tiếp của nước ngoài được cấp giấy phép năm 2021 phân theo đối tác đầu tư chủ yếu"""
RUS,2022,21.8,12,Liên bang Nga - Fed. Russian,"vốn cấp mới + vốn tăng thêm + vốn góp, mua cổ phần","Tổng cục Thống kê, Niên giám Thống kê 2022, biểu ""Đầu tư trực tiếp của nước ngoài được cấp giấy phép năm 2022 phân theo đối tác đầu tư chủ yếu"""
RUS,2023,16.5,23,Liên bang Nga - Fed. Russian,"vốn cấp mới + vốn tăng thêm + vốn góp, mua cổ phần","Tổng cục Thống kê, Niên giám Thống kê 2023, biểu ""Đầu tư trực tiếp của nước ngoài được cấp giấy phép năm 2023 phân theo đối tác đầu tư chủ yếu"""
RUS,2024,18.2,17,Liên bang Nga - Fed. Russian,"vốn cấp mới + vốn tăng thêm + vốn góp, mua cổ phần","Tổng cục Thống kê, Niên giám Thống kê 2024, biểu ""Đầu tư trực tiếp của nước ngoài được cấp giấy phép năm 2024 phân theo đối tác đầu tư chủ yếu"""
RUS,2025,22.3,19,Liên bang Nga - Fed. Russian,"vốn cấp mới + vốn tăng thêm + vốn góp, mua cổ phần","Tổng cục Thống kê, Niên giám Thống kê 2025, biểu ""Đầu tư trực tiếp của nước ngoài được cấp giấy phép năm 2025 phân theo đối tác đầu tư chủ yếu"""
SAU,2024,0.8,2,Ả Rập Xê Út - Saudi Arabia,"vốn cấp mới + vốn tăng thêm + vốn góp, mua cổ phần","Tổng cục Thống kê, Niên giám Thống kê 2024, biểu ""Đầu tư trực tiếp của nước ngoài được cấp giấy phép năm 2024 phân theo đối tác đầu tư chủ yếu"""
SGP,2006,675.3,59,Xin-ga-po - Singapore,vốn cấp mới + vốn tăng thêm,"Tổng cục Thống kê, Niên giám Thống kê 2006, biểu ""Đầu tư trực tiếp của nước ngoài được cấp giấy phép năm 2006 phân theo đối tác đầu tư chủ yếu"""
SGP,2007,2572.3,89,Xin-ga-po - Singapore,vốn cấp mới + vốn tăng thêm,"Tổng cục Thống kê, Niên giám Thống kê 2007, biểu ""Đầu tư trực tiếp của nước ngoài được cấp giấy phép năm 2007 phân theo đối tác đầu tư chủ yếu"""
SGP,2008,4495.8,101,Xin-ga-po - Singapore,vốn cấp mới + vốn tăng thêm,"Tổng cục Thống kê, Niên giám Thống kê 2008, biểu ""Đầu tư trực tiếp của nước ngoài được cấp giấy phép năm 2008 phân theo đối tác đầu tư chủ yếu"""
SGP,2009,922.5,115,Xin-ga-po - Singapore,vốn cấp mới + vốn tăng thêm,"Tổng cục Thống kê, Niên giám Thống kê 2009, biểu ""Đầu tư trực tiếp của nước ngoài được cấp giấy phép năm 2009 phân theo đối tác đầu tư chủ yếu"""
SGP,2010,4585.6,111,Xin-ga-po - Singapore,vốn cấp mới + vốn tăng thêm,"Tổng cục Thống kê, Niên giám Thống kê 2010, biểu ""Đầu tư trực tiếp của nước ngoài được cấp giấy phép năm 2010 phân theo đối tác đầu tư chủ yếu"""
SGP,2011,2306.4,113,Xin-ga-po - Singapore,vốn cấp mới + vốn tăng thêm,"Tổng cục Thống kê, Niên giám Thống kê 2011, biểu ""Đầu tư trực tiếp của nước ngoài được cấp giấy phép năm 2011 phân theo đối tác đầu tư chủ yếu"""
SGP,2012,1938.0,116,Xin-ga-po - Singapore,vốn cấp mới + vốn tăng thêm,"Tổng cục Thống kê, Niên giám Thống kê 2012, biểu ""Đầu tư trực tiếp của nước ngoài được cấp giấy phép năm 2012 phân theo đối tác đầu tư chủ yếu"""
SGP,2013,4769.0,130,Xin-ga-po - Singapore,vốn cấp mới + vốn tăng thêm,"Tổng cục Thống kê, Niên giám Thống kê 2013, biểu ""Đầu tư trực tiếp của nước ngoài được cấp giấy phép năm 2013 phân theo đối tác đầu tư chủ yếu"""
SGP,2014,2892.8,119,Xin-ga-po - Singapore,vốn cấp mới + vốn tăng thêm,"Tổng cục Thống kê, Niên giám Thống kê 2014, biểu ""Đầu tư trực tiếp của nước ngoài được cấp giấy phép năm 2014 phân theo đối tác đầu tư chủ yếu"""
SGP,2015,2082.5,138,Xin-ga-po - Singapore,vốn cấp mới + vốn tăng thêm,"Tổng cục Thống kê, Niên giám Thống kê 2015, biểu ""Đầu tư trực tiếp của nước ngoài được cấp giấy phép năm 2015 phân theo đối tác đầu tư chủ yếu"""
SGP,2016,2414.7,213,Xin-ga-po - Singapore,"vốn cấp mới + vốn tăng thêm + vốn góp, mua cổ phần","Tổng cục Thống kê, Niên giám Thống kê 2016, biểu ""Đầu tư trực tiếp của nước ngoài được cấp giấy phép năm 2016 phân theo đối tác đầu tư chủ yếu"""
SGP,2017,5894.9,194,Xin-ga-po - Singapore,"vốn cấp mới + vốn tăng thêm + vốn góp, mua cổ phần","Tổng cục Thống kê, Niên giám Thống kê 2017, biểu ""Đầu tư trực tiếp của nước ngoài được cấp giấy phép năm 2017 phân theo đối tác đầu tư chủ yếu"""
SGP,2018,5249.9,228,Xin-ga-po - Singapore,"vốn cấp mới + vốn tăng thêm + vốn góp, mua cổ phần","Tổng cục Thống kê, Niên giám Thống kê 2018, biểu ""Đầu tư trực tiếp của nước ngoài được cấp giấy phép năm 2018 phân theo đối tác đầu tư chủ yếu"""
SGP,2019,4421.2,304,Xin-ga-po - Singapore,"vốn cấp mới + vốn tăng thêm + vốn góp, mua cổ phần","Tổng cục Thống kê, Niên giám Thống kê 2019, biểu ""Đầu tư trực tiếp của nước ngoài được cấp giấy phép năm 2019 phân theo đối tác đầu tư chủ yếu"""
SGP,2020,9495.0,256,Xin-ga-po - Singapore,"vốn cấp mới + vốn tăng thêm + vốn góp, mua cổ phần","Tổng cục Thống kê, Niên giám Thống kê 2020, biểu ""Đầu tư trực tiếp của nước ngoài được cấp giấy phép năm 2020 phân theo đối tác đầu tư chủ yếu"""
SGP,2021,11358.7,231,Xin-ga-po - Singapore,"vốn cấp mới + vốn tăng thêm + vốn góp, mua cổ phần","Tổng cục Thống kê, Niên giám Thống kê 2021, biểu ""Đầu tư trực tiếp của nước ngoài được cấp giấy phép năm 2021 phân theo đối tác đầu tư chủ yếu"""
SGP,2022,6551.1,296,Xin-ga-po - Singapore,"vốn cấp mới + vốn tăng thêm + vốn góp, mua cổ phần","Tổng cục Thống kê, Niên giám Thống kê 2022, biểu ""Đầu tư trực tiếp của nước ngoài được cấp giấy phép năm 2022 phân theo đối tác đầu tư chủ yếu"""
SGP,2023,7766.5,420,Xin-ga-po - Singapore,"vốn cấp mới + vốn tăng thêm + vốn góp, mua cổ phần","Tổng cục Thống kê, Niên giám Thống kê 2023, biểu ""Đầu tư trực tiếp của nước ngoài được cấp giấy phép năm 2023 phân theo đối tác đầu tư chủ yếu"""
SGP,2024,10207.3,462,Xin-ga-po - Singapore,"vốn cấp mới + vốn tăng thêm + vốn góp, mua cổ phần","Tổng cục Thống kê, Niên giám Thống kê 2024, biểu ""Đầu tư trực tiếp của nước ngoài được cấp giấy phép năm 2024 phân theo đối tác đầu tư chủ yếu"""
SGP,2025,9395.2,542,Xin-ga-po - Singapore,"vốn cấp mới + vốn tăng thêm + vốn góp, mua cổ phần","Tổng cục Thống kê, Niên giám Thống kê 2025, biểu ""Đầu tư trực tiếp của nước ngoài được cấp giấy phép năm 2025 phân theo đối tác đầu tư chủ yếu"""
SLV,2016,10.0,1,Cộng hòa En Xan-va-đo - El Salvador,"vốn cấp mới + vốn tăng thêm + vốn góp, mua cổ phần","Tổng cục Thống kê, Niên giám Thống kê 2016, biểu ""Đầu tư trực tiếp của nước ngoài được cấp giấy phép năm 2016 phân theo đối tác đầu tư chủ yếu"""
SLV,2018,12.5,1,En-xan-va-đo - El Salvador,"vốn cấp mới + vốn tăng thêm + vốn góp, mua cổ phần","Tổng cục Thống kê, Niên giám Thống kê 2018, biểu ""Đầu tư trực tiếp của nước ngoài được cấp giấy phép năm 2018 phân theo đối tác đầu tư chủ yếu"""
SLV,2024,1.0,,Cộng hòa En Xan-va-đo - Salvador,"vốn cấp mới + vốn tăng thêm + vốn góp, mua cổ phần","Tổng cục Thống kê, Niên giám Thống kê 2024, biểu ""Đầu tư trực tiếp của nước ngoài được cấp giấy phép năm 2024 phân theo đối tác đầu tư chủ yếu"""
SVK,2010,102.4,3,Sl«-va-ki-a - Slovakia,vốn cấp mới + vốn tăng thêm,"Tổng cục Thống kê, Niên giám Thống kê 2010, biểu ""Đầu tư trực tiếp của nước ngoài được cấp giấy phép năm 2010 phân theo đối tác đầu tư chủ yếu"""
SVK,2012,87.6,1,Xlô-va-ki-a - Slovakia,vốn cấp mới + vốn tăng thêm,"Tổng cục Thống kê, Niên giám Thống kê 2012, biểu ""Đầu tư trực tiếp của nước ngoài được cấp giấy phép năm 2012 phân theo đối tác đầu tư chủ yếu"""
SVK,2017,16.2,2,Xlô-va-ki-a - Slovakia,"vốn cấp mới + vốn tăng thêm + vốn góp, mua cổ phần","Tổng cục Thống kê, Niên giám Thống kê 2017, biểu ""Đầu tư trực tiếp của nước ngoài được cấp giấy phép năm 2017 phân theo đối tác đầu tư chủ yếu"""
SVK,2018,1.2,1,Xlô-va-ki-a - Slovakia,"vốn cấp mới + vốn tăng thêm + vốn góp, mua cổ phần","Tổng cục Thống kê, Niên giám Thống kê 2018, biểu ""Đầu tư trực tiếp của nước ngoài được cấp giấy phép năm 2018 phân theo đối tác đầu tư chủ yếu"""
SVK,2019,10.1,3,Xlô-va-ki-a - Slovakia,"vốn cấp mới + vốn tăng thêm + vốn góp, mua cổ phần","Tổng cục Thống kê, Niên giám Thống kê 2019, biểu ""Đầu tư trực tiếp của nước ngoài được cấp giấy phép năm 2019 phân theo đối tác đầu tư chủ yếu"""
SVK,2020,0.1,,Xlô-va-ki-a - Slovakia,"vốn cấp mới + vốn tăng thêm + vốn góp, mua cổ phần","Tổng cục Thống kê, Niên giám Thống kê 2020, biểu ""Đầu tư trực tiếp của nước ngoài được cấp giấy phép năm 2020 phân theo đối tác đầu tư chủ yếu"""
SVK,2021,0.4,2,Xlô-va-ki-a - Slovakia,"vốn cấp mới + vốn tăng thêm + vốn góp, mua cổ phần","Tổng cục Thống kê, Niên giám Thống kê 2021, biểu ""Đầu tư trực tiếp của nước ngoài được cấp giấy phép năm 2021 phân theo đối tác đầu tư chủ yếu"""
SVN,2007,4.0,2,Xl«-vª-nia - Slovenia,vốn cấp mới + vốn tăng thêm,"Tổng cục Thống kê, Niên giám Thống kê 2007, biểu ""Đầu tư trực tiếp của nước ngoài được cấp giấy phép năm 2007 phân theo đối tác đầu tư chủ yếu"""
SWE,2006,21.6,2,Thôy §iÓn - Sweden,vốn cấp mới + vốn tăng thêm,"Tổng cục Thống kê, Niên giám Thống kê 2006, biểu ""Đầu tư trực tiếp của nước ngoài được cấp giấy phép năm 2006 phân theo đối tác đầu tư chủ yếu"""
SWE,2007,2.3,5,Thôy §iÓn - Sweden,vốn cấp mới + vốn tăng thêm,"Tổng cục Thống kê, Niên giám Thống kê 2007, biểu ""Đầu tư trực tiếp của nước ngoài được cấp giấy phép năm 2007 phân theo đối tác đầu tư chủ yếu"""
SWE,2008,11.3,3,Thôy §iÓn - Sweden,vốn cấp mới + vốn tăng thêm,"Tổng cục Thống kê, Niên giám Thống kê 2008, biểu ""Đầu tư trực tiếp của nước ngoài được cấp giấy phép năm 2008 phân theo đối tác đầu tư chủ yếu"""
SWE,2015,0.5,4,Thụy Điển - Sweden,vốn cấp mới + vốn tăng thêm,"Tổng cục Thống kê, Niên giám Thống kê 2015, biểu ""Đầu tư trực tiếp của nước ngoài được cấp giấy phép năm 2015 phân theo đối tác đầu tư chủ yếu"""
SWE,2017,18.2,6,Thụy Điển - Sweden,"vốn cấp mới + vốn tăng thêm + vốn góp, mua cổ phần","Tổng cục Thống kê, Niên giám Thống kê 2017, biểu ""Đầu tư trực tiếp của nước ngoài được cấp giấy phép năm 2017 phân theo đối tác đầu tư chủ yếu"""
SWE,2018,5.9,8,Thụy Điển - Sweden,"vốn cấp mới + vốn tăng thêm + vốn góp, mua cổ phần","Tổng cục Thống kê, Niên giám Thống kê 2018, biểu ""Đầu tư trực tiếp của nước ngoài được cấp giấy phép năm 2018 phân theo đối tác đầu tư chủ yếu"""
SWE,2019,122.9,15,Thụy Điển - Sweden,"vốn cấp mới + vốn tăng thêm + vốn góp, mua cổ phần","Tổng cục Thống kê, Niên giám Thống kê 2019, biểu ""Đầu tư trực tiếp của nước ngoài được cấp giấy phép năm 2019 phân theo đối tác đầu tư chủ yếu"""
SWE,2020,7.0,5,Thụy Điển - Sweden,"vốn cấp mới + vốn tăng thêm + vốn góp, mua cổ phần","Tổng cục Thống kê, Niên giám Thống kê 2020, biểu ""Đầu tư trực tiếp của nước ngoài được cấp giấy phép năm 2020 phân theo đối tác đầu tư chủ yếu"""
SWE,2021,13.0,11,Thụy Điển - Sweden,"vốn cấp mới + vốn tăng thêm + vốn góp, mua cổ phần","Tổng cục Thống kê, Niên giám Thống kê 2021, biểu ""Đầu tư trực tiếp của nước ngoài được cấp giấy phép năm 2021 phân theo đối tác đầu tư chủ yếu"""
SWE,2022,46.5,8,Thụy Điển - Sweden,"vốn cấp mới + vốn tăng thêm + vốn góp, mua cổ phần","Tổng cục Thống kê, Niên giám Thống kê 2022, biểu ""Đầu tư trực tiếp của nước ngoài được cấp giấy phép năm 2022 phân theo đối tác đầu tư chủ yếu"""
SWE,2023,229.7,10,Thụy Điển - Sweden,"vốn cấp mới + vốn tăng thêm + vốn góp, mua cổ phần","Tổng cục Thống kê, Niên giám Thống kê 2023, biểu ""Đầu tư trực tiếp của nước ngoài được cấp giấy phép năm 2023 phân theo đối tác đầu tư chủ yếu"""
SWE,2024,1.1,2,Thụy Điển - Sweden,"vốn cấp mới + vốn tăng thêm + vốn góp, mua cổ phần","Tổng cục Thống kê, Niên giám Thống kê 2024, biểu ""Đầu tư trực tiếp của nước ngoài được cấp giấy phép năm 2024 phân theo đối tác đầu tư chủ yếu"""
SWE,2025,1021.1,4,Thụy Điển - Sweden,"vốn cấp mới + vốn tăng thêm + vốn góp, mua cổ phần","Tổng cục Thống kê, Niên giám Thống kê 2025, biểu ""Đầu tư trực tiếp của nước ngoài được cấp giấy phép năm 2025 phân theo đối tác đầu tư chủ yếu"""
SYC,2014,35.1,7,CH Xây-sen - Seychelles,vốn cấp mới + vốn tăng thêm,"Tổng cục Thống kê, Niên giám Thống kê 2014, biểu ""Đầu tư trực tiếp của nước ngoài được cấp giấy phép năm 2014 phân theo đối tác đầu tư chủ yếu"""
SYC,2015,316.2,19,CH Xây-sen - Seychelles,vốn cấp mới + vốn tăng thêm,"Tổng cục Thống kê, Niên giám Thống kê 2015, biểu ""Đầu tư trực tiếp của nước ngoài được cấp giấy phép năm 2015 phân theo đối tác đầu tư chủ yếu"""
SYC,2016,287.8,38,CH Xây-sen - Seychelles,"vốn cấp mới + vốn tăng thêm + vốn góp, mua cổ phần","Tổng cục Thống kê, Niên giám Thống kê 2016, biểu ""Đầu tư trực tiếp của nước ngoài được cấp giấy phép năm 2016 phân theo đối tác đầu tư chủ yếu"""
SYC,2017,180.4,29,CH Xây-sen - Seychelles,"vốn cấp mới + vốn tăng thêm + vốn góp, mua cổ phần","Tổng cục Thống kê, Niên giám Thống kê 2017, biểu ""Đầu tư trực tiếp của nước ngoài được cấp giấy phép năm 2017 phân theo đối tác đầu tư chủ yếu"""
SYC,2018,214.7,25,CH Xây-sen - Seychelles,"vốn cấp mới + vốn tăng thêm + vốn góp, mua cổ phần","Tổng cục Thống kê, Niên giám Thống kê 2018, biểu ""Đầu tư trực tiếp của nước ngoài được cấp giấy phép năm 2018 phân theo đối tác đầu tư chủ yếu"""
SYC,2019,257.7,36,CH Xây-sen - Seychelles,"vốn cấp mới + vốn tăng thêm + vốn góp, mua cổ phần","Tổng cục Thống kê, Niên giám Thống kê 2019, biểu ""Đầu tư trực tiếp của nước ngoài được cấp giấy phép năm 2019 phân theo đối tác đầu tư chủ yếu"""
SYC,2020,268.5,37,CH Xây-sen - Seychelles,"vốn cấp mới + vốn tăng thêm + vốn góp, mua cổ phần","Tổng cục Thống kê, Niên giám Thống kê 2020, biểu ""Đầu tư trực tiếp của nước ngoài được cấp giấy phép năm 2020 phân theo đối tác đầu tư chủ yếu"""
SYC,2021,167.6,18,CH Xây-sen - Seychelles,"vốn cấp mới + vốn tăng thêm + vốn góp, mua cổ phần","Tổng cục Thống kê, Niên giám Thống kê 2021, biểu ""Đầu tư trực tiếp của nước ngoài được cấp giấy phép năm 2021 phân theo đối tác đầu tư chủ yếu"""
SYC,2022,112.4,19,CH Xây-sen - Seychelles,"vốn cấp mới + vốn tăng thêm + vốn góp, mua cổ phần","Tổng cục Thống kê, Niên giám Thống kê 2022, biểu ""Đầu tư trực tiếp của nước ngoài được cấp giấy phép năm 2022 phân theo đối tác đầu tư chủ yếu"""
SYC,2023,275.1,32,CH Xây-sen - Seychelles,"vốn cấp mới + vốn tăng thêm + vốn góp, mua cổ phần","Tổng cục Thống kê, Niên giám Thống kê 2023, biểu ""Đầu tư trực tiếp của nước ngoài được cấp giấy phép năm 2023 phân theo đối tác đầu tư chủ yếu"""
SYC,2024,274.0,27,CH Xây-sen - Seychelles,"vốn cấp mới + vốn tăng thêm + vốn góp, mua cổ phần","Tổng cục Thống kê, Niên giám Thống kê 2024, biểu ""Đầu tư trực tiếp của nước ngoài được cấp giấy phép năm 2024 phân theo đối tác đầu tư chủ yếu"""
SYC,2025,170.4,24,CH Xây-sen - Seychelles,"vốn cấp mới + vốn tăng thêm + vốn góp, mua cổ phần","Tổng cục Thống kê, Niên giám Thống kê 2025, biểu ""Đầu tư trực tiếp của nước ngoài được cấp giấy phép năm 2025 phân theo đối tác đầu tư chủ yếu"""
SYR,2022,0.8,,Syria - Syrian Arab Republic,"vốn cấp mới + vốn tăng thêm + vốn góp, mua cổ phần","Tổng cục Thống kê, Niên giám Thống kê 2022, biểu ""Đầu tư trực tiếp của nước ngoài được cấp giấy phép năm 2022 phân theo đối tác đầu tư chủ yếu"""
SYR,2023,0.1,,Syria - Syrian Arab Republic,"vốn cấp mới + vốn tăng thêm + vốn góp, mua cổ phần","Tổng cục Thống kê, Niên giám Thống kê 2023, biểu ""Đầu tư trực tiếp của nước ngoài được cấp giấy phép năm 2023 phân theo đối tác đầu tư chủ yếu"""
THA,2006,150.2,17,Th¸i Lan - Thailand,vốn cấp mới + vốn tăng thêm,"Tổng cục Thống kê, Niên giám Thống kê 2006, biểu ""Đầu tư trực tiếp của nước ngoài được cấp giấy phép năm 2006 phân theo đối tác đầu tư chủ yếu"""
THA,2007,291.7,25,Th¸i Lan - Thailand,vốn cấp mới + vốn tăng thêm,"Tổng cục Thống kê, Niên giám Thống kê 2007, biểu ""Đầu tư trực tiếp của nước ngoài được cấp giấy phép năm 2007 phân theo đối tác đầu tư chủ yếu"""
THA,2008,4046.2,32,Th¸i Lan - Thailand,vốn cấp mới + vốn tăng thêm,"Tổng cục Thống kê, Niên giám Thống kê 2008, biểu ""Đầu tư trực tiếp của nước ngoài được cấp giấy phép năm 2008 phân theo đối tác đầu tư chủ yếu"""
THA,2009,102.8,27,Th¸i Lan - Thailand,vốn cấp mới + vốn tăng thêm,"Tổng cục Thống kê, Niên giám Thống kê 2009, biểu ""Đầu tư trực tiếp của nước ngoài được cấp giấy phép năm 2009 phân theo đối tác đầu tư chủ yếu"""
THA,2010,166.2,20,Th¸i Lan - Thailand,vốn cấp mới + vốn tăng thêm,"Tổng cục Thống kê, Niên giám Thống kê 2010, biểu ""Đầu tư trực tiếp của nước ngoài được cấp giấy phép năm 2010 phân theo đối tác đầu tư chủ yếu"""
THA,2011,212.4,36,Th¸i Lan - Thailand,vốn cấp mới + vốn tăng thêm,"Tổng cục Thống kê, Niên giám Thống kê 2011, biểu ""Đầu tư trực tiếp của nước ngoài được cấp giấy phép năm 2011 phân theo đối tác đầu tư chủ yếu"""
THA,2012,199.4,25,Thái Lan - Thailand,vốn cấp mới + vốn tăng thêm,"Tổng cục Thống kê, Niên giám Thống kê 2012, biểu ""Đầu tư trực tiếp của nước ngoài được cấp giấy phép năm 2012 phân theo đối tác đầu tư chủ yếu"""
THA,2013,204.7,44,Thái Lan - Thailand,vốn cấp mới + vốn tăng thêm,"Tổng cục Thống kê, Niên giám Thống kê 2013, biểu ""Đầu tư trực tiếp của nước ngoài được cấp giấy phép năm 2013 phân theo đối tác đầu tư chủ yếu"""
THA,2014,232.8,41,Thái Lan - Thailand,vốn cấp mới + vốn tăng thêm,"Tổng cục Thống kê, Niên giám Thống kê 2014, biểu ""Đầu tư trực tiếp của nước ngoài được cấp giấy phép năm 2014 phân theo đối tác đầu tư chủ yếu"""
THA,2015,337.4,35,Thái Lan - Thailand,vốn cấp mới + vốn tăng thêm,"Tổng cục Thống kê, Niên giám Thống kê 2015, biểu ""Đầu tư trực tiếp của nước ngoài được cấp giấy phép năm 2015 phân theo đối tác đầu tư chủ yếu"""
THA,2016,732.0,35,Thái Lan - Thailand,"vốn cấp mới + vốn tăng thêm + vốn góp, mua cổ phần","Tổng cục Thống kê, Niên giám Thống kê 2016, biểu ""Đầu tư trực tiếp của nước ngoài được cấp giấy phép năm 2016 phân theo đối tác đầu tư chủ yếu"""
THA,2017,624.9,52,Thái Lan - Thailand,"vốn cấp mới + vốn tăng thêm + vốn góp, mua cổ phần","Tổng cục Thống kê, Niên giám Thống kê 2017, biểu ""Đầu tư trực tiếp của nước ngoài được cấp giấy phép năm 2017 phân theo đối tác đầu tư chủ yếu"""
THA,2018,762.9,41,Thái Lan - Thailand,"vốn cấp mới + vốn tăng thêm + vốn góp, mua cổ phần","Tổng cục Thống kê, Niên giám Thống kê 2018, biểu ""Đầu tư trực tiếp của nước ngoài được cấp giấy phép năm 2018 phân theo đối tác đầu tư chủ yếu"""
THA,2019,927.1,49,Thái Lan - Thailand,"vốn cấp mới + vốn tăng thêm + vốn góp, mua cổ phần","Tổng cục Thống kê, Niên giám Thống kê 2019, biểu ""Đầu tư trực tiếp của nước ngoài được cấp giấy phép năm 2019 phân theo đối tác đầu tư chủ yếu"""
THA,2020,1806.0,41,Thái Lan - Thailand,"vốn cấp mới + vốn tăng thêm + vốn góp, mua cổ phần","Tổng cục Thống kê, Niên giám Thống kê 2020, biểu ""Đầu tư trực tiếp của nước ngoài được cấp giấy phép năm 2020 phân theo đối tác đầu tư chủ yếu"""
THA,2021,369.6,36,Thái Lan - Thailand,"vốn cấp mới + vốn tăng thêm + vốn góp, mua cổ phần","Tổng cục Thống kê, Niên giám Thống kê 2021, biểu ""Đầu tư trực tiếp của nước ngoài được cấp giấy phép năm 2021 phân theo đối tác đầu tư chủ yếu"""
THA,2022,244.5,44,Thái Lan - Thailand,"vốn cấp mới + vốn tăng thêm + vốn góp, mua cổ phần","Tổng cục Thống kê, Niên giám Thống kê 2022, biểu ""Đầu tư trực tiếp của nước ngoài được cấp giấy phép năm 2022 phân theo đối tác đầu tư chủ yếu"""
THA,2023,892.9,58,Thái Lan - Thailand,"vốn cấp mới + vốn tăng thêm + vốn góp, mua cổ phần","Tổng cục Thống kê, Niên giám Thống kê 2023, biểu ""Đầu tư trực tiếp của nước ngoài được cấp giấy phép năm 2023 phân theo đối tác đầu tư chủ yếu"""
THA,2024,225.2,28,Thái Lan - Thailand,"vốn cấp mới + vốn tăng thêm + vốn góp, mua cổ phần","Tổng cục Thống kê, Niên giám Thống kê 2024, biểu ""Đầu tư trực tiếp của nước ngoài được cấp giấy phép năm 2024 phân theo đối tác đầu tư chủ yếu"""
THA,2025,1153.6,43,Thái Lan - Thailand,"vốn cấp mới + vốn tăng thêm + vốn góp, mua cổ phần","Tổng cục Thống kê, Niên giám Thống kê 2025, biểu ""Đầu tư trực tiếp của nước ngoài được cấp giấy phép năm 2025 phân theo đối tác đầu tư chủ yếu"""
TUR,2008,7.3,1,Thæ NhÜ Kú - Turkey,vốn cấp mới + vốn tăng thêm,"Tổng cục Thống kê, Niên giám Thống kê 2008, biểu ""Đầu tư trực tiếp của nước ngoài được cấp giấy phép năm 2008 phân theo đối tác đầu tư chủ yếu"""
TUR,2015,660.3,2,Thổ Nhĩ Kỳ - Turkey,vốn cấp mới + vốn tăng thêm,"Tổng cục Thống kê, Niên giám Thống kê 2015, biểu ""Đầu tư trực tiếp của nước ngoài được cấp giấy phép năm 2015 phân theo đối tác đầu tư chủ yếu"""
TUR,2016,5.8,2,Thổ Nhĩ Kỳ - Turkey,"vốn cấp mới + vốn tăng thêm + vốn góp, mua cổ phần","Tổng cục Thống kê, Niên giám Thống kê 2016, biểu ""Đầu tư trực tiếp của nước ngoài được cấp giấy phép năm 2016 phân theo đối tác đầu tư chủ yếu"""
TUR,2017,6.2,4,Cộng hòa Thổ Nhĩ Kỳ - Republic of Turkey,"vốn cấp mới + vốn tăng thêm + vốn góp, mua cổ phần","Tổng cục Thống kê, Niên giám Thống kê 2017, biểu ""Đầu tư trực tiếp của nước ngoài được cấp giấy phép năm 2017 phân theo đối tác đầu tư chủ yếu"""
TUR,2018,2.0,1,Thổ Nhỹ Kỳ - The Republic of Turkey,"vốn cấp mới + vốn tăng thêm + vốn góp, mua cổ phần","Tổng cục Thống kê, Niên giám Thống kê 2018, biểu ""Đầu tư trực tiếp của nước ngoài được cấp giấy phép năm 2018 phân theo đối tác đầu tư chủ yếu"""
TUR,2019,4.8,4,Thổ Nhĩ Kỳ - Turkey,"vốn cấp mới + vốn tăng thêm + vốn góp, mua cổ phần","Tổng cục Thống kê, Niên giám Thống kê 2019, biểu ""Đầu tư trực tiếp của nước ngoài được cấp giấy phép năm 2019 phân theo đối tác đầu tư chủ yếu"""
TUR,2020,1.8,4,Thổ Nhĩ Kỳ - Turkey,"vốn cấp mới + vốn tăng thêm + vốn góp, mua cổ phần","Tổng cục Thống kê, Niên giám Thống kê 2020, biểu ""Đầu tư trực tiếp của nước ngoài được cấp giấy phép năm 2020 phân theo đối tác đầu tư chủ yếu"""
TUR,2021,85.8,3,Thổ Nhĩ Kỳ - Turkey,"vốn cấp mới + vốn tăng thêm + vốn góp, mua cổ phần","Tổng cục Thống kê, Niên giám Thống kê 2021, biểu ""Đầu tư trực tiếp của nước ngoài được cấp giấy phép năm 2021 phân theo đối tác đầu tư chủ yếu"""
TUR,2022,0.9,5,Thổ Nhĩ Kỳ - Turkey,"vốn cấp mới + vốn tăng thêm + vốn góp, mua cổ phần","Tổng cục Thống kê, Niên giám Thống kê 2022, biểu ""Đầu tư trực tiếp của nước ngoài được cấp giấy phép năm 2022 phân theo đối tác đầu tư chủ yếu"""
TUR,2023,183.7,2,Thổ Nhĩ Kỳ - Türkiye,"vốn cấp mới + vốn tăng thêm + vốn góp, mua cổ phần","Tổng cục Thống kê, Niên giám Thống kê 2023, biểu ""Đầu tư trực tiếp của nước ngoài được cấp giấy phép năm 2023 phân theo đối tác đầu tư chủ yếu"""
TUR,2024,763.5,7,Cộng hòa Thổ Nhĩ Kỳ - Republic of Turkey,"vốn cấp mới + vốn tăng thêm + vốn góp, mua cổ phần","Tổng cục Thống kê, Niên giám Thống kê 2024, biểu ""Đầu tư trực tiếp của nước ngoài được cấp giấy phép năm 2024 phân theo đối tác đầu tư chủ yếu"""
TUR,2025,22.3,9,Cộng hòa Thổ Nhĩ Kỳ - Republic of Türkiye,"vốn cấp mới + vốn tăng thêm + vốn góp, mua cổ phần","Tổng cục Thống kê, Niên giám Thống kê 2025, biểu ""Đầu tư trực tiếp của nước ngoài được cấp giấy phép năm 2025 phân theo đối tác đầu tư chủ yếu"""
TWN,2006,845.8,128,§µi Loan - Taiwan,vốn cấp mới + vốn tăng thêm,"Tổng cục Thống kê, Niên giám Thống kê 2006, biểu ""Đầu tư trực tiếp của nước ngoài được cấp giấy phép năm 2006 phân theo đối tác đầu tư chủ yếu"""
TWN,2007,2489.7,230,§µi Loan - Taiwan,vốn cấp mới + vốn tăng thêm,"Tổng cục Thống kê, Niên giám Thống kê 2007, biểu ""Đầu tư trực tiếp của nước ngoài được cấp giấy phép năm 2007 phân theo đối tác đầu tư chủ yếu"""
TWN,2008,8851.7,132,§µi Loan - Taiwan,vốn cấp mới + vốn tăng thêm,"Tổng cục Thống kê, Niên giám Thống kê 2008, biểu ""Đầu tư trực tiếp của nước ngoài được cấp giấy phép năm 2008 phân theo đối tác đầu tư chủ yếu"""
TWN,2009,1626.5,95,§µi Loan - Taiwan,vốn cấp mới + vốn tăng thêm,"Tổng cục Thống kê, Niên giám Thống kê 2009, biểu ""Đầu tư trực tiếp của nước ngoài được cấp giấy phép năm 2009 phân theo đối tác đầu tư chủ yếu"""
TWN,2010,1453.1,126,§µi Loan - Taiwan,vốn cấp mới + vốn tăng thêm,"Tổng cục Thống kê, Niên giám Thống kê 2010, biểu ""Đầu tư trực tiếp của nước ngoài được cấp giấy phép năm 2010 phân theo đối tác đầu tư chủ yếu"""
TWN,2011,579.0,69,§µi Loan - Taiwan,vốn cấp mới + vốn tăng thêm,"Tổng cục Thống kê, Niên giám Thống kê 2011, biểu ""Đầu tư trực tiếp của nước ngoài được cấp giấy phép năm 2011 phân theo đối tác đầu tư chủ yếu"""
TWN,2012,2658.1,59,Đài Loan - Taiwan,vốn cấp mới + vốn tăng thêm,"Tổng cục Thống kê, Niên giám Thống kê 2012, biểu ""Đầu tư trực tiếp của nước ngoài được cấp giấy phép năm 2012 phân theo đối tác đầu tư chủ yếu"""
TWN,2013,637.3,75,Đài Loan - Taiwan,vốn cấp mới + vốn tăng thêm,"Tổng cục Thống kê, Niên giám Thống kê 2013, biểu ""Đầu tư trực tiếp của nước ngoài được cấp giấy phép năm 2013 phân theo đối tác đầu tư chủ yếu"""
TWN,2014,1228.9,101,Đài Loan - Taiwan,vốn cấp mới + vốn tăng thêm,"Tổng cục Thống kê, Niên giám Thống kê 2014, biểu ""Đầu tư trực tiếp của nước ngoài được cấp giấy phép năm 2014 phân theo đối tác đầu tư chủ yếu"""
TWN,2015,1468.2,115,Đài Loan - Taiwan,vốn cấp mới + vốn tăng thêm,"Tổng cục Thống kê, Niên giám Thống kê 2015, biểu ""Đầu tư trực tiếp của nước ngoài được cấp giấy phép năm 2015 phân theo đối tác đầu tư chủ yếu"""
TWN,2016,2194.4,125,Đài Loan - Taiwan,"vốn cấp mới + vốn tăng thêm + vốn góp, mua cổ phần","Tổng cục Thống kê, Niên giám Thống kê 2016, biểu ""Đầu tư trực tiếp của nước ngoài được cấp giấy phép năm 2016 phân theo đối tác đầu tư chủ yếu"""
TWN,2017,1532.7,117,Đài Loan - Taiwan,"vốn cấp mới + vốn tăng thêm + vốn góp, mua cổ phần","Tổng cục Thống kê, Niên giám Thống kê 2017, biểu ""Đầu tư trực tiếp của nước ngoài được cấp giấy phép năm 2017 phân theo đối tác đầu tư chủ yếu"""
TWN,2018,1045.3,141,Đài Loan - Taiwan,"vốn cấp mới + vốn tăng thêm + vốn góp, mua cổ phần","Tổng cục Thống kê, Niên giám Thống kê 2018, biểu ""Đầu tư trực tiếp của nước ngoài được cấp giấy phép năm 2018 phân theo đối tác đầu tư chủ yếu"""
TWN,2019,1883.1,155,Đài Loan - Taiwan,"vốn cấp mới + vốn tăng thêm + vốn góp, mua cổ phần","Tổng cục Thống kê, Niên giám Thống kê 2019, biểu ""Đầu tư trực tiếp của nước ngoài được cấp giấy phép năm 2019 phân theo đối tác đầu tư chủ yếu"""
TWN,2020,2276.3,138,Đài Loan - Taiwan,"vốn cấp mới + vốn tăng thêm + vốn góp, mua cổ phần","Tổng cục Thống kê, Niên giám Thống kê 2020, biểu ""Đầu tư trực tiếp của nước ngoài được cấp giấy phép năm 2020 phân theo đối tác đầu tư chủ yếu"""
TWN,2021,1463.5,66,Đài Loan - Taiwan,"vốn cấp mới + vốn tăng thêm + vốn góp, mua cổ phần","Tổng cục Thống kê, Niên giám Thống kê 2021, biểu ""Đầu tư trực tiếp của nước ngoài được cấp giấy phép năm 2021 phân theo đối tác đầu tư chủ yếu"""
TWN,2022,1429.6,91,Đài Loan - Taiwan Ố,"vốn cấp mới + vốn tăng thêm + vốn góp, mua cổ phần","Tổng cục Thống kê, Niên giám Thống kê 2022, biểu ""Đầu tư trực tiếp của nước ngoài được cấp giấy phép năm 2022 phân theo đối tác đầu tư chủ yếu"""
TWN,2023,2958.2,217,Đài Loan (TQ) - Taiwan (China),"vốn cấp mới + vốn tăng thêm + vốn góp, mua cổ phần","Tổng cục Thống kê, Niên giám Thống kê 2023, biểu ""Đầu tư trực tiếp của nước ngoài được cấp giấy phép năm 2023 phân theo đối tác đầu tư chủ yếu"""
TWN,2024,2084.6,187,Đài Loan (TQ) - Taiwan (China),"vốn cấp mới + vốn tăng thêm + vốn góp, mua cổ phần","Tổng cục Thống kê, Niên giám Thống kê 2024, biểu ""Đầu tư trực tiếp của nước ngoài được cấp giấy phép năm 2024 phân theo đối tác đầu tư chủ yếu"""
TWN,2025,1723.2,173,Đài Loan (TQ) - Taiwan (China),"vốn cấp mới + vốn tăng thêm + vốn góp, mua cổ phần","Tổng cục Thống kê, Niên giám Thống kê 2025, biểu ""Đầu tư trực tiếp của nước ngoài được cấp giấy phép năm 2025 phân theo đối tác đầu tư chủ yếu"""
UKR,2016,29.2,2,U-crai-na - Ukraina,"vốn cấp mới + vốn tăng thêm + vốn góp, mua cổ phần","Tổng cục Thống kê, Niên giám Thống kê 2016, biểu ""Đầu tư trực tiếp của nước ngoài được cấp giấy phép năm 2016 phân theo đối tác đầu tư chủ yếu"""
UKR,2017,0.8,2,U-crai-na - Ukraina,"vốn cấp mới + vốn tăng thêm + vốn góp, mua cổ phần","Tổng cục Thống kê, Niên giám Thống kê 2017, biểu ""Đầu tư trực tiếp của nước ngoài được cấp giấy phép năm 2017 phân theo đối tác đầu tư chủ yếu"""
UKR,2018,4.6,,U-crai-na - Ukraina,"vốn cấp mới + vốn tăng thêm + vốn góp, mua cổ phần","Tổng cục Thống kê, Niên giám Thống kê 2018, biểu ""Đầu tư trực tiếp của nước ngoài được cấp giấy phép năm 2018 phân theo đối tác đầu tư chủ yếu"""
UKR,2019,8.0,2,U-crai-na - Ukraina,"vốn cấp mới + vốn tăng thêm + vốn góp, mua cổ phần","Tổng cục Thống kê, Niên giám Thống kê 2019, biểu ""Đầu tư trực tiếp của nước ngoài được cấp giấy phép năm 2019 phân theo đối tác đầu tư chủ yếu"""
UKR,2020,8.2,2,U-crai-na - Ukraina,"vốn cấp mới + vốn tăng thêm + vốn góp, mua cổ phần","Tổng cục Thống kê, Niên giám Thống kê 2020, biểu ""Đầu tư trực tiếp của nước ngoài được cấp giấy phép năm 2020 phân theo đối tác đầu tư chủ yếu"""
UKR,2021,1.1,,U-crai-na - Ukraina,"vốn cấp mới + vốn tăng thêm + vốn góp, mua cổ phần","Tổng cục Thống kê, Niên giám Thống kê 2021, biểu ""Đầu tư trực tiếp của nước ngoài được cấp giấy phép năm 2021 phân theo đối tác đầu tư chủ yếu"""
UKR,2022,1.7,,U-crai-na - Ukraina,"vốn cấp mới + vốn tăng thêm + vốn góp, mua cổ phần","Tổng cục Thống kê, Niên giám Thống kê 2022, biểu ""Đầu tư trực tiếp của nước ngoài được cấp giấy phép năm 2022 phân theo đối tác đầu tư chủ yếu"""
UKR,2023,1.0,1,U-crai-na - Ukraina,"vốn cấp mới + vốn tăng thêm + vốn góp, mua cổ phần","Tổng cục Thống kê, Niên giám Thống kê 2023, biểu ""Đầu tư trực tiếp của nước ngoài được cấp giấy phép năm 2023 phân theo đối tác đầu tư chủ yếu"""
USA,2006,816.5,55,Hoa Kú - United States,vốn cấp mới + vốn tăng thêm,"Tổng cục Thống kê, Niên giám Thống kê 2006, biểu ""Đầu tư trực tiếp của nước ngoài được cấp giấy phép năm 2006 phân theo đối tác đầu tư chủ yếu"""
USA,2007,388.3,66,Hoa Kú - United States,vốn cấp mới + vốn tăng thêm,"Tổng cục Thống kê, Niên giám Thống kê 2007, biểu ""Đầu tư trực tiếp của nước ngoài được cấp giấy phép năm 2007 phân theo đối tác đầu tư chủ yếu"""
USA,2008,1519.4,53,Hoa Kú - United States,vốn cấp mới + vốn tăng thêm,"Tổng cục Thống kê, Niên giám Thống kê 2008, biểu ""Đầu tư trực tiếp của nước ngoài được cấp giấy phép năm 2008 phân theo đối tác đầu tư chủ yếu"""
USA,2009,9945.1,70,Hoa Kú - United States,vốn cấp mới + vốn tăng thêm,"Tổng cục Thống kê, Niên giám Thống kê 2009, biểu ""Đầu tư trực tiếp của nước ngoài được cấp giấy phép năm 2009 phân theo đối tác đầu tư chủ yếu"""
USA,2010,1936.0,64,Hoa Kú - United States,vốn cấp mới + vốn tăng thêm,"Tổng cục Thống kê, Niên giám Thống kê 2010, biểu ""Đầu tư trực tiếp của nước ngoài được cấp giấy phép năm 2010 phân theo đối tác đầu tư chủ yếu"""
USA,2011,299.9,48,Hoa Kú - United States,vốn cấp mới + vốn tăng thêm,"Tổng cục Thống kê, Niên giám Thống kê 2011, biểu ""Đầu tư trực tiếp của nước ngoài được cấp giấy phép năm 2011 phân theo đối tác đầu tư chủ yếu"""
USA,2012,160.4,45,Hoa Kỳ - United States,vốn cấp mới + vốn tăng thêm,"Tổng cục Thống kê, Niên giám Thống kê 2012, biểu ""Đầu tư trực tiếp của nước ngoài được cấp giấy phép năm 2012 phân theo đối tác đầu tư chủ yếu"""
USA,2013,130.4,44,Hoa Kỳ - United States,vốn cấp mới + vốn tăng thêm,"Tổng cục Thống kê, Niên giám Thống kê 2013, biểu ""Đầu tư trực tiếp của nước ngoài được cấp giấy phép năm 2013 phân theo đối tác đầu tư chủ yếu"""
USA,2014,309.6,43,Hoa Kỳ - United States,vốn cấp mới + vốn tăng thêm,"Tổng cục Thống kê, Niên giám Thống kê 2014, biểu ""Đầu tư trực tiếp của nước ngoài được cấp giấy phép năm 2014 phân theo đối tác đầu tư chủ yếu"""
USA,2015,224.4,57,Hoa Kỳ - United States,vốn cấp mới + vốn tăng thêm,"Tổng cục Thống kê, Niên giám Thống kê 2015, biểu ""Đầu tư trực tiếp của nước ngoài được cấp giấy phép năm 2015 phân theo đối tác đầu tư chủ yếu"""
USA,2016,430.4,65,Hoa Kỳ - United States,"vốn cấp mới + vốn tăng thêm + vốn góp, mua cổ phần","Tổng cục Thống kê, Niên giám Thống kê 2016, biểu ""Đầu tư trực tiếp của nước ngoài được cấp giấy phép năm 2016 phân theo đối tác đầu tư chủ yếu"""
USA,2017,874.4,80,Hoa Kỳ - United States,"vốn cấp mới + vốn tăng thêm + vốn góp, mua cổ phần","Tổng cục Thống kê, Niên giám Thống kê 2017, biểu ""Đầu tư trực tiếp của nước ngoài được cấp giấy phép năm 2017 phân theo đối tác đầu tư chủ yếu"""
USA,2018,555.4,88,Hoa Kỳ - United States,"vốn cấp mới + vốn tăng thêm + vốn góp, mua cổ phần","Tổng cục Thống kê, Niên giám Thống kê 2018, biểu ""Đầu tư trực tiếp của nước ngoài được cấp giấy phép năm 2018 phân theo đối tác đầu tư chủ yếu"""
USA,2019,476.9,109,Hoa Kỳ - United States,"vốn cấp mới + vốn tăng thêm + vốn góp, mua cổ phần","Tổng cục Thống kê, Niên giám Thống kê 2019, biểu ""Đầu tư trực tiếp của nước ngoài được cấp giấy phép năm 2019 phân theo đối tác đầu tư chủ yếu"""
USA,2020,386.8,103,Hoa Kỳ - United States,"vốn cấp mới + vốn tăng thêm + vốn góp, mua cổ phần","Tổng cục Thống kê, Niên giám Thống kê 2020, biểu ""Đầu tư trực tiếp của nước ngoài được cấp giấy phép năm 2020 phân theo đối tác đầu tư chủ yếu"""
USA,2021,783.2,83,Hoa Kỳ - United States,"vốn cấp mới + vốn tăng thêm + vốn góp, mua cổ phần","Tổng cục Thống kê, Niên giám Thống kê 2021, biểu ""Đầu tư trực tiếp của nước ngoài được cấp giấy phép năm 2021 phân theo đối tác đầu tư chủ yếu"""
USA,2022,964.5,95,Hoa Kỳ - United States,"vốn cấp mới + vốn tăng thêm + vốn góp, mua cổ phần","Tổng cục Thống kê, Niên giám Thống kê 2022, biểu ""Đầu tư trực tiếp của nước ngoài được cấp giấy phép năm 2022 phân theo đối tác đầu tư chủ yếu"""
USA,2023,646.7,128,Hoa Kỳ - United States,"vốn cấp mới + vốn tăng thêm + vốn góp, mua cổ phần","Tổng cục Thống kê, Niên giám Thống kê 2023, biểu ""Đầu tư trực tiếp của nước ngoài được cấp giấy phép năm 2023 phân theo đối tác đầu tư chủ yếu"""
USA,2024,287.2,111,Hoa Kỳ - United States,"vốn cấp mới + vốn tăng thêm + vốn góp, mua cổ phần","Tổng cục Thống kê, Niên giám Thống kê 2024, biểu ""Đầu tư trực tiếp của nước ngoài được cấp giấy phép năm 2024 phân theo đối tác đầu tư chủ yếu"""
USA,2025,664.1,127,Hoa Kỳ - United States,"vốn cấp mới + vốn tăng thêm + vốn góp, mua cổ phần","Tổng cục Thống kê, Niên giám Thống kê 2025, biểu ""Đầu tư trực tiếp của nước ngoài được cấp giấy phép năm 2025 phân theo đối tác đầu tư chủ yếu"""
VCT,2017,10.1,,Xanh Vin-xen và Grê-na-đin - Saint Vincent and the Grenadines,"vốn cấp mới + vốn tăng thêm + vốn góp, mua cổ phần","Tổng cục Thống kê, Niên giám Thống kê 2017, biểu ""Đầu tư trực tiếp của nước ngoài được cấp giấy phép năm 2017 phân theo đối tác đầu tư chủ yếu"""
VCT,2019,1.3,1,Xanh-vin-xen và Grê-na-din - St Vincent & The Grenadines,"vốn cấp mới + vốn tăng thêm + vốn góp, mua cổ phần","Tổng cục Thống kê, Niên giám Thống kê 2019, biểu ""Đầu tư trực tiếp của nước ngoài được cấp giấy phép năm 2019 phân theo đối tác đầu tư chủ yếu"""
VCT,2022,0.5,,Xanh-vin-xen và Grê-na-din - St Vincent and The Grenadines,"vốn cấp mới + vốn tăng thêm + vốn góp, mua cổ phần","Tổng cục Thống kê, Niên giám Thống kê 2022, biểu ""Đầu tư trực tiếp của nước ngoài được cấp giấy phép năm 2022 phân theo đối tác đầu tư chủ yếu"""
VEN,2018,1.4,1,Vê-nê-xu-ê-la - Venezuela,"vốn cấp mới + vốn tăng thêm + vốn góp, mua cổ phần","Tổng cục Thống kê, Niên giám Thống kê 2018, biểu ""Đầu tư trực tiếp của nước ngoài được cấp giấy phép năm 2018 phân theo đối tác đầu tư chủ yếu"""
VGB,2006,623.2,24,QuÇn ®¶o Virgin thuéc Anh / British Virgin Islands,vốn cấp mới + vốn tăng thêm,"Tổng cục Thống kê, Niên giám Thống kê 2006, biểu ""Đầu tư trực tiếp của nước ngoài được cấp giấy phép năm 2006 phân theo đối tác đầu tư chủ yếu"""
VGB,2007,4410.5,60,QuÇn ®¶o Virgin thuéc Anh / British Virgin Islands,vốn cấp mới + vốn tăng thêm,"Tổng cục Thống kê, Niên giám Thống kê 2007, biểu ""Đầu tư trực tiếp của nước ngoài được cấp giấy phép năm 2007 phân theo đối tác đầu tư chủ yếu"""
VGB,2008,4052.6,49,QuÇn ®¶o Virgin thuéc Anh / British Virgin Islands,vốn cấp mới + vốn tăng thêm,"Tổng cục Thống kê, Niên giám Thống kê 2008, biểu ""Đầu tư trực tiếp của nước ngoài được cấp giấy phép năm 2008 phân theo đối tác đầu tư chủ yếu"""
VGB,2009,1101.4,38,QuÇn ®¶o Vigin thuéc Anh - British Virgin Islands,vốn cấp mới + vốn tăng thêm,"Tổng cục Thống kê, Niên giám Thống kê 2009, biểu ""Đầu tư trực tiếp của nước ngoài được cấp giấy phép năm 2009 phân theo đối tác đầu tư chủ yếu"""
VGB,2010,823.1,28,QuÇn ®¶o Vigin thuéc Anh - British Virgin Islands,vốn cấp mới + vốn tăng thêm,"Tổng cục Thống kê, Niên giám Thống kê 2010, biểu ""Đầu tư trực tiếp của nước ngoài được cấp giấy phép năm 2010 phân theo đối tác đầu tư chủ yếu"""
VGB,2011,496.8,21,QuÇn ®¶o Vigin thuéc Anh - British Virgin Islands,vốn cấp mới + vốn tăng thêm,"Tổng cục Thống kê, Niên giám Thống kê 2011, biểu ""Đầu tư trực tiếp của nước ngoài được cấp giấy phép năm 2011 phân theo đối tác đầu tư chủ yếu"""
VGB,2012,822.1,22,Quần đảo Vigin thuộc Anh - British Virgin Islands,vốn cấp mới + vốn tăng thêm,"Tổng cục Thống kê, Niên giám Thống kê 2012, biểu ""Đầu tư trực tiếp của nước ngoài được cấp giấy phép năm 2012 phân theo đối tác đầu tư chủ yếu"""
VGB,2013,309.3,17,Quần đảo Vigin thuộc Anh - British Virgin Islands,vốn cấp mới + vốn tăng thêm,"Tổng cục Thống kê, Niên giám Thống kê 2013, biểu ""Đầu tư trực tiếp của nước ngoài được cấp giấy phép năm 2013 phân theo đối tác đầu tư chủ yếu"""
VGB,2014,790.4,29,Quần đảo Virgin thuộc Anh - British Virgin Islands,vốn cấp mới + vốn tăng thêm,"Tổng cục Thống kê, Niên giám Thống kê 2014, biểu ""Đầu tư trực tiếp của nước ngoài được cấp giấy phép năm 2014 phân theo đối tác đầu tư chủ yếu"""
VGB,2015,1217.3,56,Quần đảo Virgin thuộc Anh - British Virgin Islands,vốn cấp mới + vốn tăng thêm,"Tổng cục Thống kê, Niên giám Thống kê 2015, biểu ""Đầu tư trực tiếp của nước ngoài được cấp giấy phép năm 2015 phân theo đối tác đầu tư chủ yếu"""
VGB,2016,874.5,50,Quần đảo Virgin thuộc Anh - British Virgin Islands,"vốn cấp mới + vốn tăng thêm + vốn góp, mua cổ phần","Tổng cục Thống kê, Niên giám Thống kê 2016, biểu ""Đầu tư trực tiếp của nước ngoài được cấp giấy phép năm 2016 phân theo đối tác đầu tư chủ yếu"""
VGB,2017,1650.8,44,Quần đảo Virgin thuộc Anh - British Virgin Islands,"vốn cấp mới + vốn tăng thêm + vốn góp, mua cổ phần","Tổng cục Thống kê, Niên giám Thống kê 2017, biểu ""Đầu tư trực tiếp của nước ngoài được cấp giấy phép năm 2017 phân theo đối tác đầu tư chủ yếu"""
VGB,2018,1885.0,42,Quần đảo Virgin thuộc Anh - British Virgin Islands,"vốn cấp mới + vốn tăng thêm + vốn góp, mua cổ phần","Tổng cục Thống kê, Niên giám Thống kê 2018, biểu ""Đầu tư trực tiếp của nước ngoài được cấp giấy phép năm 2018 phân theo đối tác đầu tư chủ yếu"""
VGB,2019,1406.2,46,Quần đảo Virgin thuộc Anh - British Virgin Islands,"vốn cấp mới + vốn tăng thêm + vốn góp, mua cổ phần","Tổng cục Thống kê, Niên giám Thống kê 2019, biểu ""Đầu tư trực tiếp của nước ngoài được cấp giấy phép năm 2019 phân theo đối tác đầu tư chủ yếu"""
VGB,2020,899.1,29,Quần đảo Virgin thuộc Anh / British Virgin Islands,"vốn cấp mới + vốn tăng thêm + vốn góp, mua cổ phần","Tổng cục Thống kê, Niên giám Thống kê 2020, biểu ""Đầu tư trực tiếp của nước ngoài được cấp giấy phép năm 2020 phân theo đối tác đầu tư chủ yếu"""
VGB,2021,569.7,27,Quần đảo Virgin thuộc Anh - British Virgin Islands,"vốn cấp mới + vốn tăng thêm + vốn góp, mua cổ phần","Tổng cục Thống kê, Niên giám Thống kê 2021, biểu ""Đầu tư trực tiếp của nước ngoài được cấp giấy phép năm 2021 phân theo đối tác đầu tư chủ yếu"""
VGB,2022,920.6,31,Quần đảo Virgin thuộc Anh - British Virgin Islands,"vốn cấp mới + vốn tăng thêm + vốn góp, mua cổ phần","Tổng cục Thống kê, Niên giám Thống kê 2022, biểu ""Đầu tư trực tiếp của nước ngoài được cấp giấy phép năm 2022 phân theo đối tác đầu tư chủ yếu"""
VGB,2023,269.8,29,Quần đảo Virgin thuộc Anh - British Virgin Islands,"vốn cấp mới + vốn tăng thêm + vốn góp, mua cổ phần","Tổng cục Thống kê, Niên giám Thống kê 2023, biểu ""Đầu tư trực tiếp của nước ngoài được cấp giấy phép năm 2023 phân theo đối tác đầu tư chủ yếu"""
VGB,2024,586.3,17,Quần đảo Virgin thuộc Anh - British Virgin Islands,"vốn cấp mới + vốn tăng thêm + vốn góp, mua cổ phần","Tổng cục Thống kê, Niên giám Thống kê 2024, biểu ""Đầu tư trực tiếp của nước ngoài được cấp giấy phép năm 2024 phân theo đối tác đầu tư chủ yếu"""
VGB,2025,912.0,31,Quần đảo Virgin thuộc Anh - British Virgin Islands,"vốn cấp mới + vốn tăng thêm + vốn góp, mua cổ phần","Tổng cục Thống kê, Niên giám Thống kê 2025, biểu ""Đầu tư trực tiếp của nước ngoài được cấp giấy phép năm 2025 phân theo đối tác đầu tư chủ yếu"""
VIR,2017,2.3,1,Quần đảo Virgin thuộc Hoa Kỳ - United States Virgin Islands,"vốn cấp mới + vốn tăng thêm + vốn góp, mua cổ phần","Tổng cục Thống kê, Niên giám Thống kê 2017, biểu ""Đầu tư trực tiếp của nước ngoài được cấp giấy phép năm 2017 phân theo đối tác đầu tư chủ yếu"""
VIR,2018,1.8,,Quần đảo Virgin thuộc Hoa Kỳ - United States Virgin Islands,"vốn cấp mới + vốn tăng thêm + vốn góp, mua cổ phần","Tổng cục Thống kê, Niên giám Thống kê 2018, biểu ""Đầu tư trực tiếp của nước ngoài được cấp giấy phép năm 2018 phân theo đối tác đầu tư chủ yếu"""
VIR,2019,9.5,,Quần đảo Virgin thuộc Hoa Kỳ - United States Virgin Islands,"vốn cấp mới + vốn tăng thêm + vốn góp, mua cổ phần","Tổng cục Thống kê, Niên giám Thống kê 2019, biểu ""Đầu tư trực tiếp của nước ngoài được cấp giấy phép năm 2019 phân theo đối tác đầu tư chủ yếu"""
VIR,2021,29.3,1,Quần đảo Virgin thuộc Hoa Kỳ - United States Virgin Islands,"vốn cấp mới + vốn tăng thêm + vốn góp, mua cổ phần","Tổng cục Thống kê, Niên giám Thống kê 2021, biểu ""Đầu tư trực tiếp của nước ngoài được cấp giấy phép năm 2021 phân theo đối tác đầu tư chủ yếu"""
VIR,2022,6.9,,Quần đảo Virgin thuộc Hoa Kỳ - United States Virgin Islands,"vốn cấp mới + vốn tăng thêm + vốn góp, mua cổ phần","Tổng cục Thống kê, Niên giám Thống kê 2022, biểu ""Đầu tư trực tiếp của nước ngoài được cấp giấy phép năm 2022 phân theo đối tác đầu tư chủ yếu"""
VIR,2023,3.5,1,Quần đảo Virgin thuộc Hoa Kỳ - United States Virgin Islands,"vốn cấp mới + vốn tăng thêm + vốn góp, mua cổ phần","Tổng cục Thống kê, Niên giám Thống kê 2023, biểu ""Đầu tư trực tiếp của nước ngoài được cấp giấy phép năm 2023 phân theo đối tác đầu tư chủ yếu"""
VIR,2024,39.7,3,Quần đảo Virgin thuộc Hoa Kỳ - United States Virgin Islands,"vốn cấp mới + vốn tăng thêm + vốn góp, mua cổ phần","Tổng cục Thống kê, Niên giám Thống kê 2024, biểu ""Đầu tư trực tiếp của nước ngoài được cấp giấy phép năm 2024 phân theo đối tác đầu tư chủ yếu"""
VIR,2025,71.4,1,Quần đảo Virgin thuộc Hoa Kỳ - United States Virgin Islands,"vốn cấp mới + vốn tăng thêm + vốn góp, mua cổ phần","Tổng cục Thống kê, Niên giám Thống kê 2025, biểu ""Đầu tư trực tiếp của nước ngoài được cấp giấy phép năm 2025 phân theo đối tác đầu tư chủ yếu"""
VUT,2024,1.9,4,Cộng hòa Vanuatu - Vanuatu,"vốn cấp mới + vốn tăng thêm + vốn góp, mua cổ phần","Tổng cục Thống kê, Niên giám Thống kê 2024, biểu ""Đầu tư trực tiếp của nước ngoài được cấp giấy phép năm 2024 phân theo đối tác đầu tư chủ yếu"""
VUT,2025,1.1,2,Cộng hòa Vanuatu - Vanuatu,"vốn cấp mới + vốn tăng thêm + vốn góp, mua cổ phần","Tổng cục Thống kê, Niên giám Thống kê 2025, biểu ""Đầu tư trực tiếp của nước ngoài được cấp giấy phép năm 2025 phân theo đối tác đầu tư chủ yếu"""
WSM,2006,155.7,14,Sa-moa - Samoa,vốn cấp mới + vốn tăng thêm,"Tổng cục Thống kê, Niên giám Thống kê 2006, biểu ""Đầu tư trực tiếp của nước ngoài được cấp giấy phép năm 2006 phân theo đối tác đầu tư chủ yếu"""
WSM,2007,384.1,17,Xa-moa - Samoa,vốn cấp mới + vốn tăng thêm,"Tổng cục Thống kê, Niên giám Thống kê 2007, biểu ""Đầu tư trực tiếp của nước ngoài được cấp giấy phép năm 2007 phân theo đối tác đầu tư chủ yếu"""
WSM,2008,178.8,10,Xa-moa - Samoa,vốn cấp mới + vốn tăng thêm,"Tổng cục Thống kê, Niên giám Thống kê 2008, biểu ""Đầu tư trực tiếp của nước ngoài được cấp giấy phép năm 2008 phân theo đối tác đầu tư chủ yếu"""
WSM,2009,1766.4,6,Xa-moa - Samoa,vốn cấp mới + vốn tăng thêm,"Tổng cục Thống kê, Niên giám Thống kê 2009, biểu ""Đầu tư trực tiếp của nước ngoài được cấp giấy phép năm 2009 phân theo đối tác đầu tư chủ yếu"""
WSM,2011,277.6,6,Xa-moa - Samoa,vốn cấp mới + vốn tăng thêm,"Tổng cục Thống kê, Niên giám Thống kê 2011, biểu ""Đầu tư trực tiếp của nước ngoài được cấp giấy phép năm 2011 phân theo đối tác đầu tư chủ yếu"""
WSM,2012,910.1,6,Xa-moa - Samoa,vốn cấp mới + vốn tăng thêm,"Tổng cục Thống kê, Niên giám Thống kê 2012, biểu ""Đầu tư trực tiếp của nước ngoài được cấp giấy phép năm 2012 phân theo đối tác đầu tư chủ yếu"""
WSM,2013,32.9,8,Xa-moa - Samoa,vốn cấp mới + vốn tăng thêm,"Tổng cục Thống kê, Niên giám Thống kê 2013, biểu ""Đầu tư trực tiếp của nước ngoài được cấp giấy phép năm 2013 phân theo đối tác đầu tư chủ yếu"""
WSM,2014,261.5,17,Xa-moa - Samoa,vốn cấp mới + vốn tăng thêm,"Tổng cục Thống kê, Niên giám Thống kê 2014, biểu ""Đầu tư trực tiếp của nước ngoài được cấp giấy phép năm 2014 phân theo đối tác đầu tư chủ yếu"""
WSM,2015,1395.2,24,Xa-moa - Samoa,vốn cấp mới + vốn tăng thêm,"Tổng cục Thống kê, Niên giám Thống kê 2015, biểu ""Đầu tư trực tiếp của nước ngoài được cấp giấy phép năm 2015 phân theo đối tác đầu tư chủ yếu"""
WSM,2016,535.5,26,Xa-moa - Samoa,"vốn cấp mới + vốn tăng thêm + vốn góp, mua cổ phần","Tổng cục Thống kê, Niên giám Thống kê 2016, biểu ""Đầu tư trực tiếp của nước ngoài được cấp giấy phép năm 2016 phân theo đối tác đầu tư chủ yếu"""
WSM,2017,574.2,39,Xa-moa - Samoa,"vốn cấp mới + vốn tăng thêm + vốn góp, mua cổ phần","Tổng cục Thống kê, Niên giám Thống kê 2017, biểu ""Đầu tư trực tiếp của nước ngoài được cấp giấy phép năm 2017 phân theo đối tác đầu tư chủ yếu"""
WSM,2018,405.3,38,Xa-moa - Samoa,"vốn cấp mới + vốn tăng thêm + vốn góp, mua cổ phần","Tổng cục Thống kê, Niên giám Thống kê 2018, biểu ""Đầu tư trực tiếp của nước ngoài được cấp giấy phép năm 2018 phân theo đối tác đầu tư chủ yếu"""
WSM,2019,944.7,58,Xa-moa - Samoa,"vốn cấp mới + vốn tăng thêm + vốn góp, mua cổ phần","Tổng cục Thống kê, Niên giám Thống kê 2019, biểu ""Đầu tư trực tiếp của nước ngoài được cấp giấy phép năm 2019 phân theo đối tác đầu tư chủ yếu"""
WSM,2020,468.9,32,Xa-moa - Samoa,"vốn cấp mới + vốn tăng thêm + vốn góp, mua cổ phần","Tổng cục Thống kê, Niên giám Thống kê 2020, biểu ""Đầu tư trực tiếp của nước ngoài được cấp giấy phép năm 2020 phân theo đối tác đầu tư chủ yếu"""
WSM,2021,515.6,16,Xa-moa - Samoa,"vốn cấp mới + vốn tăng thêm + vốn góp, mua cổ phần","Tổng cục Thống kê, Niên giám Thống kê 2021, biểu ""Đầu tư trực tiếp của nước ngoài được cấp giấy phép năm 2021 phân theo đối tác đầu tư chủ yếu"""
WSM,2022,316.1,20,Xa-moa - Samoa,"vốn cấp mới + vốn tăng thêm + vốn góp, mua cổ phần","Tổng cục Thống kê, Niên giám Thống kê 2022, biểu ""Đầu tư trực tiếp của nước ngoài được cấp giấy phép năm 2022 phân theo đối tác đầu tư chủ yếu"""
WSM,2023,1101.0,46,Xa-moa - Samoa,"vốn cấp mới + vốn tăng thêm + vốn góp, mua cổ phần","Tổng cục Thống kê, Niên giám Thống kê 2023, biểu ""Đầu tư trực tiếp của nước ngoài được cấp giấy phép năm 2023 phân theo đối tác đầu tư chủ yếu"""
WSM,2024,855.5,45,Xa-moa - Samoa,"vốn cấp mới + vốn tăng thêm + vốn góp, mua cổ phần","Tổng cục Thống kê, Niên giám Thống kê 2024, biểu ""Đầu tư trực tiếp của nước ngoài được cấp giấy phép năm 2024 phân theo đối tác đầu tư chủ yếu"""
WSM,2025,596.3,46,Xa-moa - Samoa,"vốn cấp mới + vốn tăng thêm + vốn góp, mua cổ phần","Tổng cục Thống kê, Niên giám Thống kê 2025, biểu ""Đầu tư trực tiếp của nước ngoài được cấp giấy phép năm 2025 phân theo đối tác đầu tư chủ yếu"""
XBWI,2006,104.1,1,British West Indies,vốn cấp mới + vốn tăng thêm,"Tổng cục Thống kê, Niên giám Thống kê 2006, biểu ""Đầu tư trực tiếp của nước ngoài được cấp giấy phép năm 2006 phân theo đối tác đầu tư chủ yếu"""
XBWI,2010,475.8,1,T©y Ên thuéc Anh - British West Indies,vốn cấp mới + vốn tăng thêm,"Tổng cục Thống kê, Niên giám Thống kê 2010, biểu ""Đầu tư trực tiếp của nước ngoài được cấp giấy phép năm 2010 phân theo đối tác đầu tư chủ yếu"""
XBWI,2015,156.0,4,Tây Ấn thuộc Anh - British West Indies,vốn cấp mới + vốn tăng thêm,"Tổng cục Thống kê, Niên giám Thống kê 2015, biểu ""Đầu tư trực tiếp của nước ngoài được cấp giấy phép năm 2015 phân theo đối tác đầu tư chủ yếu"""
XBWI,2016,63.2,4,Tây Ấn thuộc Anh - British West Indies,"vốn cấp mới + vốn tăng thêm + vốn góp, mua cổ phần","Tổng cục Thống kê, Niên giám Thống kê 2016, biểu ""Đầu tư trực tiếp của nước ngoài được cấp giấy phép năm 2016 phân theo đối tác đầu tư chủ yếu"""
XBWI,2017,21.8,1,Tây Ấn thuộc Anh - British West Indies,"vốn cấp mới + vốn tăng thêm + vốn góp, mua cổ phần","Tổng cục Thống kê, Niên giám Thống kê 2017, biểu ""Đầu tư trực tiếp của nước ngoài được cấp giấy phép năm 2017 phân theo đối tác đầu tư chủ yếu"""
XBWI,2018,10.3,1,Tây Ấn thuộc Anh - British West Indies,"vốn cấp mới + vốn tăng thêm + vốn góp, mua cổ phần","Tổng cục Thống kê, Niên giám Thống kê 2018, biểu ""Đầu tư trực tiếp của nước ngoài được cấp giấy phép năm 2018 phân theo đối tác đầu tư chủ yếu"""
XBWI,2019,31.2,3,Tây Ấn thuộc Anh - British West Indies,"vốn cấp mới + vốn tăng thêm + vốn góp, mua cổ phần","Tổng cục Thống kê, Niên giám Thống kê 2019, biểu ""Đầu tư trực tiếp của nước ngoài được cấp giấy phép năm 2019 phân theo đối tác đầu tư chủ yếu"""
XBWI,2020,28.2,1,Tây Ấn thuộc Anh - British West Indies,"vốn cấp mới + vốn tăng thêm + vốn góp, mua cổ phần","Tổng cục Thống kê, Niên giám Thống kê 2020, biểu ""Đầu tư trực tiếp của nước ngoài được cấp giấy phép năm 2020 phân theo đối tác đầu tư chủ yếu"""
XCHI,2006,11.3,1,QuÇn ®¶o Cha-nen - Channel Islands,vốn cấp mới + vốn tăng thêm,"Tổng cục Thống kê, Niên giám Thống kê 2006, biểu ""Đầu tư trực tiếp của nước ngoài được cấp giấy phép năm 2006 phân theo đối tác đầu tư chủ yếu"""
XCHI,2007,10.5,2,QuÇn ®¶o Cha-nen - Channel Islands,vốn cấp mới + vốn tăng thêm,"Tổng cục Thống kê, Niên giám Thống kê 2007, biểu ""Đầu tư trực tiếp của nước ngoài được cấp giấy phép năm 2007 phân theo đối tác đầu tư chủ yếu"""
YEM,2022,1.1,,Y-ê-men - Yemen,"vốn cấp mới + vốn tăng thêm + vốn góp, mua cổ phần","Tổng cục Thống kê, Niên giám Thống kê 2022, biểu ""Đầu tư trực tiếp của nước ngoài được cấp giấy phép năm 2022 phân theo đối tác đầu tư chủ yếu"""
YEM,2023,0.2,,Y-ê-men - Yemen,"vốn cấp mới + vốn tăng thêm + vốn góp, mua cổ phần","Tổng cục Thống kê, Niên giám Thống kê 2023, biểu ""Đầu tư trực tiếp của nước ngoài được cấp giấy phép năm 2023 phân theo đối tác đầu tư chủ yếu"""
YEM,2024,1.3,1,Y-ê-men - Yemen,"vốn cấp mới + vốn tăng thêm + vốn góp, mua cổ phần","Tổng cục Thống kê, Niên giám Thống kê 2024, biểu ""Đầu tư trực tiếp của nước ngoài được cấp giấy phép năm 2024 phân theo đối tác đầu tư chủ yếu"""
YEM,2025,1.1,1,Y-ê-men - Yemen,"vốn cấp mới + vốn tăng thêm + vốn góp, mua cổ phần","Tổng cục Thống kê, Niên giám Thống kê 2025, biểu ""Đầu tư trực tiếp của nước ngoài được cấp giấy phép năm 2025 phân theo đối tác đầu tư chủ yếu"""
ZAF,2017,1.1,2,Nam Phi - South Africa,"vốn cấp mới + vốn tăng thêm + vốn góp, mua cổ phần","Tổng cục Thống kê, Niên giám Thống kê 2017, biểu ""Đầu tư trực tiếp của nước ngoài được cấp giấy phép năm 2017 phân theo đối tác đầu tư chủ yếu"""
ZAF,2022,0.9,3,Nam Phi - South Africa Ố,"vốn cấp mới + vốn tăng thêm + vốn góp, mua cổ phần","Tổng cục Thống kê, Niên giám Thống kê 2022, biểu ""Đầu tư trực tiếp của nước ngoài được cấp giấy phép năm 2022 phân theo đối tác đầu tư chủ yếu"""
ZAF,2023,1.5,,Nam Phi - South Africa,"vốn cấp mới + vốn tăng thêm + vốn góp, mua cổ phần","Tổng cục Thống kê, Niên giám Thống kê 2023, biểu ""Đầu tư trực tiếp của nước ngoài được cấp giấy phép năm 2023 phân theo đối tác đầu tư chủ yếu"""
ZAF,2024,1.3,1,Nam Phi - South Africa,"vốn cấp mới + vốn tăng thêm + vốn góp, mua cổ phần","Tổng cục Thống kê, Niên giám Thống kê 2024, biểu ""Đầu tư trực tiếp của nước ngoài được cấp giấy phép năm 2024 phân theo đối tác đầu tư chủ yếu"""
