iso3,year,gdp_usd,gdppc_usd
ABW,2005,2360017318.43575,24171.8371325422
ABW,2006,2469782681.56425,24845.65848362
ABW,2007,2677641340.78212,26736.3089444046
ABW,2008,2843024581.00559,28171.9094008501
ABW,2009,2553793296.08939,25134.7712303589
ABW,2010,2453597206.70391,24093.1401510626
ABW,2011,2637859217.87709,25712.3843015186
ABW,2012,2615208379.88827,25119.6655449838
ABW,2013,2727849162.01117,25813.5714408438
ABW,2014,2790849720.67039,26129.8390617693
ABW,2015,2962906703.91061,27458.2201537506
ABW,2016,2983637430.1676,27441.5502144601
ABW,2017,3092427932.96089,28440.0416881491
ABW,2018,3276187709.49721,30082.1584226798
ABW,2019,3347561738.94591,30654.4851235397
ABW,2020,2461056053.22795,22664.3709949437
ABW,2021,2889305033.55975,26827.3447869986
ABW,2022,3326671314.7742,31000.5713798732
ABW,2023,3746573413.07565,34897.6183932009
ABW,2024,4167588070.29217,38590.5650288641
AFG,2005,6203256538.70967,254.184249149336
AFG,2006,6971758282.29351,274.218553561575
AFG,2007,9747886187.39393,376.223152003876
AFG,2008,10109297047.5432,381.73323802844
AFG,2009,12416152732.0567,452.053705477043
AFG,2010,15856668555.8336,560.621505463146
AFG,2011,17805098206.3141,606.694676337726
AFG,2012,19907329777.5872,651.417134470046
AFG,2013,20146416757.5987,637.087099117099
AFG,2014,20497128555.6972,625.054941813938
AFG,2015,19134221644.7325,565.569730408751
AFG,2016,18116572395.0772,522.082215583898
AFG,2017,18753456497.8159,525.469770891619
AFG,2018,18053222687.4126,491.337221382603
AFG,2019,18799444490.1128,496.6025042585
AFG,2020,19955929052.1496,510.787063366811
AFG,2021,14259995441.0759,356.496214115892
AFG,2022,14497243872.1337,357.261152798144
AFG,2023,17152234636.8715,413.757894705303
AFG,2024,17778508875.7396,416.871146273728
AGO,2005,41396636383.8231,2145.88621098663
AGO,2006,58653659979.5501,2930.44428606516
AGO,2007,73037821926.4655,3515.05678985496
AGO,2008,98790432989.3077,4578.15526451058
AGO,2009,81705175408.8809,3645.14846565169
AGO,2010,95546919754.2873,4101.63715564669
AGO,2011,125551634704.941,5184.15269151846
AGO,2012,143572907527.976,5702.45306277434
AGO,2013,148845200696.335,5688.57916213471
AGO,2014,153449860495.966,5649.68762467535
AGO,2015,102543067840.819,3641.72893920253
AGO,2016,60770049747.3832,2082.37343594705
AGO,2017,85629598654.1906,2832.14997950512
AGO,2018,90506061877.2765,2891.83032378747
AGO,2019,81193813808.0382,2507.86807213642
AGO,2020,58512033805.8981,1749.1794838482
AGO,2021,78283923543.8237,2266.96834861584
AGO,2022,128233959333.275,3598.53669077341
AGO,2023,106042349567.303,2885.51349130806
AGO,2024,103080538044.058,2720.81900669715
ALB,2005,8256658249.8128,2741.72136549578
ALB,2006,9150528132.17633,3057.77257038113
ALB,2007,11116937869.8568,3743.05529896187
ALB,2008,13258506375.4518,4498.50486763601
ALB,2009,12335540656.1006,4213.65007574693
ALB,2010,12086545641.299,4149.14469936847
ALB,2011,12973755874.5365,4465.70914328865
ALB,2012,12246499747.9714,4280.93316338873
ALB,2013,12796985886.1478,4542.92903556739
ALB,2014,13296322588.1684,4793.59751131525
ALB,2015,11470171826.9575,4199.53912925398
ALB,2016,11988668784.6628,4457.63412207495
ALB,2017,13258268435.6048,5006.36012951959
ALB,2018,15379508329.7568,5897.65452588774
ALB,2019,15585111614.0376,6069.43903131027
ALB,2020,15241458744.5927,6027.91350716348
ALB,2021,18031989573.0294,7242.45513146613
ALB,2022,19017247013.8821,7756.96188744253
ALB,2023,23491242727.4082,9740.7023414631
ALB,2024,27037474263.2977,11374.0085781236
AND,2005,3161084091.26848,40829.801878928
AND,2006,3459337986.67058,43467.210990395
AND,2007,3957625367.30589,48336.2283340364
AND,2008,4102319398.76562,49132.5157047203
AND,2009,3688976340.67187,43975.0183658196
AND,2010,3449925738.83334,42746.830952263
AND,2011,3629133574.51363,46657.1561204071
AND,2012,3188652765.29297,41500.5435782722
AND,2013,3193512950.0157,42470.3161158563
AND,2014,3271685596.52156,44369.6596894579
AND,2015,2789881258.60547,38654.9347217207
AND,2016,2896610479.86771,40129.8192026671
AND,2017,3000162081.22353,40672.9943362327
AND,2018,3218419896.93333,42819.774579353
AND,2019,3155149347.92156,41257.8045861543
AND,2020,2891001149.40079,37361.090067211
AND,2021,3324647529.41855,42425.6996761083
AND,2022,3380612573.4825,42414.0590111349
AND,2023,3785067331.88242,46812.448450114
AND,2024,4044249678.65625,49357.437070178
ARE,2005,180617467954.23,38719.3138285388
ARE,2006,222116532963.026,44342.603055045
ARE,2007,257916148767.436,45854.7352436978
ARE,2008,315474615741.223,50054.1700685968
ARE,2009,253547358746.804,37803.0663737818
ARE,2010,307736348527.33,44795.2846234991
ARE,2011,368881033962.57,51921.8890746408
ARE,2012,392793559050.783,53141.6251661086
ARE,2013,409632574702.715,53247.2278745159
ARE,2014,424935834104.193,52725.2307981936
ARE,2015,381973135513.065,44910.3458860776
ARE,2016,381717208620.964,42721.1136110991
ARE,2017,403365056078.846,43733.6242018215
ARE,2018,440560003161.236,47135.3478795605
ARE,2019,433926218686.108,45938.6084572227
ARE,2020,357161776271.328,37991.738387966
ARE,2021,422441282436.237,44118.4936214315
ARE,2022,511403404642.173,50759.7590190204
ARE,2023,522622268401.125,49850.6945082084
ARE,2024,552324919095.872,50273.5126243239
ARG,2005,198737095012.282,5067.65342293276
ARG,2006,232557260817.308,5869.38028970204
ARG,2007,287530508430.568,7185.25155147027
ARG,2008,361558037110.419,8944.1102657357
ARG,2009,332976484577.619,8150.23527028221
ARG,2010,423627422092.49,10260.1313108254
ARG,2011,530158122010.442,12704.2831819684
ARG,2012,545982375701.128,12949.717486654
ARG,2013,552025140252.246,12963.675773326
ARG,2014,526319673731.638,12233.1444119186
ARG,2015,594749285413.212,13679.6264980954
ARG,2016,557532320662.955,12699.9623137756
ARG,2017,643628393281.364,14532.5009308511
ARG,2018,524819892360.176,11752.7998922979
ARG,2019,447754683615.225,9955.97478680428
ARG,2020,385740508436.965,8535.59938004389
ARG,2021,486564085480.036,10738.0179223384
ARG,2022,633993756301.08,13962.1894087223
ARG,2023,649461687959.174,14261.8465667948
ARG,2024,638365455340.04,13969.7836603737
ARM,2005,4900469511.10191,1557.48458908655
ARM,2006,6384452066.5146,2041.65267068997
ARM,2007,9206301269.79164,2962.70234594569
ARM,2008,11662040713.8753,3777.66859313767
ARM,2009,8647937081.2562,2820.5926553347
ARM,2010,9260285755.62424,3041.34450723339
ARM,2011,10142111824.5835,3349.55309771906
ARM,2012,10619320682.9474,3511.56399687426
ARM,2013,11121464437.0415,3680.16692158886
ARM,2014,11609513246.7958,3852.11800610384
ARM,2015,10553337518.414,3512.39350276709
ARM,2016,10546136235.5219,3524.42476874707
ARM,2017,11527458709.0158,3869.05373867752
ARM,2018,12457940694.7395,4196.00562301769
ARM,2019,13619290539.2116,4597.22887399548
ARM,2020,12641698583.2152,4268.68093304583
ARM,2021,13878908628.9378,4685.17997128509
ARM,2022,19513506553.1251,6571.97445545099
ARM,2023,24185982215.6543,8159.08720967996
ARM,2024,25955275380.0321,8556.21406956719
ASM,2005,500000000,8831.26975996609
ASM,2006,493000000,8745.16621137404
ASM,2007,518000000,9231.37240924563
ASM,2008,560000000,10030.8089130902
ASM,2009,675000000,12156.0293905777
ASM,2010,573000000,10375.1720141957
ASM,2011,570000000,10383.459331451
ASM,2012,640000000,11745.4899153958
ASM,2013,638000000,11813.5022034589
ASM,2014,643000000,12026.3344929488
ASM,2015,673000000,12727.4102651386
ASM,2016,671000000,12843.3342903627
ASM,2017,612000000,11863.6839452565
ASM,2018,639000000,12552.0546868861
ASM,2019,647000000,12886.1359517218
ASM,2020,721000000,14489.2586563775
ASM,2021,750000000,15236.1604875571
ASM,2022,871000000,18017.4589383973
ASM,2023,,
ASM,2024,,
ATG,2005,1143896296.2963,14368.5708796058
ATG,2006,1303674074.07407,16173.8136329968
ATG,2007,1487381481.48148,18204.5124043068
ATG,2008,1557640740.74074,18786.6743142216
ATG,2009,1386518518.51852,16472.2478528568
ATG,2010,1298348148.14815,15217.3950790922
ATG,2011,1287359259.25926,14911.7275084471
ATG,2012,1364729629.62963,15639.8078114787
ATG,2013,1325496296.2963,15051.5113587425
ATG,2014,1378707407.40741,15532.1062063584
ATG,2015,1437485185.18519,16077.6340769406
ATG,2016,1489603703.7037,16556.8551801588
ATG,2017,1534855555.55556,16965.7288273816
ATG,2018,1661529629.62963,18273.4270684912
ATG,2019,1726448148.14815,18896.3721832248
ATG,2020,1411637037.03704,15369.6082250401
ATG,2021,1602125925.92593,17348.6006987182
ATG,2022,1857114814.81481,20003.3909394099
ATG,2023,2054096296.2963,22012.2625947994
ATG,2024,2162366666.66667,23059.8330702839
AUS,2005,696811489612.816,34535.20727091
AUS,2006,749708370332.989,36658.8243476122
AUS,2007,856603595823.192,41128.2476618402
AUS,2008,1058448244063.77,49811.2067218988
AUS,2009,931761689770.843,42954.8494884573
AUS,2010,1152566632022.13,52313.8939041213
AUS,2011,1402939868653.4,62799.3895017032
AUS,2012,1552728401401.58,68301.4402512587
AUS,2013,1583737461925.39,68476.6788496118
AUS,2014,1474677007565.64,62817.2061751737
AUS,2015,1356805839935.9,56970.3613028094
AUS,2016,1211588128417.61,50084.4440606385
AUS,2017,1330890554614.09,54117.547718609
AUS,2018,1433144978761.67,57410.1737346009
AUS,2019,1398349602956.35,55194.7585097428
AUS,2020,1333336461648.09,51983.4523666382
AUS,2021,1560617493202.69,60758.9044397144
AUS,2022,1695627535475.8,65169.5191118657
AUS,2023,1734451264655.6,65058.3773146674
AUS,2024,1757022451652.83,64609.9865116088
AUT,2005,313952317330.776,38157.37022862
AUT,2006,333905979332.481,40382.2078298575
AUT,2007,386760177589.497,46622.9622913635
AUT,2008,429234399096.173,51581.3982361071
AUT,2009,399290118782.429,47857.4446635266
AUT,2010,389827789217.634,46611.1393420232
AUT,2011,428954737064.057,51116.8953522042
AUT,2012,406750487603.59,48250.4059142637
AUT,2013,426580502769.417,50305.3545774973
AUT,2014,438556021078.034,51314.9722616322
AUT,2015,379546097300.633,43915.228020857
AUT,2016,393687359770.273,45061.4993920192
AUT,2017,414926138132.691,47163.7425775142
AUT,2018,452582294972.775,51194.0749841299
AUT,2019,442983642371.842,49885.9947355204
AUT,2020,434397601557.696,48716.4098900349
AUT,2021,480466363176.806,53648.6437976214
AUT,2022,473221298968.216,52336.7725223758
AUT,2023,516670509628.876,56579.504175468
AUT,2024,534790720466.822,58268.8787651601
AZE,2005,13245421880.834,1578.36733030667
AZE,2006,20981929497.6188,2472.95725732287
AZE,2007,33049419431.2244,3851.33015175141
AZE,2008,48851293785.4483,5574.46810432575
AZE,2009,44292427184.9492,4950.39949009423
AZE,2010,52909294791.9262,5843.5337683582
AZE,2011,65952796427.9473,7189.81869211976
AZE,2012,69679944504.1972,7495.86527658099
AZE,2013,74160560123.6902,7875.34536661549
AZE,2014,75239785452.1022,7890.84028062087
AZE,2015,53076235354.746,5500.50364628486
AZE,2016,37866996882.9157,3880.6852276838
AZE,2017,40866627351.9817,4147.1981423222
AZE,2018,47112470051.7701,4739.7943123408
AZE,2019,48174235294.1176,4805.75371765917
AZE,2020,42693000000,4229.91064904503
AZE,2021,54825411764.7059,5408.04535175023
AZE,2022,78807470588.2353,7770.594223351
AZE,2023,72428470588.2353,7133.02838048328
AZE,2024,74426000000,7294.64276088105
BDI,2005,1117113079.73645,147.234619294225
BDI,2006,1273375078.44844,161.892755640319
BDI,2007,1356199387.42308,166.162744906755
BDI,2008,1611835857.04588,189.502074570768
BDI,2009,1775495032.424,198.431524048225
BDI,2010,2032135192.01248,216.727705301976
BDI,2011,2235812879.56709,230.069761381132
BDI,2012,2327402362.81574,231.098787811507
BDI,2013,2451624637.67157,234.844770150871
BDI,2014,2705826648.21019,250.544492155185
BDI,2015,2810532912.49975,254.402585226788
BDI,2016,2618093125.14687,232.937812100153
BDI,2017,2831362208.34039,246.060725714184
BDI,2018,2913411408.44783,245.661678332009
BDI,2019,2871555326.31029,234.31061590725
BDI,2020,3188355943.63513,252.702452750006
BDI,2021,3425127990.70519,264.172844085398
BDI,2022,4020736756.64256,301.832255755105
BDI,2023,3419558408.35408,249.795164039029
BDI,2024,3037579858.38142,216.231928531758
BEL,2005,385714762230.039,36809.7013403619
BEL,2006,408259840868.823,38705.1067959147
BEL,2007,470922156309.453,44319.165448813
BEL,2008,517328087920.078,48303.397956286
BEL,2009,485014525992.461,44923.3400135081
BEL,2010,481556503720.001,44197.393671162
BEL,2011,527196649048.639,47760.8298776546
BEL,2012,498414364944.961,44874.1709182123
BEL,2013,524097026598.55,46964.5946777056
BEL,2014,537987419164.351,47995.7786961339
BEL,2015,461044767544.531,40893.804537772
BEL,2016,474271566739.729,41854.5498296444
BEL,2017,500908767351.53,44035.3239358548
BEL,2018,542638913427.921,47487.2100392561
BEL,2019,536726344405.489,46716.6227467964
BEL,2020,529694473501.791,45906.2875805246
BEL,2021,598522422241.851,51658.238294958
BEL,2022,591474463578.602,50639.0264882739
BEL,2023,650779364363.737,55244.68145811
BEL,2024,670983130618.828,56581.9375642531
BEN,2005,6567654954.38903,779.437777753268
BEN,2006,7034111314.88812,809.147072506221
BEN,2007,8169048382.83875,912.338247188342
BEN,2008,9787734526.23965,1060.60254502099
BEN,2009,9738626517.00319,1024.10277858112
BEN,2010,9535345015.78355,973.244254931526
BEN,2011,10693321363.6574,1059.41358852588
BEN,2012,11141358115.8991,1071.5258366283
BEN,2013,12517845123.9315,1168.92699279226
BEN,2014,13284527846.9081,1204.39918670094
BEN,2015,11388160996.7738,1002.41886879614
BEN,2016,11821065853.3838,1010.5338961993
BEN,2017,12701655836.9467,1054.97408066814
BEN,2018,14262408089.9261,1151.7409703472
BEN,2019,14391686313.4641,1130.82135339795
BEN,2020,15686741883.934,1200.19426557789
BEN,2021,17687623530.3355,1318.65158075198
BEN,2022,17425405090.862,1266.42711031904
BEN,2023,19673291004.1444,1394.17784721831
BEN,2024,21482643706.4249,1485.38018885134
BFA,2005,6146353173.34929,441.164148016012
BFA,2006,6547419820.38113,455.513655620024
BFA,2007,7625722836.76847,514.684451177238
BFA,2008,9451435490.11467,619.437533256264
BFA,2009,9450696873.34326,601.569520671859
BFA,2010,10109619740.6994,624.957252224766
BFA,2011,12080295977.5632,725.024767725475
BFA,2012,12561015156.5683,731.470138867833
BFA,2013,13444300485.8412,759.762065168498
BFA,2014,13943016076.7436,764.861675106225
BFA,2015,11832159315.6298,630.124750752312
BFA,2016,12833363045.3367,663.742364842886
BFA,2017,14106955615.3442,709.091535894695
BFA,2018,15890066221.2882,777.465618514048
BFA,2019,16032813503.3707,764.853077774946
BFA,2020,17725010532.5268,825.237038782475
BFA,2021,19697516284.3787,895.535288442991
BFA,2022,18622421394.6133,827.330843486661
BFA,2023,20106062971.6533,873.198061670247
BFA,2024,23136514855.7646,982.493100418428
BGD,2005,69476001239.419,480.08585075452
BGD,2006,71795736172.1561,490.388026533289
BGD,2007,79611644974.5571,537.955492792911
BGD,2008,91636997370.9772,613.06204104124
BGD,2009,102475158190.998,679.211477428056
BGD,2010,115275540051.262,757.385280361508
BGD,2011,128607482310.357,837.336944695647
BGD,2012,133310747603.483,859.680536375497
BGD,2013,149998957434.186,958.262989798283
BGD,2014,172886611653.786,1094.46199702838
BGD,2015,195146608978.131,1224.38647668165
BGD,2016,265224515675.034,1649.28380858601
BGD,2017,293732446624.596,1811.08221668646
BGD,2018,321362752441.78,1965.24372731467
BGD,2019,351231654603.692,2129.79896954606
BGD,2020,373979442362.193,2248.85078828233
BGD,2021,416271647911.014,2482.84917843357
BGD,2022,460131689083.083,2716.48592780431
BGD,2023,437415333018.291,2551.01773827307
BGD,2024,450119432068.852,2593.41611680774
BGR,2005,29870182424.913,3900.02501966492
BGR,2006,34382295487.2238,4523.37797301782
BGR,2007,44433521724.8301,5888.87094585161
BGR,2008,54483464293.1671,7271.67443724077
BGR,2009,52026461289.6618,6988.63048446496
BGR,2010,50691645231.0083,6854.2987837778
BGR,2011,57684243980.4624,7849.98219737366
BGR,2012,54299825600.0647,7432.33753378983
BGR,2013,55822115861.1854,7796.37945241455
BGR,2014,57083817239.8145,8070.01289303544
BGR,2015,50768512172.9373,7269.02586513711
BGR,2016,53932152153.5457,7822.89886431732
BGR,2017,59170671046.4798,8697.13373333715
BGR,2018,66100606676.6544,9849.88769989118
BGR,2019,68511235459.4907,10354.2500414088
BGR,2020,70490478088.1395,10760.7616180234
BGR,2021,84378926047.3002,12966.8085197381
BGR,2022,90510784777.6397,13999.9113358453
BGR,2023,102204457334.822,15854.0192893772
BGR,2024,113349149166.793,17596.9167621233
BHR,2005,15968723404.2553,17966.1657837625
BHR,2006,18504760638.2979,19267.282615072
BHR,2007,21730000000,20908.4042548073
BHR,2008,25710904255.3191,23299.4992780392
BHR,2009,22938218085.1064,19465.3140745038
BHR,2010,26805984042.5532,21819.3291098099
BHR,2011,29914680851.0638,25032.7867743333
BHR,2012,31963404255.3191,26438.6733230428
BHR,2013,33823324468.0851,26989.7601148469
BHR,2014,34772526595.7447,26451.7965647453
BHR,2015,32523297872.3404,23734.0551143019
BHR,2016,33884680851.0638,23800.001440631
BHR,2017,37204813829.7872,24784.7693514607
BHR,2018,39567978723.4043,26324.4066549559
BHR,2019,40446808510.6383,27259.7438599327
BHR,2020,35837632978.7234,24342.8444554718
BHR,2021,40840212765.9574,27147.8083882286
BHR,2022,46458191489.3617,30470.5219276023
BHR,2023,46192260638.2979,29290.1284215098
BHR,2024,47210732712.766,29717.1424605273
BHS,2005,9836200000,28602.4181869995
BHS,2006,10167250000,29184.7865087908
BHS,2007,10618340000,30051.8489587756
BHS,2008,10526000000,29392.3824416397
BHS,2009,9981960000,27512.9130950084
BHS,2010,10095760000,27473.100430502
BHS,2011,10070450000,27090.8376801379
BHS,2012,10720400000,28552.0242683151
BHS,2013,10475300000,27642.7419759179
BHS,2014,11139100000,29137.2175632622
BHS,2015,11837600000,30719.405417469
BHS,2016,11880900000,30616.5363157284
BHS,2017,12446900000,31875.4881749619
BHS,2018,12819200000,32642.3353203452
BHS,2019,13277000000,33640.3369861278
BHS,2020,10363200000,26178.7537607708
BHS,2021,12037000000,30367.8605757708
BHS,2022,13896800000,34957.1613279737
BHS,2023,15271300000,38231.774484278
BHS,2024,15832800000,39455.4466548546
BIH,2005,11222796336.5426,2739.61076866057
BIH,2006,12864841905.9543,3166.12865344833
BIH,2007,15778734264.3787,3931.48948737505
BIH,2008,19112796623.1175,4841.69311934649
BIH,2009,17613949091.2294,4539.91863774968
BIH,2010,17176315803.7298,4506.47828548389
BIH,2011,18644233537.1093,4982.69375768263
BIH,2012,17226735995.6905,4693.78899115381
BIH,2013,18179109209.3892,5034.56634817068
BIH,2014,18558734107.1478,5206.06573475132
BIH,2015,16404348361.0926,4662.25869219448
BIH,2016,17116926553.8513,4928.5665903114
BIH,2017,18326373135.6099,5345.01978766473
BIH,2018,20484058033.1144,6047.84707207392
BIH,2019,20482608984.3316,6122.37541352353
BIH,2020,20226038369.9191,6130.31187968266
BIH,2021,23672712121.2671,7295.34378682258
BIH,2022,24534663636.1778,7655.59421024383
BIH,2023,27592361498.4057,8663.02326458629
BIH,2024,29737363103.0492,9397.90942855997
BLR,2005,30210091836.8294,3126.07176665248
BLR,2006,36961894281.3444,3848.22350300163
BLR,2007,45275711995.825,4735.48107556066
BLR,2008,60752106347.126,6376.17569162063
BLR,2009,50873167326.0414,5352.48809190697
BLR,2010,57231904542.8755,6034.67885177216
BLR,2011,61762382327.9319,6527.6593428786
BLR,2012,65685890438.8922,6953.21591683101
BLR,2013,75527558966.4473,7998.0802045456
BLR,2014,78813069120.9984,8341.31809294883
BLR,2015,56454769844.7632,5967.05595058777
BLR,2016,47723545321.259,5039.77560949445
BLR,2017,54725405751.1559,5785.54491935194
BLR,2018,60031026576.26,6360.037502312
BLR,2019,64410170653.4569,6837.77339645635
BLR,2020,61371673344.7424,6542.85579976768
BLR,2021,69673747131.87,7489.71894713888
BLR,2022,73775179924.603,7994.64806074889
BLR,2023,72478760370.4258,7896.75388295584
BLR,2024,78591839299.7087,8605.60954569694
BLZ,2005,1474298400,5270.41479135312
BLZ,2006,1590463100,5524.78167834986
BLZ,2007,1706190450,5762.21023302938
BLZ,2008,1738453600,5711.81458859709
BLZ,2009,1688012750,5399.67100001919
BLZ,2010,1748988400,5461.40735999001
BLZ,2011,1831576700,5596.05222152289
BLZ,2012,1917083500,5732.66519942347
BLZ,2013,2035191450,5957.34953619006
BLZ,2014,2138242200,6128.12053089077
BLZ,2015,2193095150,6154.62264230369
BLZ,2016,2239604950,6140.86713919469
BLZ,2017,2266028250,6071.85451846453
BLZ,2018,2285915050,6011.99036888587
BLZ,2019,2381187850,6171.61449761423
BLZ,2020,2047284600,5238.54078175696
BLZ,2021,2428606250,6142.98930557031
BLZ,2022,2846604350,7068.21728043145
BLZ,2023,3052362650,7424.75821321022
BLZ,2024,3203631800,7681.24400583113
BMU,2005,4868136000,77628.103522508
BMU,2006,6144000000,97781.4558996721
BMU,2007,6767000000,107395.651483891
BMU,2008,6980000000,110268.562401264
BMU,2009,6656000000,104711.712420357
BMU,2010,6634526000,104111.824244802
BMU,2011,6312691000,99049.0169927667
BMU,2012,6378188000,100213.493385287
BMU,2013,6465756000,101704.40746217
BMU,2014,6413988000,100961.576602811
BMU,2015,6654541000,104855.366822135
BMU,2016,6899911000,108747.356144305
BMU,2017,7142316000,112339.425587467
BMU,2018,7225977000,113204.82210838
BMU,2019,7423465000,115798.040775578
BMU,2020,6887364000,106976.546239632
BMU,2021,7290037000,112765.08167306
BMU,2022,7767884000,119969.173269085
BMU,2023,8602360000,132961.760796315
BMU,2024,9194499000,142250.433195123
BOL,2005,9549122905.32852,1020.12326200737
BOL,2006,11451844902.2214,1202.71150446327
BOL,2007,13120108008.3477,1354.54905949929
BOL,2008,16674276285.8956,1692.67248455876
BOL,2009,17339992193.7322,1731.18172112209
BOL,2010,19649723722.1034,1929.78373077158
BOL,2011,23963164696.592,2315.52121930607
BOL,2012,27084497481.9103,2575.59857098084
BOL,2013,30659338885.6729,2870.02377000756
BOL,2014,32996188017.3661,3041.43503162408
BOL,2015,33000198248.9146,2996.01289811344
BOL,2016,33941126193.9219,3035.87347732132
BOL,2017,45927439594.7902,4048.40119739839
BOL,2018,48414038842.2576,4206.8552936661
BOL,2019,49056643589.0014,4203.15492855788
BOL,2020,42313784081.042,3580.96761778303
BOL,2021,47877892402.3155,4010.76053686204
BOL,2022,50959081953.6903,4219.46113742445
BOL,2023,52340206946.4544,4274.70820547613
BOL,2024,54881327452.9667,4421.16609889999
BRA,2005,891633839894.183,4827.78173074714
BRA,2006,1107626541434.92,5934.14470924968
BRA,2007,1397114486368.67,7409.69130673473
BRA,2008,1695855083497.52,8908.33176538648
BRA,2009,1666996438581.43,8678.6592244676
BRA,2010,2208837745100.55,11403.2821278747
BRA,2011,2616156223917.69,13396.6243562986
BRA,2012,2465227802806.76,12521.7213519966
BRA,2013,2472819535557.21,12458.8912138813
BRA,2014,2456043727198.85,12274.9939689363
BRA,2015,1802212206814.5,8936.19661712113
BRA,2016,1795693482853.01,8836.28652735657
BRA,2017,2063514977365.65,10080.5092819305
BRA,2018,1916933898010.99,9300.66164923219
BRA,2019,1873288205059.69,9029.83326681073
BRA,2020,1476107231310.49,7074.19378337644
BRA,2021,1670647398904.9,7972.5366498646
BRA,2022,1951923942083.32,9281.33334441234
BRA,2023,2191131765684.63,10377.5892792557
BRA,2024,2185821610689.31,10310.5486973693
BRB,2005,3819500000,14214.4202213572
BRB,2006,4217323400,15619.6005955511
BRB,2007,4675767950,17235.4396434785
BRB,2008,4790410400,17565.6929970592
BRB,2009,4466809600,16294.9099491834
BRB,2010,5428683250,19723.2381931602
BRB,2011,5563162050,20146.2381264508
BRB,2012,5486500500,19811.2953079751
BRB,2013,5660059700,20384.4910233555
BRB,2014,5684901000,20423.7177921163
BRB,2015,5699619150,20429.4747123553
BRB,2016,5679029450,20311.4094163764
BRB,2017,5847381600,20870.7596432179
BRB,2018,6001101550,21378.2201267496
BRB,2019,6166710800,21929.435611489
BRB,2020,5403246950,19180.9915228365
BRB,2021,5948900600,21084.4013935998
BRB,2022,6886644900,24393.2193483944
BRB,2023,7223248150,25583.8722302505
BRB,2024,7597571450,26897.2002039176
BRN,2005,10547202620.5286,29386.2703822862
BRN,2006,12644616418.691,34674.7995236452
BRN,2007,13432029484.4012,36217.3290706015
BRN,2008,15926456515.0049,42156.5685838672
BRN,2009,11912904509.8582,30946.4673773828
BRN,2010,13707121038.4383,34937.5555357155
BRN,2011,18524791062.657,46382.8274255349
BRN,2012,19048443340.7732,46968.5971164922
BRN,2013,18094148098.6536,44003.0644273461
BRN,2014,17097797386.0336,41026.5084247957
BRN,2015,12930296870.1247,30625.1287744656
BRN,2016,11400266044.6651,26663.2972950602
BRN,2017,12128168045.1245,28024.3824580252
BRN,2018,13566908391.0895,30988.1190267227
BRN,2019,13469235364.7032,30426.5730656528
BRN,2020,12005799653.9835,26834.3592233943
BRN,2021,14006496617.4458,31006.9636289785
BRN,2022,16681536466.7183,36632.9280952155
BRN,2023,15095084656.1634,32890.5491812019
BRN,2024,15340808592.48,33153.4738913513
BTN,2005,860391000.221655,1299.94938578359
BTN,2006,942879878.538879,1405.6071618158
BTN,2007,1255767964.00491,1850.41570433398
BTN,2008,1317517834.59916,1919.59774896395
BTN,2009,1331343797.77308,1918.39599211093
BTN,2010,1708880730.20989,2435.5798056672
BTN,2011,1977728658.68259,2787.97967608562
BTN,2012,1973387227.96519,2751.2128864294
BTN,2013,1943696951.65411,2679.95217201538
BTN,2014,2089079570.58285,2849.49998647303
BTN,2015,2187815803.36833,2954.04081911097
BTN,2016,2357504760.78592,3152.30905106786
BTN,2017,2591358009.20276,3435.28804735662
BTN,2018,2583335721.85904,3400.20417245342
BTN,2019,2735683570.46155,3576.87987100503
BTN,2020,2457604333.90927,3191.66906999331
BTN,2021,2768802960.11204,3570.61257980872
BTN,2022,2898227743.75576,3711.32767981591
BTN,2023,3012896789.79753,3831.32535564326
BTN,2024,3346603858.7495,4228.05102403654
BWA,2005,9918907108.09702,5391.07076619634
BWA,2006,9919158482.41085,5291.58379144849
BWA,2007,10567270655.5027,5529.12574632532
BWA,2008,10730829116.4105,5503.07395314313
BWA,2009,10118459242.3183,5082.93388332404
BWA,2010,12637273429.1339,6215.73216077919
BWA,2011,15110643612.1729,7287.38295334919
BWA,2012,13907464500.1489,6595.53845015424
BWA,2013,14271738933.2042,6666.91219583487
BWA,2014,15470088500.7414,7122.36423421503
BWA,2015,13530748844.505,6141.20394726616
BWA,2016,15082637184.0496,6749.05994339013
BWA,2017,16105155856.7708,7104.96401088027
BWA,2018,17031943186.1353,7407.95940141786
BWA,2019,16725908148.5481,7172.08956480028
BWA,2020,14960251607.8135,6323.2974967659
BWA,2021,18750182236.2211,7807.88794570471
BWA,2022,20321150599.1523,8328.7090572666
BWA,2023,19413614554.6944,7827.30027960734
BWA,2024,19286251067.5078,7649.81663744354
CAF,2005,1337894378.73743,311.950023138687
CAF,2006,1461859762.33459,333.942519903031
CAF,2007,1699811294.94935,380.887048839475
CAF,2008,1993407888.49838,437.24827472489
CAF,2009,2067381665.25454,456.471673898404
CAF,2010,2142591540.40068,476.873786950728
CAF,2011,2437982705.12093,534.057281471636
CAF,2012,2510126512.22831,544.395849142785
CAF,2013,1691544110.18543,364.36696260838
CAF,2014,1894813389.40325,409.8504859647
CAF,2015,1695825714.19282,366.322853938121
CAF,2016,1825018144.65595,387.176203444318
CAF,2017,2072349972.6818,432.324025684263
CAF,2018,2220979146.11241,455.243962859534
CAF,2019,2221301351.43918,449.228467602439
CAF,2020,2326720900.38047,462.879071294011
CAF,2021,2516498412.46384,492.263142830507
CAF,2022,2382618615.01694,467.359825026238
CAF,2023,2555492085.94725,495.978897288721
CAF,2024,2751494281.06887,516.160999996036
CAN,2005,1173118501402.87,36383.9671341396
CAN,2006,1319291255289.14,40504.8490329826
CAN,2007,1468820407783.26,44660.0838892281
CAN,2008,1552993439550.14,46710.3654423328
CAN,2009,1374627766599.6,40874.9612318547
CAN,2010,1617349192091.46,47560.8378831258
CAN,2011,1793335727900.85,52224.1237767406
CAN,2012,1828359477071.97,52670.1429540952
CAN,2013,1846583831414.43,52637.7313222622
CAN,2014,1805751688808.98,50960.8942086685
CAN,2015,1556510380200.23,43594.2379080706
CAN,2016,1527996250640.92,42314.1033623905
CAN,2017,1649269496514.62,45129.7335281051
CAN,2018,1725330736237.69,46539.2177903178
CAN,2019,1743728952156.85,46352.9695208927
CAN,2020,1655686966881.99,43537.8981198851
CAN,2021,2022377950896.78,52886.6407813788
CAN,2022,2200562785046.32,56496.9275340663
CAN,2023,2196593836347.42,54847.5370112652
CAN,2024,2270076189683.46,55015.7066917734
CHE,2005,424511048024.414,57080.0704338193
CHE,2006,448364681767.427,59910.293405504
CHE,2007,498993845384.872,66082.1233977532
CHE,2008,574703945157.419,75147.5376709155
CHE,2009,563659557945.042,72788.2049524379
CHE,2010,609999593541.9,77956.1262043942
CHE,2011,727231637101.778,91910.3964565203
CHE,2012,697882536676.898,87269.5594780124
CHE,2013,718748402259.576,88851.2374497983
CHE,2014,741168119616.628,90511.6484558843
CHE,2015,706199008878.656,85265.06205193
CHE,2016,698607778794.566,83432.4111596314
CHE,2017,706660443624.485,83610.248611484
CHE,2018,740766531453.991,87002.3382293532
CHE,2019,736384764156.877,85872.9702303454
CHE,2020,756096180222.082,87529.7016394892
CHE,2021,840710023481.35,96582.8687080693
CHE,2022,858479038993.75,97809.095567203
CHE,2023,928435275851.707,104449.75451772
CHE,2024,969919786394.884,107702.065940312
CHI,2005,8827272727.27273,57647.1188908006
CHI,2006,9676172953.08188,62745.1006593557
CHI,2007,11514605842.3369,74139.97799443
CHI,2008,,
CHI,2009,9100755725.19084,57778.5407063052
CHI,2010,8902359316.35606,56123.4597963451
CHI,2011,9648680025.8275,60415.2632075658
CHI,2012,9454638123.23572,58809.5698945413
CHI,2013,9594745810.67159,59308.4666588674
CHI,2014,10527973277.6068,64697.5485024325
CHI,2015,10109273770.329,61847.8212238857
CHI,2016,9168857222.32574,55947.579811974
CHI,2017,9170044517.20264,55806.3554257428
CHI,2018,10026394043.6136,60784.8125397162
CHI,2019,10031864649.0819,60564.6293993681
CHI,2020,9439810769.23077,56785.9402005039
CHI,2021,11157540109.8939,66915.3963925722
CHI,2022,11308272505.183,67627.1417347907
CHI,2023,12507320838.3932,74585.5224096294
CHI,2024,,
CHL,2005,122294145163.192,7480.32330998636
CHL,2006,153843518170.864,9318.65655296121
CHL,2007,172491076033.863,10346.4138184533
CHL,2008,179894594475.405,10683.2188772511
CHL,2009,171777900623.892,10098.8017167286
CHL,2010,217051209238.534,12632.8704724192
CHL,2011,251382573893.87,14487.3927832032
CHL,2012,267024782486.855,15241.9069981119
CHL,2013,277395018842.417,15683.5486369155
CHL,2014,259560978224.359,14529.6767206336
CHL,2015,242450355830.884,13433.9202987032
CHL,2016,249344863928.438,13649.8520452803
CHL,2017,276154259981.097,14879.9086227187
CHL,2018,295857562991.709,15659.4808675628
CHL,2019,278308438545.118,14496.9345640362
CHL,2020,254103710483.324,13117.9930230086
CHL,2021,315507493783.262,16216.1840860289
CHL,2022,301099244104.003,15399.1044717559
CHL,2023,335802745366.38,17081.5180740049
CHL,2024,329260633698.726,16658.9652720351
CHN,2005,2317551298052.05,1777.64496828464
CHN,2006,2791498472804.33,2129.25696999613
CHN,2007,3604055822571.63,2734.72709877693
CHN,2008,4667346414521.95,3523.44302065213
CHN,2009,5189577094997.58,3898.24459158811
CHN,2010,6192564874453.29,4629.24551710077
CHN,2011,7671757207851.29,5703.76027973346
CHN,2012,8673664713189.24,6405.0574241349
CHN,2013,9743124247267.24,7147.03518622344
CHN,2014,10674533168257.4,7781.06597484974
CHN,2015,11280814787468.9,8175.33285077393
CHN,2016,11456024084962,8254.86859320357
CHN,2017,12537559062282.9,8979.67652709856
CHN,2018,14147765772963.8,10085.6638148819
CHN,2019,14560167101283.4,10342.9009524335
CHN,2020,14996414166715.1,10627.4637989619
CHN,2021,18201698719564,12887.4357242941
CHN,2022,18316765021690.2,12970.6056414327
CHN,2023,18270356654533.2,12951.1782397043
CHN,2024,18729668435848,13293.1162269366
CIV,2005,24036918703.1747,1197.74616979415
CIV,2006,25281413263.3712,1230.43056838584
CIV,2007,28760090953.3081,1367.53817722326
CIV,2008,34078240293.2559,1583.97066701372
CIV,2009,33886813250.2036,1540.45393569596
CIV,2010,34936307980.063,1553.54887048143
CIV,2011,36693710801.3976,1596.62826565998
CIV,2012,36302302877.2977,1546.9460184731
CIV,2013,42760235484.6093,1786.15862031324
CIV,2014,48843005613.7091,1991.36539423404
CIV,2015,45815005169.2651,1814.71855088017
CIV,2016,48407761036.8238,1862.59597081287
CIV,2017,52512343996.69,1964.29930338343
CIV,2018,58522477786.6889,2130.86619381144
CIV,2019,60382894697.3557,2141.76836170115
CIV,2020,63027852805.4204,2179.72934832935
CIV,2021,72794636653.7793,2455.98127641148
CIV,2022,70922824813.9102,2333.37128301259
CIV,2023,80780312569.1646,2591.9659048119
CIV,2024,87113179149.284,2727.8935220697
CMR,2005,19509852206.9341,1142.62466252106
CMR,2006,20910512974.933,1191.45458990968
CMR,2007,23928250433.0378,1325.67248215933
CMR,2008,27715142032.913,1492.14269801453
CMR,2009,27932970317.129,1461.38999232337
CMR,2010,27507501821.0296,1398.58702025047
CMR,2011,30630910495.217,1513.96056994878
CMR,2012,30155062329.2821,1449.09874362279
CMR,2013,33728621180.3231,1575.92882118897
CMR,2014,36386544706.0806,1649.4433905949
CMR,2015,32210233020.4569,1415.00009710569
CMR,2016,33814337044.3765,1441.7201725688
CMR,2017,36098547033.1655,1496.08951771242
CMR,2018,39955552189.795,1610.69641591017
CMR,2019,39667757527.6578,1555.22660476477
CMR,2020,40773241177.0505,1555.60370660749
CMR,2021,45011937346.8384,1672.32657340872
CMR,2022,44347206072.5513,1604.87726954895
CMR,2023,48814501547.4313,1720.47510154506
CMR,2024,53296694320.2057,1830.00833684727
COD,2005,12609728573.1032,214.539740473519
COD,2006,15484044534.5783,255.445229568751
COD,2007,18374807772.5429,294.101615124419
COD,2008,22723488723.3641,352.900363371995
COD,2009,18607259480.5447,280.178991035792
COD,2010,24161641931.0331,352.400398754692
COD,2011,26392379641.765,372.514273875789
COD,2012,30029369928.7318,409.931424783784
COD,2013,34891189160.3002,460.370334930107
COD,2014,38352980552.8665,489.175952097319
COD,2015,40179574490.3032,495.826633014883
COD,2016,38600224214.4728,459.765036590388
COD,2017,37537521565.5308,431.052559128788
COD,2018,46659954092.4862,518.169626875371
COD,2019,46845900350.0332,504.00419142286
COD,2020,46691989748.9186,486.425572682256
COD,2021,59067289573.5102,595.743074403567
COD,2022,70422346142.2023,687.738587554685
COD,2023,69843655425.2929,660.21205238997
COD,2024,75716176105.0704,692.887665085098
COG,2005,6650001680.48544,1799.05158366154
COG,2006,8072305029.06514,2103.5821381211
COG,2007,8782703436.70188,2206.47101863414
COG,2008,11649857673.4436,2832.09177777643
COG,2009,9723299915.25312,2271.15219175966
COG,2010,13148396211.5955,2946.55798067708
COG,2011,15655383576.6515,3396.16505817952
COG,2012,17692911296.3044,3732.32737320389
COG,2013,17958720699.0868,3697.41705884249
COG,2014,17919321078.0284,3601.2365808718
COG,2015,12434793867.3568,2439.35189403696
COG,2016,10931328150.8478,2093.10728558843
COG,2017,11834473039.3645,2211.63309874797
COG,2018,14773900288.5135,2694.43413191427
COG,2019,13976637779.9763,2488.42466724916
COG,2020,11468687464.0046,1993.586671931
COG,2021,14825690210.9157,2516.16255145432
COG,2022,15817030154.6941,2620.83804267402
COG,2023,15321055822.5167,2477.97845544866
COG,2024,15719986076.6464,2482.2489948456
COL,2005,145600529605.803,3456.06610874512
COL,2006,161792958904.864,3789.85361217027
COL,2007,206229540926.312,4769.926147194
COL,2008,242504150472.931,5541.83629665898
COL,2009,232468663109.595,5250.97292433518
COL,2010,286498534094.963,6398.2958447102
COL,2011,334966134804.887,7400.9940695669
COL,2012,370691143018.039,8108.59838244229
COL,2013,382093697077.685,8279.10255642981
COL,2014,381240864422.407,8187.20824890084
COL,2015,293492370193.166,6248.51490534512
COL,2016,282720100286.228,5959.84250367574
COL,2017,311866875156.879,6479.53231292429
COL,2018,334198218098.276,6816.96818309544
COL,2019,323031701192.84,6472.54544924705
COL,2020,270348342541.465,5339.68711357943
COL,2021,318524633225.395,6222.62164397614
COL,2022,345632492851.448,6680.44506854481
COL,2023,366901643683.302,7012.49169137756
COL,2024,420504033143.211,7951.08624019412
COM,2005,655375095.906176,1105.78796866788
COM,2006,688498641.512529,1138.47908404345
COM,2007,795673152.867077,1289.73631056361
COM,2008,915659107.965823,1455.02768595586
COM,2009,905341172.70583,1410.30516959473
COM,2010,907979446.419588,1386.57533553376
COM,2011,1023087475.68355,1531.43969320468
COM,2012,1015842906.66403,1490.31425650871
COM,2013,1116223107.03168,1603.32653496691
COM,2014,1149587562.06748,1615.71709756316
COM,2015,966029600.862227,1329.37048235986
COM,2016,1012835493.19325,1365.48403444497
COM,2017,1077439756.59451,1423.9248027797
COM,2018,1188797449.38584,1540.71132257526
COM,2019,1195019531.9011,1519.26386436068
COM,2020,1225039196.61091,1527.16991011916
COM,2021,1299039312.22277,1587.72988658008
COM,2022,1279542248.96288,1533.87755393614
COM,2023,1465977684.31307,1723.89474946474
COM,2024,1610082688.26617,1857.87060684189
CPV,2005,972241676.907662,2004.14680417563
CPV,2006,1107571457.90614,2256.99666191075
CPV,2007,1649621738.63689,3324.57675212498
CPV,2008,1959620648.31578,3908.64885822576
CPV,2009,1852334575.17521,3659.72046361628
CPV,2010,1824751467.92957,3579.46006137809
CPV,2011,2046817987.20109,4002.01386888785
CPV,2012,1913081210.41411,3736.81517011087
CPV,2013,2028910915.16446,3960.97596791345
CPV,2014,2041930125.42979,3985.60706548134
CPV,2015,1749857620.35329,3415.06266730931
CPV,2016,1849789985.99572,3608.96605234906
CPV,2017,1996741539.95088,3893.09571382506
CPV,2018,2205099506.99994,4294.96510035729
CPV,2019,2252177124.32402,4380.78117331128
CPV,2020,1821565613.68613,3539.22661248299
CPV,2021,2051842618.70539,3971.44409203423
CPV,2022,2247003344.34242,4323.31362032709
CPV,2023,2504525537.51069,4794.90119772843
CPV,2024,2713721857.39153,5170.20531932535
CRI,2005,20040642420.6914,4703.00720463794
CRI,2006,22715540342.2983,5256.59641275583
CRI,2007,26884700687.8286,6137.71199435022
CRI,2008,30801745703.3018,6937.24261660254
CRI,2009,30745714234.4959,6832.69828187486
CRI,2010,37658616965.6866,8265.78820580299
CRI,2011,42762613784.989,9276.39109377477
CRI,2012,47231655492.7812,10126.9991155066
CRI,2013,50949668762.8328,10803.2401795009
CRI,2014,52016408816.1842,10911.4978703456
CRI,2015,56441920888.425,11714.7106121672
CRI,2016,58847019587.626,12091.0301560892
CRI,2017,60516044660.7496,12317.0902779911
CRI,2018,62567765946.2665,12620.0207321581
CRI,2019,64753504730.018,12951.8588421841
CRI,2020,62806591554.7345,12475.6852076814
CRI,2021,65588938787.0243,12962.2716075659
CRI,2022,71001226360.8008,13971.7649991294
CRI,2023,87512637055.7736,17140.771430122
CRI,2024,96715644330.6612,18853.2828705886
CUB,2005,42643836100,3786.33799225291
CUB,2006,48835925925.9259,4329.98265964383
CUB,2007,54262870370.3704,4807.43888960684
CUB,2008,56302129629.6296,4986.12436479175
CUB,2009,57481481481.4815,5089.23519757167
CUB,2010,59562962962.963,5272.26755824835
CUB,2011,68990000000,6104.46105236166
CUB,2012,73141000000,6470.83673392653
CUB,2013,77148000000,6828.36428245396
CUB,2014,80656100000,7146.70459051328
CUB,2015,87132800000,7727.91997207998
CUB,2016,91370407900,8110.55874283616
CUB,2017,96850649700,8610.60829605429
CUB,2018,100050036100,8911.46205998726
CUB,2019,103427600000,9232.26115935183
CUB,2020,107352000000,9605.27914559614
CUB,2021,,
CUB,2022,,
CUB,2023,,
CUB,2024,,
CUW,2005,2344637262.56983,17032.3356620744
CUW,2006,2457581731.84358,17400.1637780186
CUW,2007,2593831508.37989,18005.7165850772
CUW,2008,2833476145.2514,19423.3352430175
CUW,2009,2869153184.35754,19540.2476579348
CUW,2010,2951342793.29609,19847.2310127979
CUW,2011,2930092234.63687,19426.326382752
CUW,2012,3012836256.98324,19809.8223198624
CUW,2013,3033568603.35196,19721.2921646576
CUW,2014,3059406983.24022,19623.029993395
CUW,2015,3058779217.87709,19361.8130008678
CUW,2016,3024690167.59777,18944.0961493998
CUW,2017,3033433240.22346,18938.2440469703
CUW,2018,3046364804.46927,19119.1243941688
CUW,2019,3026124134.07821,19220.6866958303
CUW,2020,2534327597.76536,16299.8134688605
CUW,2021,2739594357.5419,17795.5826483092
CUW,2022,3075180837.98883,20057.1404960105
CUW,2023,3281419329.60894,21217.8109173312
CUW,2024,3561178212.2905,22832.895498987
CYM,2005,,
CYM,2006,4200288241.15296,87085.0937376216
CYM,2007,4466278065.11226,89888.2618212462
CYM,2008,4585949023.79609,89655.1196222184
CYM,2009,4281714566.85827,81373.5711516642
CYM,2010,4156841107.36443,76837.6699636672
CYM,2011,4186073104.29242,75280.960764889
CYM,2012,4291004524.0181,75101.59136128
CYM,2013,4405796023.18409,75113.7332398618
CYM,2014,4562853611.41445,75845.3060407986
CYM,2015,4708167232.66893,76379.2095108681
CYM,2016,4909322237.28895,77802.2541567187
CYM,2017,5166281305.12522,80053.9444506891
CYM,2018,5530178440.71376,83865.5531568184
CYM,2019,5941896607.58643,88254.2903677044
CYM,2020,5655357984.24218,82338.7977439023
CYM,2021,6060813808.15072,86449.6749037302
CYM,2022,6653516041.43929,92937.8838323153
CYM,2023,7308564549.28678,100065.233841107
CYM,2024,7765336505.34319,104292.900672109
CYP,2005,18433412510.8817,24959.26171875
CYP,2006,20072754986.8272,26729.28125
CYP,2007,23968727073.6381,31244.87890625
CYP,2008,27958384913.4219,35541.88671875
CYP,2009,26048190775.3879,32236.462890625
CYP,2010,25799940416.0167,31105.02734375
CYP,2011,27641553201.0506,32485.8046875
CYP,2012,25047433099.5891,28991.9296875
CYP,2013,23959708956.2926,27764.7265625
CYP,2014,23225912183.4991,26993.095703125
CYP,2015,19909269064.8473,23088.4296875
CYP,2016,21046452117.3759,24280.044921875
CYP,2017,22946583375.5506,26247.46484375
CYP,2018,25754011492.2204,29120.38671875
CYP,2019,26196660680.1176,29227.16796875
CYP,2020,25555082266.6429,28130.330078125
CYP,2021,30372637513.1352,32937.8359375
CYP,2022,31218047043.8386,33231.05078125
CYP,2023,35075440602.5202,36623.70703125
CYP,2024,37634551820.7367,38674.3125
CZE,2005,137264185596.1,13442.4916284309
CZE,2006,156236258386.589,15259.0788162004
CZE,2007,190040702286.917,18452.6532812196
CZE,2008,236506264753.95,22774.7045076205
CZE,2009,206971882704.716,19817.4215836554
CZE,2010,211168667286.27,20160.4355077059
CZE,2011,231429378717.312,22049.1080788682
CZE,2012,210363223087.728,20014.0354015165
CZE,2013,213024360541.119,20260.4954999375
CZE,2014,210911285077.683,20038.4163180257
CZE,2015,189107698561.919,17931.5987670768
CZE,2016,198160659303.939,18753.9686718096
CZE,2017,221563575696.217,20913.197632212
CZE,2018,251992360762.236,23705.9329811299
CZE,2019,256794209028.77,24062.7190013343
CZE,2020,251109660602.536,23472.8915454417
CZE,2021,290972714482.313,27696.4619527544
CZE,2022,301831228325.556,28282.2236715857
CZE,2023,345059295659.911,31761.5944102491
CZE,2024,347082562221.377,31827.7552539413
DEU,2005,2893393187361.87,35084.4363546269
DEU,2006,3046308753670.58,36980.3349948954
DEU,2007,3484056680854.91,42350.9217211489
DEU,2008,3808197720125,46379.1647953479
DEU,2009,3478545516683.59,42471.8868625226
DEU,2010,3467093769666.67,42396.9665976293
DEU,2011,3823575803793.78,47630.9761883572
DEU,2012,3596483233406.25,44718.0159214069
DEU,2013,3807023797050.99,47206.8353514242
DEU,2014,3964870735760.77,48959.5991203133
DEU,2015,3425099578746.09,41929.7549110722
DEU,2016,3536787895179,42948.9381932694
DEU,2017,3765351626105.89,45553.9341495339
DEU,2018,4055433215301.96,48916.1686612154
DEU,2019,3959894794039.21,47656.199739747
DEU,2020,3941398957073.94,47394.8734504469
DEU,2021,4355251953410.78,52349.2459994422
DEU,2022,4201021706478.62,50506.5179638543
DEU,2023,4562207532490.28,54776.7668235491
DEU,2024,4685592577804.69,56103.7323182554
DJI,2005,708633194.726566,844.4483573908
DJI,2006,768873684.032838,898.464628136774
DJI,2007,847918929.107984,969.573220191902
DJI,2008,999105339.267729,1119.15233346969
DJI,2009,1049110684.72493,1150.9375857489
DJI,2010,1128611700.3618,1213.23352553429
DJI,2011,1239144501.77525,1306.34552844977
DJI,2012,1353632941.5207,1400.19357858954
DJI,2013,2044440443.16654,2075.94498424748
DJI,2014,2220637966.25047,2214.62084142432
DJI,2015,2424391785.43897,2376.12554719873
DJI,2016,2604955228.70117,2510.4300076241
DJI,2017,2762581334.22612,2618.95521147369
DJI,2018,2913464658.08768,2718.08338799203
DJI,2019,3088851450.30694,2837.16902340932
DJI,2020,3144136196.6228,2844.88810647853
DJI,2021,3392796953.08939,3025.91126413549
DJI,2022,3562814908.76149,3133.25779772463
DJI,2023,3898447007.38798,3381.29779710722
DJI,2024,4152145939.98458,3552.72335079222
DMA,2005,391455555.555556,5695.22442394675
DMA,2006,416674074.074074,6055.78109574854
DMA,2007,444685185.185185,6459.03503689609
DMA,2008,480003703.703704,6971.32633839289
DMA,2009,515618518.518519,7487.49010395154
DMA,2010,519859259.259259,7549.61964680375
DMA,2011,532081481.481481,7705.40717248319
DMA,2012,520355555.555556,7528.51001990155
DMA,2013,545325925.925926,7822.21797211398
DMA,2014,572255555.555555,8131.74876096735
DMA,2015,583177777.777778,8282.59874702141
DMA,2016,612711111.111111,8802.56172041363
DMA,2017,563355555.555555,8224.64896571414
DMA,2018,628244444.444444,9215.3085405645
DMA,2019,644259259.259259,9491.14995962374
DMA,2020,528944444.444444,7827.74842680426
DMA,2021,562911111.111111,8376.40414141113
DMA,2022,623062962.962963,9323.66089490562
DMA,2023,659311111.111111,9912.96212766668
DMA,2024,688881481.481481,10405.2787777582
DNK,2005,265150087711.985,48925.8076698784
DNK,2006,283386151543.687,52119.1787984282
DNK,2007,320213157595.018,58631.6566433635
DNK,2008,354979471960.142,64616.6657583663
DNK,2009,322619152194.594,58412.7472358513
DNK,2010,322345594075.47,58104.5445594981
DNK,2011,344315595263.175,61809.737898222
DNK,2012,326792574244.963,58443.7747103968
DNK,2013,344631016965.12,61377.5940590412
DNK,2014,352832602064.452,62520.4509747011
DNK,2015,301758922337.637,53094.0133607574
DNK,2016,312181849372.233,54500.9260410217
DNK,2017,331610593961.988,57521.5514992225
DNK,2018,355293374912.393,61324.7665045565
DNK,2019,345401473012.615,59404.2663247723
DNK,2020,355631021931.621,60985.4885601514
DNK,2021,406110162088.054,69340.7334922138
DNK,2022,400114306337.077,67781.0940939514
DNK,2023,404651706117.557,68043.5466971243
DNK,2024,424524722037.047,71026.4832271897
DOM,2005,35777560683.9366,3878.31206735244
DOM,2006,37879830084.2627,4055.14270347371
DOM,2007,43965458508.5056,4649.64558875814
DOM,2008,48091433554.186,5023.58513403515
DOM,2009,48223781476.8909,4973.95186999952
DOM,2010,53801053352.5005,5478.62470398954
DOM,2011,57948261615.957,5826.51014109195
DOM,2012,60561635555.6383,6013.81965002603
DOM,2013,62555417414.582,6136.59429329301
DOM,2014,67014329099.5549,6496.45166971142
DOM,2015,70966782572.4386,6800.95309395474
DOM,2016,75552902635.7075,7160.44200982307
DOM,2017,79070274743.1658,7412.71571571512
DOM,2018,84994732049.3461,7882.98221584944
DOM,2019,89146130744.723,8183.01623600375
DOM,2020,78546672406.8291,7135.22273255899
DOM,2021,94850719516.7127,8527.0754858205
DOM,2022,113478103598.499,10104.2464008585
DOM,2023,120456239153.739,10630.431743829
DOM,2024,124282245638.568,10875.6618443092
DZA,2005,107046618669.707,3233.13339634212
DZA,2006,123084258693.01,3660.66104745322
DZA,2007,142482739809.849,4167.45169937531
DZA,2008,180383848331.135,5180.91881514686
DZA,2009,150317292079.359,4235.42990456612
DZA,2010,177785053939.531,4912.78585503672
DZA,2011,218331946925.304,5916.31364364343
DZA,2012,227143746075.934,6033.64884689543
DZA,2013,229701430292.157,5979.60138960585
DZA,2014,238942664192.59,6094.69392314956
DZA,2015,187493855609.345,4685.05902729002
DZA,2016,180763839522.151,4424.98529027556
DZA,2017,189880896903.073,4554.66753957828
DZA,2018,194554483655.528,4577.21029180491
DZA,2019,193459662090.677,4468.45341883656
DZA,2020,164873415325.201,3743.5419522929
DZA,2021,186231205262.082,4160.55926736925
DZA,2022,225581644702.568,4960.30334332888
DZA,2023,247923887214.655,5370.477235078
DZA,2024,269322281664.773,5752.99076651465
ECU,2005,40278849000,2909.02606014388
ECU,2006,45690762000,3243.67010359339
ECU,2007,49848725000,3478.92488770671
ECU,2008,61139438000,4194.75750661981
ECU,2009,60094978000,4053.36331139298
ECU,2010,68151329000,4520.30959039763
ECU,2011,78986648000,5153.6916424375
ECU,2012,87735048000,5634.08393191094
ECU,2013,96570334000,6109.29031510341
ECU,2014,102717794000,6405.79979300441
ECU,2015,97209558000,5976.1596805651
ECU,2016,97671433000,5917.63771271481
ECU,2017,104467486000,6233.32244797718
ECU,2018,107478961000,6303.91886658338
ECU,2019,107595830000,6205.05765246766
ECU,2020,95865473000,5463.64515348598
ECU,2021,107179074000,6061.32350181711
ECU,2022,116133121000,6515.58528418336
ECU,2023,120792801000,6718.1447938811
ECU,2024,123802374000,6826.5294137822
EGY,2005,89660339660.3397,1105.53920713903
EGY,2006,107426086956.522,1298.97900203124
EGY,2007,130437828371.278,1547.74170735909
EGY,2008,162818181818.182,1896.21594269779
EGY,2009,189147005444.646,2161.63964573927
EGY,2010,218983666061.706,2455.08194645282
EGY,2011,235989672977.625,2590.64384891965
EGY,2012,279116666666.667,2996.0677072015
EGY,2013,288434108527.132,3025.52563552448
EGY,2014,305595408895.265,3133.39102265541
EGY,2015,329366576819.407,3306.98159414141
EGY,2016,332441717791.411,3270.6287768197
EGY,2017,248362771739.13,2395.10333299491
EGY,2018,262588632526.73,2484.70315630508
EGY,2019,318678815489.749,2962.98892023003
EGY,2020,383817841547.099,3511.11381026379
EGY,2021,424671765455.704,3827.35415374308
EGY,2022,476747720364.742,4233.30783744856
EGY,2023,395926071447.591,3456.78965212363
EGY,2024,389059910593.1,3338.47371043679
ERI,2005,1098424685.66169,412.753079199423
ERI,2006,1211161879.6748,447.997404727201
ERI,2007,1317974491.05691,480.44762365456
ERI,2008,1380188800,490.066956003333
ERI,2009,1856695551.21951,642.92572288007
ERI,2010,1589515447.15447,539.699512069686
ERI,2011,2065001626.01626,688.68165957684
ERI,2012,,
ERI,2013,,
ERI,2014,,
ERI,2015,,
ERI,2016,,
ERI,2017,,
ERI,2018,,
ERI,2019,,
ERI,2020,,
ERI,2021,,
ERI,2022,,
ERI,2023,,
ERI,2024,,
ESP,2005,1154667551775.88,26450.9530130382
ESP,2006,1261846683275.29,28421.686527407
ESP,2007,1476746276854.51,32652.015594702
ESP,2008,1636115447612.5,35603.248328071
ESP,2009,1496587590847.66,32279.8208476151
ESP,2010,1427989078916.67,30658.7422282912
ESP,2011,1487568659241.25,31824.6219134777
ESP,2012,1330994811670.31,28456.4438151477
ESP,2013,1362186923157.65,29228.846559842
ESP,2014,1380244561361.96,29707.765509467
ESP,2015,1206164777553.12,25982.4416197775
ESP,2016,1243015667917.12,26755.6061149398
ESP,2017,1321754088818.83,28381.3425596906
ESP,2018,1431642809327.06,30602.4212881113
ESP,2019,1403496387686.27,29786.5245689007
ESP,2020,1289783836971.21,27233.9426461608
ESP,2021,1461244901852.69,30799.4775937775
ESP,2022,1448850658406.62,30319.4987196616
ESP,2023,1619481980719.64,33493.2225409111
ESP,2024,1725671652742.19,35326.7683069278
EST,2005,14109491356.7964,10414.6381183565
EST,2006,17025671810.3124,12641.4800976473
EST,2007,22450264166.4385,16745.4308011148
EST,2008,24342935403.5447,18205.9064113446
EST,2009,19633984440.1223,14712.4494217916
EST,2010,19524355419.038,14663.7041018705
EST,2011,23303915794.7569,17555.5455239426
EST,2012,23237406116.3988,17568.2137969714
EST,2013,25451032780.7573,19310.3874900757
EST,2014,27055689003.0038,20581.7898991695
EST,2015,23311847750.9394,17722.1557669523
EST,2016,24561027787.7896,18666.3736521706
EST,2017,27469461919.1189,20851.5223496861
EST,2018,31222632740.7247,23618.1361254581
EST,2019,31873748770.0313,24021.2501413306
EST,2020,31820771493.8974,23933.9939421065
EST,2021,37201101170.5847,27951.1659277744
EST,2022,38226641740.29,28340.3826549406
EST,2023,41470344395.1086,30264.0064885057
EST,2024,43130419829.35,31428.3547816104
ETH,2005,12401139453.9738,158.243458082465
ETH,2006,15280861834.6024,189.345737521418
ETH,2007,19707616772.7996,237.146255996319
ETH,2008,27066912635.2228,316.410475118075
ETH,2009,32437389116.038,368.574712267445
ETH,2010,29933790334.3418,330.619412798644
ETH,2011,31952763089.33,343.024942351887
ETH,2012,43310721414.0829,452.101031885754
ETH,2013,47648276605.0123,484.039833104062
ETH,2014,55612228233.5179,549.986577082588
ETH,2015,62103418181.8182,597.912113218663
ETH,2016,68475871209.607,641.651523286233
ETH,2017,76366081766.6667,696.348429076216
ETH,2018,83337901071.9697,739.702022272086
ETH,2019,91834517113.6386,793.473247218996
ETH,2020,98676811061.9985,829.790982552951
ETH,2021,109070960370.972,893.009835441784
ETH,2022,123140304665.399,982.103161502198
ETH,2023,135874093203.18,1055.81091593061
ETH,2024,149740297952.375,1133.88279681256
FIN,2005,204859368790.661,39049.8703780223
FIN,2006,217044068234.117,41214.0187765069
FIN,2007,256360251537.648,48473.0240091455
FIN,2008,285698662071.094,53769.4726240385
FIN,2009,253480783439.453,47478.3495310999
FIN,2010,249429613683.334,46506.2919016566
FIN,2011,275126915515.565,51060.3242589767
FIN,2012,257443384492.969,47551.6740841369
FIN,2013,270268036626.275,49691.0145200739
FIN,2014,273478528954.901,50073.7760815871
FIN,2015,233210733506.25,42560.3456767103
FIN,2016,238777818792.608,43451.2562442158
FIN,2017,253846138440,46085.0174739036
FIN,2018,273869255596.078,49654.2497035329
FIN,2019,267014821129.411,48358.1807773701
FIN,2020,270000311606.226,48828.6846862799
FIN,2021,294223210496.119,53099.1351400148
FIN,2022,280253099309.34,50440.560224974
FIN,2023,295191741637.26,52864.6931581216
FIN,2024,298729432711.719,53155.5451165897
FJI,2005,2980403844.72096,3377.69126953493
FJI,2006,3076305452.86506,3455.10599907349
FJI,2007,3378314599.76402,3762.74692789299
FJI,2008,3523185919.55826,3899.92231512129
FJI,2009,2870624635.68032,3164.13275408169
FJI,2010,3140166712.79624,3449.14452883369
FJI,2011,3779411899.37483,4139.60288609702
FJI,2012,3972028104.47328,4341.40338748749
FJI,2013,4189967998.51424,4572.44377544245
FJI,2014,4857104768.86844,5293.35676680464
FJI,2015,4682479893.97558,5097.53106864695
FJI,2016,4930213644.36653,5363.79026679243
FJI,2017,5353469174.47838,5826.84814459328
FJI,2018,5581425327.44397,6085.41979485376
FJI,2019,5344907153.46698,5842.07344577597
FJI,2020,4227719873.3865,4620.6457238014
FJI,2021,4158873156.17978,4536.73312110335
FJI,2022,4977861885.60316,5414.12092119088
FJI,2023,5476673518.13788,5926.20586394763
FJI,2024,5968125909.27126,6425.74151715712
FRA,2005,2192146403028.17,34696.3718316971
FRA,2006,2317861544690.82,36431.5658906555
FRA,2007,2655816911866.56,41486.1907828787
FRA,2008,2926802941585.86,45464.8181385158
FRA,2009,2700075882518.98,41728.0884164132
FRA,2010,2646230027988.34,40694.8211697025
FRA,2011,2870408553990.28,43929.7840873812
FRA,2012,2683007095787.23,40863.5814412333
FRA,2013,2816077607875.26,42669.1795111893
FRA,2014,2861236112552.42,43148.0459288416
FRA,2015,2442483452642.5,36702.4323733379
FRA,2016,2470407619777.13,37024.2157133669
FRA,2017,2588868323334.71,38687.1626407164
FRA,2018,2781576320884.39,41418.1766484844
FRA,2019,2722793515171.76,40408.2848574751
FRA,2020,2647926055110.05,39169.8606000707
FRA,2021,2966433692008.09,43725.0999521245
FRA,2022,2794788137066.94,40988.6396406579
FRA,2023,3056250648138.29,44700.1384177544
FRA,2024,3160442622465.08,46103.0840855884
FRO,2005,1759739599.22694,36389.081644098
FRO,2006,2017680834.89917,41743.6812847661
FRO,2007,2339015313.29513,48348.7393711011
FRO,2008,2489873249.62815,51287.8911081663
FRO,2009,2296065170.05552,47060.1592550833
FRO,2010,2331796784.36009,47924.1364756678
FRO,2011,2505740669.27039,51620.0541648551
FRO,2012,2427200388.91831,50263.0024625867
FRO,2013,2690110520.92548,55759.364098362
FRO,2014,2914012679.27277,60173.3057854661
FRO,2015,2573905971.05459,52638.2668218454
FRO,2016,2813278868.78208,56876.4302363804
FRO,2017,2980057377.87967,59388.5365965776
FRO,2018,3188600927.46688,62525.2647698273
FRO,2019,3266432734.22819,63070.7228080361
FRO,2020,3271813311.5831,62247.9273907098
FRO,2021,3699551717.10561,69421.6981686515
FRO,2022,3615241800.50058,67069.3987440509
FRO,2023,3943131022.2291,72486.6910957957
FRO,2024,4052937169.76536,74175.2776311377
FSM,2005,247000000,2216.9963738197
FSM,2006,250000000,2257.76445195026
FSM,2007,253000000,2302.51183108846
FSM,2008,261000000,2395.90218109716
FSM,2009,277000000,2565.83639782506
FSM,2010,292000000,2715.26873721406
FSM,2011,308000000,2859.8488365615
FSM,2012,324000000,3003.05867086848
FSM,2013,314000000,2904.1536796737
FSM,2014,316000000,2915.23672460238
FSM,2015,312000000,2869.86276169101
FSM,2016,327000000,2997.93719917488
FSM,2017,361000000,3297.37580036719
FSM,2018,394000000,3584.78377566896
FSM,2019,395000000,3581.72684572278
FSM,2020,372902700,3362.02802120524
FSM,2021,391601900,3508.22314197664
FSM,2022,415232900,3703.66680343222
FSM,2023,442975600,3933.01607031874
FSM,2024,481121300,4251.69052668788
GAB,2005,9582783990.85345,6547.87613955186
GAB,2006,10327598306.4575,6847.00985685394
GAB,2007,12455409587.3371,8003.54289696049
GAB,2008,15571348344.3379,9688.64519690633
GAB,2009,12113699068.2517,7290.57526093114
GAB,2010,14372593020.2885,8356.74662013345
GAB,2011,18210307743.5816,10219.1139339454
GAB,2012,17170464016.0593,9296.96587941088
GAB,2013,17595744798.3398,9197.70106323947
GAB,2014,18203966895.8433,9201.36276648105
GAB,2015,14383107762.6952,7047.12654634355
GAB,2016,14023890265.3665,6677.07003901644
GAB,2017,14929487485.1623,6921.73373135624
GAB,2018,16867326401.9626,7624.2775233771
GAB,2019,16874405465.391,7441.1786472281
GAB,2020,15342236163.9943,6605.80346077904
GAB,2021,19444935097.2333,8181.40914134398
GAB,2022,20440655695.229,8409.20741452279
GAB,2023,19388372070.9778,7802.82433276138
GAB,2024,20895684425.6752,8230.04311451151
GBR,2005,2551361818181.82,42240.2462987547
GBR,2006,2719558417663.29,44695.161023424
GBR,2007,3104699879951.98,50629.0799172887
GBR,2008,2945251838235.29,47652.4030691881
GBR,2009,2429358155475.93,39009.3715547821
GBR,2010,2496740681057.14,39778.3220528565
GBR,2011,2675590034128.66,42295.9273835322
GBR,2012,2719715961539.83,42688.3263728372
GBR,2013,2796908333283.39,43607.6636827371
GBR,2014,3085362169410.29,47746.9810645521
GBR,2015,2945579890258.46,45256.040227057
GBR,2016,2706807606538.73,41258.5374285695
GBR,2017,2699118387873.1,40918.0520870944
GBR,2018,2897028009916.05,43704.3162296687
GBR,2019,2875710080015.3,43160.6843971799
GBR,2020,2724001478304.59,40815.1255364787
GBR,2021,3194559188925.93,47695.6491523474
GBR,2022,3181244350465.41,47034.7795621476
GBR,2023,3420796653789.08,49919.6896621586
GBR,2024,3695539513534.15,53341.3131094262
GEO,2005,6410912049.87105,1642.78359414797
GEO,2006,7745250733.95067,1996.02013272284
GEO,2007,10172931088.5655,2635.36650276116
GEO,2008,12795145130.9103,3324.7537205015
GEO,2009,10766920065.8251,2822.68939668797
GEO,2010,12426907967.1578,3281.72930937343
GEO,2011,15475290469.2869,4119.66818307193
GEO,2012,16894392033.2256,4530.69533409431
GEO,2013,17517660143.6859,4712.00229382665
GEO,2014,17966015109.3043,4830.33486170249
GEO,2015,15223796148.8396,4086.6223465965
GEO,2016,15444548901.9637,4143.40125686315
GEO,2017,16473125375.0684,4418.75206546679
GEO,2018,17902544880.6471,4804.0546040444
GEO,2019,17638337116.9126,4741.2832715876
GEO,2020,16010869215.68,4300.85701291207
GEO,2021,18853115588.8106,5083.60695484577
GEO,2022,24984568959.605,6729.84659930283
GEO,2023,30777833600.6515,8283.66960652261
GEO,2024,34189423333.141,8967.67525638987
GHA,2005,10744568381.4456,478.611909191028
GHA,2006,20885037596.6963,906.441027564887
GHA,2007,24827339138.4906,1050.12461524926
GHA,2008,28679383241.0729,1182.65761256016
GHA,2009,26048720005.5233,1047.70430093586
GHA,2010,32197655566.5347,1263.89251760539
GHA,2011,39336668080.559,1507.43573198753
GHA,2012,41271701060.954,1543.77524235764
GHA,2013,62845721959.827,2294.79584693743
GHA,2014,54678533805.9064,1949.90832923846
GHA,2015,49436806230.4839,1722.77282833606
GHA,2016,56144179397.8516,1912.47991339951
GHA,2017,60385409434.8567,2012.28662641265
GHA,2018,67259353965.6087,2195.32166016377
GHA,2019,68352629246.1555,2186.65822682613
GHA,2020,70008243859.8666,2195.45481659987
GHA,2021,79514204730.3979,2445.18662529344
GHA,2022,73919003212.1998,2229.89122654479
GHA,2023,80547146875.9526,2383.90410476221
GHA,2024,83288585604.0268,2419.2518672482
GIB,2005,,
GIB,2006,,
GIB,2007,,
GIB,2008,,
GIB,2009,,
GIB,2010,,
GIB,2011,,
GIB,2012,,
GIB,2013,,
GIB,2014,,
GIB,2015,,
GIB,2016,,
GIB,2017,,
GIB,2018,,
GIB,2019,,
GIB,2020,,
GIB,2021,,
GIB,2022,,
GIB,2023,,
GIB,2024,,
GIN,2005,4282468636.90501,463.17768685098
GIN,2006,4220019845.26341,446.980554135013
GIN,2007,6281918226.34408,650.148575304743
GIN,2008,6964179983.17212,703.532825784369
GIN,2009,6716905339.73136,662.185914665575
GIN,2010,6853467145.53089,659.235326211315
GIN,2011,6785137203.33153,636.694958747648
GIN,2012,7638044556.84656,699.353377212197
GIN,2013,8376613539.28278,748.455020824734
GIN,2014,8778473372.82124,765.146999389279
GIN,2015,8794201742.84609,747.356966759448
GIN,2016,8595955222.49719,711.996509782316
GIN,2017,10324668271.1362,833.598621691121
GIN,2018,11857030366.7891,933.273615633705
GIN,2019,13442861496.4454,1031.34146480732
GIN,2020,14088693742.9464,1053.66097696415
GIN,2021,17069115737.8259,1244.96550477914
GIN,2022,19910452541.9219,1416.59612011764
GIN,2023,22407615556.0571,1555.49375806861
GIN,2024,25008678293.4073,1694.95375862185
GMB,2005,1027701067.55688,616.483657865348
GMB,2006,1054112487.74083,614.544307904464
GMB,2007,1279703047.0221,724.726407242432
GMB,2008,1561766955.73024,859.127671411226
GMB,2009,1450142508.57808,774.888030908091
GMB,2010,1543294926.87301,801.033372714536
GMB,2011,1409693596.93594,710.608411468152
GMB,2012,1415004738.26621,692.579361628102
GMB,2013,1375609453.43746,653.862713272743
GMB,2014,1229461721.40861,568.00453558864
GMB,2015,1378176608.93204,619.536364296461
GMB,2016,1484578885.97132,650.056501323611
GMB,2017,1504909462.69521,642.522641296331
GMB,2018,1670671327.81651,696.219806960615
GMB,2019,1813609692.49994,738.186751987483
GMB,2020,1812170891.19069,720.335143352133
GMB,2021,2014158842.14596,781.890925169531
GMB,2022,2204734527.88096,836.244875868476
GMB,2023,2382262185.38179,883.024111978927
GMB,2024,2404888737.54853,871.340287547821
GNB,2005,639776040.688424,463.073962650452
GNB,2006,634781901.251494,448.513075469701
GNB,2007,753162998.015113,519.069789794741
GNB,2008,952667544.037289,640.210331101753
GNB,2009,890167833.369849,583.190020139094
GNB,2010,940112538.936436,600.194298540768
GNB,2011,1157074319.19388,719.539573498937
GNB,2012,1049412177.11413,635.461653303881
GNB,2013,1109682824.13594,654.304534409417
GNB,2014,1135250721.0374,652.022501029449
GNB,2015,1152384166.79638,645.066837207039
GNB,2016,1245074264.10396,679.665386626818
GNB,2017,1469978606.12143,783.123186602022
GNB,2018,1554133593.91699,808.531613218504
GNB,2019,1596214680.12925,811.210004050041
GNB,2020,1705062169.81422,846.918134967613
GNB,2021,1907611288.23036,926.54619187706
GNB,2022,1856239954.81555,881.602654162231
GNB,2023,2076748678.11987,964.431832665395
GNB,2024,2197777209.94218,998.376093392688
GNQ,2005,8217369092.65224,8673.9026086535
GNQ,2006,10086528698.8604,10184.8841248541
GNQ,2007,13071718758.7373,12616.9532942011
GNQ,2008,19749893536.3204,18210.5552970599
GNQ,2009,15027795173.2187,13232.5019378102
GNQ,2010,16314443436.2903,13720.1658723222
GNQ,2011,21357343668.9447,17198.2136668275
GNQ,2012,22388344143.9131,17308.5723924575
GNQ,2013,21948834283.7856,16304.0713196418
GNQ,2014,21765453081.9826,15548.6624656619
GNQ,2015,13185496881.0174,9068.91003238645
GNQ,2016,11240808847.8878,7453.19797948517
GNQ,2017,12200913878.9827,7809.10465655488
GNQ,2018,13097012133.6159,8102.47084834031
GNQ,2019,11364133549.7478,6804.14923073888
GNQ,2020,9893816007.7398,5764.05502912947
GNQ,2021,12215878032.7166,6945.63069794539
GNQ,2022,13687643435.6249,7589.29964909381
GNQ,2023,12541814272.8021,6788.35271638376
GNQ,2024,13254388261.1258,7003.58055684906
GRC,2005,242315668619.405,22054.1315756886
GRC,2006,269073415333.676,24416.0232970275
GRC,2007,314226996944.108,28440.7625328955
GRC,2008,351121399546.485,31695.8331092209
GRC,2009,326829054686.306,29425.4573200263
GRC,2010,296417644404.034,26653.0488008626
GRC,2011,283228079776.041,25504.7866510124
GRC,2012,238841140018.233,21624.346052551
GRC,2013,236556279640.705,21573.3449762805
GRC,2014,233911581521.062,21474.7257123892
GRC,2015,194567373678.099,17980.7298238137
GRC,2016,193097239005.87,17919.2426377048
GRC,2017,200381103984.298,18631.9930129293
GRC,2018,213298873494.394,19873.4015238771
GRC,2019,207305649887.019,19335.3602002969
GRC,2020,191362985554.861,17886.733165236
GRC,2021,218303801895.326,20652.89659591
GRC,2022,217990189600.69,20884.6773436263
GRC,2023,242946187738.269,23343.7103964562
GRC,2024,256238371778.118,24626.1481858973
GRD,2005,695555555.555555,6338.56011405358
GRD,2006,698700666.666667,6344.0383771432
GRD,2007,758683592.592593,6864.54816771858
GRD,2008,825976037.037037,7448.2040563865
GRD,2009,771275555.555555,6932.56472176781
GRD,2010,771014814.814815,6909.60169568597
GRD,2011,778655555.555555,6947.38136096464
GRD,2012,799881481.481481,7092.71985352677
GRD,2013,842618518.518518,7424.80212287327
GRD,2014,911496296.296296,7986.33421210788
GRD,2015,997007407.407407,8694.12438005692
GRD,2016,1061640740.74074,9221.23461079424
GRD,2017,1125685185.18519,9751.42661155932
GRD,2018,1166514814.81481,10083.021279225
GRD,2019,1213485185.18519,10462.7929159533
GRD,2020,1043411111.11111,8968.55890108484
GRD,2021,1122222222.22222,9617.28902905373
GRD,2022,1224007407.40741,10469.3867012856
GRD,2023,1336418518.51852,11414.4781691181
GRD,2024,1351270370.37037,11528.9220811928
GRL,2005,1849802648.36391,32489.7277309899
GRL,2006,2013106929.50031,35457.6297578214
GRL,2007,2249811295.6608,39780.9441368721
GRL,2008,2499092314.41875,44366.7858688175
GRL,2009,2529963903.22685,44918.8413832155
GRL,2010,2503167187.49305,44277.1993400972
GRL,2011,2684461375.46585,47186.8759969388
GRL,2012,2609678486.36749,45936.9562817724
GRL,2013,2684946990.12448,47535.4883792376
GRL,2014,2842065708.35962,50485.2244135291
GRL,2015,2499113022.81675,44536.3549705377
GRL,2016,2707139544.46695,48181.7453541266
GRL,2017,2851613679.03433,50765.7494665372
GRL,2018,3055782146.15957,54545.135857765
GRL,2019,2997309971.87623,53309.2035905065
GRL,2020,3089625554.40473,54812.6661771023
GRL,2021,3293578467.57327,58135.9939910203
GRL,2022,3152334771.77992,55635.0006491223
GRL,2023,3326543974.39193,58498.9707973609
GRL,2024,,
GTM,2005,26783389293.922,2046.46611650758
GTM,2006,29744246827.1839,2225.1234753878
GTM,2007,33567850824.1039,2458.81573919384
GTM,2008,38503720224.3166,2763.05988172926
GTM,2009,37126148264.6383,2611.64632773352
GTM,2010,40676578423.4871,2805.25960237322
GTM,2011,46876006272.2387,3168.98370607705
GTM,2012,49593929487.1263,3286.61959336267
GTM,2013,52996420177.4409,3444.15802275864
GTM,2014,57852159007.6243,3689.14510410202
GTM,2015,62186066547.6566,3893.50533299068
GTM,2016,66053408205.8838,4060.13784737643
GTM,2017,71653780740.4226,4324.99768915601
GTM,2018,73328356007.6152,4352.94593289707
GTM,2019,77172331693.4093,4511.99839552697
GTM,2020,77719468248.3666,4477.61785000665
GTM,2021,86455522272.7383,4912.62240414681
GTM,2022,95609727055.5754,5356.92435887895
GTM,2023,104298081428.769,5754.42833909847
GTM,2024,113215575150.885,6150.89465281457
GUM,2005,4213000000,25631.9776108052
GUM,2006,4238000000,25709.9351488422
GUM,2007,4397000000,26605.4324214756
GUM,2008,4658000000,28112.2316573422
GUM,2009,4828000000,29054.0581201519
GUM,2010,4949000000,29719.7967836082
GUM,2011,4984000000,29926.2052442913
GUM,2012,5265000000,31653.7506538168
GUM,2013,5399000000,32530.7593121483
GUM,2014,5610000000,33900.1486530583
GUM,2015,5799000000,35165.7014644795
GUM,2016,5901000000,35930.6594898711
GUM,2017,6013000000,36779.0078903909
GUM,2018,6051000000,37195.9503070464
GUM,2019,6355000000,39274.9431424899
GUM,2020,5916000000,36482.9363953675
GUM,2021,6234000000,38074.8793745801
GUM,2022,6910000000,41833.1517132825
GUM,2023,,
GUM,2024,,
GUY,2005,824880550.343965,1084.06541388904
GUY,2006,2379817990.6918,3135.60553528326
GUY,2007,2730971595.39574,3608.28685240188
GUY,2008,3025187433.33637,4008.9628671603
GUY,2009,3165663152.73351,4209.13230624565
GUY,2010,3432912516.92427,4581.76179693492
GUY,2011,3691384317.52178,4947.22170589917
GUY,2012,4063088535.76331,5444.39751913913
GUY,2013,4167800928.83553,5556.91231156932
GUY,2014,4127660151.8087,5472.68820452237
GUY,2015,4279840193.7046,5640.41560569466
GUY,2016,4482697336.56174,5870.87823759835
GUY,2017,4748174334.14044,6178.6650437298
GUY,2018,4787636997.85343,6048.38697180418
GUY,2019,5173760191.84652,6405.82443444562
GUY,2020,5471256594.72422,6775.70939096303
GUY,2021,8041362110.31175,9860.87014834386
GUY,2022,14718388489.2086,17913.4928066879
GUY,2023,16918503597.1223,20473.7002190617
GUY,2024,24662714628.2974,29675.2501582835
HKG,2005,181569311742.213,26649.637724155
HKG,2006,193535442896.365,28224.0951563146
HKG,2007,211596944503.8,30593.9511738646
HKG,2008,219278749139.734,31515.5292103443
HKG,2009,214047795659.045,30697.5383861641
HKG,2010,228638668727.291,32550.136489179
HKG,2011,248513617677.287,35142.4879344543
HKG,2012,262628865879.697,36730.796195815
HKG,2013,275696879834.966,38403.7777145477
HKG,2014,291459995978.893,40315.3739510191
HKG,2015,309385622601.348,42432.1619740441
HKG,2016,320860317562.562,43734.1980702999
HKG,2017,341273289534.466,46160.429791493
HKG,2018,361731070995.726,48537.5668888343
HKG,2019,363074545072.389,48359.0011950597
HKG,2020,344943149590.058,46109.2299946609
HKG,2021,368954169748.818,49770.5642374739
HKG,2022,358673532516.529,48825.0272275805
HKG,2023,380762296025.216,50525.1119312663
HKG,2024,408368682415.423,54274.7547767073
HND,2005,9757012696.56212,1304.70039153826
HND,2006,10917477066.1429,1425.84780051892
HND,2007,12361257680.5627,1577.73789197407
HND,2008,13881731875.7466,1732.49062702803
HND,2009,14587496229.1811,1781.15703614674
HND,2010,15839344591.9842,1893.32722662035
HND,2011,17710275685.4074,2073.66121088074
HND,2012,18528554397.5695,2126.03474686503
HND,2013,18499729214.904,2081.12843527945
HND,2014,19756533971.8698,2179.88171977271
HND,2015,20979791685.416,2271.20265980349
HND,2016,21717604952.1835,2307.34468351082
HND,2017,23136247990.5977,2413.0076562942
HND,2018,24067750760.499,2464.64241531918
HND,2019,24882225741.8119,2502.32744328073
HND,2020,23352232483.755,2307.61494319511
HND,2021,28144331506.6149,2735.14751503977
HND,2022,31426041806.7985,3003.28996826399
HND,2023,34355805527.9795,3227.45762509776
HND,2024,36980171442.0603,3415.96027916712
HRV,2005,45012776905.5255,10443.4484003498
HRV,2006,49583643047.994,11501.2327422844
HRV,2007,59290547254.1358,13755.8149054063
HRV,2008,68473103476.6775,15888.1184388903
HRV,2009,62315450610.8524,14474.52513863
HRV,2010,58975127200.9948,13729.7472872883
HRV,2011,62889150894.151,14691.591757962
HRV,2012,57547495859.7306,13507.6349882758
HRV,2013,59846869998.8711,14135.0903485872
HRV,2014,59607109597.2123,14186.7712230471
HRV,2015,50999271058.5849,12283.8750299177
HRV,2016,52650804052.1394,12820.1872746645
HRV,2017,56182225079.1072,13901.6498657787
HRV,2018,61668280700.0968,15460.4560798984
HRV,2019,61467261345.012,15563.7354996625
HRV,2020,57959824238.1808,14807.5559227544
HRV,2021,69002262504.9821,17788.7601163765
HRV,2022,71196460236.6301,18465.531473659
HRV,2023,85621337533.3348,22183.4982258492
HRV,2024,92981894167.9687,24049.9441746337
HTI,2005,7030149730.33692,775.845704056916
HTI,2006,7638739122.67242,828.805700289589
HTI,2007,9228637767.69009,984.566983448521
HTI,2008,10432962634.8748,1094.66058421644
HTI,2009,11597002834.7786,1196.8528706018
HTI,2010,11859312725.1448,1209.72733503094
HTI,2011,13008746038.8867,1312.03953552013
HTI,2012,13708925477.1304,1361.39396587374
HTI,2013,14902488604.2421,1457.83221179626
HTI,2014,15146883497.6331,1460.18898613914
HTI,2015,14849629308.6025,1411.12684746796
HTI,2016,14069277526.2278,1318.40268167953
HTI,2017,15093357161.1498,1395.23945184461
HTI,2018,16403864617.8458,1496.38048970156
HTI,2019,15016090929.5125,1352.17204191532
HTI,2020,14508222518.3018,1290.32538667383
HTI,2021,20754978152.2134,1824.6798742577
HTI,2022,20113007125.93,1748.40890116803
HTI,2023,19572288894.1581,1681.84407667059
HTI,2024,24255657481.2502,2060.35591768638
HUN,2005,113098237570.929,11212.2046968994
HUN,2006,115604111412.139,11478.4891640501
HUN,2007,140123326896.329,13934.605460375
HUN,2008,158228265915.534,15762.6322515113
HUN,2009,130807441076.16,13051.1831777184
HUN,2010,131898737241.166,13189.8433874768
HUN,2011,141712804953.868,14211.460557822
HUN,2012,128470269689.958,12950.1594488143
HUN,2013,135646053778.582,13739.4620151401
HUN,2014,141128696412.321,14352.501883174
HUN,2015,125244126623.289,12782.9412577973
HUN,2016,128983560865.293,13215.8605277789
HUN,2017,143335098991.862,14736.1668157258
HUN,2018,161184691013.835,16605.0570511887
HUN,2019,164936682033.992,17012.8598553199
HUN,2020,158468487754.196,16386.9308821258
HUN,2021,183282685440.486,19030.628130329
HUN,2022,177002580544.155,18428.028825614
HUN,2023,213029511028.874,22208.6509820466
HUN,2024,222848211034.367,23305.4482514359
IDN,2005,285868619196.085,1238.21447629488
IDN,2006,364570515618.357,1558.31562847163
IDN,2007,432216737774.861,1823.21976255073
IDN,2008,510228634992.258,2124.55483920618
IDN,2009,539580085612.401,2218.48541852977
IDN,2010,755094157621.936,3065.68348377765
IDN,2011,892969104563.171,3579.46442466152
IDN,2012,917869913332.649,3632.27254030331
IDN,2013,912524136718.018,3566.60284506078
IDN,2014,890814755533.537,3441.06808464008
IDN,2015,860854232686.214,3288.22269725538
IDN,2016,931877364037.698,3521.46943457574
IDN,2017,1015618744159.73,3798.88326174526
IDN,2018,1042271532988.63,3860.95353090726
IDN,2019,1119099871350.2,4106.94856160358
IDN,2020,1059054842698.48,3853.70288774146
IDN,2021,1186509691086.73,4287.17313995098
IDN,2022,1319101183380.15,4730.83484836107
IDN,2023,1371166925749.88,4876.2992959843
IDN,2024,1396301788461.69,4925.43644992666
IMN,2005,3032411026.94919,38135.8597885858
IMN,2006,3422733202.4501,42627.5089352891
IMN,2007,4466350655.89909,55040.2437046236
IMN,2008,5928791505.35144,72276.7741329461
IMN,2009,5486921247.07323,66156.105656847
IMN,2010,5920369789.50182,70587.3140283741
IMN,2011,6565667052.79737,77808.8579649376
IMN,2012,6690228371.66909,79329.2034347434
IMN,2013,7001175622.71266,83207.6588430451
IMN,2014,7708454412.32126,91885.4528718026
IMN,2015,7084800892.22284,84753.5187422732
IMN,2016,6846377563.00683,82025.9454509241
IMN,2017,6979788333.50279,83481.3038489014
IMN,2018,7491649455.92717,89393.8244248812
IMN,2019,7314967866.28289,87127.5517977404
IMN,2020,6684225641.02564,79513.5330346598
IMN,2021,7931193222.06405,94299.969348965
IMN,2022,7431257410.92713,88328.548125887
IMN,2023,7576129932.79381,90015.2074234398
IMN,2024,,
IND,2005,820383763511.445,710.488080408949
IND,2006,940259888787.721,801.668353659022
IND,2007,1216736438834.96,1021.88707706826
IND,2008,1198895139005.92,992.519584923828
IND,2009,1341888016994.9,1094.94974598436
IND,2010,1675615519484.96,1347.51939071367
IND,2011,1823051829894.55,1445.46127486037
IND,2012,1827637590410.41,1429.32199520032
IND,2013,1856721507621.58,1432.84397512195
IND,2014,2039126479154.52,1553.88396075118
IND,2015,2103588360044.94,1583.99815907985
IND,2016,2294796885663.16,1707.50892912243
IND,2017,2651474262755.45,1950.10468280866
IND,2018,2702929641648.74,1966.25455171679
IND,2019,2835606256558.19,2041.42863698585
IND,2020,2674851578587.27,1907.04251637669
IND,2021,3167270623260.47,2239.61384367482
IND,2022,3249938492013.47,2279.98145719369
IND,2023,3500906030644.76,2434.44826340989
IND,2024,3760813470500.86,2591.9916607122
IRL,2005,211876989655.907,50933.0216095589
IRL,2006,232180617162.279,54329.1618599624
IRL,2007,270079279419.5,61396.417461176
IRL,2008,275447471451.063,61353.1065629523
IRL,2009,236443115853.695,52133.0906162544
IRL,2010,221732824603.484,48623.9666422487
IRL,2011,240975871046.644,52613.8540355689
IRL,2012,226921827888.137,49335.8408099555
IRL,2013,242924245718.756,52537.6108648692
IRL,2014,266490442124.309,57214.5379785709
IRL,2015,302101388556.271,64250.1385181257
IRL,2016,305431252708.748,64129.5571542383
IRL,2017,348355212568.515,72161.4047531385
IRL,2018,395780319816.603,80804.1123164826
IRL,2019,407211793800.713,81827.6688873996
IRL,2020,436009027818.948,86514.0706108754
IRL,2021,530394123829.763,103783.446284479
IRL,2022,548341794599.09,105190.685952731
IRL,2023,567372737459.116,106818.917130804
IRL,2024,609157459747.205,112894.953240805
IRN,2005,224970371324.67,3132.0508192007
IRN,2006,265602187403.643,3618.91601364428
IRN,2007,349736591832.418,4687.99166260718
IRN,2008,406070949553.875,5377.4115072957
IRN,2009,414059094949.063,5415.52280553446
IRN,2010,487069570463.768,6291.19443655454
IRN,2011,629082257472.368,8025.68743364356
IRN,2012,644019315003.54,8114.08099831877
IRN,2013,500399839839.877,6222.74194840326
IRN,2014,462284793280.825,5672.06372896319
IRN,2015,409191686496.677,4952.73355532178
IRN,2016,478618064870.999,5710.59947089104
IRN,2017,510239893417.645,6000.93346404409
IRN,2018,411903303606.044,4783.01067340237
IRN,2019,347988400957.999,3997.4935449585
IRN,2020,280934329279.723,3202.50003502169
IRN,2021,407350685583.335,4605.14881318992
IRN,2022,422662261525.665,4721.20437099984
IRN,2023,457510482317.483,5049.29931642754
IRN,2024,475252089215.416,5190.16959024821
IRQ,2005,50065104667.8159,1762.39360423421
IRQ,2006,65147051918.0219,2276.55435744086
IRQ,2007,88837057319.5179,3128.99010329066
IRQ,2008,131614434153.505,4542.96609046032
IRQ,2009,111657580326.315,3714.71205987194
IRQ,2010,138516722649.573,4461.75196161555
IRQ,2011,185749664444.444,5775.54229080293
IRQ,2012,218002476129.472,6477.59618450955
IRQ,2013,234637675128.645,6650.35282247395
IRQ,2014,228415656174.957,6249.39226978969
IRQ,2015,166774104959.102,4440.14189252367
IRQ,2016,166743557747.671,4334.42096404188
IRQ,2017,187217660050.676,4759.2846435467
IRQ,2018,227367469034.031,5646.68932074742
IRQ,2019,233636097800.338,5671.8568632942
IRQ,2020,180898797516.874,4295.18945121228
IRQ,2021,209691945713.103,4868.49431080783
IRQ,2022,287372232137.931,6520.73154560584
IRQ,2023,268881051643.549,5965.31835077761
IRQ,2024,279641257615.385,6073.61032342708
ISL,2005,17146410560.5279,57783.7745608117
ISL,2006,17671649843.2602,58172.1426656622
ISL,2007,21960110030.4426,70483.0117228535
ISL,2008,18247921360.2599,57489.3399795216
ISL,2009,13212543837.5133,41483.7843682814
ISL,2010,13922711576.5124,43776.4677400475
ISL,2011,15394005872.149,48254.953927254
ISL,2012,14943757823.3226,46594.9869146614
ISL,2013,16244319958.6808,50173.3360061057
ISL,2014,18052183514.8695,55140.364935793
ISL,2015,17700486957.1907,53505.6964079339
ISL,2016,21083713310.457,62854.0906407932
ISL,2017,25060086487.8901,72976.3729990975
ISL,2018,26677652544.3499,75633.8651351915
ISL,2019,24985687022.0452,69296.3144361601
ISL,2020,22034665040.7901,60127.9393575616
ISL,2021,26234872402.457,70425.4064277273
ISL,2022,29176227825.4736,76376.9599334915
ISL,2023,31701996433.7807,82201.2908518078
ISL,2024,33186621855.0053,85863.1479330343
ISR,2005,147346035831.272,21261.7474251846
ISR,2006,158706516001.616,22499.7541717986
ISR,2007,184448882451.742,25688.901610248
ISR,2008,220952472408.027,30231.0191013609
ISR,2009,213112649594.385,28469.6817348489
ISR,2010,239372857534.485,31398.9266927022
ISR,2011,267739352609.375,34476.7252065949
ISR,2012,263172104090.976,33268.7066672115
ISR,2013,298045324735.571,36980.622214228
ISR,2014,314376760832.047,38265.3651949373
ISR,2015,302841190257.708,36138.13561386
ISR,2016,321083954798.337,37571.2561196275
ISR,2017,357360816856.642,41013.2575323519
ISR,2018,375470422244.408,42269.3770257585
ISR,2019,399207771081.611,44091.8678022544
ISR,2020,410908899711.272,44590.8237253282
ISR,2021,489735019666.026,52258.4693499398
ISR,2022,525157951212.871,54947.2091250715
ISR,2023,513393395491.904,52126.4489280033
ISR,2024,542284494490.778,54216.5218142787
ITA,2005,1864982261286.85,32062.723833669
ITA,2006,1958563654385.64,33537.1286994269
ITA,2007,2222524108127.65,37826.1754554823
ITA,2008,2417508414187.19,40828.5795580937
ITA,2009,2209484319012.65,37099.6133958219
ITA,2010,2144936254535,35856.8625485539
ITA,2011,2306974020278.21,38432.3742820019
ITA,2012,2097929495121.68,34854.3949441965
ITA,2013,2153225581941.46,35701.6746002376
ITA,2014,2173255507985.84,36028.3494022349
ITA,2015,1845428048839.1,30639.8829751432
ITA,2016,1887111188176.93,31391.5692898108
ITA,2017,1970720904584.71,32844.115660604
ITA,2018,2099435266458.67,35062.3364176949
ITA,2019,2019606796583.53,33812.788724868
ITA,2020,1907481094079.23,32091.4866621366
ITA,2021,2179207773596.09,36852.5425414951
ITA,2022,2104067630319.46,35653.9042103495
ITA,2023,2316882296366.32,39279.699782164
ITA,2024,2383435562458.12,40429.6224047352
JAM,2005,11243865777.7131,4184.43974867497
JAM,2006,11930179089.8855,4417.00127135363
JAM,2007,12799600047.1845,4716.48612542727
JAM,2008,13709401520.0326,5029.80095281745
JAM,2009,12120458114.8318,4428.38153333557
JAM,2010,13220549908.2494,4809.977380312
JAM,2011,14444661522.1463,5232.63644918132
JAM,2012,14807086555.5283,5340.83333232158
JAM,2013,14264205152.6126,5124.21301411137
JAM,2014,13899217679.9219,4975.11325459872
JAM,2015,14963589915.5912,5339.30718256806
JAM,2016,14898999754.1229,5302.29553353854
JAM,2017,15783583236.675,5605.43541173019
JAM,2018,16855447986.2221,5976.90362644337
JAM,2019,17026269262.5307,6030.68896415921
JAM,2020,15000214216.2439,5299.04530804283
JAM,2021,15963885376.3537,5625.67806271236
JAM,2022,18813516805.214,6626.47502388538
JAM,2023,21418797832.8216,7542.39855849054
JAM,2024,22014429050.9995,7753.8119527678
JOR,2005,12588998589.5628,2087.87079273635
JOR,2006,15056981664.3159,2342.63459574933
JOR,2007,17110437235.543,2506.20599484139
JOR,2008,25651620830.6149,3669.83012701745
JOR,2009,27462496197.1831,3845.34388086274
JOR,2010,30202773521.1268,4139.04283161368
JOR,2011,32640291549.2958,4363.42800211536
JOR,2012,34854017887.3239,4593.83609729005
JOR,2013,37873362957.7465,4739.02253641778
JOR,2014,40535098591.5493,4610.60460269382
JOR,2015,42394049295.7747,4441.61896013754
JOR,2016,43688498732.3944,4366.06999647268
JOR,2017,45535614366.1972,4449.34618076611
JOR,2018,47435850422.5352,4533.97658437205
JOR,2019,48640273802.8169,4557.79334729121
JOR,2020,47931770985.9155,4411.48321838396
JOR,2021,50702940985.9155,4581.71967230365
JOR,2022,53516930140.8451,4754.41362207378
JOR,2023,56123472112.6761,4906.23543006639
JOR,2024,58618380563.3803,5073.92103605892
JPN,2005,4875648486366.14,38158.6758263963
JPN,2006,4648058930707.24,36354.4271646349
JPN,2007,4624670179654.96,36129.9535132925
JPN,2008,5160197175876.43,40294.2081309702
JPN,2009,5336765697589.29,41678.1783063195
JPN,2010,5811578109447.07,45378.1378109399
JPN,2011,6279422550218.7,49122.077634247
JPN,2012,6333803928787.76,49626.6830327571
JPN,2013,5272297037396.96,41369.1948479498
JPN,2014,4985763289560.81,39172.8471161948
JPN,2015,4534438580494.94,35664.6446110613
JPN,2016,5110357383254.44,40214.9688631562
JPN,2017,5038231631660.71,39679.8635262948
JPN,2018,5154293721629.56,40645.478086519
JPN,2019,5245755000479.03,41424.8655601543
JPN,2020,5189197543645.38,41098.9739004553
JPN,2021,5225933520753.1,41580.739040705
JPN,2022,4447976207314.78,35548.2645222433
JPN,2023,4384854269961.93,35215.003535366
JPN,2024,4190008188358.57,33797.1014287876
KAZ,2005,57123671733.8952,3577.35804001782
KAZ,2006,81003864630.018,5030.13494711519
KAZ,2007,104849915058.376,6449.43931096532
KAZ,2008,133441648851.982,8123.54705891736
KAZ,2009,115308686941.38,6938.01175663001
KAZ,2010,148047348240.643,8793.07589980782
KAZ,2011,192626464617.071,11287.1464926039
KAZ,2012,207998568865.789,12018.7966527993
KAZ,2013,236634603409.089,13478.459627612
KAZ,2014,221415613595.469,12427.7094576939
KAZ,2015,184388404706.042,10196.1226255982
KAZ,2016,137278320084.171,7475.56688689424
KAZ,2017,166805788827.233,8943.08416791984
KAZ,2018,179339977690.485,9472.48527327758
KAZ,2019,181667184854.501,9457.12614657136
KAZ,2020,171082365861.423,8781.50797787648
KAZ,2021,197112255360.612,9983.60103576902
KAZ,2022,225496328925.494,11255.3396437881
KAZ,2023,261840101059.923,12879.4275257974
KAZ,2024,291480274648.826,14154.6324958076
KEN,2005,18737895512.7378,523.456312433863
KEN,2006,25825512284.2891,699.80237063381
KEN,2007,31958195182.2406,840.201439476765
KEN,2008,35895153327.8497,915.54435473604
KEN,2009,42347217912.9176,1047.9678324485
KEN,2010,45405615063.7551,1091.51873101194
KEN,2011,46869473150.61,1096.14499807675
KEN,2012,56396704671.5777,1285.00536171512
KEN,2013,61671440407.8387,1370.87885214659
KEN,2014,68285796514.2896,1482.81566253497
KEN,2015,70120446896.8359,1489.11959777284
KEN,2016,74815144163.8931,1554.12610314423
KEN,2017,82036510877.2599,1667.48447230835
KEN,2018,92202979985.2863,1836.45275528993
KEN,2019,100378436207.371,1960.40808854893
KEN,2020,100657505750.545,1927.66459027849
KEN,2021,109703658904.994,2061.35622089594
KEN,2022,114448978152.637,2109.56288513137
KEN,2023,107500884685.013,1942.58802756191
KEN,2024,120397537849.826,2133.46193404026
KGZ,2005,2460246766.41401,476.548193640077
KGZ,2006,2834168889.42019,543.113512472219
KGZ,2007,3802570552.56105,721.771577544361
KGZ,2008,5139958909.17936,966.388569370494
KGZ,2009,4690061380.60253,870.198894546917
KGZ,2010,4794361863.01353,876.954476440354
KGZ,2011,6197765984.28468,1117.40174350185
KGZ,2012,6605142884.36215,1168.62244675446
KGZ,2013,7335033800.59056,1269.66303464348
KGZ,2014,7468102412.68237,1264.52668823891
KGZ,2015,6678177511.66313,1105.65193844261
KGZ,2016,6813095379.1187,1103.27489428412
KGZ,2017,7702938379.42036,1221.39046807082
KGZ,2018,8271106235.41552,1283.5203037417
KGZ,2019,9371275264.36735,1421.99927504102
KGZ,2020,8270468614.24051,1229.51766602907
KGZ,2021,9249133946.26531,1349.99730650542
KGZ,2022,12134931017.9465,1739.72018344174
KGZ,2023,15180842369.4894,2138.22210211478
KGZ,2024,18161630698.9052,2514.81066933171
KHM,2005,7066296463.3598,525.797325120926
KHM,2006,8350531016.65753,612.252648550727
KHM,2007,10127916459.8983,731.692295125426
KHM,2008,12174303999.0812,866.283999789749
KHM,2009,12502901169.7377,875.748936193569
KHM,2010,13808673288.0696,952.274616324008
KHM,2011,16032622023.8265,1088.98152823081
KHM,2012,17826536699.8016,1192.80263041673
KHM,2013,19807135252.8649,1305.6600972686
KHM,2014,22041463967.9009,1431.56396469993
KHM,2015,24174170369.0738,1547.32010444393
KHM,2016,26556545153.3573,1675.19555711109
KHM,2017,29355665909.7905,1826.35391688754
KHM,2018,33145892168.8958,2036.67377566578
KHM,2019,36685356407.7206,2225.87705485686
KHM,2020,34818073901.4851,2081.73914242939
KHM,2021,36790163687.4421,2167.40324198499
KHM,2022,39994532959.6074,2325.03050040841
KHM,2023,42335646895.7984,2429.74853452838
KHM,2024,46352647037.2406,2627.87969756224
KIR,2005,113895437.324786,1161.78341739977
KIR,2006,112338353.264712,1123.19258990684
KIR,2007,138054945.643442,1352.57814048911
KIR,2008,147017894.97877,1410.62246914058
KIR,2009,140177384.145395,1316.62753853678
KIR,2010,165458433.127645,1522.10068744154
KIR,2011,195970140.170383,1771.12926848792
KIR,2012,207001545.867109,1843.55336349889
KIR,2013,201730860.757856,1772.08718317132
KIR,2014,200287281.98074,1736.70535682101
KIR,2015,191559398.688293,1639.85274740652
KIR,2016,206467818.503227,1742.66799324117
KIR,2017,223029864.54193,1854.3326920967
KIR,2018,233859230.192198,1915.56002581991
KIR,2019,216891541.021351,1750.24040333237
KIR,2020,220909306.750809,1751.87199542272
KIR,2021,285451584.406531,2223.54147866465
KIR,2022,271214374.500577,2078.7648751855
KIR,2023,291657337.839517,2200.68918614289
KIR,2024,343153235.077124,2550.98377226188
KNA,2005,547203703.703704,11783.7867154145
KNA,2006,644414814.814815,13837.8495311219
KNA,2007,689285185.185185,14757.9579751035
KNA,2008,777692592.592593,16604.9448615905
KNA,2009,774274074.074074,16503.4119292794
KNA,2010,778718518.518518,16622.9457908577
KNA,2011,836092592.592593,17832.4572919975
KNA,2012,824585185.185185,17532.0559008608
KNA,2013,874548148.148148,18580.1301949935
KNA,2014,952111111.111111,20219.3954237956
KNA,2015,957222222.222222,20328.8003530109
KNA,2016,1006818518.51852,21387.5415511103
KNA,2017,1056977777.77778,22464.9899633959
KNA,2018,1076548148.14815,22901.3816403197
KNA,2019,1107855555.55556,23595.4923231291
KNA,2020,883922222.222222,18859.0190361046
KNA,2021,858622222.222222,18361.1449697886
KNA,2022,981429629.62963,21011.5744209816
KNA,2023,1055651851.85185,22576.9248439166
KNA,2024,1122388888.88889,23960.6534357084
KOR,2005,971740329983.878,20167.0474902506
KOR,2006,1095175538508.19,22609.7059431449
KOR,2007,1220911904593.06,25078.4853957105
KOR,2008,1091580692542.34,22252.3125108061
KOR,2009,983065242417.36,19937.3029137734
KOR,2010,1192830015737.68,24071.2620526362
KOR,2011,1307103477219.1,26175.2398553363
KOR,2012,1335343586437.67,26600.5477433903
KOR,2013,1434669686501.84,28449.3591104972
KOR,2014,1556252422020.44,30667.0912467447
KOR,2015,1539212301135.55,30171.7906545222
KOR,2016,1579150518945.44,30832.0628072516
KOR,2017,1710196756713.17,33296.9845439195
KOR,2018,1824251454306.83,35363.9508228687
KOR,2019,1751045752054.63,33826.9443301597
KOR,2020,1744070276373.34,33645.7719545073
KOR,2021,1942313560965.9,37518.4635305697
KOR,2022,1799363116866.52,34822.4048404971
KOR,2023,1844800934391.54,35674.095995632
KOR,2024,1875388209406.8,36238.639908315
KWT,2005,80798630136.9863,36122.6142741227
KWT,2006,101557330723.423,42946.6374104066
KWT,2007,114634043361.692,45709.4132876371
KWT,2008,147379737229.753,55585.1889344442
KWT,2009,105968691905.415,37907.1001320042
KWT,2010,115416245241.742,39212.252220155
KWT,2011,154039231245.856,49169.6063813095
KWT,2012,174047662680.041,52155.2225833921
KWT,2013,174168116534.844,49651.0439275077
KWT,2014,162650450684.725,44368.7813457751
KWT,2015,114585555688.511,29882.2126495698
KWT,2016,109406674124.652,27323.6890735517
KWT,2017,120687539805.505,29047.6536135703
KWT,2018,138646316350.727,32067.9623756889
KWT,2019,140856394860.529,31707.8737443551
KWT,2020,111045470605.715,25236.0755848941
KWT,2021,148350671489.144,34018.6342592913
KWT,2022,183502046693.878,39981.7691035833
KWT,2023,165462656226.772,34091.9714813002
KWT,2024,160903106639.233,32855.7209688827
LAO,2005,2735558734.7379,466.061506997741
LAO,2006,3455030060.9785,579.391947440719
LAO,2007,4223152739.04052,697.323013673925
LAO,2008,5446433157.40114,885.747376088762
LAO,2009,5836137329.63305,935.03237283283
LAO,2010,7131771014.70456,1125.91610151261
LAO,2011,8750104617.17303,1361.54704394913
LAO,2012,10192846339.4029,1563.5650771337
LAO,2013,11983252626.5452,1812.51774424651
LAO,2014,13279245886.3854,1981.03910900473
LAO,2015,14426380125.6488,2121.01339097363
LAO,2016,15912501722.6143,2303.22156035363
LAO,2017,17071155481.4994,2432.43059478511
LAO,2018,18141641089.7963,2545.1075420815
LAO,2019,18740561512.5555,2589.32081035237
LAO,2020,18981805250.2424,2583.77730696131
LAO,2021,18827148530.9347,2526.05105018529
LAO,2022,15468785203.7532,2046.40440255621
LAO,2023,15843155731.2552,2066.94979776957
LAO,2024,16502933121.3379,2123.97909415109
LBN,2005,21497336498.8391,4602.19804637945
LBN,2006,22022709851.4096,4635.2514117486
LBN,2007,24827355014.9254,5125.25809960149
LBN,2008,29118916105.4726,5912.04532820842
LBN,2009,35399582928.6899,7090.85493856621
LBN,2010,38443907042.1227,7625.81051551165
LBN,2011,39927125961.5257,7834.96257108993
LBN,2012,44016799515.7546,8406.98405608118
LBN,2013,46880103080.597,8162.37929361396
LBN,2014,48095213746.6003,7577.6413302369
LBN,2015,49929337836.8159,7714.1099998804
LBN,2016,51147308774.1294,8089.012088155
LBN,2017,53027680685.9038,8608.21084982387
LBN,2018,54901519155.5556,9174.53666204759
LBN,2019,51605959131.2741,8905.88005497437
LBN,2020,31712128253.7961,5561.19166950397
LBN,2021,23131941556.7843,4045.37391066234
LBN,2022,20992421948.8081,3654.35845534878
LBN,2023,20078620356.9931,3477.72489842684
LBN,2024,25971643441.3408,4473.27134441128
LBR,2005,949000000,287.487333441381
LBR,2006,1119000000,320.55808618515
LBR,2007,1373000000,374.211308104278
LBR,2008,1726000000,451.713856283285
LBR,2009,1768000000,448.386367025545
LBR,2010,1998000000,492.252808033724
LBR,2011,2398000000,568.087865520004
LBR,2012,2791614000,638.368751462083
LBR,2013,3177198100,710.744570927863
LBR,2014,3225652000,706.714490064507
LBR,2015,3227075700,692.590082351257
LBR,2016,3398419600,714.613063145659
LBR,2017,3390703400,699.269095727404
LBR,2018,3422754800,692.203127129794
LBR,2019,3319596500,658.164180770507
LBR,2020,3176126300,616.787867006715
LBR,2021,3513049500,667.96610514319
LBR,2022,4001047000,744.617175237387
LBR,2023,4390000000,799.194470229642
LBR,2024,4779300900,851.497723870206
LBY,2005,47334691241.4924,8079.24957329001
LBY,2006,60094231606.642,10048.8480434289
LBY,2007,68032978390.6007,11144.9448413435
LBY,2008,86710767415.1371,13906.1407818125
LBY,2009,60808562033.4191,9551.05403869755
LBY,2010,75380825062.4216,11600.9068649472
LBY,2011,48169263294.1007,7593.8391525702
LBY,2012,92540938129.1315,14975.8902795144
LBY,2013,75351107029.0605,11951.7134126011
LBY,2014,57372355592.022,8926.42074591474
LBY,2015,48717501321.3052,7458.48917756374
LBY,2016,49912073701.298,7525.80299308216
LBY,2017,67157452181.7738,9965.83236729757
LBY,2018,76686029772.1483,11196.5854810844
LBY,2019,69254496471.6938,9963.19489084483
LBY,2020,46854285440.642,6650.33810585348
LBY,2021,35217995647.2862,4935.82787349801
LBY,2022,43246297921.8499,5986.63694851258
LBY,2023,44027664915.187,6026.51518708812
LBY,2024,48487151215.345,6569.16408678648
LCA,2005,1135555555.55556,6863.43641919345
LCA,2006,1268319185.18519,7611.17856675319
LCA,2007,1336088814.81481,7964.38211480117
LCA,2008,1437731111.11111,8516.96075488787
LCA,2009,1401507888.88889,8250.52180732734
LCA,2010,1482385185.18519,8673.68720340529
LCA,2011,1568370370.37037,9128.99442011613
LCA,2012,1598207407.40741,9260.30006551714
LCA,2013,1660392592.59259,9577.21733754358
LCA,2014,1749185185.18518,10044.8218377677
LCA,2015,1807640740.74074,10334.9860823918
LCA,2016,1868544444.44444,10638.1269396653
LCA,2017,1998503703.7037,11333.1123822102
LCA,2018,2060955555.55556,11642.6984727769
LCA,2019,2090074074.07407,11764.3944032403
LCA,2020,1521740740.74074,8537.11495506727
LCA,2021,1871111111.11111,10481.1233971786
LCA,2022,2319888888.88889,12976.1489693474
LCA,2023,2441259259.25926,13616.6397593734
LCA,2024,2605148148.14815,14493.658470648
LIE,2005,3659319116.88057,105295.057027611
LIE,2006,4000102086.14635,114167.939211301
LIE,2007,4601429897.21468,130492.595349517
LIE,2008,5081479840.08716,143249.227302093
LIE,2009,4504375348.07038,126024.714567466
LIE,2010,5082337238.44718,141089.812849014
LIE,2011,5739706004.89616,158066.369379163
LIE,2012,5456102482.28614,148842.035144342
LIE,2013,6391708310.67727,172823.607794648
LIE,2014,6657526979.72277,178735.153020908
LIE,2015,6268515276.17441,167187.15730982
LIE,2016,6237302033.50132,165375.491396259
LIE,2017,6474308717.85289,170547.092298954
LIE,2018,6692620691.84146,174988.775083446
LIE,2019,6436467007.11932,166907.839305016
LIE,2020,6405870210.32293,164671.093553454
LIE,2021,7912602342.18895,201944.830335076
LIE,2022,7426856242.7736,188055.003235348
LIE,2023,8239379403.22096,206780.590353385
LIE,2024,8905764270.4054,220167.225473557
LKA,2005,24405791044.7761,1207.21994764165
LKA,2006,28267410542.5164,1388.89739119932
LKA,2007,32350238760.4239,1578.63451125392
LKA,2008,40713826215.0093,1973.58476901287
LKA,2009,42066224093.0065,2026.65939950702
LKA,2010,58636049581.1712,2808.36245207687
LKA,2011,67753285882.299,3224.95745082305
LKA,2012,70447216891.3366,3327.77612404326
LKA,2013,76976204074.978,3739.43182292825
LKA,2014,82531125461.843,3972.04377042271
LKA,2015,85090300895.6546,4057.71582716521
LKA,2016,88000210878.1236,4149.19189391879
LKA,2017,94369350439.4732,4398.88828786059
LKA,2018,94450015982.806,4358.56095905888
LKA,2019,88998706177.9986,4081.94772178134
LKA,2020,84335574372.2997,3847.60136741182
LKA,2021,88556699052.2008,3996.96240531688
LKA,2022,74143020303.663,3342.63650438046
LKA,2023,84080307355.5983,3815.41531767474
LKA,2024,99616111265.7633,4545.36006870612
LSO,2005,1682343527.49221,861.381496414995
LSO,2006,1800092563.75462,925.467485502842
LSO,2007,1682131784.51365,861.188420899563
LSO,2008,1766902709.19935,898.482517882593
LSO,2009,1740894964.80511,878.847950537772
LSO,2010,2234754241.91918,1119.47557793042
LSO,2011,2579409619.96722,1280.73390931581
LSO,2012,2477702216.26888,1217.93071228944
LSO,2013,2367112931.642,1151.03735837227
LSO,2014,2441063054.05792,1173.5377928819
LSO,2015,2359686724.53829,1121.19851342518
LSO,2016,2114426452.2019,992.491840678465
LSO,2017,2306741672.29006,1069.36673247542
LSO,2018,2556247291.99785,1170.65569702819
LSO,2019,2390702295.82777,1082.05706777516
LSO,2020,2053699863.99625,918.582574704447
LSO,2021,2412130056.55851,1066.58645143823
LSO,2022,2354980960.02697,1030.12582947757
LSO,2023,2129871529.52517,921.435141557056
LSO,2024,2391282547.80028,1023.04227681523
LTU,2005,26105207115.3129,7857.03148786492
LTU,2006,30116192746.8942,9210.10118229413
LTU,2007,39729151614.6689,12295.1212779366
LTU,2008,47831254207.5223,14955.5345462921
LTU,2009,37494380038.9213,11854.3711053096
LTU,2010,36638128534.0643,11829.122609457
LTU,2011,43186501862.7907,14261.8433787325
LTU,2012,42709372066.8627,14288.1853493139
LTU,2013,46303660422.0434,15636.5252586048
LTU,2014,48306546656.9281,16446.1647181663
LTU,2015,41540954817.2039,14269.8039878287
LTU,2016,42970749245.0336,14934.2702840428
LTU,2017,47756764508.446,16800.1510246099
LTU,2018,54261795148.5372,19247.2315367967
LTU,2019,55122066225.796,19608.7943945553
LTU,2020,57412038533.2718,20428.6478157394
LTU,2021,67072165721.2431,23882.8668916753
LTU,2022,70639687325.6326,24946.5724005188
LTU,2023,80356613554.5602,27983.3658256887
LTU,2024,85503938573.5664,29603.7772588256
LUX,2005,37672311222.7362,80988.2044869403
LUX,2006,42910153829.6576,90788.8164271049
LUX,2007,51587401415.7872,107475.320297978
LUX,2008,58844277701.5258,120422.137934157
LUX,2009,54467289897.5582,109419.746953106
LUX,2010,56213985987.4168,110885.991378721
LUX,2011,61696281326.2453,119025.057203467
LUX,2012,59776383527.3602,112584.676270958
LUX,2013,65203276466.9763,120000.140729859
LUX,2014,68804814554.646,123678.706919314
LUX,2015,60071584216.1375,105462.012584423
LUX,2016,62216885435.9488,106899.293549552
LUX,2017,65712180342.9836,110193.213797228
LUX,2018,71085623495.1145,116926.759593905
LUX,2019,69872035113.6469,112696.649059674
LUX,2020,73670782100.3909,116860.02817236
LUX,2021,86386759695.1653,134965.815442152
LUX,2022,80801680397.0139,123719.658915996
LUX,2023,88788881539.3937,133230.619178899
LUX,2024,93279851863.4062,137781.681659123
LVA,2005,16306935905.4138,7283.78738127622
LVA,2006,20434922247.3037,9211.7374468148
LVA,2007,29420499247.7089,13370.9789452508
LVA,2008,34135200994.0067,15677.6080864506
LVA,2009,25691530442.035,11996.0322729773
LVA,2010,23468324572.3343,11188.4191700977
LVA,2011,26575547900.8247,12902.574053337
LVA,2012,27116149948.6683,13329.3499931271
LVA,2013,29152128167.8438,14484.4715282132
LVA,2014,30277203767.4058,15185.814581236
LVA,2015,26344565876.8902,13321.9753140616
LVA,2016,27117105059.5075,13838.5266823272
LVA,2017,29391059767.4259,15132.4958333982
LVA,2018,33247935477.3576,17252.1710428626
LVA,2019,33099503950.847,17294.9751600969
LVA,2020,33379927434.6149,17564.2321549354
LVA,2021,38183326784.9335,20261.8887788916
LVA,2022,38003198508.9107,20221.103686109
LVA,2023,42779550936.838,22710.2637544197
LVA,2024,44001275012.6141,23578.9663562625
MAC,2005,12160056122.3757,25681.2167315221
MAC,2006,14874098691.9082,29813.7877167933
MAC,2007,18439981612.4086,35400.2334659409
MAC,2008,21027018332.6663,38888.5118044503
MAC,2009,21589540350.7115,40354.2810293673
MAC,2010,28244172833.6035,52596.2250160214
MAC,2011,36848881944.6939,67046.7284292101
MAC,2012,43193350975.6862,76058.0224963659
MAC,2013,51559125350.236,87107.8313063626
MAC,2014,54930501310.2956,88355.3181764446
MAC,2015,44940613353.1038,69902.9605741233
MAC,2016,44964868323.7558,68911.6755919628
MAC,2017,50297028370.6668,77570.9876166977
MAC,2018,55076322634.344,83588.2875009014
MAC,2019,55025172016.004,81882.6964523869
MAC,2020,25280064167.7333,36883.6652578543
MAC,2021,30633941629.3633,44884.8961602393
MAC,2022,24929307447.3237,36806.891255461
MAC,2023,45626467279.891,67216.3631112124
MAC,2024,49467258923.3244,72004.7437020733
MAF,2005,,
MAF,2006,,
MAF,2007,,
MAF,2008,,
MAF,2009,,
MAF,2010,,
MAF,2011,775875748.523832,20930.5821177758
MAF,2012,,
MAF,2013,,
MAF,2014,772921958.529509,20638.7705882379
MAF,2015,,
MAF,2016,,
MAF,2017,,
MAF,2018,,
MAF,2019,652206037.103874,19033.0649634889
MAF,2020,,
MAF,2021,649206262.847519,21668.3776525323
MAF,2022,,
MAF,2023,,
MAF,2024,,
MAR,2005,68852658068.6673,2242.98828125
MAR,2006,75883823300.8545,2438.12646484375
MAR,2007,86947913286.728,2755.5859375
MAR,2008,101822906949.063,3183.20043945313
MAR,2009,101154952240.881,3119.58862304688
MAR,2010,100865329473.44,3067.9853515625
MAR,2011,110080631332.375,3301.98876953125
MAR,2012,106937392311.129,3164.17724609375
MAR,2013,115739287305.08,3379.7431640625
MAR,2014,119130841411.664,3435.40698242188
MAR,2015,110413823841.592,3146.24780273438
MAR,2016,111572947004.917,3140.85546875
MAR,2017,118540573367.844,3296.52661132813
MAR,2018,127341147581.818,3501.69799804688
MAR,2019,128920266409.458,3508.09765625
MAR,2020,121353645057.144,3268.0302734375
MAR,2021,142022058447.231,3785.93627929688
MAR,2022,131245312804.483,3463.1376953125
MAR,2023,146036093666.762,3813.72607421875
MAR,2024,160610994054.734,4153.1943359375
MCO,2005,4204651893.54085,130538.711379722
MCO,2006,4586828062.23529,143083.509443656
MCO,2007,5875787545.33335,184558.455423983
MCO,2008,6502945305.07812,204263.893236529
MCO,2009,5474381527.61718,169150.337647299
MCO,2010,5367561640.00001,161853.922745228
MCO,2011,6088690667.31519,179364.009524397
MCO,2012,5742748405.54688,165444.625782803
MCO,2013,6555590641.56865,184940.633666281
MCO,2014,7070015473.96076,195693.519540544
MCO,2015,6264753585.625,170437.021128628
MCO,2016,6471287668.59924,173604.669723126
MCO,2017,6430258224.58825,170663.470051177
MCO,2018,7184336760.39215,188298.389694191
MCO,2019,7383494129.41175,193746.729890885
MCO,2020,6730733230.81714,176891.806328966
MCO,2021,8623241326.74405,223823.327192464
MCO,2022,8800432773.73544,226052.060664649
MCO,2023,10003897341.1766,256799.911212051
MCO,2024,11125788838.2812,288001.574856495
MDA,2005,2988342907.03096,1034.39197746993
MDA,2006,3408255450.5509,1183.02481442894
MDA,2007,4401173151.93767,1531.21618590748
MDA,2008,6054824248.24221,2110.55305353857
MDA,2009,5439434271.78807,1898.43975710988
MDA,2010,6974982369.60155,2436.79935102421
MDA,2011,8414352020.49442,2941.36224066021
MDA,2012,8709138634.82921,3044.8084324815
MDA,2013,9496717875.51932,3321.04397795719
MDA,2014,9402090137.7423,3289.95758568777
MDA,2015,7797667196.73087,2749.55137054338
MDA,2016,7980917075.7748,2847.08794770479
MDA,2017,9514404016.20949,3453.26727720294
MDA,2018,11252353420.8798,4156.44981956646
MDA,2019,11736797054.6965,4405.33418162155
MDA,2020,11530746234.4492,4375.7788930524
MDA,2021,13691869264.0794,5274.60582195352
MDA,2022,14525337523.7271,5744.29618434435
MDA,2023,16711906746.2133,6799.58594644576
MDA,2024,18206842140.7615,7578.90216348853
MDG,2005,5859269752.61332,305.812074924388
MDG,2006,6395712490.94304,324.146874882604
MDG,2007,8524620889.57747,419.548001431865
MDG,2008,10725137723.6549,512.579800058444
MDG,2009,9616879409.43789,446.315238370592
MDG,2010,9982711338.07029,450.009391645726
MDG,2011,11551819617.874,506.163691559309
MDG,2012,11578975061.9479,493.511162904211
MDG,2013,12423555455.3853,515.301589361832
MDG,2014,12522957399.2281,505.684922503435
MDG,2015,11323020701.3017,445.320069480568
MDG,2016,11848613858.442,453.970714522463
MDG,2017,13176313593.5509,491.866848718929
MDG,2018,13760033282.2925,500.45718552916
MDG,2019,14104664678.5063,499.818837622534
MDG,2020,13051441204.053,450.771615205157
MDG,2021,14354731964.3258,483.469463351195
MDG,2022,15342178598.2475,504.059106969168
MDG,2023,16036707975.7567,514.064076551927
MDG,2024,17592832696.1336,550.37875528856
MDV,2005,1163362437.5,3796.51546524644
MDV,2006,1575200390.625,5018.94335409159
MDV,2007,1868383460.9375,5758.10286933053
MDV,2008,2271646187.5,6757.43280929292
MDV,2009,2345294875,6734.03165601895
MDV,2010,2588176054.6875,7173.59601844692
MDV,2011,2774350240.04918,7424.520410971
MDV,2012,2886163997.20531,7461.29703686309
MDV,2013,3295009237.50107,8236.08177944126
MDV,2014,3697353039.20043,8939.07416571472
MDV,2015,4129505319.12921,9644.90655028145
MDV,2016,4409942623.85538,9947.80744731739
MDV,2017,4816426256.52914,10509.628805812
MDV,2018,5404344162.69888,11423.2838427029
MDV,2019,5726094799.37709,11740.2724029785
MDV,2020,3712604583.36665,7393.8886543933
MDV,2021,5252457369.55218,10176.143882547
MDV,2022,6177123352.26211,11786.0191492983
MDV,2023,6621008703.95743,12587.6126038651
MDV,2024,7061608267.25451,13379.3513577224
MEX,2005,917571853437.344,8671.75891798441
MEX,2006,1020265057882.01,9512.63575346699
MEX,2007,1102355554880.44,10134.3327129706
MEX,2008,1161553459984.65,10523.7685427665
MEX,2009,943437414950.633,8423.56933148639
MEX,2010,1105424238651.95,9728.80078307432
MEX,2011,1229013703416.76,10664.4944032313
MEX,2012,1255110424741.85,10744.1335236186
MEX,2013,1327436290439.27,11216.800851866
MEX,2014,1364507717689.36,11391.3773503964
MEX,2015,1213294467653.78,10021.2386113616
MEX,2016,1112233497452.7,9097.92397674769
MEX,2017,1190721475853.16,9649.27816729586
MEX,2018,1256300182983.65,10084.7937570364
MEX,2019,1304106204006.27,10369.5553593527
MEX,2020,1121064767168.8,8841.27074929751
MEX,2021,1316569466833.94,10314.0506733708
MEX,2022,1466934724243.38,11405.7940469896
MEX,2023,1794410347718.25,13830.843848864
MEX,2024,1830489311088.89,13988.0423745241
MHL,2005,138000000,2658.65217893885
MHL,2006,143200000,2754.26988767503
MHL,2007,150500000,2892.28403958874
MHL,2008,146600000,2817.60522775322
MHL,2009,151200000,2906.63026970914
MHL,2010,161100000,3095.45768964722
MHL,2011,172300000,3319.39815439151
MHL,2012,180700000,3514.26515490383
MHL,2013,186400000,3677.90690791421
MHL,2014,186000000,3735.23977829545
MHL,2015,183700000,3764.34426229508
MHL,2016,201800000,4229.80988911945
MHL,2017,213700000,4592.83457628576
MHL,2018,220000000,4858.12079054875
MHL,2019,232900000,5292.33985502306
MHL,2020,241800000,5661.96787336674
MHL,2021,261245500,6315.31172190393
MHL,2022,258723500,6455.6603538189
MHL,2023,264000000,6799.39217554794
MHL,2024,285000000,7590.28443592202
MKD,2005,6258602872.67898,3120.98401394233
MKD,2006,6861226971.55617,3440.4411057968
MKD,2007,8336474973.72949,4204.11328760452
MKD,2008,9909552434.51136,5026.4202989873
MKD,2009,9401736825.42688,4799.78722768888
MKD,2010,9407170321.37752,4833.36586759968
MKD,2011,10494626767.6445,5416.86672931659
MKD,2012,9745261300.57788,5049.8265386157
MKD,2013,10817702346.0674,5626.26115664893
MKD,2014,11362265252.778,5925.38592218015
MKD,2015,10064519962.5655,5262.68671928674
MKD,2016,10672467073.2873,5598.48622617967
MKD,2017,11307067069.6658,5955.2973863451
MKD,2018,12683068114.2388,6713.98925398989
MKD,2019,12606338448.547,6718.85826635458
MKD,2020,12361036913.8409,6659.59651070776
MKD,2021,14000283827.0154,7620.80296977508
MKD,2022,13932436550.0883,7606.2375253797
MKD,2023,15855131188.9092,8674.35846327485
MKD,2024,16951682221.3962,9291.8566035502
MLI,2005,7429066951.56583,548.730382848879
MLI,2006,8212007553.99393,586.985415512593
MLI,2007,9699047442.57905,670.853394978069
MLI,2008,11462490840.2195,767.194838946144
MLI,2009,12155217832.8039,787.48256428259
MLI,2010,12710739159.5014,797.151541141189
MLI,2011,15452791788.9356,938.292902579598
MLI,2012,14795114602.6122,872.506092463946
MLI,2013,15747192680.9971,901.920957649814
MLI,2014,17081681993.2577,947.915033293219
MLI,2015,15583181170.4105,838.11986940103
MLI,2016,16743796799.8329,872.468587171653
MLI,2017,18308362040.0521,924.057531692284
MLI,2018,20368015381.2413,996.379292136901
MLI,2019,20477421884.5414,971.949318638092
MLI,2020,20698560938.7775,953.242943290974
MLI,2021,22999245262.6719,1027.27345365357
MLI,2022,22539987718.7642,976.914116406452
MLI,2023,24777941860.767,1042.44223444837
MLI,2024,26761281076.7658,1093.2523323649
MLT,2005,6393234964.93061,15831.3439802756
MLT,2006,6749838861.63176,16653.6038312389
MLT,2007,7908412373.84313,19444.1743635565
MLT,2008,9172399572.85742,22405.6426266551
MLT,2009,8769897418.38144,21261.5428699817
MLT,2010,9097044301.48168,21946.6073066905
MLT,2011,9789363086.07492,23516.972445816
MLT,2012,9609530618.89688,22878.3095862582
MLT,2013,10796780874.0524,25415.5525389054
MLT,2014,11888029751.5962,27424.5693619702
MLT,2015,11340789705.8045,25529.6693210673
MLT,2016,12025777078.0922,26459.0644285369
MLT,2017,14161374599.3379,30317.2611769875
MLT,2018,16153785816.8181,33382.280781103
MLT,2019,16337788880.578,32421.9087471186
MLT,2020,16404655807.6687,31823.422001724
MLT,2021,19730119030.6198,38078.0064279067
MLT,2022,18938869147.0818,35658.8318250199
MLT,2023,22625329775.6867,40932.5238774461
MLT,2024,25042712191.3281,44023.6341078148
MMR,2005,11986972418.5103,252.685193060728
MMR,2006,14502553709.8303,303.495087119254
MMR,2007,20182477480.5512,419.375780725042
MMR,2008,31862554101.9378,658.442487229705
MMR,2009,36906181380.8127,758.442935789255
MMR,2010,49540813342.4834,1010.53417343401
MMR,2011,59977326085.9908,1213.62898703376
MMR,2012,59937796648.2158,1202.6658960055
MMR,2013,60269732854.827,1199.09561597055
MMR,2014,65531374199.6663,1293.00042298688
MMR,2015,59607290407.6191,1166.73305546337
MMR,2016,63298361996.2153,1229.19713515893
MMR,2017,66053040483.0016,1272.82241830603
MMR,2018,67860515989.517,1298.21310320785
MMR,2019,75065106227.6892,1425.98954211903
MMR,2020,79006113643.1906,1490.21683548367
MMR,2021,66345291160.1683,1242.72134419599
MMR,2022,62253049891.6449,1158.05005034332
MMR,2023,66757619000,1233.19666209269
MMR,2024,74068349523.8095,1359.05001560107
MNE,2005,2258016379.81634,3675.98851272723
MNE,2006,2719979875.03411,4422.55172559508
MNE,2007,3682586459.42836,5979.43813180981
MNE,2008,4559410049.1032,7390.01481290503
MNE,2009,4159063347.27246,6726.67589734408
MNE,2010,4136936243.54334,6678.63939560908
MNE,2011,4507127584.90565,7265.51771176628
MNE,2012,4071828832.31109,6552.47970337373
MNE,2013,4422097042.14762,7102.7776714702
MNE,2014,4579635403.65249,7342.17147363741
MNE,2015,4010884106.80136,6421.00005731419
MNE,2016,4357467226.269,6968.01202883651
MNE,2017,4803964684.21648,7674.2856571219
MNE,2018,5433469310.85184,8673.59469069858
MNE,2019,5483622632.13097,8749.25629734676
MNE,2020,4734192593.29169,7555.48699036321
MNE,2021,5822908963.58053,9315.86435643142
MNE,2022,6259721790.0652,10038.1849482517
MNE,2023,7643318276.40347,12258.1600477339
MNE,2024,8274290505.96367,13270.1824401005
MNG,2005,2523471601.10421,994.90010913241
MNG,2006,3414055661.61598,1329.89179579053
MNG,2007,4234999703.90059,1627.68787743359
MNG,2008,5623216608.04288,2127.42678594737
MNG,2009,4583850367.88972,1703.32756790019
MNG,2010,7189481998.90094,2625.21881402433
MNG,2011,10409797377.8571,3736.04201455077
MNG,2012,12292770631.565,4328.89001905655
MNG,2013,12582122604.2577,4340.14310544449
MNG,2014,12226514668.0622,4126.23975800524
MNG,2015,11619892590.6941,3838.92126989984
MNG,2016,11181350649.3573,3619.90026383792
MNG,2017,11480847740.736,3645.96708669551
MNG,2018,13178094720.4986,4107.64288528468
MNG,2019,14206359017.5143,4347.54610314873
MNG,2020,13312981429.0891,4001.25193077703
MNG,2021,15286441737.6686,4517.61578018785
MNG,2022,17146471713.748,4993.51487463495
MNG,2023,20325121393.9074,5838.63108083902
MNG,2024,23794540024.5132,6750.6301157724
MNP,2005,1061000000,17015.7487891715
MNP,2006,990000000,16314.5578590027
MNP,2007,938000000,15914.2193040498
MNP,2008,939000000,16430.4461942257
MNP,2009,795000000,14369.6339810212
MNP,2010,799000000,14771.4037455399
MNP,2011,729000000,13598.7166094613
MNP,2012,746000000,14013.6003306158
MNP,2013,772000000,14632.8518897608
MNP,2014,832000000,15945.417608954
MNP,2015,910000000,17665.1007493109
MNP,2016,1230000000,24225.474169342
MNP,2017,1560000000,31225.6049960968
MNP,2018,1301000000,26509.3628379893
MNP,2019,1179000000,24496.6652122421
MNP,2020,866000000,18220.8382427201
MNP,2021,914000000,19455.50139424
MNP,2022,1096000000,23785.754590043
MNP,2023,,
MNP,2024,,
MOZ,2005,8868504899.94673,436.773856167384
MOZ,2006,9509835536.93373,457.487647833183
MOZ,2007,10811456005.9405,507.874923914304
MOZ,2008,12920340964.6544,592.159111184122
MOZ,2009,12263894790.0125,547.697144193651
MOZ,2010,11411894723.864,496.185839392659
MOZ,2011,14619279988.716,618.17649286789
MOZ,2012,16688114144.0745,685.685748199513
MOZ,2013,17198073057.1981,686.505672517351
MOZ,2014,17978246586.0662,697.142680444123
MOZ,2015,16208985769.615,610.563774706589
MOZ,2016,12069051237.1711,441.489734819071
MOZ,2017,13264640645.7768,470.93856305196
MOZ,2018,15017358952.8452,517.507260258101
MOZ,2019,15512759046.672,519.09255091362
MOZ,2020,14235420174.1884,462.433876479921
MOZ,2021,16168055475.4449,509.907829475551
MOZ,2022,18884232598.8698,578.273222184503
MOZ,2023,20927498317.3094,622.191133245967
MOZ,2024,22752244245.473,656.976148587772
MRT,2005,2936019525.60241,998.96583416747
MRT,2006,3919577285.92703,1300.60367988659
MRT,2007,4346212355.02975,1405.15016203368
MRT,2008,5206437193.80413,1635.5630623124
MRT,2009,4714595547.75102,1435.43010811893
MRT,2010,5628878797.98257,1659.96369705455
MRT,2011,6764627745.9033,1931.19975525465
MRT,2012,6728208836.22143,1859.11733247641
MRT,2013,7230646063.35983,1936.26950446101
MRT,2014,6615483550.17817,1718.97089374709
MRT,2015,6182303676.55144,1558.84205473416
MRT,2016,6407900701.25829,1568.00551190332
MRT,2017,6812472965.33868,1617.93401542267
MRT,2018,7475471309.52265,1723.37809442655
MRT,2019,7894764885.82312,1767.072710621
MRT,2020,8260567356.81635,1795.72437324423
MRT,2021,9221044666.76483,1947.47413907209
MRT,2022,9562497460.55394,1961.28166648869
MRT,2023,10687541640.1299,2127.9576285973
MRT,2024,10879212033.4823,2104.54260769051
MUS,2005,6576108447.47531,5354.02974260642
MUS,2006,7137710412.93687,5784.22491883026
MUS,2007,8277474849.95045,6677.37538616398
MUS,2008,10127741914.5324,8140.47983639243
MUS,2009,9264482255.83389,7426.86137313939
MUS,2010,10144716154.9356,8113.17670740212
MUS,2011,11677718382.4259,9324.24232310496
MUS,2012,11832323837.1071,9421.52514098225
MUS,2013,12434596541.2996,9877.13865958834
MUS,2014,13230490081.5656,10490.3315563853
MUS,2015,12162211503.0793,9630.5437837507
MUS,2016,12757680846.5663,10095.1225574156
MUS,2017,13896938315.2799,10986.7034093005
MUS,2018,14957535715.9696,11818.7480619272
MUS,2019,14645235204.6176,11568.2533399824
MUS,2020,11566111137.5568,9135.84773751062
MUS,2021,11622048696.8129,9177.71195973013
MUS,2022,12936444123.3037,10246.5017455553
MUS,2023,14072212290.4596,11269.9684462139
MUS,2024,14938055690.3609,11990.9355434317
MWI,2005,5320409651.47544,414.361121984475
MWI,2006,5818279739.14354,440.822149023873
MWI,2007,6451210219.11683,475.180261659331
MWI,2008,7743617352.21427,554.048820396119
MWI,2009,9009887946.82039,625.869729869625
MWI,2010,10128323010.6049,683.124694716799
MWI,2011,11648142958.3651,763.061000394572
MWI,2012,8773203178.16512,558.46208832772
MWI,2013,8031571927.62055,496.947368267313
MWI,2014,8801326169.14547,529.5133440206
MWI,2015,9219474379.31534,539.605363240686
MWI,2016,7909868618.46366,450.506105510719
MWI,2017,8943543793.5839,495.769683367165
MWI,2018,9879220354.29186,533.202567189331
MWI,2019,11051852712.6142,580.889139762475
MWI,2020,11769313597.8545,602.507478176106
MWI,2021,12378119199.0839,617.446994451007
MWI,2022,12429059928.102,604.269740360317
MWI,2023,13363669672.9405,633.214767978695
MWI,2024,11311971400.3864,522.365366146003
MYS,2005,143534405818.501,5555.58179951206
MYS,2006,162692258307.056,6158.40785533236
MYS,2007,193549569477.733,7168.93031942508
MYS,2008,230811614370.384,8371.82156086005
MYS,2009,202257453036.641,7191.43287234626
MYS,2010,255017638455.59,8899.34505544675
MYS,2011,297951668674.835,10217.1068585031
MYS,2012,314443047642.111,10600.5744240026
MYS,2013,323276235524.415,10713.6407638899
MYS,2014,338066095097.254,11013.3107334403
MYS,2015,301355266964.947,9648.6797937523
MYS,2016,301256033870.334,9476.53409809923
MYS,2017,319109094160.343,9862.54806612235
MYS,2018,358788845712.53,10901.8019954421
MYS,2019,365177721021.516,10920.191763972
MYS,2020,337456163961.211,9957.52626697613
MYS,2021,373784553029.978,10903.1037480772
MYS,2022,407830525989.553,11754.5678336248
MYS,2023,399949418752.657,11386.0395636528
MYS,2024,422227005428.688,11874.4273684245
NAM,2005,7248374837.72056,3685.77299991587
NAM,2006,8001779551.06323,4017.1834716928
NAM,2007,8839536475.99963,4379.04313682732
NAM,2008,8607431497.49471,4204.78555422749
NAM,2009,8938847189.07592,4302.91374148376
NAM,2010,11431412421.1316,5418.21633365814
NAM,2011,12523359440.5499,5834.7917675794
NAM,2012,13042053591.6857,5942.64680978673
NAM,2013,12043307277.1235,5346.62131149967
NAM,2014,12435430969.6301,5378.32326241205
NAM,2015,11335161083.5061,4774.10650865775
NAM,2016,10722018732.0936,4395.68776162376
NAM,2017,12895153370.9132,5143.96072323076
NAM,2018,13682019076.4022,5308.60813408705
NAM,2019,12541928303.48,4731.9210318831
NAM,2020,10583748541.5258,3878.58982993966
NAM,2021,12402486183.6396,4412.8355693052
NAM,2022,12569449123.3661,4349.79908493314
NAM,2023,12522012873.7957,4225.99102418102
NAM,2024,13641190683.4641,4501.84849548225
NCL,2005,6238629487.01331,25528.2918353444
NCL,2006,6979155387.86792,28193.2537573387
NCL,2007,8819917180.34265,35177.6535261448
NCL,2008,9067619760.07073,35723.9033194947
NCL,2009,8704438102.20142,33836.494080472
NCL,2010,9364350076.91225,35798.9084757829
NCL,2011,10351448004.7674,38835.9401851385
NCL,2012,9659151917.40484,35559.5672006157
NCL,2013,10151382933.1594,36671.1566752621
NCL,2014,10635035594.7528,37816.9558599295
NCL,2015,8738203074.3957,30858.7237060533
NCL,2016,8724568954.89799,30782.8544433514
NCL,2017,9174048681.98577,32354.7102832901
NCL,2018,9896402283.68587,34902.8968780031
NCL,2019,9475655324.59495,33411.3358835672
NCL,2020,9454629467.91408,33270.330597637
NCL,2021,10071349663.8484,35311.5543551452
NCL,2022,9623318718.31459,33516.363085906
NCL,2023,9769167530.35744,33701.8923322781
NCL,2024,8548919387.12607,29213.1923192946
NER,2005,4383315964.58718,318.643121918273
NER,2006,4756361252.37923,333.345078419447
NER,2007,5731485051.79069,387.168065883301
NER,2008,7297600226.00536,475.044955398162
NER,2009,7352131309.73341,461.131533961487
NER,2010,7851192502.30917,474.425692340831
NER,2011,8772950777.79176,510.75956176268
NER,2012,9426912647.59111,528.510104469655
NER,2013,10224897437.8648,552.103334363117
NER,2014,10862943543.5419,565.30989731175
NER,2015,9683867926.44282,485.662574175279
NER,2016,10341025540.2322,499.910520068193
NER,2017,11359273443.3897,529.929418934868
NER,2018,12800907985.9863,576.927536415462
NER,2019,12420836506.7888,541.265819870273
NER,2020,13648332189.7307,575.451340306915
NER,2021,14936154253.3242,609.585703670137
NER,2022,15531799640.9005,613.614736429298
NER,2023,16949765463.9058,647.930108509567
NER,2024,19729786046.7618,729.856664168989
NGA,2005,175670569969.346,1211.37703504386
NGA,2006,238454997161.48,1599.53891556365
NGA,2007,278260846800.103,1815.52697545827
NGA,2008,339476276257.793,2154.10543545364
NGA,2009,295008835380.997,1820.48633854782
NGA,2010,366990417129.04,2202.25672957344
NGA,2011,414466676831.16,2418.41316975875
NGA,2012,463971018239.281,2633.19734671361
NGA,2013,520117180313.906,2872.79083379398
NGA,2014,574183763411.508,3088.72131316169
NGA,2015,493026682800.63,2585.73360671797
NGA,2016,404649125252.16,2070.4127339595
NGA,2017,375745731053.427,1876.34027111773
NGA,2018,421739251509.08,2057.87944554011
NGA,2019,668219992686.575,3189.81286496183
NGA,2020,598586817817.392,2797.184580679
NGA,2021,609147716965.348,2787.48779220991
NGA,2022,646950257575.455,2899.16047469267
NGA,2023,487387801877.803,2138.76383718757
NGA,2024,252261880140.271,1084.16041805058
NIC,2005,6321324279.14826,1183.30214010175
NIC,2006,6763672380.61154,1248.17371577788
NIC,2007,7423375014.75729,1350.38145753377
NIC,2008,8496967596.77008,1523.68437086409
NIC,2009,8298702489.0801,1467.08288052845
NIC,2010,8758602232.98358,1526.56706951408
NIC,2011,9774329332.71276,1679.71192084633
NIC,2012,10532017231.8253,1784.69836017555
NIC,2013,10982988249.2103,1835.43996363715
NIC,2014,11880438824.4494,1958.37047579547
NIC,2015,12756696261.0676,2074.45620634731
NIC,2016,13286093388.4752,2131.68704828322
NIC,2017,13785893007.4769,2182.61380995674
NIC,2018,13025221974.232,2035.16549390507
NIC,2019,12699023614.245,1958.62051528095
NIC,2020,12726422432.4868,1938.44704754382
NIC,2021,14209019392.3025,2138.38573878237
NIC,2022,15634573555.9049,2322.89069619459
NIC,2023,17805842220.7571,2609.44491147975
NIC,2024,19696311850.3289,2847.87639497305
NLD,2005,688133699635.797,42165.396168388
NLD,2006,737593995289.411,45123.5432406426
NLD,2007,853499460872.552,52100.7996285947
NLD,2008,957901566041.406,58246.7026905874
NLD,2009,878954223140.234,53172.0261581418
NLD,2010,852464982433.335,51305.7338533973
NLD,2011,913140741332.687,54701.7728030611
NLD,2012,845689017065.625,50473.9442002689
NLD,2013,883951539006.669,52602.2860520766
NLD,2014,901556501756.467,53457.2234864322
NLD,2015,775743675302.734,45793.8135434697
NLD,2016,797163949289.885,46808.5291492503
NLD,2017,848233537845.884,49513.6817346384
NLD,2018,929733599796.862,53955.0770024266
NLD,2019,928903005576.469,53554.9007491475
NLD,2020,932560861701.17,53467.9277413737
NLD,2021,1054472123449.6,60141.9880911492
NLD,2022,1046540797548.64,59123.318556487
NLD,2023,1135475867551,63515.6030780019
NLD,2024,1213936238063.28,67465.3208126875
NOR,2005,311417306946.061,67358.3615969796
NOR,2006,349773283644.925,75047.741700385
NOR,2007,407813774161.08,86600.2387607877
NOR,2008,472060283687.943,99001.5300678626
NOR,2009,395664488017.429,81939.726548458
NOR,2010,440132138425.479,90020.342257973
NOR,2011,512868581627.712,103545.218988177
NOR,2012,525082939406.962,104627.93694681
NOR,2013,540132255319.149,106333.138368566
NOR,2014,515829568897.117,100410.020200979
NOR,2015,400669174330.888,77220.9524311414
NOR,2016,383284047619.048,73222.4006864905
NOR,2017,415673181543.421,78771.2151264554
NOR,2018,454588871810.636,85579.0776455494
NOR,2019,424244886363.636,79329.3075190012
NOR,2020,382252517921.94,71057.5879471399
NOR,2021,521592200232.829,96442.5552173002
NOR,2022,617321834098.986,113122.130765691
NOR,2023,502197633322.816,90984.4087141111
NOR,2024,500886328034.123,89888.9535204758
NPL,2005,8130258377.90964,309.024168339372
NPL,2006,9043715355.8881,340.431796437968
NPL,2007,10325618017.379,385.449767660642
NPL,2008,12545438605.3959,464.817391891529
NPL,2009,12854985464.0764,473.078751198621
NPL,2010,16002656434.4746,585.278491984574
NPL,2011,21573872420.7008,785.518656222132
NPL,2012,21703100877.1309,788.202937148377
NPL,2013,22162204924.5726,803.269595420477
NPL,2014,22731612922.1906,821.455224911731
NPL,2015,24360801286.7638,875.543635474862
NPL,2016,24524109483.5293,877.256454696737
NPL,2017,28971588940.364,1034.28374906846
NPL,2018,33111525237.149,1179.19843190389
NPL,2019,34186180699.0255,1203.14294706401
NPL,2020,33433659301.2466,1154.21517578318
NPL,2021,36924841394.2605,1252.75076731986
NPL,2022,41182939519.8161,1385.91066002922
NPL,2023,41049329851.0546,1382.38300895424
NPL,2024,43298911699.9284,1460.28237984149
NRU,2005,30070666.0652533,2992.40382776926
NRU,2006,29200359.3890386,2910.14145794684
NRU,2007,22766972.1889659,2272.15291307045
NRU,2008,37602264.7306872,3756.84531228766
NRU,2009,44176245.5492433,4410.56764668962
NRU,2010,47562844.6104251,4735.92000502092
NRU,2011,65071879.7787162,6444.03642094634
NRU,2012,101055722.95058,9842.77032731856
NRU,2013,94385014.9425842,8974.51886874433
NRU,2014,99149244.4001333,9230.05440328927
NRU,2015,84863440.5801997,7747.25584993607
NRU,2016,97541943.0355053,8748.15632605428
NRU,2017,109355638.866955,9656.97976571484
NRU,2018,130995566.30391,11413.7463016389
NRU,2019,125160115.547819,10801.7705659635
NRU,2020,124685688.161094,10709.068810538
NRU,2021,149268323.992868,12748.1701249353
NRU,2022,180671357.349805,15309.8345351924
NRU,2023,161531316.884061,13602.6372112893
NRU,2024,167833414.846177,14048.163961344
NZL,2005,114720129550.095,27751.0654708859
NZL,2006,111538810712.665,26654.5932018985
NZL,2007,137188946865.584,32479.9817381467
NZL,2008,133437126590.286,31324.7397977102
NZL,2009,121663439315.385,28276.7255416225
NZL,2010,146887902524.052,33761.9009639947
NZL,2011,168458838711.118,38425.829997974
NZL,2012,176508049114.249,40041.7524816244
NZL,2013,190943478289.796,42984.9571801167
NZL,2014,201435445068.164,44599.8992733675
NZL,2015,178147457242.978,38648.7302562109
NZL,2016,188980351890.848,40088.3205470499
NZL,2017,206561943051.354,42912.1537002148
NZL,2018,211726161989.495,43204.1305124872
NZL,2019,213088034258.42,42872.2681243427
NZL,2020,213318129988.602,42054.6743136586
NZL,2021,253732493987.834,49902.154346032
NZL,2022,249723029451.237,49141.6316294227
NZL,2023,256372177757.764,49302.341876493
NZL,2024,261497198363.906,49432.3626396797
OMN,2005,35506892067.6203,14434.8577924647
OMN,2006,42577633289.987,16930.8565071853
OMN,2007,48300390117.0351,18792.653772482
OMN,2008,69804681404.4213,26576.779241509
OMN,2009,55454096228.8687,20655.9180249218
OMN,2010,64993498049.4148,23570.1798147325
OMN,2011,77497529258.7776,25188.0074151885
OMN,2012,87408842652.7958,24642.2978768596
OMN,2013,89936020806.2419,23458.0233840053
OMN,2014,92699089726.9181,23160.6502252547
OMN,2015,78710793237.9714,18808.3077921839
OMN,2016,75128738621.5865,17110.1897460545
OMN,2017,80856697009.1027,17820.0661809335
OMN,2018,91505851755.5267,19901.7615642016
OMN,2019,88060858257.4772,19180.1864152801
OMN,2020,75909492847.8544,16784.8630630058
OMN,2021,87323797139.1417,19403.4600160211
OMN,2022,109852795838.752,23223.5829405935
OMN,2023,106174707932.38,21027.7384572657
OMN,2024,107137198699.61,20285.2272765262
PAK,2005,145208562960.767,827.619861189926
PAK,2006,161871385506.36,900.873564984808
PAK,2007,184140869997.46,998.090114197524
PAK,2008,202203748583.854,1067.04324565284
PAK,2009,187337783856.466,963.788066395225
PAK,2010,196709621849.586,987.304571124485
PAK,2011,230586581059.665,1131.73513834324
PAK,2012,250106966104.704,1204.36475491585
PAK,2013,258657231672.412,1225.4340119198
PAK,2014,271390474857.632,1266.61340849959
PAK,2015,299963590534.773,1380.47020838317
PAK,2016,313630000130.435,1424.69161195897
PAK,2017,339205534861.1,1519.23459514248
PAK,2018,356128166704.921,1569.33814626355
PAK,2019,320909472770.669,1390.41690981745
PAK,2020,300425609817.981,1278.39735206896
PAK,2021,348516647445.148,1455.31922370186
PAK,2022,374890295666.694,1538.3228133171
PAK,2023,336686348609.266,1360.32417758419
PAK,2024,371747087751.306,1479.47755241191
PAN,2005,16623906700,5017.7410922824
PAN,2006,18659721500,5528.76705469354
PAN,2007,21717433800,6317.81730274124
PAN,2008,25721328000,7347.59050324397
PAN,2009,27791215500,7796.92617035048
PAN,2010,30231009500,8331.46421351868
PAN,2011,35687738300,9662.29592216607
PAN,2012,41595439700,11064.8063606203
PAN,2013,46949496500,12273.3225037637
PAN,2014,51427104900,13213.1989637473
PAN,2015,55767806100,14082.6548502728
PAN,2016,59760858700,14832.3611608191
PAN,2017,64327688800,15694.6297454295
PAN,2018,67316471200,16151.3273478476
PAN,2019,69778991200,16477.9066285687
PAN,2020,57059846500,13290.5608347594
PAN,2021,67396392500,15509.8069109784
PAN,2022,76479304500,17378.6070083597
PAN,2023,83812155200,18797.1933894611
PAN,2024,86523959100,19161.218843129
PER,2005,76060606060.6061,2706.66947297608
PER,2006,88643193061.748,3129.55996496982
PER,2007,102170981144.136,3581.0893081917
PER,2008,120550599815.441,4197.58444634142
PER,2009,120822986521.479,4181.18755462253
PER,2010,147527631520.729,5072.11494019615
PER,2011,171761737046.585,5861.35793645245
PER,2012,192650021648.583,6519.37852981527
PER,2013,201175543571.392,6746.80025696601
PER,2014,200786250582.943,6667.13410360861
PER,2015,189802976285.619,6231.71150338894
PER,2016,191898104390.379,6217.03599995447
PER,2017,211007984080.911,6736.16693725487
PER,2018,222597009739.235,6978.49121548627
PER,2019,228346006003.648,7037.00803692604
PER,2020,201409694755.934,6133.32552410183
PER,2021,226406075008.878,6828.53422535638
PER,2022,246169867862.821,7353.74598721667
PER,2023,268025009709.319,7919.04634828547
PER,2024,291751523018.903,8526.29665719783
PHL,2005,107419977318.166,1220.46018559867
PHL,2006,127652926368.069,1426.14649179546
PHL,2007,155980408673.403,1712.65543282793
PHL,2008,181624626327.361,1959.29233534978
PHL,2009,175974755881.372,1864.45043406471
PHL,2010,208368893151.144,2162.91375885614
PHL,2011,234216730291.32,2383.91892522087
PHL,2012,261920540962.63,2614.61644401308
PHL,2013,283902828588.718,2781.27957677397
PHL,2014,297483555338.044,2866.83803761407
PHL,2015,306445871242.322,2909.85818010301
PHL,2016,318627003016.731,2985.19564024046
PHL,2017,328480736802.76,3038.12124959289
PHL,2018,346841896587.313,3168.51036609727
PHL,2019,376823402239.136,3400.78949767074
PHL,2020,361751145451.597,3227.57910235199
PHL,2021,394087359848.11,3484.38593882819
PHL,2022,404353369604.631,3548.06930572116
PHL,2023,437055627245.138,3804.08274131718
PHL,2024,461671157904.74,3985.29464669706
PLW,2005,185658171.875,9367.68615343862
PLW,2006,190777421.875,9737.01943934058
PLW,2007,196012718.75,10155.0470806134
PLW,2008,199046109.375,10471.1510008417
PLW,2009,184049765.625,9837.49883077663
PLW,2010,184292328.125,10018.065238367
PLW,2011,195163578.125,10795.639900708
PLW,2012,214928296.875,12098.4124331551
PLW,2013,226257828.125,12820.5931621147
PLW,2014,245436546.875,13854.730278013
PLW,2015,283224750,15938.3652222848
PLW,2016,303326125,17043.6660673147
PLW,2017,289983656.25,16280.241199753
PLW,2018,288228343.75,16179.877834849
PLW,2019,281954000,15841.8923474548
PLW,2020,258985859.375,14556.30954221
PLW,2021,235935734.375,13267.4877340719
PLW,2022,247470812.5,13934.951996171
PLW,2023,276157406.25,15578.3497630733
PLW,2024,321501812.5,18169.0767165866
PNG,2005,4865892972.27595,744.486489977433
PNG,2006,8354911040.70193,1238.18282926706
PNG,2007,9545028944.34579,1370.753415829
PNG,2008,11670892800.5309,1624.79319935188
PNG,2009,11619456449.266,1568.83193368607
PNG,2010,14250786674.7766,1866.86889851208
PNG,2011,17985138065.8549,2288.37591141234
PNG,2012,21295168665.7247,2635.0873631547
PNG,2013,21261338064.8783,2560.77458976327
PNG,2014,23210823987.308,2723.17529825196
PNG,2015,21723437010.0982,2484.5963398603
PNG,2016,20758876952.6232,2316.39479758492
PNG,2017,22742699138.356,2477.76530986323
PNG,2018,24109780708.0268,2566.36833735041
PNG,2019,24750626029.8777,2575.77274140393
PNG,2020,23848447849.6081,2429.61134585269
PNG,2021,26113409477.7318,2607.97769973161
PNG,2022,31653230962.4549,3102.29409730005
PNG,2023,30816328065.6492,2966.06455045333
PNG,2024,30803971189.4102,2912.4914068385
POL,2005,306999913150.525,8043.92332253757
POL,2006,345897630736.173,9068.85528307627
POL,2007,429715132137.503,11272.5293683383
POL,2008,535612030671.888,14048.5604672654
POL,2009,440891472247.096,11556.3026866026
POL,2010,478111630683.514,12567.7317676382
POL,2011,527848543023.469,13867.6669408192
POL,2012,498148649702.66,13087.420943321
POL,2013,518179836405.36,13621.9023794031
POL,2014,542134167178.627,14262.2841914116
POL,2015,480054118583.367,12637.5220324406
POL,2016,473259623976.262,12464.0121044827
POL,2017,528356723263.073,13913.3415190124
POL,2018,594616632477.019,15658.210586693
POL,2019,602683770144.88,15874.5220531254
POL,2020,605914237903.742,16150.9304813473
POL,2021,689170230665.35,18635.5104895754
POL,2022,695607470875.276,18891.2121169279
POL,2023,812451193396.143,22145.2660647429
POL,2024,917767106146.761,25103.565661423
PRI,2005,83914521300,21959.322696986
PRI,2006,87276164400,22935.9411586313
PRI,2007,89524131600,23664.8823485096
PRI,2008,93639300000,24898.3345857045
PRI,2009,96385600000,25768.7258883384
PRI,2010,98381300000,26414.8810634548
PRI,2011,100351700000,27170.0766543278
PRI,2012,101564800000,27742.024476618
PRI,2013,102450000000,28212.0499737431
PRI,2014,102445800000,28576.0988023209
PRI,2015,103375500000,29242.041465085
PRI,2016,104336700000,29978.0889268918
PRI,2017,103445500000,30328.479490518
PRI,2018,100958100000,30679.9181934488
PRI,2019,105126400000,31830.5284993358
PRI,2020,103130900000,31427.1034994916
PRI,2021,106426600000,32618.8705106244
PRI,2022,113843700000,35353.5613891039
PRI,2023,118478754280.882,36980.7653928068
PRI,2024,126029527033.705,39353.2242360643
PRK,2005,,
PRK,2006,,
PRK,2007,,
PRK,2008,,
PRK,2009,,
PRK,2010,,
PRK,2011,,
PRK,2012,,
PRK,2013,,
PRK,2014,,
PRK,2015,,
PRK,2016,,
PRK,2017,,
PRK,2018,,
PRK,2019,,
PRK,2020,,
PRK,2021,,
PRK,2022,,
PRK,2023,,
PRK,2024,,
PRT,2005,197253876704.921,18780.12751241
PRT,2006,208756449275.848,19839.4540499032
PRT,2007,240496147317.381,22811.0564844365
PRT,2008,263416394624.084,24949.0413566739
PRT,2009,244667762835.543,23151.2154130712
PRT,2010,238443864993.217,22551.935098809
PRT,2011,245426767676.002,23246.5425416481
PRT,2012,216536676771.973,20593.4274224109
PRT,2013,226677408291.745,21676.4859642714
PRT,2014,230078616299.675,22120.6850127107
PRT,2015,199038523119.639,19215.7813014347
PRT,2016,206305431241.638,19980.2808866516
PRT,2017,220862990767.229,21442.3842768879
PRT,2018,242092894542.888,23541.1401075289
PRT,2019,240115970063.019,23343.3628970034
PRT,2020,229618773422.577,22299.4044062173
PRT,2021,256055879091.139,24711.4510062111
PRT,2022,256898677175.024,24620.5197587181
PRT,2023,292323800948.839,27634.6183139773
PRT,2024,313656884870.859,29328.3067415343
PRY,2005,10737500188.1123,1970.87169852378
PRY,2006,13429430050.261,2439.43124694576
PRY,2007,17856393235.4338,3211.93621659546
PRY,2008,24615267663.5456,4384.9546943793
PRY,2009,22355151161.994,3941.84815479271
PRY,2010,27260886405.2263,4750.96273669322
PRY,2011,33756238766.5,5805.40154543044
PRY,2012,33271921136.315,5642.1699167298
PRY,2013,38501122141.4241,6435.68342733182
PRY,2014,40377929295.6419,6652.25478942291
PRY,2015,36211447840.0971,5879.33792308671
PRY,2016,36089700222.9461,5775.1596339946
PRY,2017,38997129473.5558,6152.26711537703
PRY,2018,40225448340.6322,6258.44991640954
PRY,2019,37925338329.1494,5821.18199548637
PRY,2020,35432178068.1814,5365.47220721191
PRY,2021,39937357255.8716,5974.9057185863
PRY,2022,41841201626.7253,6189.10205375331
PRY,2023,43140465595.6662,6303.26495017292
PRY,2024,44738819362.3269,6456.60723068562
PSE,2005,5125700000,1543.70141392774
PSE,2006,5348300000,1570.10439962728
PSE,2007,5815700000,1664.24571669276
PSE,2008,7310400000,2035.20234121766
PSE,2009,8085700000,2191.78178736868
PSE,2010,9681500000,2557.07562356699
PSE,2011,11186100000,2880.79843707909
PSE,2012,12208400000,3067.43872735614
PSE,2013,13515500000,3315.29753909282
PSE,2014,13989700000,3352.11259506043
PSE,2015,13972400000,3272.15432360708
PSE,2016,15405400000,3527.61382413178
PSE,2017,16128000000,3620.36048715937
PSE,2018,16276600000,3562.33094270256
PSE,2019,17133500000,3656.85827137011
PSE,2020,15531700000,3233.56863835858
PSE,2021,18109000000,3678.63565662194
PSE,2022,19165500000,3799.95527015163
PSE,2023,18635100000,3607.41611858821
PSE,2024,16016900000,3028.25481286981
PYF,2005,5705052134.54253,21984.1936230719
PYF,2006,5877997979.62266,22330.8676659055
PYF,2007,6631156405.59637,24888.1781337361
PYF,2008,7136741421.95908,26592.0262835732
PYF,2009,6584557973.9375,24434.2197555208
PYF,2010,6086644798.55982,22494.806706186
PYF,2011,6203940036.91982,22831.5185348524
PYF,2012,5692858099.00217,20846.5457478364
PYF,2013,6031827122.60663,21955.6329264095
PYF,2014,6151996560.84289,22258.6321384251
PYF,2015,5325846361.81186,19166.9594761931
PYF,2016,5497036476.8031,19690.0775734589
PYF,2017,5833352692.7995,20826.9312492172
PYF,2018,6135116253.33452,21925.616043938
PYF,2019,6022276196.13871,21582.5892046801
PYF,2020,5574821989.38239,19966.4838503859
PYF,2021,5994931236.42282,21426.3854449835
PYF,2022,5622688338.06317,20053.9569369322
PYF,2023,6137447782.87066,21832.2831795569
PYF,2024,6323716355.05009,22439.8838746025
QAT,2005,44530494505.4945,53949.6764091147
QAT,2006,60882142857.1429,62582.4453138755
QAT,2007,79711813186.8132,65954.1146428814
QAT,2008,115269780219.78,80781.2113909506
QAT,2009,97798351648.3516,60785.7351551657
QAT,2010,125122252747.253,77387.2936379616
QAT,2011,167775274725.275,103261.510293068
QAT,2012,186833502362.637,108470.378825036
QAT,2013,198727642967.033,103697.008372373
QAT,2014,206224598571.429,95840.6310094498
QAT,2015,161739955576.923,68985.2946961507
QAT,2016,151732181868.132,61253.6375482797
QAT,2017,161099122225.275,63279.8556949332
QAT,2018,183334953818.681,71039.8490579352
QAT,2019,176371267692.308,66841.3013484919
QAT,2020,144411363351.648,51683.5054376677
QAT,2021,179732009560.44,71751.8831257169
QAT,2022,235709325714.286,88701.463352273
QAT,2023,213002809340.659,80195.8746508549
QAT,2024,216294505494.505,75685.0865779973
ROU,2005,98454380120.0761,4618.00350802913
ROU,2006,122023735992.706,5757.53127301178
ROU,2007,174588782938.583,8360.33775916596
ROU,2008,214315932061.275,10435.1561230787
ROU,2009,174110532658.867,8548.4543409242
ROU,2010,170064350671.827,8399.5374234284
ROU,2011,192623977894.173,9560.6755277458
ROU,2012,179117323107.087,8929.95366231474
ROU,2013,189798603751.235,9497.67411615237
ROU,2014,199722319675.741,10031.7710755404
ROU,2015,177885131240.315,8977.01748158196
ROU,2016,185290759248.844,9404.54005870715
ROU,2017,210147385855.419,10727.9822007426
ROU,2018,241791427223.903,12416.134317959
ROU,2019,250080428511.595,12909.6104013244
ROU,2020,250624575871.819,13009.1525348396
ROU,2021,285072444957.216,14908.0412813921
ROU,2022,295317862855.924,15503.4691366242
ROU,2023,347757995758.914,18244.4186876321
ROU,2024,382564217988.866,20080.2096215595
RUS,2005,764015973481.11,5323.455078125
RUS,2006,989932071352.543,6920.19970703125
RUS,2007,1299703478481.65,9101.2392578125
RUS,2008,1660848058303.11,11635.2841796875
RUS,2009,1222645900055.7,8562.82421875
RUS,2010,1524916715223.95,10674.990234375
RUS,2011,2045922753398.04,14305.33203125
RUS,2012,2208293553878.42,15401.8515625
RUS,2013,2292470078346.22,15941.4482421875
RUS,2014,2059241589895.01,14055.47265625
RUS,2015,1363482182197.71,9277.7138671875
RUS,2016,1276786350881.14,8663.158203125
RUS,2017,1574199360089,10658.9130859375
RUS,2018,1657328773461.31,11211.8876953125
RUS,2019,1693115002708.32,11447.701171875
RUS,2020,1493075894362.14,10108.3271484375
RUS,2021,1829186719575.1,12425.029296875
RUS,2022,2292495097681.47,15625.6328125
RUS,2023,2046284838151.09,13986.9951171875
RUS,2024,2186462268813.08,14961.8974609375
RWA,2005,2933819766.17656,324.016863847189
RWA,2006,3274207945.36553,352.093916578347
RWA,2007,4017977506.55904,420.733580702508
RWA,2008,5120655375.24365,522.288339420679
RWA,2009,5603399014.71331,556.97399621739
RWA,2010,6052276077.6354,586.599950359877
RWA,2011,6802676033.65947,643.356138618166
RWA,2012,7556673275.95438,697.760143509565
RWA,2013,7714276919.73722,695.397140963607
RWA,2014,8129984483.78727,715.36808783393
RWA,2015,8447064078.84373,725.691418696952
RWA,2016,8596812240.52305,721.258515833094
RWA,2017,9164345443.2575,751.049039527547
RWA,2018,9650161136.17648,772.754982959354
RWA,2019,10519272170.3346,823.355304065304
RWA,2020,10487146253.4025,802.638686936204
RWA,2021,11252894909.5043,842.581492947672
RWA,2022,13747404814.2677,1007.05989322914
RWA,2023,14806501437.282,1061.05788154076
RWA,2024,15111064181.9687,1059.93709298801
SAU,2005,328459608764.111,15975.7473782258
SAU,2006,376900133511.348,17563.6145370639
SAU,2007,415964509673.115,18596.1502627898
SAU,2008,519796800000,22320.4888964331
SAU,2009,429097866666.667,17718.3911648365
SAU,2010,528207466666.667,22028.3901426586
SAU,2011,680660800000,27126.7498747702
SAU,2012,751921333333.333,28733.4375513452
SAU,2013,769755733333.333,27865.465604962
SAU,2014,787153066666.667,27805.4850319422
SAU,2015,693414400000,23256.1549553531
SAU,2016,689279466666.667,22267.7217050387
SAU,2017,741266133333.333,23929.2907135982
SAU,2018,886564800000,29360.0658968566
SAU,2019,888890133333.333,29566.7933827436
SAU,2020,767951200000,24338.8307301067
SAU,2021,982661066666.667,31920.7653655643
SAU,2022,1239075200000,38510.2276211037
SAU,2023,1218584800000,36156.8562500172
SAU,2024,1254140800000,35527.786181866
SDN,2005,35182711987.974,905.543640136719
SDN,2006,45263831634.1497,1132.474609375
SDN,2007,59440139774.8128,1444.37219238281
SDN,2008,64833083257.1431,1527.58239746094
SDN,2009,51621044076.9231,1178.22180175781
SDN,2010,58962978034.4828,1305.63598632813
SDN,2011,55018567210.5263,1332.6572265625
SDN,2012,37632919966.6667,1019.22210693359
SDN,2013,43024018082.1918,1138.62780761719
SDN,2014,49516748617.9775,1275.43835449219
SDN,2015,51726758676.7677,1292.37963867188
SDN,2016,42630376000,1033.21594238281
SDN,2017,41283617976.1905,966.505676269531
SDN,2018,32333780383.2924,731.027465820313
SDN,2019,32338079165.2893,709.975280761719
SDN,2020,27034593750,577.795227050781
SDN,2021,34229513774.9936,712.122009277344
SDN,2022,51666875363.0963,1046.24084472656
SDN,2023,39898289820.7951,797.283447265625
SDN,2024,49672435513.1126,984.607666015625
SEN,2005,11009033437.939,979.846101520171
SEN,2006,11697918243.0035,1017.20196747987
SEN,2007,13994218412.9619,1188.93877808175
SEN,2008,16853989627.548,1398.79218010021
SEN,2009,16145867494.9405,1308.69404336205
SEN,2010,16121315909.0758,1275.88357492357
SEN,2011,17814283639.3119,1374.67591873844
SEN,2012,17660870411.5235,1326.83798848379
SEN,2013,18918667724.8817,1379.83196553924
SEN,2014,19797253440.2679,1398.89137601382
SEN,2015,17774766696.1759,1218.00613555438
SEN,2016,19040312333.1864,1266.43957151587
SEN,2017,20965069572.7168,1354.77007193387
SEN,2018,23116701556.1381,1452.55612562445
SEN,2019,23403995992.1354,1431.18128932159
SEN,2020,24530513037.7518,1461.08720350553
SEN,2021,27520784129.7508,1598.10676952274
SEN,2022,27783332222.6759,1574.0281059306
SEN,2023,30696331295.7826,1698.03387300843
SEN,2024,32169996051.8502,1738.73223822106
SGP,2005,127807848728.398,29961.3172812732
SGP,2006,148627286361.351,33768.4528234651
SGP,2007,180941701357.97,39432.8860198877
SGP,2008,193617323539.203,40008.5720489092
SGP,2009,194150283771.566,38926.8054365453
SGP,2010,239807980591.24,47236.683084953
SGP,2011,279356499090.458,53891.4570264372
SGP,2012,295092888076.589,55547.5553077786
SGP,2013,307576360584.992,56967.4257940383
SGP,2014,314863580758.455,57564.8023114977
SGP,2015,307998545269.398,55645.6068614606
SGP,2016,320759207438.623,57204.0340105222
SGP,2017,344795119213.571,61436.1325502558
SGP,2018,377976367877.038,67032.8225769734
SGP,2019,376827390962.044,66068.7003106378
SGP,2020,351226533656.292,61772.5036492256
SGP,2021,441110903524.645,80884.8565369236
SGP,2022,514252535238.749,91227.6970426492
SGP,2023,511181761243.76,86382.5900499252
SGP,2024,572877260178.427,94896.5621495988
SLB,2005,552881356.697517,1144.49233397681
SLB,2006,617257457.758489,1255.62447417684
SLB,2007,695291217.982227,1390.14870956707
SLB,2008,776335523.470373,1525.84666261203
SLB,2009,805557289.459198,1554.70671006386
SLB,2010,898128551.289162,1685.14535823757
SLB,2011,1063898226.71892,1924.05795643133
SLB,2012,1185217634.37393,2066.25738638356
SLB,2013,1285905957.64116,2161.38627543917
SLB,2014,1335576762.84974,2164.95289873002
SLB,2015,1307908813.59962,2045.47721526649
SLB,2016,1379486290.71433,2082.62383124213
SLB,2017,1469790526.3972,2143.57670489272
SLB,2018,1615473250.25259,2278.19908624102
SLB,2019,1619150563.92084,2223.65890942466
SLB,2020,1536143427.82958,2063.32780991967
SLB,2021,1558312103.84225,2043.44413170658
SLB,2022,1466670929.62333,1877.78104490956
SLB,2023,1506124566.40404,1882.64394148042
SLB,2024,1583964703.75061,1933.55538435227
SLE,2005,2545275312.60512,462.633324427945
SLE,2006,3263697466.73514,580.26796974773
SLE,2007,3632957611.35152,631.889926264998
SLE,2008,4157895298.19572,705.359014080005
SLE,2009,3953403098.37107,652.845806767943
SLE,2010,4262805966.78755,685.039673490948
SLE,2011,4861632884.67985,761.146365577281
SLE,2012,6141666509.36295,937.504428180231
SLE,2013,7502762862.72657,1117.47183075115
SLE,2014,7686138790.90872,1117.7586465721
SLE,2015,6788352974.78329,964.575980888989
SLE,2016,6084297211.10217,844.416411175476
SLE,2017,5749846528.48046,779.186007841728
SLE,2018,6390514688.52816,845.914540460932
SLE,2019,6523577590.38319,843.71251730417
SLE,2020,6688307705.64217,845.277558236182
SLE,2021,7166931483.2953,885.396401613729
SLE,2022,7121125277.18159,860.371067874555
SLE,2023,6415852766.09227,758.329137301888
SLE,2024,6971127234.07241,806.654650274255
SLV,2005,14698000000,2447.39140845394
SLV,2006,15999890000,2665.61807194853
SLV,2007,17011750000,2830.65693770733
SLV,2008,17986890000,2983.24829577976
SLV,2009,17601620000,2910.18651752011
SLV,2010,18447920000,3040.07300952878
SLV,2011,20283780000,3330.60049486653
SLV,2012,21386150000,3497.91256915509
SLV,2013,21990960000,3582.26694005169
SLV,2014,22593470000,3666.01248913873
SLV,2015,23438240000,3790.34089108162
SLV,2016,24191430000,3901.34014965811
SLV,2017,24979190000,4020.12671373919
SLV,2018,26020850000,4183.54620971358
SLV,2019,26881140000,4320.11671534627
SLV,2020,24921190000,3997.19279583709
SLV,2021,29043140000,4642.60743101342
SLV,2022,31870110000,5074.60050994225
SLV,2023,33565430000,5319.7195268688
SLV,2024,34879730000,5503.10317151907
SMR,2005,1786513631.1284,59877.7862692185
SMR,2006,1909765810.58823,63270.7994496499
SMR,2007,2188653428.62746,70124.4249984768
SMR,2008,2403214435.9375,75902.1677701187
SMR,2009,2064277984.375,62429.0202738462
SMR,2010,1881191950,56543.190562068
SMR,2011,1813717694.55253,55601.4008139955
SMR,2012,1604701051.17188,47945.8917557105
SMR,2013,1678741201.56863,50807.8206340193
SMR,2014,1673910988.23529,51260.4804236805
SMR,2015,1419400395.73301,43146.8035302005
SMR,2016,1468342400.08249,44359.4574206971
SMR,2017,1528621192.886,45192.0530047599
SMR,2018,1655354328.79184,47950.7076296808
SMR,2019,1616231696.04862,46626.9998571568
SMR,2020,1544713784.67674,44426.6259613672
SMR,2021,1855395712.2147,54168.9744311193
SMR,2022,1831701022.87082,54264.5837022908
SMR,2023,2027243193.5116,59871.3288101478
SMR,2024,,
SOM,2005,4683246454.10048,439.979907805478
SOM,2006,5026743282.04251,457.996662206659
SOM,2007,5430713728.89074,479.635628065289
SOM,2008,5913620292.90573,507.03744334738
SOM,2009,2948594552.44952,246.513251675105
SOM,2010,2687807003.73935,219.202453852397
SOM,2011,2906000096.93249,235.325945610434
SOM,2012,4364670159.99578,350.261946720512
SOM,2013,5062881600.00104,393.398703952979
SOM,2014,5728399719.99958,429.431656725102
SOM,2015,6152149099.99942,445.583080073396
SOM,2016,6613743069.99912,460.928490585175
SOM,2017,7621501710.0012,510.939952317726
SOM,2018,7873000000,509.497273804534
SOM,2019,8656000000,539.954816211694
SOM,2020,8628000000,518.16113333875
SOM,2021,9483000000,549.056994756254
SOM,2022,10203000000,573.141165798229
SOM,2023,10958000000,596.885985135589
SOM,2024,11967000000,629.538899449007
SRB,2005,28334256180.8801,3807.97417321786
SRB,2006,33298057361.7412,4492.7136699046
SRB,2007,44888028946.0854,6081.08765700202
SRB,2008,54220641201.6474,7376.73517910716
SRB,2009,46955984409.7271,6414.0448463847
SRB,2010,43536629233.1424,5970.92660940072
SRB,2011,51251098408.0924,7082.2861666075
SRB,2012,45103269969.4112,6263.04086072815
SRB,2013,50455529604.0696,7040.41812068781
SRB,2014,49114321280.3466,6886.67809068704
SRB,2015,41297410634.9586,5820.3215576888
SRB,2016,42225495909.5633,5982.37030126471
SRB,2017,45972834713.8077,6548.03653824187
SRB,2018,52787520248.9242,7559.86165747394
SRB,2019,53864693664.5568,7755.632986437
SRB,2020,55874017668.998,8098.70955668849
SRB,2021,66159884072.5308,9680.52798074468
SRB,2022,66809895701.2152,10024.8191112596
SRB,2023,81343999280.0179,12281.707946167
SRB,2024,90088366320.4062,13677.7794863909
SSD,2005,,
SSD,2006,,
SSD,2007,,
SSD,2008,14586253383.0632,1654.21153546555
SSD,2009,12231264525.0671,1323.22068747862
SSD,2010,14602072410.9506,1498.27034985194
SSD,2011,14907308932.7534,1448.98435006408
SSD,2012,11931472169.4915,1109.26050083408
SSD,2013,18426469016.9492,1650.18943353528
SSD,2014,13962212847.4576,1242.73450181032
SSD,2015,11997800760.2242,1080.14718624765
SSD,2016,,
SSD,2017,,
SSD,2018,,
SSD,2019,,
SSD,2020,,
SSD,2021,,
SSD,2022,,
SSD,2023,,
SSD,2024,,
STP,2005,136450662.390592,844.169181884274
STP,2006,142775104.081626,861.970707697664
STP,2007,149146918.888611,878.885791918745
STP,2008,188021165.00338,1081.8684584729
STP,2009,200668065.03175,1128.28046213305
STP,2010,190021192.489536,1045.20958234528
STP,2011,226455001.243083,1219.80189089671
STP,2012,229371348.441006,1210.7926479817
STP,2013,267041747.584354,1382.5757842916
STP,2014,293119143.246825,1489.67633417608
STP,2015,259999643.047388,1298.10946596396
STP,2016,292267272.196925,1434.87018050521
STP,2017,322002845.229335,1555.79477812888
STP,2018,383717327.830508,1825.59971753966
STP,2019,412976082.620705,1935.2931816596
STP,2020,471229484.607144,2167.22001796925
STP,2021,524402455.54816,2362.58827248102
STP,2022,540809499.189348,2389.73729784737
STP,2023,690456806.696406,2990.6606143535
STP,2024,824992558.045383,3502.6176807171
SUR,2005,1793410397.38738,3453.42865937765
SUR,2006,2626380435.17877,5002.65798695759
SUR,2007,2936612021.85792,5530.17615638309
SUR,2008,3532969034.60838,6576.08546307249
SUR,2009,3875409836.06557,7129.5768626291
SUR,2010,4368370997.92126,7943.60482816915
SUR,2011,4422276621.78703,7949.88867218383
SUR,2012,4980000000,8851.24050668908
SUR,2013,5145757575.75758,9043.19281529222
SUR,2014,5240606060.60606,9108.18905406764
SUR,2015,5126237646.22072,8813.61705392067
SUR,2016,3317421648.09918,5644.2061057532
SUR,2017,3591679430.99988,6049.52128553675
SUR,2018,3996198866.57453,6665.74180472239
SUR,2019,4016040575.08796,6629.66775248603
SUR,2020,2911807496.20227,4755.39221710693
SUR,2021,3107923197.96954,5029.84838543953
SUR,2022,3791603200.0259,6084.43876736445
SUR,2023,3472693412.08497,5521.97602122638
SUR,2024,4416775112.72266,6961.78956060258
SVK,2005,48823790951.4538,9087.20357002472
SVK,2006,57111148619.2975,10629.1782325838
SVK,2007,77019443089.3052,14330.2064943926
SVK,2008,96685492864.2317,17973.8436435514
SVK,2009,89342984697.5246,16586.7527805228
SVK,2010,91112160800.7668,16899.448680529
SVK,2011,99705104723.4341,18469.4354316836
SVK,2012,94724394278.052,17516.9691054078
SVK,2013,99134277850.3418,18312.7805149823
SVK,2014,101713075598.862,18770.9289896545
SVK,2015,89178548717.3324,16442.0760860018
SVK,2016,90347173228.6356,16636.0769133073
SVK,2017,95978130734.9766,17645.5298716761
SVK,2018,106611673364.837,19573.3717031314
SVK,2019,105843498304.094,19406.0589683582
SVK,2020,107732602896.441,19735.4858280801
SVK,2021,120511265913.343,22123.3342114545
SVK,2022,115792972358.209,21317.7943982363
SVK,2023,133578518423.544,24614.8734642794
SVK,2024,140934076532.375,25992.6748502048
SVN,2005,35947936823.7781,17969.7095907161
SVN,2006,39260368837.0342,19563.005059144
SVN,2007,47880266542.577,23725.1596001515
SVN,2008,55509332322.3578,27461.9764165315
SVN,2009,49975540954.8465,24501.7897290425
SVN,2010,47793117240.9001,23329.8417691156
SVN,2011,51199194599.3094,24940.6284841605
SVN,2012,46167053954.3367,22442.1417859955
SVN,2013,47867056858.8892,23236.9655321695
SVN,2014,49514466379.6057,24013.0682060959
SVN,2015,42709468274.8137,20697.2748530619
SVN,2016,44290685824.0682,21447.8377796036
SVN,2017,48153200134.6613,23303.077705959
SVN,2018,53689067639.9176,25888.0481065655
SVN,2019,53909922735.545,25814.1687167572
SVN,2020,53384760135.1581,25392.0651093612
SVN,2021,61540813361.8556,29192.8401933019
SVN,2022,59899117741.0022,28360.3041467268
SVN,2023,69255264238.3855,32660.4753581346
SVN,2024,72972015197.3859,34301.0318686594
SWE,2005,391688455928.597,43378.4077394363
SWE,2006,422528394459.353,46531.3762240485
SWE,2007,490047789548.441,53568.3057787832
SWE,2008,514614100832.941,55817.1759726485
SWE,2009,434311714442.499,46707.6425044751
SWE,2010,492750897239.447,52542.5759090299
SWE,2011,570538581144.45,60379.4814599322
SWE,2012,549739674655.127,57749.5615420853
SWE,2013,584125353119.18,60843.9888799369
SWE,2014,577727767303.596,59583.4584491714
SWE,2015,501602351911.6,51188.1652120493
SWE,2016,513058312950.939,51703.5088332851
SWE,2017,535172356784.769,53210.2233318965
SWE,2018,549649344043.182,54018.4554391861
SWE,2019,530894124494.418,51648.9892820514
SWE,2020,544265668451.678,52568.5726980146
SWE,2021,631693331300.776,60647.5416365347
SWE,2022,575071237640.921,54836.8907235124
SWE,2023,578990915246.07,54950.2834725622
SWE,2024,604827393488.582,57222.7100565003
SWZ,2005,3097946371.06311,2871.06877437449
SWZ,2006,3215307900.74767,2964.95865200682
SWZ,2007,3391122887.17476,3109.11097608864
SWZ,2008,3235921170.5095,2946.8606613746
SWZ,2009,3525213502.43118,3189.79679956637
SWZ,2010,4360714358.88708,3922.74039390733
SWZ,2011,4722912047.32265,4225.06049411911
SWZ,2012,4747813067.26006,4224.54789174487
SWZ,2013,4463396204.01995,3949.94310039907
SWZ,2014,4285065665.03168,3771.07228381938
SWZ,2015,3908217914.21824,3419.82276559528
SWZ,2016,3722306116.72872,3238.17611961364
SWZ,2017,4462640651.49219,3853.09956569679
SWZ,2018,4643751059.28203,3972.65450620357
SWZ,2019,4617018958.69086,3913.14577547336
SWZ,2020,4134677809.50096,3466.56936278145
SWZ,2021,4807069277.20114,3984.00229174306
SWZ,2022,4746660273.50829,3894.1620089869
SWZ,2023,4621191261.84214,3755.52111232464
SWZ,2024,4858885840.77236,3909.55892378182
SXM,2005,,
SXM,2006,,
SXM,2007,,
SXM,2008,,
SXM,2009,854972067.039106,25528.412619483
SXM,2010,892290502.793296,26403.8143692163
SXM,2011,936089385.47486,27317.5178881974
SXM,2012,985865921.787709,28149.0997855041
SXM,2013,1022905027.93296,28529.7324687053
SXM,2014,1361811508.37989,37134.912423099
SXM,2015,1417888715.0838,37839.6283815163
SXM,2016,1427017206.70391,37308.6147795736
SXM,2017,1353212122.90503,34701.3058494468
SXM,2018,1259200446.92737,31708.3110124742
SXM,2019,1407880446.92737,34861.469528968
SXM,2020,1236428100.55866,30150.8998380477
SXM,2021,1353071061.45251,32548.4366854902
SXM,2022,1592564636.87151,37793.1283815826
SXM,2023,1686525977.65363,39451.822911732
SXM,2024,1797836648.04469,41472.5870367865
SYC,2005,977899381.818182,11802.1118276833
SYC,2006,1081441283.31798,12782.9938926475
SYC,2007,1077308813.82945,12669.3026687222
SYC,2008,979597394.293453,11265.4376270005
SYC,2009,850901620.433301,9747.09180546291
SYC,2010,981616542.328454,10934.79494629
SYC,2011,1058918707.26124,12110.0937461973
SYC,2012,1089407839.19709,12337.1554669388
SYC,2013,1333160407.38516,14821.2921476077
SYC,2014,1387577870.08161,15188.1902175113
SYC,2015,1432403352.12944,15333.1051727105
SYC,2016,1568513348.14463,16566.9946042294
SYC,2017,1675370641.01416,17480.3651911372
SYC,2018,1784313926.76807,18440.2340460932
SYC,2019,1868690096.73454,19141.5118743615
SYC,2020,1382551751.56908,14041.4754074575
SYC,2021,1487173794.80528,14982.9111487767
SYC,2022,1999888599.25474,16682.6990711785
SYC,2023,2171547935.38159,18130.5297135548
SYC,2024,2228608684.29911,18364.5259678223
SYR,2005,28858937499.1801,1533.90017615946
SYR,2006,33751812958.6391,1718.78469956591
SYR,2007,40465331020.308,1937.61199094087
SYR,2008,52557913397.4638,2429.1247629459
SYR,2009,54111721043.8087,2462.20127278738
SYR,2010,61390833272.6687,2730.61487784917
SYR,2011,67539433544.3077,2952.14372909443
SYR,2012,43190318032.5627,1897.66115018696
SYR,2013,21361254634.9336,985.892669221634
SYR,2014,21502061466.067,1060.59105887433
SYR,2015,16466861435.0236,847.731545352582
SYR,2016,12597854088.3602,656.349017520952
SYR,2017,16369842725.4718,851.501972646386
SYR,2018,21497779247.9835,1098.06667935023
SYR,2019,22583046644.6891,1109.53933821464
SYR,2020,12501503673.2425,593.911771822527
SYR,2021,14892885528.1402,688.566109726934
SYR,2022,23737634644.3994,1056.78264718197
SYR,2023,,
SYR,2024,,
TCA,2005,578645800,24122.3028180757
TCA,2006,721891500,28734.2873064523
TCA,2007,773490000,29443.8523030072
TCA,2008,862684000,31453.8228752689
TCA,2009,703176000,24596.8938015951
TCA,2010,686788000,23093.8498268267
TCA,2011,842941000,27327.4006354146
TCA,2012,832848000,25923.6156503875
TCA,2013,863328000,25653.819867471
TCA,2014,956605000,27292.5820256776
TCA,2015,1078274000,29457.0140691162
TCA,2016,1202078000,31373.5612684327
TCA,2017,1197958000,30014.2309523213
TCA,2018,1314329000,31625.616593277
TCA,2019,1371838000,31780.5217068989
TCA,2020,918387000,20690.9160546118
TCA,2021,1236459000,27329.2885087196
TCA,2022,1434119000,31280.5418020808
TCA,2023,1638653000,35470.2151608295
TCA,2024,1745378000,37506.7798431288
TCD,2005,8655892392.92919,838.092107712557
TCD,2006,9709626596.13031,906.897260572747
TCD,2007,10865385131.5172,980.483531485103
TCD,2008,13385593990.3378,1166.36883453841
TCD,2009,12317614053.6841,1035.63719694254
TCD,2010,14058506663.7252,1141.80069268412
TCD,2011,16685349673.9957,1308.1421872538
TCD,2012,17892228569.8861,1354.34344701937
TCD,2013,17865316886.3315,1304.88742971475
TCD,2014,18144336903.7175,1278.78981422494
TCD,2015,14559599499.5011,993.990730610869
TCD,2016,13026289835.7789,861.831767630746
TCD,2017,13349041408.7152,854.46120040098
TCD,2018,15327000248.8701,948.656629871231
TCD,2019,14905517742.8454,893.336441643325
TCD,2020,14932897821.2387,866.947814890409
TCD,2021,16871937697.5854,946.358500208374
TCD,2022,17828508289.6049,966.036468278568
TCD,2023,18352937976.2179,949.991054236266
TCD,2024,19906706689.7582,980.668312111718
TGO,2005,3221910408.46516,595.200212014134
TGO,2006,3320907721.74508,596.249203137762
TGO,2007,3759962853.26476,654.083697666439
TGO,2008,4578847112.70688,771.351190404751
TGO,2009,4721888275.26937,770.172869777254
TGO,2010,4746386893.22553,750.323421086121
TGO,2011,5422439152.10906,834.14671980279
TGO,2012,5413541649.14901,813.611525037432
TGO,2013,6021729629.82454,885.698522723929
TGO,2014,6393314707.85456,921.539748631461
TGO,2015,5755457836.01866,813.894676975085
TGO,2016,6071167584.1951,843.114204338675
TGO,2017,6387424239.8801,872.076408845752
TGO,2018,7029215766.46367,942.480774393154
TGO,2019,6992942458.99419,917.718016777619
TGO,2020,7486031561.86885,961.219781201934
TGO,2021,8541668141.26198,1076.29520076949
TGO,2022,8646453099.4124,1071.61539220759
TGO,2023,9723300576.72675,1182.32951436696
TGO,2024,10643440332.2445,1266.08777721447
THA,2005,189318408468.595,2867.70383436062
THA,2006,221758296021.621,3331.32043511773
THA,2007,262942621455.053,3918.52817434581
THA,2008,291382982430.951,4309.13509292986
THA,2009,281710630187.319,4135.43986952819
THA,2010,341104766329.17,4973.86288823778
THA,2011,370818739623.622,5373.6232832898
THA,2012,397558325278.579,5725.52802835463
THA,2013,420333654592.547,6018.08244729255
THA,2014,407339040197.651,5801.1978916205
THA,2015,401296238228.084,5688.85335397884
THA,2016,413366349747.508,5833.57715617098
THA,2017,456356813536.764,6413.09182530343
THA,2018,506754208404.485,7099.77650081458
THA,2019,543976691793.886,7605.69657797759
THA,2020,500274927778.532,6983.03412836245
THA,2021,506049783824.94,7055.18760721422
THA,2022,495691837308.033,6910.00995211206
THA,2023,517013369475.121,7210.54130832685
THA,2024,529385520941.539,7386.63615126055
TJK,2005,2312352020.6689,333.927150941684
TJK,2006,2830213848.6203,401.018403316427
TJK,2007,3719524540.86193,516.997210618914
TJK,2008,5161299725.27673,703.327375898643
TJK,2009,4979472364.4534,664.795655734657
TJK,2010,5642221099.17704,737.338883219356
TJK,2011,6522756255.012,833.601978202852
TJK,2012,7633036903.07634,952.452819695469
TJK,2013,8448411318.25417,1028.19704279396
TJK,2014,9112605459.32845,1081.54402932039
TJK,2015,8271431485.07484,956.916310930656
TJK,2016,6992416096.89018,788.710481734485
TJK,2017,7536402852.85802,829.45714764957
TJK,2018,7764999999.45362,834.288404578801
TJK,2019,8300813599.3084,871.022372934846
TJK,2020,8133963550.65742,834.311715460625
TJK,2021,8937805347.13963,896.748053372182
TJK,2022,10713525200.3998,1052.17949484894
TJK,2023,12244169292.7998,1178.47990060249
TJK,2024,14425113699.7925,1362.02559981695
TKM,2005,8103901996.37024,1604.01618452312
TKM,2006,10276674364.8961,1996.59310717308
TKM,2007,12664165103.1895,2414.96071986964
TKM,2008,19271523178.8079,3605.50395120549
TKM,2009,20214385964.9123,3707.97850699617
TKM,2010,22583157894.7368,4058.53937000739
TKM,2011,29233333333.3333,5143.61929334647
TKM,2012,35164210526.3158,6053.8748468749
TKM,2013,39197543859.6491,6599.64529055481
TKM,2014,43524210526.3158,7164.14536184006
TKM,2015,35799714285.7143,5759.497903834
TKM,2016,33313947368.4211,5238.00827202546
TKM,2017,33352261306.5327,5125.54920055808
TKM,2018,26036313868.6131,3911.98557297865
TKM,2019,29700000000,4365.1152919542
TKM,2020,27350527267.6636,3935.37749365223
TKM,2021,26334182093.7903,3713.20113171765
TKM,2022,37583913148.2791,5198.18947409551
TKM,2023,39020211239.6728,5298.46421949276
TKM,2024,44249447717.2312,5904.25772576512
TLS,2005,462268000,487.464555404292
TLS,2006,453792400,464.667001844159
TLS,2007,542795400,540.154584237662
TLS,2008,648523600,628.153219252849
TLS,2009,726937800,686.579295832381
TLS,2010,881909300,813.060177250597
TLS,2011,1042534600,939.045241112693
TLS,2012,1160555000,1022.61903188429
TLS,2013,1395727400,1204.56841532931
TLS,2014,1447535200,1224.74957758801
TLS,2015,1590282400,1319.59297370991
TLS,2016,1640464600,1335.54390089814
TLS,2017,1584878400,1266.17767952941
TLS,2018,1555988600,1219.46598597604
TLS,2019,2032550400,1562.36458881813
TLS,2020,2162619200,1630.86935439232
TLS,2021,3625024300,2684.92673717299
TLS,2022,3208599900,2343.24955542816
TLS,2023,2079767200,1502.4114958903
TLS,2024,1865608515.41321,1331.9705130185
TON,2005,261823805.433238,2477.72620144825
TON,2006,292232703.306768,2750.34778600857
TON,2007,298519623.342085,2797.06560109144
TON,2008,344438844.333518,3218.45303993196
TON,2009,312415028.446113,2914.23774004564
TON,2010,366887374.989696,3416.08356601207
TON,2011,414143828.494419,3849.99375750134
TON,2012,471122971.305043,4384.17058724217
TON,2013,451788498.263614,4219.24670113014
TON,2014,440997734.928723,4136.59010898445
TON,2015,437525538.903019,4123.90347238813
TON,2016,420828254.541601,3987.98618837043
TON,2017,459976847.108128,4365.92929788648
TON,2018,493530766.930564,4675.04776047973
TON,2019,506031247.606648,4788.83350468584
TON,2020,506571486.576395,4792.35872413906
TON,2021,519306339.3498,4922.8015864044
TON,2022,556514556.392844,5298.01942454298
TON,2023,591139733.623755,5651.59357939286
TON,2024,647488243.847291,6215.38990974121
TTO,2005,15982389018.4041,12346.4373094075
TTO,2006,18369361094.3886,14152.6607422113
TTO,2007,21641620049.9352,16606.675360681
TTO,2008,27871587349.5413,21298.9945258063
TTO,2009,19172165225.5015,14634.0565003912
TTO,2010,22157920592.3669,16815.424737361
TTO,2011,25433007437.1605,19151.0870229722
TTO,2012,27147349937.4689,20332.1389531925
TTO,2013,28560537057.1548,21304.9777496628
TTO,2014,29474180005.1333,21908.3014555644
TTO,2015,26841141793.2143,19887.2327716498
TTO,2016,23624322192.6274,17449.1538801956
TTO,2017,23830750900.6899,17566.0999700656
TTO,2018,23883058083.2171,17571.498737278
TTO,2019,23477745791.6977,17212.6128892163
TTO,2020,20888515184.2239,15283.6270531554
TTO,2021,24222963262.7213,17712.5674104655
TTO,2022,28341164301.126,20750.5202434652
TTO,2023,25036993423.3664,18308.4536298575
TTO,2024,25633544529.4849,18733.4110406494
TUN,2005,32272186694.8043,3146.8260743927
TUN,2006,34376664600.5898,3322.56933570096
TUN,2007,38915353866.757,3726.91672935667
TUN,2008,44859439902.2191,4255.05008019523
TUN,2009,43455740497.3061,4080.09032448781
TUN,2010,46206091937.9628,4291.86120891575
TUN,2011,48123325825.0739,4420.64772206537
TUN,2012,47311401812.6733,4297.26782454273
TUN,2013,48685446413.953,4369.79345826358
TUN,2014,50271812920.612,4458.97895464547
TUN,2015,45779494041.9295,4014.94773686432
TUN,2016,44360072680.4476,3847.80354448809
TUN,2017,42163530590.9462,3619.03247319953
TUN,2018,42686504459.801,3628.10366464236
TUN,2019,41905642418.825,3528.87213306798
TUN,2020,42491780918.361,3548.65363663803
TUN,2021,47073234359.1819,3906.93926319391
TUN,2022,44929920092.7955,3707.29283414381
TUN,2023,48205328303.3398,3951.11683376921
TUN,2024,51412122479.8468,4187.64079392362
TUR,2005,508314210212.544,7331.85429430255
TUR,2006,559668118237.002,7990.08251407245
TUR,2007,685228481017.03,9766.91734545294
TUR,2008,775415944332.866,10913.4079047769
TUR,2009,653894449921.288,9076.92472236977
TUR,2010,782545664268.333,10698.9699409757
TUR,2011,844192507380.795,11373.6355760885
TUR,2012,885327622479.052,11776.7593362033
TUR,2013,962167643588.925,12635.5570016068
TUR,2014,942343431928.654,12209.3862327674
TUR,2015,865460050683.656,11064.6494504662
TUR,2016,870818016909.84,10984.3643169061
TUR,2017,863874522365.276,10756.3877677883
TUR,2018,788356985773.667,9684.11819884721
TUR,2019,775853144222.613,9395.23378001368
TUR,2020,733628247119.077,8798.11791709313
TUR,2021,839938668172.134,9981.76398411336
TUR,2022,926097476913.818,10897.8397861365
TUR,2023,1141242864657.45,13375.0947282864
TUR,2024,1359123768774.12,15892.7157287241
TUV,2005,22846519.1722166,2298.44257265761
TUV,2006,24274966.4338055,2413.97836453913
TUV,2007,28547819.7129545,2803.75365477849
TUV,2008,31602915.0009478,3062.00125965971
TUV,2009,27851666.1740196,2662.42865634448
TUV,2010,32425361.8050211,3054.96154183353
TUV,2011,39665361.1329159,3679.5325726267
TUV,2012,38912985.1801769,3558.89749224226
TUV,2013,38767554.542532,3524.00277634143
TUV,2014,38643167.2951054,3518.13249227107
TUV,2015,36755290.7767318,3352.66722400181
TUV,2016,41306141.62505,3779.15293916285
TUV,2017,45288858.1637361,4166.79162422818
TUV,2018,48026990.1943497,4467.21144027065
TUV,2019,53527720.0597564,5058.85266607659
TUV,2020,52302514.9939611,5029.57159284173
TUV,2021,61597447.1614093,6042.51983141155
TUV,2022,54104146.3198082,5414.74642912412
TUV,2023,50491930.924381,5143.8397437226
TUV,2024,56752265.8012166,5883.50257114002
TZA,2005,18395383647.4975,483.334869384766
TZA,2006,18619859795.2852,475.746734619141
TZA,2007,21860434823.4808,543.198303222656
TZA,2008,27947821397.9272,675.977233886719
TZA,2009,29400573553.6075,693.823547363281
TZA,2010,32012892919.37,736.530151367188
TZA,2011,34657140096.4836,775.392761230469
TZA,2012,39650394362.9287,861.969909667969
TZA,2013,45648857242.315,963.05712890625
TZA,2014,49986726460.6805,1022.74841308594
TZA,2015,47413919817.124,939.127319335938
TZA,2016,49774409374.4538,953.0107421875
TZA,2017,53274884532.7886,986.674011230469
TZA,2018,57003712892.0858,1023.10626220703
TZA,2019,61026731925.9213,1063.32250976563
TZA,2020,66068737786.0639,1117.41528320313
TZA,2021,70655628147.8986,1159.85656738281
TZA,2022,75749121846.9703,1207.52062988281
TZA,2023,79030935638.1317,1224.00219726563
TZA,2024,79235713444.9777,1192.60668945313
UGA,2005,9239221763.05793,330.405402707025
UGA,2006,9977647682.96954,346.518255310647
UGA,2007,11902564494.8833,401.389130865581
UGA,2008,14440404132.2047,472.842681495852
UGA,2009,25127805566.6584,798.947089938247
UGA,2010,26673441430.7857,823.488144282
UGA,2011,27871725241.4723,835.620060555838
UGA,2012,27305915910.7877,795.222867553127
UGA,2013,28915786516.6123,818.285427416713
UGA,2014,32612397257.4458,896.054795546394
UGA,2015,32387183730.1002,862.934610355811
UGA,2016,29203988696.2626,752.696571725656
UGA,2017,30744473841.424,765.218332297361
UGA,2018,32927025619.6795,792.16570022814
UGA,2019,35353061003.4359,822.171150036357
UGA,2020,37600368241.6657,845.766463890124
UGA,2021,40529788748.6737,882.791717542504
UGA,2022,45565333210.9108,963.067314117178
UGA,2023,48768955863.3175,1002.30913917142
UGA,2024,53911907079.0485,1077.91278438613
UKR,2005,89238865118.5263,1875.33508300781
UKR,2006,111884752475.248,2366.494140625
UKR,2007,148733861386.139,3160.32763671875
UKR,2008,188110390659.515,4017.806640625
UKR,2009,121552153444.124,2607.08764648438
UKR,2010,141209170427.233,3039.63232421875
UKR,2011,169333835201.554,3656.69799804688
UKR,2012,182591753827.949,3951.34228515625
UKR,2013,190498811460.028,4129.89697265625
UKR,2014,133503871861.723,3054.908203125
UKR,2015,91030967789.0717,2094.47387695313
UKR,2016,93355869403.9223,2158.46118164063
UKR,2017,112090505081.739,2604.28759765625
UKR,2018,130891088293.55,3059.0517578125
UKR,2019,153883047509.577,3619.86157226563
UKR,2020,156617722013.342,3709.76928710938
UKR,2021,199765859570.935,4775.94580078125
UKR,2022,161989520721.19,4199.6708984375
UKR,2023,181221517868.744,5139.59814453125
UKR,2024,190833835445.1,5391.62255859375
URY,2005,17362857683.8545,5284.25677987129
URY,2006,19741420739.8901,6001.33294783172
URY,2007,23797773024.3992,7222.05403645877
URY,2008,31119602538.8322,9423.96562595893
URY,2009,32708319077.5179,9881.39573127081
URY,2010,41950361211.9581,12641.0576849008
URY,2011,50342406067.0777,15132.2675725587
URY,2012,54232266358.7811,16259.5940814256
URY,2013,61337621933.7857,18335.2594772322
URY,2014,61496186973.902,18322.4276767157
URY,2015,57680327998.6689,17125.9016800298
URY,2016,57480787465.2716,17009.7584207276
URY,2017,65006039809.739,19184.6626114272
URY,2018,65344577415.7535,19249.9404677501
URY,2019,62222324964.633,18315.7350377437
URY,2020,53559354501.4278,15757.5341990356
URY,2021,60739061281.1628,17881.8119616753
URY,2022,71240669088.0587,21009.2883798725
URY,2023,79208725899.5531,23378.6399733516
URY,2024,82322859144.2816,24308.4954958447
USA,2005,13039197000000,44123.3996470026
USA,2006,13815583000000,46301.9876485519
USA,2007,14474228000000,48050.227412195
USA,2008,14769862000000,48570.0594269601
USA,2009,14478067000000,47194.9500893872
USA,2010,15048971000000,48642.6312088213
USA,2011,15599732000000,50024.8812320773
USA,2012,16253970000000,51708.3940614082
USA,2013,16880683000000,53297.3862901595
USA,2014,17608138000000,55153.3940182967
USA,2015,18295019000000,56849.4697923159
USA,2016,18804913000000,57976.628204291
USA,2017,19612102000000,60047.7190728307
USA,2018,20656516000000,62875.6661382728
USA,2019,21539982000000,65227.9565911038
USA,2020,21375281000000,64465.2971415748
USA,2021,23725645000000,71441.2319805947
USA,2022,26054614000000,78008.6895811877
USA,2023,27811517000000,82586.7847707894
USA,2024,29298013000000,86169.6641581917
UZB,2005,14307509838.8053,542.835808692209
UZB,2006,17330833852.919,649.118167003925
UZB,2007,22311393927.8817,824.028192334768
UZB,2008,29549438883.8338,1074.72928796701
UZB,2009,33689223673.2577,1205.7993547038
UZB,2010,55544226552.8467,1956.78127255673
UZB,2011,67404618404.5392,2338.55462817306
UZB,2012,75318846931.3239,2573.95586785056
UZB,2013,82674178351.6216,2781.38869470315
UZB,2014,91303765114.0144,3021.00331668049
UZB,2015,97564568986.8161,3172.89899391083
UZB,2016,97871364319.3985,3128.42307170099
UZB,2017,72276404057.649,2271.4730109511
UZB,2018,61318332402.7908,1894.09088741408
UZB,2019,70170662562.6111,2128.66067138334
UZB,2020,70127127133.2164,2087.96374711792
UZB,2021,81170051810.5825,2370.36480555669
UZB,2022,94286355836.1594,2698.60262953369
UZB,2023,107526539716.318,3015.97705069457
UZB,2024,121356065241.228,3337.45492058664
VCT,2005,579948925.925926,5157.39373878102
VCT,2006,643501148.148148,5744.8278621257
VCT,2007,713596666.666667,6398.19123532172
VCT,2008,732663259.259259,6598.90531450859
VCT,2009,714300259.259259,6463.78777336717
VCT,2010,720447888.888889,6551.96835992405
VCT,2011,713796370.37037,6527.68996854448
VCT,2012,730032592.592593,6713.80768643865
VCT,2013,764781259.259259,7072.46737188939
VCT,2014,770900000,7168.82875342911
VCT,2015,786555555.555555,7353.73556054184
VCT,2016,814303703.703704,7656.90042881178
VCT,2017,844040740.740741,7988.04445019298
VCT,2018,884329629.62963,8428.12677153069
VCT,2019,910481481.481481,8740.59425232061
VCT,2020,864566666.666667,8351.20324040982
VCT,2021,888677777.777778,8641.27904024443
VCT,2022,989188888.888889,9693.55867833025
VCT,2023,1072237037.03704,10582.3656725229
VCT,2024,1157207407.40741,11501.2265187188
VEN,2005,145513489651.872,5432.4854184654
VEN,2006,183477522123.894,6739.38065342218
VEN,2007,230364012575.687,8331.62096991844
VEN,2008,315953388510.678,11262.4514256759
VEN,2009,329787628928.472,11596.6021921731
VEN,2010,393192354510.653,13646.3046622664
VEN,2011,316482190800.364,10843.9229703167
VEN,2012,371846610182.327,12582.0125686037
VEN,2013,258512396297.714,8642.37380007027
VEN,2014,214838755021.964,7101.15006382986
VEN,2015,125249941853.534,4096.61989137473
VEN,2016,112948035494.959,3671.23004093383
VEN,2017,115892475742.789,3791.63262049576
VEN,2018,101987075928.918,3421.51341607593
VEN,2019,73014157107.594,2523.11527549578
VEN,2020,42837965906.8675,1506.04169391285
VEN,2021,56615026262.6535,2004.93572921136
VEN,2022,89013251020.9831,3155.04190923584
VEN,2023,102377501185.925,3617.47038396528
VEN,2024,120566112397.063,4244.45723136019
VGB,2005,,
VGB,2006,,
VGB,2007,,
VGB,2008,,
VGB,2009,,
VGB,2010,,
VGB,2011,,
VGB,2012,,
VGB,2013,,
VGB,2014,,
VGB,2015,,
VGB,2016,,
VGB,2017,,
VGB,2018,,
VGB,2019,,
VGB,2020,,
VGB,2021,,
VGB,2022,,
VGB,2023,,
VGB,2024,,
VIR,2005,4428000000,40828.7460927775
VIR,2006,4484000000,41377.1466009652
VIR,2007,4784000000,44158.5054044325
VIR,2008,4244000000,39152.3750657306
VIR,2009,4201000000,38753.1825393897
VIR,2010,4324000000,39905.1284180994
VIR,2011,4223000000,38997.1373164651
VIR,2012,4089000000,37795.3192590675
VIR,2013,3738000000,34597.9766940328
VIR,2014,3565000000,33045.3643795999
VIR,2015,3663000000,34007.3529411765
VIR,2016,3798000000,35324.9748874586
VIR,2017,3794000000,35365.0693039774
VIR,2018,3923000000,36663.2087550584
VIR,2019,4121000000,38633.5298915336
VIR,2020,4229000000,39787.3741650202
VIR,2021,4507000000,42571.0777368471
VIR,2022,4672000000,44320.909185774
VIR,2023,,
VIR,2024,,
VNM,2005,57633255738.1992,710.746759994861
VNM,2006,66371664817.0436,807.756645117054
VNM,2007,77414425532.2452,925.640338348717
VNM,2008,99130304099.1274,1163.83195772873
VNM,2009,106014659565.214,1226.16976051536
VNM,2010,147201173196.979,1683.16182443979
VNM,2011,172595049183.925,1950.92504174913
VNM,2012,195590661129.249,2185.11767654291
VNM,2013,213708811665.34,2359.51736472828
VNM,2014,233451469642.519,2546.38464459903
VNM,2015,239258328381.741,2577.56885340113
VNM,2016,257096001177.982,2735.0604380416
VNM,2017,281353605986.903,2956.10992127753
VNM,2018,310106478394.659,3222.31003125366
VNM,2019,334365270496.667,3440.90025375434
VNM,2020,346615738537.796,3534.03953482647
VNM,2021,366474752771.009,3704.1935590038
VNM,2022,413445230668.578,4147.69777213621
VNM,2023,433805036898.465,4322.82572261566
VNM,2024,476324572783.807,4716.6599379632
VUT,2005,394962433.029368,1873.99142640619
VUT,2006,439358586.535588,2034.79289624351
VUT,2007,516392922.513728,2333.70506748914
VUT,2008,590748429.401902,2603.60883136724
VUT,2009,592622319.145664,2546.38324565986
VUT,2010,670712979.682038,2815.18828985779
VUT,2011,770153588.218833,3163.1861645138
VUT,2012,747839697.746593,3004.78416664293
VUT,2013,863347171.906814,3392.56675091682
VUT,2014,879185478.498067,3378.36411965135
VUT,2015,855360239.609869,3214.41948587141
VUT,2016,908725512.790966,3339.83436471043
VUT,2017,998536154.882053,3585.31798081216
VUT,2018,1034402941.04298,3626.18862522473
VUT,2019,1061547512.69257,3635.62344878185
VUT,2020,1017403362.80118,3404.30359167624
VUT,2021,1093826088.94269,3576.13770954363
VUT,2022,1151863789.76624,3679.53524327491
VUT,2023,1188137265.19047,3708.18942411253
VUT,2024,1297956614.77783,3959.87703462363
WSM,2005,476801793.159429,2550.04221437511
WSM,2006,499923757.780736,2663.29135939532
WSM,2007,573548459.833372,3038.61904093377
WSM,2008,641346191.664776,3373.60639884263
WSM,2009,628006115.424052,3279.18269477295
WSM,2010,680260907.153983,3524.2479246203
WSM,2011,744097050.169115,3821.50678264479
WSM,2012,773141661.165548,3934.60320799981
WSM,2013,797736334.281305,4023.5254013825
WSM,2014,796683519.593842,3982.68080202084
WSM,2015,824150498.653536,4084.36083819933
WSM,2016,843924796.697421,4147.07097674888
WSM,2017,884844384.463214,4307.59381964907
WSM,2018,878448433.404342,4231.81409469194
WSM,2019,912950466.064906,4351.94234943706
WSM,2020,868884902.953089,4099.59660548583
WSM,2021,859724936.05765,4021.55934894283
WSM,2022,889554711.842341,4132.44717734444
WSM,2023,1044909500.02527,4822.74084650019
WSM,2024,1175749785.65113,5392.87761915762
XKX,2005,,
XKX,2006,,
XKX,2007,,
XKX,2008,5202943075.49453,2889.14677086951
XKX,2009,5035779642.01679,2805.94692985371
XKX,2010,5343950626.16668,2987.54523493128
XKX,2011,6341614504.59145,3538.94809762524
XKX,2012,6163483291.08047,3410.65497983011
XKX,2013,6735327512.05178,3704.55812411167
XKX,2014,7074392884.04507,3902.49322261901
XKX,2015,6295845465.35898,3520.62685324451
XKX,2016,6682674062.9615,3759.44777525332
XKX,2017,7180768692.26354,4009.32022064732
XKX,2018,7878762812.20156,4384.18796440547
XKX,2019,7899204690.79214,4415.6992744623
XKX,2020,7734497455.75411,4320.58382547288
XKX,2021,9412099545.05799,5269.69946181439
XKX,2022,9367633202.54673,5298.1473871027
XKX,2023,10466753839.9923,6220.33213919344
XKX,2024,11203038332.3359,7026.6988128325
YEM,2005,16731566717.1888,734.159908450927
YEM,2006,19063143369.858,809.713127624703
YEM,2007,21650528674.0933,890.305768114988
YEM,2008,26910855807.288,1071.63583282105
YEM,2009,25130278212.5575,969.243509864478
YEM,2010,30906749533.221,1155.20305261418
YEM,2011,32726417878.391,1186.47500581215
YEM,2012,35401331609.5916,1245.05068272078
YEM,2013,40415233436.1767,1378.75002954928
YEM,2014,43228585321.3272,1430.16420964026
YEM,2015,42444490073.8555,1362.1738120601
YEM,2016,31317825274.1507,975.359417003225
YEM,2017,26842229044.5848,811.165970405745
YEM,2018,21606160663.0318,633.887202451545
YEM,2019,,
YEM,2020,,
YEM,2021,,
YEM,2022,,
YEM,2023,,
YEM,2024,,
ZAF,2005,288867217196.534,5836.87663325127
ZAF,2006,303858675363.643,6077.38293388876
ZAF,2007,333077117253.684,6591.85535960564
ZAF,2008,316131258616.309,6184.75474328399
ZAF,2009,329754060647.129,6374.70560042992
ZAF,2010,417363822801.713,7973.47195771517
ZAF,2011,458199494830.834,8646.05571071635
ZAF,2012,434400545085.811,8076.97678479741
ZAF,2013,400886013595.573,7331.65467384919
ZAF,2014,381198869776.106,6856.73137092522
ZAF,2015,346709790458.563,6112.27382485974
ZAF,2016,323585509674.481,5651.20585165749
ZAF,2017,381448814653.456,6618.33508255701
ZAF,2018,405260723892.517,6914.1780318076
ZAF,2019,389330032224.269,6533.71121032856
ZAF,2020,337974655408.055,5580.60383075189
ZAF,2021,419986284375.368,6828.75624590017
ZAF,2022,407596043067.885,6534.24867783397
ZAF,2023,381440724491.232,6034.27208964673
ZAF,2024,401144998373.585,6267.186814093
ZMB,2005,8331870169.14977,710.982068171696
ZMB,2006,12756858899.2812,1051.71714895686
ZMB,2007,14056957976.2648,1118.73162626953
ZMB,2008,17910858637.9048,1375.50211006997
ZMB,2009,15328342303.9575,1136.24168316848
ZMB,2010,20265559483.8548,1451.10616017155
ZMB,2011,23459515275.5776,1624.86817763443
ZMB,2012,25503060420.026,1710.05061343728
ZMB,2013,28037239462.7142,1820.71854827391
ZMB,2014,27141023558.0829,1707.48573136694
ZMB,2015,21251216798.7762,1295.87788680068
ZMB,2016,20958412538.3093,1239.08527877713
ZMB,2017,25873601260.8353,1483.46577328065
ZMB,2018,26311507273.6735,1463.89997855593
ZMB,2019,23308667781.2258,1258.98619844462
ZMB,2020,18137764930.651,951.644316655957
ZMB,2021,22096416932.0089,1127.16077872857
ZMB,2022,29163782140.4858,1447.12310138035
ZMB,2023,27577956471.244,1330.72780576709
ZMB,2024,25303185342.2511,1187.10943350064
ZWE,2005,5758250000,461.271387547912
ZWE,2006,5446750000,431.034994414964
ZWE,2007,5294750000,413.521244592925
ZWE,2008,4418000000,340.917447588572
ZWE,2009,9670750000,735.821693871697
ZWE,2010,12047750000,902.010759067388
ZWE,2011,14109000000,1037.77565157218
ZWE,2012,17123500000,1239.22709745709
ZWE,2013,19100750000,1362.99498323368
ZWE,2014,19505500000,1372.91526173161
ZWE,2015,19973250000,1387.12632595026
ZWE,2016,20559250000,1408.13945253431
ZWE,2017,51035657370.5179,3445.44941020134
ZWE,2018,34141666666.6667,2270.89531874302
ZWE,2019,33360632553.3556,2184.52155388801
ZWE,2020,31979753644.6558,2059.63704025274
ZWE,2021,41287852523.5016,2613.6167414057
ZWE,2022,40757585308.5016,2536.40197087505
ZWE,2023,35871781303.429,2195.22502010174
ZWE,2024,41521975830.2351,2496.15514995576
