iso3,year,va,pv,ge,rq,rl,cc
ABW,2005,1.0243056,1.3825401,1.2275068,1.1049056,0.8000025,1.3280539
ABW,2006,1.0327517,1.3857716,1.2264450999999998,1.10076,0.8012988,1.3362247
ABW,2007,1.0287127999999999,1.3870095999999998,1.2280054,1.1021847999999999,0.8054835,1.3304342999999998
ABW,2008,1.031528,1.3856726,1.2517962999999999,1.0975312,0.8038852999999999,1.3320131
ABW,2009,1.4150182,1.3349567,1.3644238,1.4895380999999999,1.4260587,1.0302318
ABW,2010,1.4138479,1.2593277999999999,0.8699465,1.4900588,1.4252304,1.0306472
ABW,2011,1.4156606,1.2557049,0.8693949999999999,1.4910094999999999,1.3554385,1.0296522
ABW,2012,1.4142272999999999,1.3240511,0.8694942,1.4868008,1.3538028,1.0275501
ABW,2013,1.412012,1.3246312999999998,0.8692278,1.4864682,1.3505692999999999,1.0277192
ABW,2014,1.4142112,1.2280463,0.5982900999999999,1.3011933999999998,1.0169776,0.8936128999999999
ABW,2015,1.4146553,1.2261863,0.597607,1.3963562,1.3016162999999998,1.1597875
ABW,2016,1.4136563,1.2244614,0.5984343999999999,1.3974107,1.3021699,1.1611266999999998
ABW,2017,1.4128427,1.2245069,0.5980848999999999,1.2944645,1.3015889,1.1601747
ABW,2018,1.4340152,1.344193,0.7862612,0.9813227999999999,1.3014952,1.1618015
ABW,2019,1.4336723,1.3448969,0.7877466999999999,0.9831622999999999,1.301428,1.1640405
ABW,2020,1.4325995,1.3443045,0.7820574,0.9803948,1.3004141999999999,1.1645344
ABW,2021,1.1203501,1.3423642,0.7827845999999999,0.9795754999999999,1.2263001999999998,0.8701654
ABW,2022,1.1188405,1.3452374,0.9007337,0.976742,1.2274737,0.866748
ABW,2023,1.116846,1.3459523,0.5858226,0.9770249999999999,1.2256996999999998,0.8673479
ABW,2024,1.1157664,1.3461299,0.5858996,0.9762871,1.225617,0.8688564
AFG,2005,-1.0993932,-2.144835,-1.3903755,-1.6383018,-1.7732017,-1.5716211999999998
AFG,2006,-1.0213084,-2.1580516,-1.6799381999999998,-1.519239,-1.8557621,-1.519539
AFG,2007,-0.9788667999999999,-2.358713,-1.6482624,-1.5338809,-1.8557557999999998,-1.5672418
AFG,2008,-1.0188802,-2.528318,-1.6264683,-1.5848905,-1.9582652999999999,-1.6090171
AFG,2009,-1.215439,-2.4371337,-1.5671599999999999,-1.5429009999999999,-1.8511632999999998,-1.5595233
AFG,2010,-1.292405,-2.5212323,-1.5938191,-1.460423,-1.8534614999999999,-1.6514467
AFG,2011,-1.1924128999999999,-2.5410345999999997,-1.6094285,-1.4698916,-1.9321454,-1.589755
AFG,2012,-1.1449236999999999,-2.4931145999999997,-1.5137641,-1.2742499,-1.8922332,-1.632706
AFG,2013,-1.1701187,-2.6865653,-1.5130029,-1.2958743,-1.7376813999999998,-1.5812312
AFG,2014,-1.1116375,-2.3322691,-1.5067937,-1.21386,-1.6643876,-1.5559393
AFG,2015,-1.1154901,-2.4886987,-1.4528942,-1.0908923,-1.661405,-1.5145731999999998
AFG,2016,-1.1311646,-2.4899595,-1.4009323,-1.4090961,-1.597387,-1.5597569999999998
AFG,2017,-1.1481128,-2.6155108,-1.4224139999999998,-1.4515506999999999,-1.6165437,-1.5381041
AFG,2018,-1.0745187999999999,-2.5906799,-1.6078255,-1.3374635,-1.6919841999999998,-1.5345594
AFG,2019,-1.0369553,-2.5977843999999997,-1.6555552,-1.3150214999999998,-1.6828809,-1.4958388
AFG,2020,-0.990332,-2.5982174,-1.7150769,-1.3399531999999998,-1.6820874,-1.3952955999999999
AFG,2021,-1.4467124,-2.4628747,-1.7347694999999999,-1.4472425999999998,-1.741363,-1.2163359999999999
AFG,2022,-1.8899298,-2.4608265,-1.9896935999999998,-1.4190498,-1.8642672,-1.1668863999999999
AFG,2023,-2.0679992,-2.4007188,-2.1047002999999997,-1.4252907,-1.8973194999999998,-1.1930687
AFG,2024,-2.154862,-2.2157507,-1.9735825999999999,-1.5542299,-1.9306898,-1.3030852
AGO,2005,-1.2040239,-0.9805225999999999,-1.5426145,-1.4176316,-1.3760407,-1.2949346
AGO,2006,-1.1175282,-0.689739,-1.508546,-1.0668488,-1.323575,-1.2978018
AGO,2007,-1.0975044999999999,-0.765609,-1.4312525,-1.0394203,-1.3292874,-1.281331
AGO,2008,-1.0108466,-0.4846,-1.1938419,-1.0443651,-1.2425146,-1.2710141
AGO,2009,-1.0109685,-0.5420286,-1.0404634,-1.0299167,-1.2151912,-1.2735994
AGO,2010,-1.0138281999999998,-0.2617697,-0.9071619,-1.0190246,-1.2242943,-1.3266163
AGO,2011,-1.0083127,-0.48073649999999996,-0.9587262,-1.0449273,-1.2897394,-1.3676104
AGO,2012,-0.9965472,-0.4283939,-0.9639226,-0.9726709,-1.3179889999999999,-1.4390641
AGO,2013,-1.0392740999999999,-0.6110586,-0.9911137,-1.05454,-1.3320178,-1.4605972
AGO,2014,-1.0878461,-0.5197309999999999,-0.9063829,-0.9884234,-1.2577471999999998,-1.4862952999999999
AGO,2015,-1.1147957,-0.5638367,-0.9036559999999999,-1.0468871,-1.2610735,-1.4856194
AGO,2016,-1.1459645,-0.4458778,-0.9131536,-1.1428144999999998,-1.2809962,-1.4880864
AGO,2017,-1.095624,-0.5444182,-0.9448306999999999,-1.1421660999999999,-1.2897064999999999,-1.4198507
AGO,2018,-0.8708933,-0.42180199999999995,-0.9608150999999999,-1.0296557,-1.0644866,-1.1823778999999999
AGO,2019,-0.8094956999999999,-0.43424769999999996,-0.8917628,-0.9655410999999999,-1.0299336,-1.0040502
AGO,2020,-0.8324324999999999,-0.6391908,-0.9533147,-1.0088898,-0.9378698,-0.9315857
AGO,2021,-0.9080104999999999,-0.7819529,-0.8768773,-0.8385355999999999,-1.0759037999999999,-0.668397
AGO,2022,-0.9701729,-0.5222179,-0.7787906,-0.8408249999999999,-1.1567078,-0.6251342999999999
AGO,2023,-0.9459816999999999,-0.3558091,-0.8025802,-0.8800949,-1.228828,-0.6230952
AGO,2024,-0.9777589999999999,-0.4460858,-0.7872699,-0.7250019,-1.1808378,-0.6438531
AIA,2005,0.8068493,1.2096757,1.7466692,1.2832519,1.5808166,1.3280539
AIA,2006,1.0327517,1.2129071,1.7456075,1.4574525999999999,1.5821128999999998,1.3362247
AIA,2007,1.0287127999999999,1.2141450999999999,1.7471678,1.4588774,1.5862976,1.3304342999999998
AIA,2008,1.031528,1.2128081,1.7709587,1.4542237999999998,1.5846993,1.3320131
AIA,2009,1.0329561999999999,1.2207409999999999,1.7733081,1.4530545,1.3196496,1.3319781
AIA,2010,1.0296298,1.5590549999999999,1.773985,1.4543887,1.3169381999999998,1.3329586999999998
AIA,2011,1.0347823999999999,1.5543019,1.7729669,1.4568250999999999,1.3286712999999999,1.3306099999999998
AIA,2012,1.030708,1.5521620999999999,1.7731499,1.4460397,1.3233167,1.3256481
AIA,2013,1.0244111,1.5529233,1.7726582,1.4451873,1.3127320999999998,1.3260471999999999
AIA,2014,1.0306624,1.2533423,1.4455034,0.6136927999999999,-0.0395553,1.1655883
AIA,2015,1.0319247999999999,1.250902,1.4442422,0.6197705,-0.033196699999999996,1.1695012999999999
AIA,2016,1.0290852,1.248639,1.4457696999999998,0.8602679999999999,-0.0313844,1.1726623999999999
AIA,2017,1.0267723,1.2486987,0.7529078,0.8646665,-0.0332866,1.1704151999999999
AIA,2018,,1.2520661,0.7542135,0.8668347999999999,-0.0335932,1.1742552
AIA,2019,,1.2529896,0.756956,0.8715489999999999,0.4288914,1.1795403
AIA,2020,,1.4058694999999999,0.7464523,0.8644567,0.4255728,0.556319
AIA,2021,,1.4033239,0.7477948999999999,0.8623571,0.42315749999999996,0.5582372999999999
AIA,2022,,1.4070935,1.0937445,0.8550957,0.41651279999999996,1.1745577999999999
AIA,2023,,1.4080314,1.0939105,0.8558209,0.6413996,1.1759739999999999
AIA,2024,,1.4082644,1.0940797,0.8539298,0.6410981,1.1795347999999999
ALB,2005,0.13082,-0.6314799999999999,-0.608506,-0.3048729,-0.6454204,-0.880906
ALB,2006,0.1758837,-0.5594093,-0.5861369,-0.0736101,-0.5969285,-0.6950995
ALB,2007,0.1483063,-0.19483,-0.49953699999999995,0.0369915,-0.5032464,-0.6654492
ALB,2008,0.23543509999999998,-0.0370673,-0.3331869,0.0724895,-0.4604057,-0.6418773
ALB,2009,0.21464729999999999,-0.026066299999999997,-0.17208959999999998,0.15145809999999998,-0.4148929,-0.5735781
ALB,2010,0.1811537,-0.1641137,-0.18995489999999998,0.1260838,-0.33557909999999996,-0.5017178999999999
ALB,2011,0.0652195,-0.3398349,-0.16766109999999998,0.07950639999999999,-0.30678659999999996,-0.6862398
ALB,2012,0.018993799999999998,-0.3731296,-0.2653137,-0.0253159,-0.4084196,-0.8091815
ALB,2013,0.007039999999999999,-0.2141054,-0.3092996,-0.0086184,-0.474253,-0.8066654999999999
ALB,2014,0.1396133,0.2375165,0.0820916,0.1122108,-0.2707308,-0.6990964
ALB,2015,0.1305017,0.10936649999999999,0.18695009999999998,0.041984099999999996,-0.21642509999999998,-0.6100331
ALB,2016,0.1479689,0.1424115,0.20379239999999998,0.0709287,-0.19800179999999998,-0.5308759
ALB,2017,0.1736421,0.15811329999999998,0.2732443,0.1151517,-0.2065582,-0.5913765
ALB,2018,0.20801909999999998,0.1436695,0.2962959,0.1338227,-0.17177,-0.5890745
ALB,2019,0.1905026,0.0044824999999999995,0.11581699999999999,0.163741,-0.2774219,-0.5423523
ALB,2020,0.1373641,-0.0041906,-0.009336599999999999,0.0591864,-0.2481089,-0.6625125
ALB,2021,0.0810021,0.0205626,0.10806289999999999,0.0569661,-0.18822999999999998,-0.6051046999999999
ALB,2022,0.10822129999999999,0.0106004,0.19228299999999998,0.0598038,-0.1294979,-0.5055111999999999
ALB,2023,0.0494378,0.0216641,0.2641963,0.1040899,-0.1478021,-0.4679409
ALB,2024,0.07359829999999999,0.021787499999999998,0.36109009999999997,0.2527435,-0.10721689999999999,-0.3491901
AND,2005,1.3768684999999998,1.3235812999999998,0.7083444,1.6399441,1.030657,1.3280539
AND,2006,1.3838176,1.3274009,1.2264450999999998,1.6357985,1.031428,1.3362247
AND,2007,1.3823927999999999,1.3288643,1.2280054,1.6372232999999998,1.303378,1.3304342999999998
AND,2008,1.3833859,1.3272838999999998,1.2517962999999999,1.6325697,1.3024274999999998,1.3320131
AND,2009,1.3838897,1.3366607,1.2541457999999999,1.6314004,1.2995856,1.3319781
AND,2010,1.3827163,1.3278961,1.2548226,1.6327346,1.297973,1.3329586999999998
AND,2011,1.3845338999999999,1.3222778,1.2538045,1.8135173,1.4597451,1.3306099999999998
AND,2012,1.4448371,1.3197485,1.2539875,1.8027319,1.4565605,1.3256481
AND,2013,1.4428873,1.3206482,1.2534958,1.8018794999999999,1.4502654,1.3260471999999999
AND,2014,1.3110152,1.3297896,1.7916115,1.0892825,1.6091676,1.1655883
AND,2015,1.3114061,1.3269050999999998,1.7903502999999998,1.0953602,1.6129493,1.1695012999999999
AND,2016,1.2729587999999998,1.3242302,1.7918778,1.0980626,1.6140272,1.1726623999999999
AND,2017,1.2850465,1.3243007999999998,1.7912325,1.3402562,1.6128958999999998,1.1704151999999999
AND,2018,0.9643788,1.328281,1.7925383,1.3424245,1.6425733,1.1742552
AND,2019,0.9810397,1.5585335999999999,1.7952807,1.3471387,1.6424146,1.1795403
AND,2020,0.9614410999999999,1.5578908999999999,1.7847771,1.1022513,1.6400200999999999,1.1807063
AND,2021,0.8598669999999999,1.5557857,1.7861197,1.1001518,1.6382773,1.1826246
AND,2022,0.9343893999999999,1.558903,1.1166591,1.0928902999999999,1.4220055999999999,1.1745577999999999
AND,2023,0.7669370999999999,1.5596786,1.1167818999999999,1.0936156,1.418326,1.1759739999999999
AND,2024,0.7851486,1.5598713,1.1169071,1.0917245,1.4181544,1.1795347999999999
ANT,2005,0.5893929,0.8639467,0.7083444,1.1049056,0.8000025,1.3280539
ANT,2006,0.597839,1.2129071,0.7072828,0.9224140999999999,0.8012988,1.3362247
ANT,2007,0.5938000999999999,1.2141450999999999,0.708843,0.9238388999999999,0.8054835,1.3304342999999998
ANT,2008,0.5966153,1.2128081,0.7326339,0.9191853,0.8038852999999999,1.3320131
ANT,2009,0.38058719999999996,1.2207409999999999,0.7349834,0.9180159999999999,0.7991068,0.8636874999999999
ANT,2010,0.3772608,1.213326,0.7356602,0.9193502,0.7963954999999999,0.8646680999999999
ANT,2011,0.38241339999999996,1.2085728999999998,0.7346421,0.9217867,0.8081286,0.8623194
ANT,2012,0.378339,1.2064332,0.7348252,0.9110012,0.8027738999999999,0.8573575
ANT,2013,0.3720421,1.2071943,0.7343333999999999,0.9101488,0.7921893,0.8577564999999999
ANT,2014,0.3782934,1.214928,0.7532867,0.9109366999999999,0.7990969,0.8533947
ANT,2015,0.3795558,1.2124876999999998,0.7520255,0.9170144,0.8054555,0.8573077
ANT,2016,0.3767162,1.2102247,0.7535531,0.9197166999999999,0.8072678,0.8604687999999999
ANT,2017,0.3744033,0.7071489999999999,0.7529078,0.9241151999999999,0.8053656,0.8582215999999999
ARE,2005,-1.1268018,0.7745516,0.5363093999999999,0.5387921,0.09945609999999999,0.7535054999999999
ARE,2006,-0.8530808,0.8900066,0.7817579,0.6858384,0.0712466,0.7774357
ARE,2007,-0.8227749999999999,1.0072345,0.8031176999999999,0.7072042,0.0504713,0.7739893
ARE,2008,-0.7819936,0.7221845,0.6943423,0.7926593,0.1147501,0.9094350999999999
ARE,2009,-0.7067772999999999,1.0969997,0.7378672,0.7686575999999999,0.1202437,0.8435973
ARE,2010,-0.7625877,0.8069643999999999,0.6761977,0.7036058,0.08581359999999999,0.9108541
ARE,2011,-0.6382694999999999,0.8178962,0.8276047999999999,0.8184804,0.3876531,1.1333503
ARE,2012,-0.7649345,0.8090071999999999,0.9666847,0.7762081,0.34522369999999997,1.0886547
ARE,2013,-0.9036071999999999,0.7810914999999999,0.9950264,0.8980655,0.3940668,1.149383
ARE,2014,-0.8550333,0.8900722,1.2035565,0.9883363,0.3149135,0.984486
ARE,2015,-0.873193,0.8270827,1.1947098999999999,1.1194081999999999,0.3141655,0.9193918999999999
ARE,2016,-0.8542588,0.7025376,1.2051998,1.0241251999999998,0.40143589999999996,1.1051617999999999
ARE,2017,-0.8849678,0.7313124999999999,1.1757575,1.0541258,0.3660947,1.0739109
ARE,2018,-1.0368302999999999,0.8274159999999999,1.2202319,1.0188275,0.37494859999999997,1.0931321
ARE,2019,-1.0172078,0.8230622999999999,1.2097783,1.0932279999999999,0.41184889999999996,1.0864672
ARE,2020,-1.0221799999999999,0.8202946999999999,0.8422982,1.0104998,0.37965289999999996,1.0605961
ARE,2021,-1.0479083,0.8311735,0.9128972999999999,1.0134645,0.3331303,1.0353531999999999
ARE,2022,-1.0406492,0.8754187,0.9765619999999999,1.0099228999999998,0.42396649999999997,1.0215334999999999
ARE,2023,-1.111723,0.788504,1.1370426999999999,1.0693514,0.4802188,0.9865181
ARE,2024,-1.0797117,0.7887341999999999,1.1338161,1.0889345,0.5326242999999999,1.1743732
ARG,2005,0.5399214999999999,0.0894396,0.0544303,-0.5770603,-0.3709105,-0.3896209
ARG,2006,0.5341526,0.0885195,0.094084,-0.6313200999999999,-0.4105178,-0.320894
ARG,2007,0.5340209,0.2190908,0.0463793,-0.6332502,-0.4450251,-0.4151959
ARG,2008,0.46087599999999995,0.0345281,-0.0161725,-0.6417301,-0.6262409,-0.41257059999999995
ARG,2009,0.45018909999999995,-0.1598894,-0.0054131,-0.7459783,-0.5946241,-0.3943504
ARG,2010,0.5112091,-0.0825458,0.07393949999999999,-0.7210141,-0.4790676,-0.36480029999999997
ARG,2011,0.43835379999999996,0.1086375,0.1310805,-0.6846549,-0.43077079999999995,-0.33618169999999997
ARG,2012,0.4291095,0.0807649,0.0685533,-0.8159461,-0.5136809999999999,-0.5363017
ARG,2013,0.3415709,0.0327097,0.053793499999999994,-0.8203438,-0.5704009999999999,-0.5382433999999999
ARG,2014,0.3785035,-0.0135062,0.2310158,-0.9850009,-0.7153263,-0.6640614
ARG,2015,0.43129629999999997,-0.034423499999999996,0.14395239999999998,-0.7942927,-0.4433822,-0.6423059
ARG,2016,0.49951829999999997,0.18460269999999998,0.3509353,-0.2294909,-0.1925067,-0.21982259999999998
ARG,2017,0.6014503999999999,0.2326869,0.3104807,-0.0841939,-0.1238649,-0.17686449999999998
ARG,2018,0.6537489,0.1166571,0.2987842,-0.1348354,-0.1461431,-0.0094702
ARG,2019,0.6284291,0.0576869,0.3062953,-0.40397829999999996,-0.3168528,-0.0824917
ARG,2020,0.6300506,0.0406541,0.1889768,-0.4978994,-0.3082724,-0.1363057
ARG,2021,0.578893,0.078868,0.1346725,-0.5223175999999999,-0.3075701,-0.3247968
ARG,2022,0.5418299,0.052813,0.1192888,-0.5186581,-0.2948153,-0.33927189999999996
ARG,2023,0.5327879,-0.0238589,0.034705099999999996,-0.487365,-0.2727332,-0.33604649999999997
ARG,2024,0.42736179999999996,0.0127215,0.194177,-0.2400427,-0.256913,-0.3250713
ARM,2005,-0.5204764,-0.12745779999999998,-0.19212089999999998,0.15449179999999998,-0.3286318,-0.5913546
ARM,2006,-0.5689605999999999,-0.1958849,-0.2550554,0.260017,-0.42585229999999996,-0.6244752
ARM,2007,-0.48944129999999997,0.1482273,-0.3657368,0.28475639999999997,-0.366525,-0.7002296
ARM,2008,-0.7048515,-0.1610208,-0.2730473,0.4316654,-0.30818809999999996,-0.7555710999999999
ARM,2009,-0.7861075,0.1295748,-0.0460213,0.4426175,-0.4011412,-0.7305385
ARM,2010,-0.7249888,-0.0083143,-0.1403586,0.4230136,-0.4110992,-0.6663446
ARM,2011,-0.5481431999999999,-0.15088659999999998,-0.025823099999999998,0.4062074,-0.36219219999999996,-0.6733427
ARM,2012,-0.4200963,0.0469946,0.009974199999999999,0.4461129,-0.3368979,-0.6145286
ARM,2013,-0.4303576,-0.043089499999999996,0.0185128,0.35034289999999996,-0.2731208,-0.5248547
ARM,2014,-0.4074587,-0.23937019999999998,-0.17927169999999998,0.1443683,-0.36780569999999996,-0.6805344999999999
ARM,2015,-0.35228699999999996,-0.1407516,-0.1885696,0.2177922,-0.34896299999999997,-0.6645384
ARM,2016,-0.3843301,-0.3777945,-0.15538559999999998,0.2379907,-0.2647149,-0.6216691999999999
ARM,2017,-0.3313306,-0.2959867,-0.0705765,0.2680609,-0.2729221,-0.6043116
ARM,2018,0.2745164,-0.0086026,-0.1273427,0.2914814,-0.1859721,-0.164124
ARM,2019,0.2927413,0.0677551,-0.160581,0.2608752,-0.22203119999999998,-0.055389299999999995
ARM,2020,0.2990892,-0.28528159999999997,-0.3545794,0.2091674,-0.107913,0.10146379999999999
ARM,2021,0.2125066,-0.49736939999999996,-0.3462923,0.20093339999999998,-0.1313113,0.0524409
ARM,2022,0.1608334,-0.34302299999999997,-0.31584229999999996,0.1001504,-0.24734979999999998,0.053540199999999996
ARM,2023,0.171516,-0.5084777,-0.17181839999999998,0.14335789999999998,-0.27010649999999997,0.12140369999999999
ARM,2024,0.2215354,-0.6210810999999999,-0.30922299999999997,0.2017147,-0.18409489999999998,0.1800245
ASM,2005,0.5893929,0.7061931,-0.3299803,0.5698671,1.0602738999999999,0.8597633
ASM,2006,0.597839,0.7112679,-0.331042,0.5657215,1.0615701,0.3996434
ASM,2007,1.0287127999999999,0.9846908,0.1896806,0.5671463,1.0657548,0.393853
ASM,2008,1.031528,0.982591,0.21347149999999998,0.5624927,1.0641566,0.3954318
ASM,2009,1.0329561999999999,0.9950494,0.21582099999999999,0.5613234,1.0593782,0.3953968
ASM,2010,1.0296298,0.9834044999999999,0.2164978,0.5626576,1.0566669,0.3963774
ASM,2011,1.0347823999999999,0.9759399,0.2154797,0.565094,1.0683999,0.3940287
ASM,2012,1.030708,0.9725794,0.2156628,0.5543085999999999,1.0630453,0.3890668
ASM,2013,1.0244111,0.9737747999999999,0.215171,0.5534562,1.0524607,0.3894659
ASM,2014,1.0306624,1.2573988999999999,0.7532867,0.1381031,1.3485585,1.1655883
ASM,2015,1.0319247999999999,1.2535664,0.7520255,0.1441808,1.3549171,1.1695012999999999
ASM,2016,1.0290852,1.2500125,0.7535531,0.1468832,1.3567293999999999,1.1726623999999999
ASM,2017,1.0267723,1.2501061999999998,0.7529078,-0.08651299999999999,1.3548272,1.7948028999999999
ASM,2018,,1.2553945,0.7542135,-0.08434459999999999,1.3545205999999999,1.7986429
ASM,2019,1.3289431999999999,1.258557,0.756956,-0.07963039999999999,1.3955767,1.803928
ASM,2020,1.0622586,1.257676,0.7464523,0.38886699999999996,1.2141695,1.1807063
ASM,2021,1.0494846,1.2547903,0.7477948999999999,0.3867674,1.2123023,1.1826246
ASM,2022,1.0459950999999998,1.2590633999999998,0.7476364,0.379506,1.2071657999999998,1.1745577999999999
ASM,2023,1.0413849,1.2601266,0.7478024,0.3802312,1.2021676,1.1759739999999999
ASM,2024,1.0388891999999998,1.2593853,0.7479715,0.37834009999999996,1.1038027,1.1795347999999999
ATG,2005,0.5744809,0.7735569999999999,0.550098,0.3287885,0.7710121999999999,0.6820786999999999
ATG,2006,0.6406696,0.7762292,0.5493063,0.32586319999999996,0.9182152,1.0491489
ATG,2007,0.5721185999999999,0.777253,0.5504698,0.3268686,0.9205702,1.0446879
ATG,2008,0.576973,0.7761473999999999,0.5682104,0.3235849,0.9196708,1.0459042
ATG,2009,0.7060672,0.7827075,0.5699622999999999,0.3227598,0.9169816,1.0458773
ATG,2010,0.6225002,0.919527,0.7356602,0.5626576,1.0182179,1.3329586999999998
ATG,2011,0.6243179,0.9155964,0.7346421,0.565094,1.0251961,1.3306099999999998
ATG,2012,0.667539,0.9138269,0.7348252,0.5543085999999999,1.0220114,1.3256481
ATG,2013,0.6613481,0.9144564,0.7343333999999999,0.5534562,1.0157163999999999,1.3260471999999999
ATG,2014,0.6675228999999999,0.9386424,0.061070099999999995,0.37589819999999996,0.521044,0.5412009999999999
ATG,2015,0.6039721,0.9146424999999999,0.4059174,0.2103589,0.9072456,0.639805
ATG,2016,0.6209733,0.7311548999999999,0.407445,0.21184309999999998,0.9052891,0.6411076
ATG,2017,0.5551771,0.6118395,-0.285417,0.23997369999999998,0.6601656,0.20036379999999998
ATG,2018,0.5161276,0.7961849,-0.2841112,0.4911969,0.5866083999999999,0.230982
ATG,2019,0.5535205,0.9162640999999999,-0.2813688,0.5809802,0.5938911,0.22408009999999998
ATG,2020,0.5528953,0.9156603999999999,-0.6379806,0.5770848,0.593092,0.2245605
ATG,2021,0.5702999,0.9136829,-0.6366379999999999,0.5490505,0.5714108,0.187822
ATG,2022,0.5515049,1.0885350999999999,-0.0757508,0.4536534,0.6337906,0.24056349999999999
ATG,2023,0.5596285,1.0892636,0.43659699999999996,0.6188319999999999,0.6311787,0.2742828
ATG,2024,0.5525469,1.0894446,0.4367222,0.6291164,0.611966,0.2903364
AUS,2005,1.5238597999999999,0.9838922,1.7540076,1.8149302999999999,1.6958313999999999,1.779045
AUS,2006,1.5139835,0.9992287,1.7129083999999999,1.8106662999999998,1.7084793999999999,1.7457823
AUS,2007,1.5031126,1.0828342,1.7043191,1.8215942999999999,1.7016755,1.8652784
AUS,2008,1.5011666,1.0999248,1.7731613,1.8334367999999999,1.6979992,1.9874277999999999
AUS,2009,1.5047149,0.9790409,1.7000959,1.7633854,1.6849372999999999,1.9724639
AUS,2010,1.5365174,0.9988269,1.7576196,1.6825579,1.5728456,1.9951972
AUS,2011,1.5639395,0.9583837,1.7460786,1.8289103999999998,1.574247,1.969225
AUS,2012,1.6081309,0.9953708,1.7475577,1.9173424,1.6280181,1.9637581
AUS,2013,1.4644629999999998,0.9530111,1.6743648999999998,1.9052489,1.6448493,1.7311774999999998
AUS,2014,1.459967,1.0205910999999999,1.7742121,1.7713062,1.7416871999999999,1.8629605
AUS,2015,1.4779044,0.7990723,1.6742823999999998,1.7704703,1.7254269,1.8541174999999999
AUS,2016,1.5095843,0.9504942999999999,1.6214796999999999,1.8408228999999998,1.7420540999999998,1.7942056
AUS,2017,1.5364449999999998,0.7851368999999999,1.6460667999999998,1.8391528,1.6279039,1.7941665999999998
AUS,2018,1.4823096999999998,0.883212,1.7105968999999999,1.8493385,1.6296271999999998,1.7695877999999998
AUS,2019,1.4199625,0.8437264999999999,1.6526364,1.8646068999999998,1.6279069,1.7871394999999999
AUS,2020,1.3933214999999999,0.8779558,1.547489,1.7925436,1.5519802999999999,1.6079056999999999
AUS,2021,1.3595514,0.8496005,1.6203436,1.8067867,1.5777446,1.6792737
AUS,2022,1.4067209999999999,0.9021678,1.7057535,1.8354347999999998,1.4862431999999999,1.7303055999999999
AUS,2023,1.4324932,0.8964165,1.7346316,1.8359557,1.4992022999999999,1.8112229
AUS,2024,1.4175315,0.8830028999999999,1.7151337,1.6940629999999999,1.483607,1.8176614999999998
AUT,2005,1.3202706,1.0733257,1.9000583,1.7480787999999998,1.8023363,1.9518858
AUT,2006,1.5398441999999999,1.0710028999999999,1.7229552,1.7722118,1.9032086,1.9433116
AUT,2007,1.5440977999999999,1.3059920999999999,1.7209488,1.7866634,1.9278252,1.9652706999999998
AUT,2008,1.5056427,1.3477629,1.7126044,1.6793991,1.9052613999999999,1.8532260999999999
AUT,2009,1.5373827,1.2781148,1.6246524,1.5827936,1.7770514,1.8061964
AUT,2010,1.5361456999999998,1.2470355,1.6680717999999999,1.6228877,1.7512864,1.6707322
AUT,2011,1.5087941,1.2136799999999999,1.5496584,1.5576895,1.6678019,1.5829577
AUT,2012,1.5102449999999998,1.3013477,1.531413,1.5137291,1.7066096,1.3812989
AUT,2013,1.5389127,1.2829523999999999,1.5512001,1.4193653,1.7352674,1.4491138
AUT,2014,1.4967933,1.3352518,1.6787938999999998,1.3355337,1.7731302999999998,1.4237332
AUT,2015,1.5068374999999998,1.1391506999999998,1.5995450999999998,1.314103,1.7647716,1.4923034
AUT,2016,1.4722431,0.909534,1.6456769,1.4096468,1.7859338,1.5179593
AUT,2017,1.4400845,0.9410109999999999,1.6296944999999998,1.4300593,1.7871181999999999,1.5722726999999999
AUT,2018,1.4365989,0.8569196,1.5919135,1.5233548,1.7995896,1.6374761999999998
AUT,2019,1.4298480999999998,0.7990315,1.727681,1.5390701999999998,1.8076774,1.6107970999999999
AUT,2020,1.4206201999999999,0.8299312999999999,1.7434722,1.4532431,1.7344236,1.57796
AUT,2021,1.4810759999999998,0.7887231,1.6939122999999998,1.4277058,1.7318132,1.3784124
AUT,2022,1.4698669,0.6520863,1.6431031999999999,1.388552,1.6631004999999999,1.3839065
AUT,2023,1.4495088999999999,0.728081,1.6115643,1.2720540999999999,1.6313882,1.3610455
AUT,2024,1.3949970999999999,0.5913805999999999,1.5035897999999999,1.1804689,1.6431004999999999,1.3042504
AZE,2005,-1.0556122,-1.1653531,-0.9579523999999999,-0.5560975,-0.7129163,-1.1529582999999999
AZE,2006,-0.9889903,-0.9940941,-0.9120330999999999,-0.4927446,-0.7568283,-1.1366608
AZE,2007,-0.962784,-0.6052345,-0.860795,-0.4530781,-0.7110909999999999,-1.1598983
AZE,2008,-0.9712166,-0.2990579,-0.8343149,-0.38607589999999997,-0.7442987,-1.1703084
AZE,2009,-0.9351111999999999,-0.36092569999999996,-0.7537472,-0.3307539,-0.752473,-1.1375965
AZE,2010,-1.012788,-0.3137859,-0.8329575,-0.46739909999999996,-0.7615505,-1.2287823
AZE,2011,-1.0133052999999999,-0.634832,-0.7784177999999999,-0.4463354,-0.7502388999999999,-1.1589268
AZE,2012,-1.0085178,-0.6563291,-0.7947664999999999,-0.4902948,-0.749207,-1.1690855
AZE,2013,-1.151521,-0.47033529999999996,-0.6199920999999999,-0.3803932,-0.646488,-0.9917882
AZE,2014,-1.1740135999999999,-0.4307434,-0.4592732,-0.2724803,-0.6155577,-1.1687337
AZE,2015,-1.2051098999999998,-0.475228,-0.4065002,-0.288138,-0.6904601,-0.9871945
AZE,2016,-1.2383351999999999,-0.48944069999999995,-0.25520119999999996,-0.23630189999999998,-0.6568885999999999,-0.7996066
AZE,2017,-1.2479795,-0.45787479999999997,-0.2632818,-0.2077789,-0.7064598,-0.90769
AZE,2018,-1.2798003999999998,-0.36294099999999996,-0.2654092,-0.2183502,-0.6415181,-0.9096584
AZE,2019,-1.5068968999999999,-0.3452173,-0.12933129999999998,-0.1453362,-0.6645878,-0.7665183999999999
AZE,2020,-1.4993891,-0.517768,-0.1485627,-0.1466508,-0.6413694,-0.7713293
AZE,2021,-1.4925373,-0.4956428,-0.1739243,-0.1046782,-0.621034,-0.7867101
AZE,2022,-1.4947891,-0.5502072,-0.1468804,-0.1060242,-0.5600058,-0.8432672999999999
AZE,2023,-1.5668800999999999,-0.4222764,-0.05686,-0.0102293,-0.5264892999999999,-0.8952547999999999
AZE,2024,-1.5614123,-0.216434,-0.035098899999999995,-0.0106366,-0.5558659,-0.8578509999999999
BDI,2005,-0.6341102,-1.4946591,-1.3960626999999999,-1.2130969999999999,-1.1914780999999999,-1.0568058999999999
BDI,2006,-0.6035416,-1.2653037,-1.3523146,-1.0816177,-0.9910913,-1.0687848
BDI,2007,-0.5950747,-1.1142429999999999,-1.3695832,-1.0857774999999998,-1.0507445,-1.1390441
BDI,2008,-0.6053251,-1.4657635999999998,-1.1223551,-1.0774029999999999,-1.0549813,-1.1500656999999999
BDI,2009,-0.5711523,-1.0605643,-0.9761688,-1.0076929,-1.2058132,-1.1827026
BDI,2010,-0.8847111999999999,-1.6674472999999999,-1.0815808,-1.0015561,-1.2548485,-1.2420194
BDI,2011,-0.9171111,-1.8249539,-1.0909982999999999,-0.9505353,-1.2711378,-1.2982358
BDI,2012,-1.0331995,-1.8932548,-1.1342252,-0.9066415,-1.1539551,-1.4109673
BDI,2013,-1.0737166,-1.6452038,-0.9185374,-0.9587216,-1.1670034,-1.3592478
BDI,2014,-1.0296022999999999,-1.0844517,-0.8731337,-0.8462877999999999,-1.082299,-1.2776836
BDI,2015,-1.2298455,-2.0061521,-0.9857250999999999,-0.8823995,-1.3060751,-1.2701723999999999
BDI,2016,-1.4299141,-2.0985016,-1.1140733,-0.8934928999999999,-1.388549,-1.3023694
BDI,2017,-1.4546727,-2.0786932,-0.9867615,-0.8540882999999999,-1.3216704,-1.3256693
BDI,2018,-1.615723,-1.6211718,-1.0929997999999999,-0.9733328,-1.3846600999999998,-1.4797846
BDI,2019,-1.6580758999999998,-1.6587106,-1.0615653999999999,-0.9329086999999999,-1.3524064,-1.4736574999999998
BDI,2020,-1.5268792999999998,-1.5031927999999999,-1.2099018,-1.025358,-1.3318025999999998,-1.355243
BDI,2021,-1.4997429999999998,-1.39509,-1.2422263,-1.0075327,-1.3228822,-1.3917648
BDI,2022,-1.4718433,-1.2950709,-1.2962711,-0.9259702,-1.339847,-1.3255804
BDI,2023,-1.4085088,-1.3079798,-1.2262043999999999,-0.9002701999999999,-1.3265198999999999,-1.292808
BDI,2024,-1.5713469999999998,-1.3893662,-1.140267,-0.8336064,-1.3324095999999999,-1.4597886
BEL,2005,1.4189329,0.8225785,1.7445248999999998,1.4524854999999999,1.2601795,1.4720049
BEL,2006,1.4889393,0.8174758999999999,1.5114781,1.4897193,1.2038594999999999,1.4069097
BEL,2007,1.5296641,0.862018,1.4952242,1.4829321,1.3461811,1.3863756999999999
BEL,2008,1.4652113,0.7148038999999999,1.5760817,1.2654649,1.3048015,1.4045638999999999
BEL,2009,1.4851592999999998,0.946137,1.6974382,1.2043525,1.2269238999999998,1.5614736
BEL,2010,1.4607575,0.9044086,1.6324625,1.1740332,1.2269546999999998,1.4980240999999999
BEL,2011,1.3887745999999999,0.914897,1.7540535,1.1001442,1.2769245,1.5664642
BEL,2012,1.3982392,0.9362395,1.761396,1.1275658,1.3207144,1.4874968
BEL,2013,1.4279593,0.9342936,1.7742797,1.1465812,1.341995,1.4950793
BEL,2014,1.4234874,0.7902173,1.6310506,0.9817083999999999,1.3598021,1.5089991
BEL,2015,1.4677513,0.6590857,1.6139280999999999,1.2232349,1.4117288,1.517278
BEL,2016,1.4497533999999999,0.4827566,1.4686735,1.3426854,1.4308774,1.5375995
BEL,2017,1.3916619,0.36307439999999996,1.2975546,1.3038296999999999,1.3735863,1.4412383
BEL,2018,1.4107503,0.41807449999999996,1.3722944,1.2880934,1.4118568999999999,1.4529192
BEL,2019,1.3796076,0.3689588,1.2378552,1.305463,1.4422819,1.4942879999999998
BEL,2020,1.3706132,0.36056489999999997,1.1947461,1.372603,1.4077395,1.4142823
BEL,2021,1.4717578999999998,0.4542225,1.3087579,1.3995015,1.4191240999999999,1.5606518
BEL,2022,1.4706812999999999,0.2330378,1.3895522999999999,1.3961432,1.343866,1.5860294
BEL,2023,1.4627287,0.2151024,1.2813386,1.256937,1.2732804,1.501529
BEL,2024,1.4210289,0.16339399999999998,1.2811306999999998,1.2038426,1.2755111,1.4573216999999998
BEN,2005,0.2068123,0.4283188,-0.5351214,-0.4760547,-0.36109209999999997,-0.6797342
BEN,2006,0.4607171,0.5830948,-0.6627546999999999,-0.4762163,-0.2687585,-0.40592649999999997
BEN,2007,0.41208249999999996,0.4236508,-0.5811464,-0.46786049999999996,-0.24012039999999998,-0.3157725
BEN,2008,0.37334829999999997,0.4488543,-0.34932219999999997,-0.5366527999999999,-0.3378691,-0.33355009999999996
BEN,2009,0.4194362,0.3880531,-0.2818576,-0.4145312,-0.4141123,-0.42494719999999997
BEN,2010,0.3917197,0.2797137,-0.3063564,-0.42882919999999997,-0.3913102,-0.4758094
BEN,2011,0.1732541,0.3102718,-0.2836788,-0.4618602,-0.4571495,-0.4920887
BEN,2012,0.1601101,0.31597169999999997,-0.31205849999999996,-0.5252078,-0.42895429999999996,-0.5927205
BEN,2013,0.1538425,0.29637759999999996,-0.3606879,-0.5554674,-0.48389879999999996,-0.4890886
BEN,2014,0.12754,0.1328783,-0.329324,-0.5453787999999999,-0.4764159,-0.5952412
BEN,2015,0.16134379999999998,0.1160635,-0.41026979999999996,-0.5367098,-0.4119718,-0.49477329999999997
BEN,2016,0.30533,0.2230344,-0.3737295,-0.46582029999999996,-0.3821293,-0.4010235
BEN,2017,0.28448409999999996,0.3134742,-0.3447792,-0.46495149999999996,-0.3827077,-0.3893103
BEN,2018,0.2790631,0.164873,-0.22991999999999999,-0.4596744,-0.4395766,-0.2789011
BEN,2019,0.0339844,-0.1891485,-0.19226469999999998,-0.5089023,-0.4061394,-0.2317243
BEN,2020,-0.0451458,-0.2667022,-0.1368943,-0.46159659999999997,-0.41506,-0.0249041
BEN,2021,-0.3075847,-0.3971705,-0.1854151,-0.3987017,-0.41673649999999995,-0.15685559999999998
BEN,2022,-0.42453169999999996,-0.4243209,-0.21499959999999999,-0.3072676,-0.5195324,-0.10577439999999999
BEN,2023,-0.29681409999999997,-0.2992131,-0.21532179999999998,-0.2863171,-0.4597847,-0.0861802
BEN,2024,-0.32177479999999997,-0.3450842,-0.2094346,-0.3306579,-0.4851156,-0.2357452
BFA,2005,-0.2976659,0.0250005,-0.7437387,-0.6528281,-0.503073,-0.3009673
BFA,2006,-0.2259858,0.09619219999999999,-0.8200390999999999,-0.4947138,-0.36817079999999996,-0.3307962
BFA,2007,-0.20246689999999998,0.3495658,-0.6954838,-0.40823509999999996,-0.3291945,-0.3632549
BFA,2008,-0.21131729999999999,0.153867,-0.6577391,-0.1911163,-0.3182465,-0.3287077
BFA,2009,-0.2339955,-0.0009272,-0.6172879,-0.1592033,-0.2088253,-0.3780515
BFA,2010,-0.2229042,-0.3205261,-0.5232299,-0.1385942,-0.1793088,-0.37081909999999996
BFA,2011,-0.2089588,-0.6882710999999999,-0.5222245,-0.18075,-0.39414669999999996,-0.3076017
BFA,2012,-0.2322839,-0.6477803999999999,-0.5783904999999999,-0.23628939999999998,-0.35904929999999996,-0.340524
BFA,2013,-0.2614565,-0.8133661,-0.5757472,-0.25767619999999997,-0.4946094,-0.4182991
BFA,2014,-0.28509439999999997,-0.7116285,-0.5417012,-0.3370794,-0.5288544,-0.4115666
BFA,2015,-0.145511,-0.694179,-0.5919078999999999,-0.40873309999999996,-0.5141465,-0.3241772
BFA,2016,-0.0546764,-0.9084036999999999,-0.4542135,-0.4172458,-0.4695117,-0.21634789999999998
BFA,2017,0.0004387,-0.8514560999999999,-0.4446252,-0.4092943,-0.4324229,-0.1501751
BFA,2018,-0.0197951,-0.9622056999999999,-0.417176,-0.4262275,-0.398379,-0.155164
BFA,2019,-0.0602373,-1.1990136999999998,-0.6099143,-0.4795083,-0.40821949999999996,-0.19692189999999998
BFA,2020,-0.1532415,-1.4170425,-0.6267458,-0.5112223,-0.4319356,-0.1979114
BFA,2021,-0.129467,-1.5740184,-0.7014243,-0.4659716,-0.4079278,-0.1979534
BFA,2022,-0.5489208999999999,-1.8241779999999999,-0.8323615999999999,-0.5026834,-0.6547094999999999,-0.2284629
BFA,2023,-0.6556999,-2.039031,-0.8258089,-0.4872892,-0.7473671,-0.2419279
BFA,2024,-0.9865989,-1.7493961,-0.8808131,-0.559049,-0.9129098999999999,-0.2401448
BGD,2005,-0.44954259999999996,-1.7812404,-0.8606891,-1.025026,-0.9582801999999999,-1.462774
BGD,2006,-0.468472,-1.6574806,-0.9202463,-0.8886535999999999,-1.0068628,-1.4295042
BGD,2007,-0.4553427,-1.5459193999999998,-0.858308,-0.8957301999999999,-0.8685355,-1.1441040999999998
BGD,2008,-0.3496611,-1.4570444,-0.7085102,-0.8824822999999999,-0.8139694,-0.9449763
BGD,2009,-0.1882991,-1.5037075,-0.6846618999999999,-0.8181193,-0.801601,-0.9086084
BGD,2010,-0.1730241,-1.4196558,-0.6700385999999999,-0.8473194,-0.8340468,-1.0202423999999999
BGD,2011,-0.2569306,-1.4283503,-0.6987434,-0.8427506,-0.7112683,-1.0493929
BGD,2012,-0.42307659999999997,-1.4441633,-0.6620754,-0.9738429999999999,-0.9708184,-1.1187913999999999
BGD,2013,-0.5208169,-1.7641997999999999,-0.6409138,-0.9437445,-0.947112,-1.1304914
BGD,2014,-0.626625,-1.072297,-0.5780727,-0.8922894,-0.8119139,-1.1821561999999999
BGD,2015,-0.7015697,-1.3454807,-0.5451152,-0.7889472,-0.8117711,-1.0764748
BGD,2016,-0.7756841,-1.3505972,-0.43964339999999996,-0.7770939,-0.8675921,-1.0634307
BGD,2017,-0.8069246999999999,-1.3371156,-0.4766294,-0.7648264,-0.8901869,-1.059741
BGD,2018,-0.8202113999999999,-1.0538998,-0.5238357,-0.7921536,-0.8778741,-1.0939121
BGD,2019,-0.843034,-1.0200599,-0.4643482,-0.8832624,-0.905562,-1.0981262999999999
BGD,2020,-0.8640226999999999,-1.0370163,-0.5681151,-0.8887157,-0.8637359,-1.0735626999999999
BGD,2021,-0.9294292,-1.0859121999999999,-0.42144499999999996,-0.8509743999999999,-0.9456395,-1.0901349
BGD,2022,-0.9676640999999999,-1.0851055,-0.46858659999999996,-0.8979594999999999,-0.9182446999999999,-1.1729219
BGD,2023,-1.0480348,-1.076963,-0.4504976,-0.9124983999999999,-0.8971789,-1.1950519
BGD,2024,-0.9966548,-1.4175461,-0.5747472,-0.9562645999999999,-0.9499898,-1.0974924
BGR,2005,0.6295858,0.29110749999999996,-0.1009308,0.6470517,-0.0432598,0.028144199999999998
BGR,2006,0.6817725,0.2997216,-0.1823517,0.5923374,-0.0093331,0.1115284
BGR,2007,0.7143795,0.3447106,-0.1797716,0.6235953,0.0150414,-0.0552538
BGR,2008,0.6679242,0.3997614,-0.11710269999999999,0.6483213,-0.0941557,-0.10438399999999999
BGR,2009,0.6506024,0.365319,0.053122199999999994,0.5316394999999999,-0.08927059999999999,-0.2431769
BGR,2010,0.5890984,0.3604213,-0.1578081,0.5229555,-0.2625823,-0.3134788
BGR,2011,0.4289224,0.2854345,-0.1423071,0.38162229999999997,-0.30615939999999997,-0.34862
BGR,2012,0.4364828,0.3735718,-0.0814396,0.386603,-0.1981576,-0.35007069999999996
BGR,2013,0.2951528,0.15508909999999998,-0.045765299999999995,0.3519791,-0.2123638,-0.3364003
BGR,2014,0.2949592,0.23127979999999998,-0.0651542,0.3643771,-0.20215519999999998,-0.402078
BGR,2015,0.3244429,0.1660777,-0.009906,0.42941189999999996,-0.1873136,-0.4497287
BGR,2016,0.3191694,0.1950158,0.023638,0.5858023,-0.18156719999999998,-0.3559558
BGR,2017,0.2324123,0.3905865,0.0678696,0.5760623,-0.2048498,-0.3139085
BGR,2018,0.1898983,0.5716599,0.1132169,0.5143866,-0.11718229999999999,-0.1807224
BGR,2019,0.2763911,0.5577594,0.1589007,0.5188950999999999,-0.1197482,-0.1189595
BGR,2020,0.3022317,0.39862179999999997,0.0382968,0.37509719999999996,-0.1614405,-0.2338587
BGR,2021,0.31315909999999997,0.3808647,0.0759446,0.3814122,-0.0255629,-0.2196318
BGR,2022,0.3150292,0.301601,0.0309469,0.30650279999999996,-0.0944023,-0.1317064
BGR,2023,0.34264819999999996,0.31302959999999996,0.10168179999999999,0.40394589999999997,-0.0638604,-0.1777533
BGR,2024,0.2946579,0.1614284,0.1208795,0.3459344,-0.0534858,-0.287029
BHR,2005,-0.7873819,-0.0893413,0.2304702,0.7757659,0.3189923,0.1475688
BHR,2006,-0.7566575999999999,-0.2905933,0.23651139999999998,0.7724763,0.22396259999999998,0.10518229999999999
BHR,2007,-0.7117015,-0.1780367,0.2952622,0.8747999999999999,0.2758124,0.1016739
BHR,2008,-0.7233402999999999,-0.21809879999999998,0.1732303,0.7538404999999999,0.2675072,0.019663399999999998
BHR,2009,-0.7366931999999999,-0.2038861,0.2287415,0.7671061,0.2394586,0.0761786
BHR,2010,-0.9558110999999999,-0.7319207999999999,0.25080589999999997,0.8187209,0.1405968,0.15041079999999998
BHR,2011,-1.2070953,-1.1787885999999999,0.2259774,0.8307420999999999,-0.006291799999999999,0.1942256
BHR,2012,-1.1884934,-1.0406317999999999,0.13818919999999998,0.7583439,-0.049254799999999994,0.2164131
BHR,2013,-1.2555127,-1.3074982,0.2097745,0.7440567,-0.0444377,0.2478144
BHR,2014,-1.2608523999999999,-1.0624873,0.2746727,0.5821178,-0.0529066,0.0223165
BHR,2015,-1.2396747,-0.9759355999999999,0.2762561,0.6958553,-0.0073671,0.033747099999999995
BHR,2016,-1.3318199,-0.936557,0.2491766,0.5143308999999999,-0.0398685,-0.0920081
BHR,2017,-1.349713,-1.025334,0.2489939,0.47845509999999997,-0.042561999999999996,-0.1481988
BHR,2018,-1.4384287,-0.8957668999999999,0.2435915,0.4788907,-0.07815799999999999,-0.1459149
BHR,2019,-1.4238028,-0.6235925,0.23299879999999998,0.5050842,-0.0353174,-0.08932269999999999
BHR,2020,-1.4275299,-0.6215891,0.223637,0.5462507,-0.134099,-0.09819059999999999
BHR,2021,-1.4731466,-0.5221311,0.49834059999999997,0.7647936,0.0014276,0.2012609
BHR,2022,-1.4739471,-0.499127,0.4249515,0.8293575,0.033095,0.1358285
BHR,2023,-1.490317,-0.5167644,0.3933952,0.9073669999999999,0.11683959999999999,0.23895149999999998
BHR,2024,-1.4726314,-0.324704,0.4162569,0.9515355999999999,0.1669773,0.2713988
BHS,2005,1.0553314999999999,0.8509091999999999,1.1016583,1.2249259,1.4405063,1.3214612
BHS,2006,1.0545807999999999,0.7635854,1.1009803999999999,1.1446439,1.1840571,1.3266776
BHS,2007,1.1403336,0.6689024,1.1019767,1.1453986999999999,1.3385133999999999,1.3229809
BHS,2008,1.1410865,0.6903271,1.1171689999999999,1.1429333,1.2860513,1.3239888
BHS,2009,0.9572351,0.8403413,0.8718619,0.6711731,0.8818296,1.4823933999999999
BHS,2010,0.9566391,0.9040672,0.8721424,0.5681796,0.8354193,1.4827285
BHS,2011,0.9247074999999999,0.9593845999999999,0.8717204,0.5171956,0.7510966,1.4819259999999999
BHS,2012,0.9259936999999999,0.9785233999999999,0.8717963,0.5140696,0.6103674,1.4802307
BHS,2013,0.9228493,0.9687627,0.8715923999999999,0.3583473,0.6083451,1.480367
BHS,2014,0.9254785999999999,0.8194309999999999,0.6642260999999999,0.2813959,0.4205393,1.309785
BHS,2015,0.6845627,0.7375662,0.6637031999999999,0.16401169999999998,0.45481439999999995,1.0882422
BHS,2016,0.5885442,0.7955789,0.6643365,0.19915539999999998,0.4045607,1.0889683
BHS,2017,0.6043284,0.8151343999999999,0.664069,0.044472199999999996,0.33807499999999996,1.0762854
BHS,2018,0.6035167,0.7165798,0.6646103,0.1059301,0.33536269999999996,1.1023235
BHS,2019,0.6951516,0.6976051999999999,0.6657472,-0.061414199999999995,0.33634539999999996,1.2106291999999998
BHS,2020,0.6947981,0.7166663,0.5179104999999999,-0.0630748,0.3026315,1.210895
BHS,2021,0.7307024,0.7444426,0.518467,-0.0704195,0.3410214,1.2274437
BHS,2022,0.6826114999999999,0.8676712,0.6458681,-0.12473609999999999,0.2521094,1.2306697
BHS,2023,0.6532098,1.049793,0.6459282,-0.14674399999999999,0.2702288,1.2189986
BHS,2024,0.6399389,1.0499307,0.6459893999999999,-0.1580753,0.2463658,1.2311741999999999
BIH,2005,0.3659477,-0.5820268,-0.7450929,-0.3522744,-0.4051449,-0.4113944
BIH,2006,0.2884084,-0.3677474,-0.7184534,-0.2579572,-0.34149419999999997,-0.3394483
BIH,2007,0.2340523,-0.46262929999999997,-0.800138,-0.2542868,-0.32430939999999997,-0.42466509999999996
BIH,2008,0.140255,-0.4141813,-0.5609711,-0.199365,-0.3734827,-0.44209109999999996
BIH,2009,0.10803499999999999,-0.5737776,-0.5602284,-0.1969965,-0.2915661,-0.4186179
BIH,2010,0.008979,-0.6244681999999999,-0.5973022,-0.2176698,-0.3068317,-0.45776059999999996
BIH,2011,-0.0892105,-0.6613958999999999,-0.6199401,-0.2456496,-0.3578,-0.49604909999999997
BIH,2012,-0.07754609999999999,-0.5765931,-0.5178379,-0.1892953,-0.1219859,-0.4010858
BIH,2013,-0.1262506,-0.4164674,-0.48094709999999996,-0.1909242,-0.1109352,-0.3154198
BIH,2014,-0.1063606,-0.0540027,-0.2299918,-0.17877859999999998,-0.0768869,-0.3802259
BIH,2015,-0.1473332,-0.2553623,-0.4210295,-0.2743926,-0.2098447,-0.5174708
BIH,2016,-0.18385859999999998,-0.37916269999999996,-0.38296569999999996,-0.2716019,-0.18542409999999998,-0.49352789999999996
BIH,2017,-0.3070194,-0.3144115,-0.4318691,-0.1663657,-0.2940281,-0.6028027
BIH,2018,-0.34280889999999997,-0.29083939999999997,-0.5944817,-0.31275929999999996,-0.2960578,-0.6399579
BIH,2019,-0.3441245,-0.31086389999999997,-0.7007964,-0.3213861,-0.3629503,-0.6408685
BIH,2020,-0.33522609999999997,-0.270252,-0.7159277,-0.3198876,-0.3066016,-0.6265438999999999
BIH,2021,-0.3666814,-0.3126118,-0.8056591,-0.3245771,-0.30563589999999996,-0.6702077
BIH,2022,-0.3917804,-0.247493,-0.6811315,-0.32450829999999997,-0.2935093,-0.6827569
BIH,2023,-0.3655025,-0.2035932,-0.5650024,-0.35788899999999996,-0.4142162,-0.5828073
BIH,2024,-0.2707205,-0.3154051,-0.5050131999999999,-0.3602833,-0.3775576,-0.49269589999999996
BLR,2005,-1.3376576999999998,0.3080349,-1.3237919999999999,-1.2457304999999999,-0.9230094,-0.27110809999999996
BLR,2006,-1.4333117,0.1537191,-1.0520823,-1.6204372999999999,-1.1505414,-0.48406479999999996
BLR,2007,-1.3855837,0.2914226,-1.0507601,-1.5525369,-1.0634561,-0.48670559999999996
BLR,2008,-1.1998562,0.4053929,-1.0479273999999998,-1.2571535999999999,-0.9726676999999999,-0.4613636
BLR,2009,-1.1794586,0.3105862,-1.0513553,-1.2351067999999998,-0.9350351,-0.45978979999999997
BLR,2010,-1.2157878,-0.12331829999999999,-1.0610273,-1.2125854,-0.9342678,-0.5479191999999999
BLR,2011,-1.2567774,-0.1062154,-1.0715795,-1.3607386,-0.9771502,-0.44666269999999997
BLR,2012,-1.2208378,-0.0211415,-1.0775276999999999,-1.1095944,-0.7617754,-0.2998168
BLR,2013,-1.2720745999999998,-0.0060418,-1.0355136,-1.1133146999999999,-0.8419869999999999,-0.2649706
BLR,2014,-1.2063842,0.1030314,-0.5169213,-0.9876366999999999,-0.7754055,-0.1775462
BLR,2015,-1.2185202,0.0895623,-0.402541,-1.0427009999999999,-0.771108,-0.2665498
BLR,2016,-1.1121417,0.18285479999999998,-0.3901685,-0.9321664,-0.7514620999999999,-0.17076059999999998
BLR,2017,-1.1608068999999999,0.010153299999999999,-0.3202414,-0.890527,-0.7928455,-0.136022
BLR,2018,-1.0708444,0.2336024,-0.3260501,-0.7879892,-0.7625851,-0.1237316
BLR,2019,-1.252271,0.39435689999999995,-0.38551389999999996,-0.5743442,-0.8181223,0.01554
BLR,2020,-1.3711415999999998,-0.8433853,-0.6556449999999999,-0.7404248999999999,-0.9115707,-0.10284739999999999
BLR,2021,-1.6128147,-0.6520552,-0.7296442,-0.8364113999999999,-1.1084102999999998,-0.20810189999999998
BLR,2022,-1.6925729999999999,-0.6525664999999999,-0.710737,-1.1133463,-1.1999876,-0.4177818
BLR,2023,-1.7794226,-0.4392567,-0.7106876,-1.205106,-1.2559306,-0.5359763
BLR,2024,-1.7456995,-0.4194854,-0.8012053,-1.2576623999999998,-1.2698007999999998,-0.5799515
BLZ,2005,0.8270902,0.0307914,-0.5071325,0.049288,0.3162094,-0.1446999
BLZ,2006,0.5897283999999999,0.0561778,-0.5748869999999999,-0.3054017,0.10151729999999999,-0.2705743
BLZ,2007,0.559859,0.1338854,-0.619045,-0.3049866,0.07074989999999999,-0.27744409999999997
BLZ,2008,0.5321275999999999,0.116464,-0.614688,-0.294331,-0.0020608,0.0142046
BLZ,2009,0.7104577,-0.0304032,-0.6145999999999999,-0.2970739,-0.12096319999999999,0.24777059999999998
BLZ,2010,0.7055887,0.0031693,-0.40007919999999997,-0.256136,-0.0955318,0.181174
BLZ,2011,0.7219264,0.0719407,-0.3259989,-0.29174659999999997,-0.2681531,-0.0675235
BLZ,2012,0.7212403,0.07062589999999999,-0.3259332,-0.3334735,-0.296609,-0.0747545
BLZ,2013,0.7423605999999999,0.07109359999999999,-0.3261096,-0.3336984,-0.2986105,-0.07463209999999999
BLZ,2014,0.4217105,0.019315699999999998,-0.4775693,-0.5297168999999999,-0.6131198999999999,-0.2847474
BLZ,2015,0.3529407,0.0178848,-0.43328279999999997,-0.47692019999999996,-0.5938532,-0.2644105
BLZ,2016,0.35223,0.0176347,-0.5117967999999999,-0.47166929999999996,-0.5691752,-0.1218288
BLZ,2017,0.3586194,0.017672,-0.5120813,-0.5269098999999999,-0.5405173999999999,-0.19803489999999999
BLZ,2018,0.2097971,0.0197775,-0.4947448,-0.6593506,-0.5889067,-0.1069931
BLZ,2019,0.22985789999999998,0.1164332,-0.4797528,-0.5807515,-0.553198,-0.075416
BLZ,2020,0.2361216,0.5848782,-0.48455499999999996,-0.5824191,-0.5041583,-0.07513059999999999
BLZ,2021,0.2287339,0.340928,-0.48394119999999996,-0.6069962999999999,-0.5186601,-0.088709
BLZ,2022,0.252867,0.7240308,-0.2534281,-0.6162046,-0.4319615,-0.04616
BLZ,2023,0.2560261,0.7820225,-0.19909269999999998,-0.4951679,-0.399501,-0.1151951
BLZ,2024,0.23462809999999998,0.7821682,-0.23703269999999999,-0.45582809999999996,-0.39458869999999996,-0.15932169999999998
BMU,2005,1.0243056,0.7670317,0.7083444,1.4615981999999998,0.8000025,1.3280539
BMU,2006,1.0327517,0.7702631999999999,0.7072828,1.4574525999999999,0.8012988,1.3362247
BMU,2007,1.0287127999999999,0.7715012,0.708843,1.4588774,0.8054835,1.3304342999999998
BMU,2008,1.031528,0.7701641,0.7326339,1.4542237999999998,0.8038852999999999,1.3320131
BMU,2009,1.0329561999999999,0.7780969999999999,0.7349834,1.4530545,0.7991068,1.3319781
BMU,2010,1.0296298,0.9435465999999999,0.7356602,1.4543887,1.0566669,1.3329586999999998
BMU,2011,1.0347823999999999,0.9387935,0.7346421,1.4568250999999999,1.0683999,1.3306099999999998
BMU,2012,1.030708,0.9366536999999999,0.7348252,1.4460397,1.0630453,1.3256481
BMU,2013,1.0244111,0.9374148,0.7343333999999999,1.4451873,1.0524607,1.3260471999999999
BMU,2014,1.0306624,0.8106983999999999,1.4455034,0.6136927999999999,-0.0395553,1.1655883
BMU,2015,1.0319247999999999,0.8082581,1.4442422,0.6197705,0.8922125,1.1695012999999999
BMU,2016,1.0290852,0.8059951,1.4457696999999998,0.8602679999999999,0.8940248,1.1726623999999999
BMU,2017,1.0267723,0.8060548,1.4451243999999999,0.8646665,0.8921226,1.1704151999999999
BMU,2018,,0.9630793,1.4464302,0.8668347999999999,0.8918159999999999,1.1742552
BMU,2019,,0.9640027999999999,1.4491726,0.8715489999999999,0.8915959999999999,1.1795403
BMU,2020,,0.9632255999999999,1.438669,0.8644567,0.6569252999999999,1.1807063
BMU,2021,,0.96068,1.4400115,0.8623571,0.6545099999999999,1.1826246
BMU,2022,,0.9644495,1.2048121,0.8550957,0.8124403,1.1745577999999999
BMU,2023,,0.9653874,1.4610477,0.6180258,0.8077251999999999,1.1759739999999999
BMU,2024,,0.9656203999999999,1.4611729,0.6161348,0.8075053,1.1795347999999999
BOL,2005,0.1991981,-0.8742281,-0.45647519999999997,-0.2965365,-0.5744049,-0.7606605
BOL,2006,0.230659,-0.6081878,-0.4832087,-0.6472487,-0.8785259,-0.45262969999999997
BOL,2007,0.1562396,-0.6065412,-0.456231,-0.7599328,-0.8596617999999999,-0.47959789999999997
BOL,2008,0.1661977,-0.5233692999999999,-0.34465389999999996,-0.7908493999999999,-0.9805381999999999,-0.5444542
BOL,2009,0.2098571,-0.26383829999999997,-0.24055839999999998,-0.8842623,-1.1514332999999999,-0.5475053999999999
BOL,2010,0.1636856,-0.2311094,-0.21031519999999998,-0.8416032,-1.0663749,-0.4098764
BOL,2011,0.053060899999999994,-0.3261327,-0.1765996,-0.8085694999999999,-1.0108091,-0.5771889
BOL,2012,0.014809899999999999,-0.418674,-0.1587096,-0.8631061,-1.0838889,-0.6991609
BOL,2013,0.0131831,-0.282344,-0.0781381,-0.8522504999999999,-1.1756955,-0.5858196
BOL,2014,0.0696793,-0.3236828,-0.2737248,-0.8447583,-1.1353138999999999,-0.6405986
BOL,2015,0.012681,-0.16548739999999998,-0.2967786,-0.8358526,-1.2073197,-0.7539756
BOL,2016,-0.043111699999999996,-0.2480114,-0.20822,-0.8539125999999999,-1.2294175999999999,-0.7587332999999999
BOL,2017,-0.0663482,-0.2088792,-0.2215056,-0.8410139,-1.2117638,-0.812928
BOL,2018,-0.12644039999999998,-0.1858115,-0.2750491,-0.8580125,-1.2294294,-0.8318687
BOL,2019,-0.3070138,-0.7501724,-0.3884048,-0.9563782999999999,-1.2081952999999999,-0.8223701999999999
BOL,2020,-0.19488239999999998,-0.3899426,-0.4676489,-1.0201398,-1.1919821,-0.8052756999999999
BOL,2021,-0.1557336,-0.2942925,-0.4281933,-1.0801655,-1.096425,-0.9479358
BOL,2022,-0.21398889999999998,-0.165107,-0.3989317,-1.0907774,-1.1630837,-0.9825908
BOL,2023,-0.2576924,-0.2881062,-0.367803,-1.1402561,-1.2572794999999999,-0.9419907
BOL,2024,-0.2664666,-0.3415863,-0.5530766,-1.2536368,-1.323097,-0.9894274999999999
BRA,2005,0.6718742,-0.17233199999999999,-0.3335397,0.1208838,-0.3803369,-0.2508875
BRA,2006,0.6695413,-0.2506061,-0.3718123,0.0245336,-0.33886279999999996,-0.21935159999999998
BRA,2007,0.6543369,-0.2319827,-0.37689649999999997,-0.0191161,-0.3322253,-0.2877246
BRA,2008,0.7558684,-0.1548135,0.1085416,0.1744905,-0.27158319999999997,-0.0905943
BRA,2009,0.6840381,0.1298706,0.1910058,0.1723282,-0.2274659,-0.0366836
BRA,2010,0.7252044999999999,-0.1461805,0.193878,0.216413,-0.053448199999999994,-0.011401099999999999
BRA,2011,0.6314093,-0.1672092,0.1699521,0.19313329999999998,-0.06657829999999999,0.2152481
BRA,2012,0.710812,-0.0877046,0.1938658,0.1958017,-0.0605632,-0.0242705
BRA,2013,0.5917049999999999,-0.3648722,0.2797499,0.1486036,-0.1517469,-0.0761893
BRA,2014,0.5655299,-0.2485115,0.1380177,0.00047549999999999996,-0.1434823,-0.2552721
BRA,2015,0.5837251,-0.4937582,0.039727399999999996,-0.0618638,-0.20943499999999998,-0.3492221
BRA,2016,0.5425850999999999,-0.5233789999999999,0.0251685,-0.06907329999999999,-0.1439962,-0.3354755
BRA,2017,0.5214075,-0.59497,-0.0418302,-0.07690799999999999,-0.2647692,-0.4668159
BRA,2018,0.3952101,-0.6458562,-0.1412291,-0.21134309999999998,-0.3977081,-0.42990649999999997
BRA,2019,0.3209495,-0.7213691,0.0853751,-0.0738371,-0.3608038,-0.3724397
BRA,2020,0.2862822,-0.42177309999999996,-0.0212269,-0.1224856,-0.3575123,-0.33715239999999996
BRA,2021,0.1629575,-0.3920731,-0.0104637,-0.1226409,-0.3791836,-0.4038381
BRA,2022,0.11583589999999999,-0.41511159999999997,-0.1979051,-0.1677479,-0.4256888,-0.4565665
BRA,2023,0.2848618,-0.5062568,-0.25003939999999997,-0.31722629999999996,-0.5051317,-0.43945409999999996
BRA,2024,0.4018924,-0.38637859999999996,-0.18600129999999998,-0.3825789,-0.4900423,-0.3958138
BRB,2005,1.0391654,1.0920123,1.3372294,1.2373664,1.4226029999999998,1.3491087
BRB,2006,1.0582428,0.9171035999999999,1.4105885,1.0790103,1.2953379,1.3868413
BRB,2007,1.0746835,1.0840524999999999,1.3308042,1.17718,1.3919768,1.3387593
BRB,2008,1.0238581,1.1643748,1.5261546,1.1433733,1.4281553999999999,1.3346502
BRB,2009,1.2463260999999999,1.2796140999999999,1.2092505999999998,0.7241263,1.1393096999999999,1.2521195999999999
BRB,2010,1.2265266,1.1789197,1.1024349,0.5910044,1.1547311,1.3390305999999998
BRB,2011,1.2112644,1.1711426,1.147724,0.6907814,1.1744751,1.5132831999999998
BRB,2012,1.1908262,1.238257,1.1601461,0.6309703999999999,1.136985,1.4452505
BRB,2013,1.1756699,1.2173222,1.090244,0.6229359999999999,1.1119856,1.4225488
BRB,2014,1.1628087999999999,1.3448049,1.0504579,0.35971169999999997,1.0475442,0.9708988
BRB,2015,1.0420331,1.1314146999999999,1.0499247,0.5576230999999999,1.0874525,1.2072648
BRB,2016,1.0307399,0.8238724,0.8912448,0.5163567,1.0603160999999999,1.1470088
BRB,2017,0.9895978999999999,0.8239052,0.890972,0.4177642,0.9650955,1.1104253
BRB,2018,1.0328167,0.7819653,0.891524,0.40270799999999995,0.8147023999999999,1.1359678
BRB,2019,1.0113813999999999,0.9614634,0.7206538,0.39255199999999996,0.7586206999999999,1.1462533
BRB,2020,1.0320905999999999,1.0454659,0.5668478,0.423284,0.6886086,1.1702036999999998
BRB,2021,1.056541,1.0796681,0.6107703,0.48254189999999997,0.67486,1.1955821
BRB,2022,1.069856,1.2078959999999999,0.5718253,0.415917,0.6968726,1.1926124999999999
BRB,2023,1.0661768,1.2806838,0.4825603,0.4372336,0.7153081,1.2109436999999998
BRB,2024,1.070571,1.280818,0.4826215,0.4456402,0.7095674,1.2278491999999999
BRN,2005,-0.8083575,1.1208863,0.4386096,1.1756237,0.208198,0.17659239999999998
BRN,2006,-0.8411478,1.1243265999999998,0.6399526999999999,1.1727349,0.2087702,0.1818087
BRN,2007,-0.8927143999999999,1.1256447,0.640949,1.1737278,0.4106101,0.1781121
BRN,2008,-0.8606887999999999,1.1129524,0.7070588999999999,0.9493400999999999,0.47998419999999997,0.2748876
BRN,2009,-0.768223,1.2881586999999999,0.726978,1.0021056,0.6778255,0.9220632
BRN,2010,-0.7507505999999999,1.2282446,0.6952052999999999,0.9936064,0.6604439,0.9239086999999999
BRN,2011,-0.6868327,0.959371,0.6942899,1.0075711,0.6813300999999999,0.9405228999999999
BRN,2012,-0.6681581,0.8911855999999999,0.6988943999999999,0.9920631,0.6550089,0.9620137
BRN,2013,-0.6614418999999999,0.973416,0.7502736999999999,1.0157903,0.5341903,0.9908604
BRN,2014,-0.6551933999999999,1.2408972,1.0519007,0.9667414,0.5337988,1.1983443
BRN,2015,-0.7369013,1.1914757999999999,1.0514705,0.9009472,0.46418679999999996,1.199495
BRN,2016,-0.7798881,0.9936073999999999,0.9119119,0.7742924999999999,0.3820304,1.081715
BRN,2017,-0.885917,1.0498021,0.9442556,0.8453784999999999,0.4063254,1.213627
BRN,2018,-0.9360748999999999,1.116433,0.9500164,0.9049765,0.42240259999999996,1.2129326999999999
BRN,2019,-0.9270691,1.0681904,1.0052391999999999,0.8544225999999999,0.36940239999999996,1.1805647
BRN,2020,-0.9288236,1.1357192999999999,1.0016562,0.8749410999999999,0.5873364999999999,1.1809076
BRN,2021,-0.9689688999999999,1.1342398,1.0854104,0.9779872,0.5583504,1.0921291
BRN,2022,-0.9612573,1.1460312,0.9902593,0.9760806999999999,0.6411342,1.0897569
BRN,2023,-0.9467778,1.3304436,0.9903099,0.9282307,0.6398473,1.0901733
BRN,2024,-0.9482769,1.3305879,0.8017378,0.9168833999999999,0.6155842,1.2020975999999999
BTN,2005,-0.6913121999999999,1.1884347,0.36130979999999996,-0.1497086,0.2534305,0.9942148
BTN,2006,-0.771119,0.9987743,0.16735229999999998,-0.503918,0.0451419,0.8199907
BTN,2007,-0.586445,0.46386279999999996,0.1816036,-0.49120579999999997,0.2212124,0.8495235
BTN,2008,-0.2808688,0.6446474999999999,0.2971708,-0.5860369999999999,0.36386789999999997,0.8763196
BTN,2009,-0.20965609999999998,0.8280919999999999,0.3687127,-0.9086812999999999,0.1585203,0.7759134999999999
BTN,2010,-0.19490349999999998,0.7571492,0.4105812,-0.9325022,0.131576,0.7761186
BTN,2011,-0.2059868,0.7543806,0.4461249,-0.9299335,0.17232309999999998,0.7179034999999999
BTN,2012,-0.014927,0.7833319999999999,0.5049669,-0.9049799,0.1551788,0.8138593
BTN,2013,0.0703514,0.7696931,0.6292761,-0.9194578,0.2462237,0.7856654
BTN,2014,0.1057577,1.1464077,0.4414217,-0.8101549,0.3443848,1.0894793
BTN,2015,0.1218295,0.9776676999999999,0.3921803,-0.3941749,0.5211549,1.0782547999999998
BTN,2016,0.1183885,1.0909136,0.45902509999999996,-0.35428709999999997,0.5271992,1.1682120999999999
BTN,2017,0.11815039999999999,1.0985118999999999,0.5292817,-0.1297659,0.6449277999999999,1.4491751
BTN,2018,0.2294967,1.0958582,0.6202903,-0.0496736,0.6878012,1.4499202999999998
BTN,2019,0.24508719999999998,1.1467266999999999,0.5745433,-0.0684511,0.6818517,1.4626027
BTN,2020,0.1797644,1.0959383999999999,0.579251,-0.0340604,0.6720843,1.3397472
BTN,2021,0.183471,0.9158478,0.672047,-0.0580684,0.7034554,1.3178625
BTN,2022,0.11383159999999999,1.3281752999999998,0.5559796,-0.1145779,0.6976428,1.3523215
BTN,2023,0.1179566,1.3382802,0.5560269999999999,-0.114452,0.7359932,1.3526293
BTN,2024,0.21120409999999998,1.365615,0.5756196,-0.11364679999999999,0.802523,1.4697586999999999
BWA,2005,0.6986304,1.1200208,0.5729254,0.8031254,0.7274705,1.1996778
BWA,2006,0.663468,1.1889243999999999,0.3628823,0.6498453,0.6534753999999999,0.9573815999999999
BWA,2007,0.6247347,1.2597483,0.5422603,0.6705671999999999,0.7115188,0.9534452999999999
BWA,2008,0.6331943999999999,1.2260050999999998,0.6295227,0.7746662999999999,0.7421736,1.0541713
BWA,2009,0.6321979999999999,1.2227166,0.6612037,0.8014452,0.6945557,0.9594898
BWA,2010,0.610429,1.2560689,0.6101329999999999,0.8110210999999999,0.7079871,1.0365293
BWA,2011,0.5745735,1.2192809,0.6185944,0.8041714,0.7214362999999999,1.0180301
BWA,2012,0.5972413,1.2120562,0.6042888,0.8765938999999999,0.6890048,1.0011796
BWA,2013,0.4960966,1.1706615,0.6171660999999999,0.7758214999999999,0.5926087999999999,0.9461944
BWA,2014,0.432205,1.1426256,0.6189235,0.7170234999999999,0.5808689,0.8267009
BWA,2015,0.384673,1.1221417999999999,0.6653857999999999,0.6235672999999999,0.4447429,0.8000357
BWA,2016,0.3326616,0.9694794,0.6285164999999999,0.6321371,0.4166429,0.863004
BWA,2017,0.3146354,1.0043921999999998,0.5163516,0.5529658,0.4227883,0.7802165999999999
BWA,2018,0.33114089999999996,0.9824718,0.4448178,0.5709515,0.4112636,0.8522594
BWA,2019,0.3610393,1.1380146,0.5015759,0.45505409999999996,0.4578915,0.8201906
BWA,2020,0.3505933,1.0682907,0.3907372,0.4167935,0.36142589999999997,0.7196775999999999
BWA,2021,0.28206919999999996,1.0421592,0.4364492,0.47424259999999996,0.3904585,0.7017814
BWA,2022,0.2314463,1.0652150999999999,0.4582196,0.48024419999999995,0.3493686,0.6489094
BWA,2023,0.2338316,1.0071664999999999,0.5541725,0.42835619999999996,0.339873,0.585043
BWA,2024,0.3835454,1.1182975,0.5148771,0.3628064,0.28951679999999996,0.6232523999999999
CAF,2005,-0.9484726,-1.4410485,-1.7908164999999998,-1.3380477,-1.4455780999999999,-1.2797834
CAF,2006,-0.9537774,-1.7160166,-1.6936255999999998,-1.3592416999999999,-1.5246522999999998,-1.1198966
CAF,2007,-0.9500917,-1.7151676,-1.6571888,-1.321607,-1.5069211,-1.0482787
CAF,2008,-0.9099357,-1.6960315,-1.573232,-1.3223331999999999,-1.4672980999999998,-1.1454773999999999
CAF,2009,-0.9340666999999999,-1.3298819,-1.5500387,-1.158031,-1.3539748999999999,-1.096088
CAF,2010,-1.0148556,-1.7202469999999999,-1.4314721,-1.0842833,-1.3209727999999998,-0.979757
CAF,2011,-0.9619580999999999,-1.5651871,-1.4251454,-1.0971072,-1.3370651999999998,-0.9802175999999999
CAF,2012,-1.0113378,-1.8829441,-1.447586,-1.1291212,-1.4336776,-0.9507496999999999
CAF,2013,-1.2572197,-2.159215,-1.5857784,-1.3936992,-1.8818035,-1.1356013
CAF,2014,-1.0812776,-2.4829874999999997,-1.6899376,-1.5019255,-1.8319169,-1.2502632999999999
CAF,2015,-1.062155,-1.9157582,-1.6906934,-1.5156855,-1.7056468,-1.3642242999999998
CAF,2016,-1.00722,-1.7244684,-1.6177887,-1.4252401,-1.6885957,-1.3056678
CAF,2017,-0.9900424999999999,-1.8473131999999999,-1.6362002,-1.4196955999999998,-1.6060415,-1.1789446
CAF,2018,-0.9150243,-1.8981974,-1.5985363,-1.3668582999999999,-1.5565422,-1.2189732
CAF,2019,-0.9772959,-1.8563409,-1.6480823,-1.366291,-1.5900163999999999,-1.1994217
CAF,2020,-1.1379778999999999,-2.3353563999999998,-1.6827116,-1.3656152,-1.5755666,-1.2507473
CAF,2021,-1.157132,-2.1717868,-1.6457602999999998,-1.3960899,-1.5602321,-1.3134945
CAF,2022,-1.1886691,-1.8938930999999999,-1.657189,-1.368244,-1.6970741,-1.3157519
CAF,2023,-1.2474342,-1.8640995,-1.6382374,-1.3286002,-1.7491533,-1.3800748999999999
CAF,2024,-1.2599946,-1.8158457,-1.6159038,-1.2843018,-1.7389214,-1.3086442
CAN,2005,1.4674916,0.9253211,1.8881679999999998,1.7922311,1.6531409,1.9182479
CAN,2006,1.5077399,0.9720247,1.8315549,1.7198288,1.7982382,1.9770801
CAN,2007,1.5230553999999998,1.0230664999999999,1.8499382999999998,1.6379839999999999,1.7157867999999998,1.9275928999999998
CAN,2008,1.4804374,1.0886289,1.860711,1.6539971,1.6874898999999999,1.9447378
CAN,2009,1.4586302,1.3644231,1.8077778999999998,1.6338006999999999,1.6230841999999999,1.9695414999999998
CAN,2010,1.3680318999999999,0.9926381,1.8002246,1.6257489999999999,1.5867533,1.9434207
CAN,2011,1.3847527,1.0536223,1.8458572999999998,1.5982351,1.5806809,1.8901542
CAN,2012,1.3909675,1.0755778,1.9121625999999998,1.7023123,1.6049073,1.8406614
CAN,2013,1.4432752,0.9912553,1.8397712,1.7389436999999999,1.6030407,1.8301296
CAN,2014,1.4091707999999998,1.1518975999999999,1.8988745,1.6723071999999999,1.6523424,1.8195891
CAN,2015,1.5255017,1.1670962999999999,1.8639723,1.6504396,1.7272636,1.8692415
CAN,2016,1.5364343,1.1450247,1.8752392999999998,1.7719496,1.7284100999999998,1.9030178
CAN,2017,1.5680735,1.0071847,1.9573813,1.8453764,1.7200385,1.8834684
CAN,2018,1.557084,0.9347911999999999,1.8478858999999999,1.6345196,1.7191332,1.8082257
CAN,2019,1.5314313,0.9022452,1.8588863999999998,1.6682975999999998,1.6902944,1.7964121
CAN,2020,1.543713,0.9329181999999999,1.6668667,1.5862737999999998,1.5809718,1.6441067
CAN,2021,1.4363507,0.7574828,1.6193225,1.6247931999999998,1.5831811,1.6186407999999999
CAN,2022,1.4357031,0.5088813,1.7589318999999999,1.6181602,1.5345803,1.6528053999999999
CAN,2023,1.4761236,0.6376543,1.6844637,1.5853255,1.4667614,1.6304592
CAN,2024,1.4667359,0.6401121,1.7381193,1.2871550999999999,1.4820080999999998,1.6375255
CHE,2005,1.5597092,1.2069798,1.9891621,1.7696295,1.8691236,1.9818223
CHE,2006,1.5854918999999998,1.1731582,1.7890575,1.7903251999999998,1.7551234,2.1929355999999998
CHE,2007,1.584106,1.1974657,1.8085858,1.8808633,1.7918657,2.1807173
CHE,2008,1.5552536,1.1976333,1.907012,1.7706963,1.7964995,2.1765678
CHE,2009,1.57501,1.3024642,1.8674445,1.7370162999999998,1.7639536999999998,2.050162
CHE,2010,1.5685939999999998,1.2980908,1.8423889999999998,1.7321786,1.7731302999999998,2.0650765
CHE,2011,1.5645608,1.3339755,1.8806957999999998,1.7421495999999999,1.7822202999999999,2.0889317
CHE,2012,1.5611115,1.3674807999999998,1.9626582,1.8180661,1.8418761,2.1653422
CHE,2013,1.55166,1.3223262,1.9157769999999998,1.7725243,1.7861786,2.1301468999999997
CHE,2014,1.5331256,1.4073518999999999,2.1128856,1.8985891,1.8709072,2.2615266
CHE,2015,1.5358585,1.2634724,2.0608014999999997,1.8125953,1.8616903,2.2712715
CHE,2016,1.5412964,1.1917081999999999,2.1086972999999998,1.9049870999999998,1.881257,2.2844362
CHE,2017,1.5595758,1.1549426,2.1125344,1.8967941,1.8727436,2.3038689
CHE,2018,1.5617713,1.2404636999999998,2.1263104,1.7762631,1.8891479999999998,2.2949914
CHE,2019,1.5419002,1.1856419,2.075301,1.7386232,1.890971,2.3021609
CHE,2020,1.5340464999999999,1.1055309,1.8896933,1.6279241999999998,1.7860277999999998,2.2883052999999998
CHE,2021,1.5631458999999999,1.0257888,2.0399271999999997,1.7282537999999998,1.7695283,2.1079472
CHE,2022,1.5789511999999999,1.0255606,2.0115477,1.7291409999999998,1.7597076999999999,2.0959004
CHE,2023,1.5268206,1.0145269,2.061058,1.6896657,1.7648726,2.1032647
CHE,2024,1.541005,1.0110246,1.8805361999999999,1.6447289999999999,1.7290539999999999,2.040987
CHL,2005,1.280841,0.9310204999999999,1.2953116999999998,1.5999508999999998,1.3151053,1.5030024
CHL,2006,1.2808384,0.8808359,1.2736093,1.5909419999999999,1.2704787,1.4715551999999998
CHL,2007,1.2919239,0.7788725999999999,1.2808682,1.5928304,1.2731645999999999,1.3959546999999999
CHL,2008,1.180389,0.7648685,1.2664845999999998,1.5911054,1.2322033,1.3977395
CHL,2009,1.2077883999999999,0.8645887999999999,1.3339969999999999,1.5618376999999999,1.2423693999999998,1.4232350999999999
CHL,2010,1.1790102999999998,0.9120157999999999,1.2083876,1.4932493,1.2128113,1.5102365
CHL,2011,1.104673,0.6099264,1.2731834,1.5057395,1.1149719,1.5447952999999999
CHL,2012,1.0891833,0.6089013,1.3079018,1.5695683999999999,1.1387796,1.479868
CHL,2013,1.0964034,0.5784284,1.2777127,1.5283767,1.0762878999999999,1.4312515
CHL,2014,1.105745,0.7268621,1.1779137,1.3647467,1.0646031999999999,1.3859956
CHL,2015,1.0813879,0.6831408,1.1198481,1.241921,1.0157042,1.1458708
CHL,2016,1.0883483,0.5930295,1.0533135,1.298187,0.9933308,1.1288752
CHL,2017,1.0820717,0.5910892999999999,1.0363271,1.2610194,0.9800629999999999,1.1137707
CHL,2018,1.0784428,0.6793724999999999,1.0985905999999999,1.2143921,0.9809188999999999,1.1019812
CHL,2019,1.0282657,0.1818175,1.1067349,1.1179577,0.9106858,1.1579819
CHL,2020,1.0427331,0.1429452,0.9318715,0.9379371999999999,0.752396,1.2173713
CHL,2021,0.9991393,0.1501853,0.9124462,0.9268727999999999,0.7757812,1.148412
CHL,2022,1.0191261999999999,0.0059254,0.9289252,0.8891167,0.7587360999999999,1.1468266
CHL,2023,1.0355912,0.1150731,1.0056494999999999,0.8260504,0.6675609,1.0570234
CHL,2024,1.0174547,0.2785491,1.0140437,0.7294172,0.7012062,1.1425214
CHN,2005,-1.6346226,-0.5740407,-0.4877009,-0.3022046,-0.8192986,-0.6699423999999999
CHN,2006,-1.591566,-0.5558091,-0.4300437,-0.19097509999999998,-0.8102526999999999,-0.6899413
CHN,2007,-1.5973475,-0.5073458,-0.299072,-0.18125249999999998,-0.6775633,-0.6150392
CHN,2008,-1.6324699,-0.5489727,-0.0939853,-0.1073693,-0.6485404,-0.5089573
CHN,2009,-1.6172202,-0.30746409999999996,-0.1016401,-0.169131,-0.6523626,-0.5804213
CHN,2010,-1.6198168,-0.6236060999999999,-0.0825592,-0.14857679999999998,-0.6561912,-0.5913334
CHN,2011,-1.5239675,-0.6376784999999999,-0.0653687,-0.12246499999999999,-0.5795634,-0.43766099999999997
CHN,2012,-1.5724302,-0.6264594,-0.1000794,-0.2416719,-0.6588392,-0.5062388999999999
CHN,2013,-1.5998789,-0.5690208,-0.109095,-0.2672476,-0.753385,-0.45876849999999997
CHN,2014,-1.51968,-0.5330071,0.41697989999999996,-0.14664439999999998,-0.6489398,-0.3020196
CHN,2015,-1.5540848999999999,-0.5519697,0.460374,-0.1538784,-0.6204938,-0.1759494
CHN,2016,-1.551003,-0.5160209,0.4704074,-0.12519719999999998,-0.581916,-0.0946683
CHN,2017,-1.5225011,-0.2246607,0.5146291,-0.0648382,-0.4890928,-0.0508575
CHN,2018,-1.5750669,-0.2586305,0.4541329,-0.09470229999999999,-0.4709236,-0.0728427
CHN,2019,-1.607176,-0.1573357,0.5488249,-0.07341389999999999,-0.5021306,-0.0531885
CHN,2020,-1.6492422999999998,-0.31062639999999997,0.6071299,-0.0241071,-0.44595979999999996,0.07290139999999999
CHN,2021,-1.7088923999999999,-0.2746899,0.5479568,-0.0357933,-0.5058946,0.051962299999999996
CHN,2022,-1.7129520999999999,-0.2543528,0.4336482,-0.1056336,-0.5329153999999999,0.0390354
CHN,2023,-1.7379243999999998,-0.1890204,0.6099285,-0.10674979999999999,-0.5250814,0.10166879999999999
CHN,2024,-1.7407728999999998,-0.0668337,0.7040987999999999,-0.0976131,-0.5286088,0.0800733
CIV,2005,-1.3266852,-2.3734922,-1.628795,-1.1115511,-1.5720102999999999,-1.2692702
CIV,2006,-1.1195762999999999,-1.9543343,-1.4756859,-0.9576918,-1.4568495,-1.1431145
CIV,2007,-1.0830309,-1.9659331999999998,-1.4993458,-0.9750578,-1.429675,-1.0549444
CIV,2008,-1.0653348,-1.8438587,-1.3052038,-0.9417213999999999,-1.3959985,-0.9170467999999999
CIV,2009,-1.0342909,-0.9308828,-1.1480241,-0.9067679999999999,-1.2294254999999998,-0.9150259
CIV,2010,-0.9939555,-1.8229126,-1.2478118,-0.9543104,-1.2655798,-1.0059751
CIV,2011,-0.9871711999999999,-1.6371932,-1.2476053999999999,-0.9398114,-1.3404338,-0.9575165
CIV,2012,-0.7468013,-1.5032112,-1.0747836,-0.8007105999999999,-1.0573652,-0.8654661
CIV,2013,-0.6943573,-1.1864617,-0.9345986,-0.7128024,-0.9556195,-0.7822118
CIV,2014,-0.6240688999999999,-1.0380353,-0.7014861,-0.5506333999999999,-0.6812522,-0.4241317
CIV,2015,-0.5517862,-0.7607109,-0.5898361,-0.45448849999999996,-0.6935852,-0.42898769999999997
CIV,2016,-0.544593,-0.8719891999999999,-0.6000248,-0.4469759,-0.6723044,-0.4693807
CIV,2017,-0.5012923,-1.0437882,-0.606474,-0.4107069,-0.687746,-0.4714658
CIV,2018,-0.3765847,-0.9248550999999999,-0.4915502,-0.3030327,-0.6103988,-0.4899115
CIV,2019,-0.3733168,-1.0216863,-0.47397829999999996,-0.3179975,-0.5834396,-0.5284783
CIV,2020,-0.5518192,-1.1861997,-0.4686066,-0.3240704,-0.6018277,-0.4845005
CIV,2021,-0.6024849,-0.9069828999999999,-0.48748159999999996,-0.2893898,-0.6347573,-0.4398515
CIV,2022,-0.5530451,-0.7277696,-0.3619308,-0.2131312,-0.5902244999999999,-0.368672
CIV,2023,-0.5389560999999999,-0.7880703,-0.3558457,-0.1739143,-0.5797333,-0.35372889999999996
CIV,2024,-0.5199531,-0.8737041999999999,-0.3517664,-0.1500272,-0.5550026,-0.2648238
CMR,2005,-1.0528038,-0.3858065,-1.0665822999999999,-0.806238,-1.2327879,-1.2322739
CMR,2006,-0.9308493999999999,-0.2743875,-1.0701583,-0.7888006999999999,-1.1836417,-0.8533778999999999
CMR,2007,-0.8948006,-0.3438135,-0.9515653,-0.7098914,-1.0996886,-0.8267829
CMR,2008,-0.9704543999999999,-0.5920529999999999,-0.8208753999999999,-0.7175948999999999,-1.0271667,-0.7665337999999999
CMR,2009,-0.9936942,-0.46121219999999996,-0.7632534999999999,-0.7515972999999999,-1.0599062,-0.7864791999999999
CMR,2010,-1.0331025999999999,-0.6482335,-0.756988,-0.7724816999999999,-1.027564,-0.9250419
CMR,2011,-1.0057667,-0.7372000999999999,-0.7672848999999999,-0.8394604999999999,-1.0667848,-1.0279061999999999
CMR,2012,-1.0634877,-0.7855302,-0.7573761999999999,-0.9131661999999999,-1.1090105,-1.2152341
CMR,2013,-1.057756,-0.830213,-0.7503361,-0.9390463,-1.1703577,-1.1497137
CMR,2014,-0.9502356999999999,-0.9042998,-0.5493418,-0.8336348,-1.0574826,-1.1650692999999999
CMR,2015,-0.963729,-1.0884095,-0.6102307,-0.7868676,-1.0795899,-1.1022368
CMR,2016,-1.0428859,-1.1540327,-0.6026329,-0.7436783,-1.0792484,-1.1380275
CMR,2017,-1.0748551,-1.2027671,-0.6243986,-0.82541,-1.1048695,-1.1473528
CMR,2018,-1.2026242999999999,-1.4659662,-0.6800587,-0.8092495,-1.1351006,-1.1226631
CMR,2019,-1.2358289,-1.6151303,-0.7341470999999999,-0.8078156999999999,-1.1649637,-1.143114
CMR,2020,-1.1933548,-1.6216083,-0.8586769999999999,-0.7821252,-1.1984744,-1.0664272
CMR,2021,-1.2439734,-1.5790886,-0.8294136999999999,-0.8486631,-1.2049081,-1.1191628999999998
CMR,2022,-1.2449411,-1.6998678999999999,-0.8145646999999999,-0.7882916999999999,-1.2052447,-1.1106148
CMR,2023,-1.2223918999999999,-1.609958,-0.8089041,-0.7852199,-1.2213032,-1.118101
CMR,2024,-1.2308469,-1.5636046,-0.8220427,-0.8080297999999999,-1.2427637,-1.215202
COD,2005,-1.466688,-2.0910674,-1.8157310999999998,-1.4766173,-1.6192214999999999,-1.5316037
COD,2006,-1.1445794999999999,-2.0660651,-1.6711935,-1.372382,-1.6222816999999998,-1.5087252999999998
COD,2007,-1.1046932,-2.0456344,-1.7014243,-1.3741162,-1.5999748999999999,-1.3978930999999999
COD,2008,-1.2454828,-1.9674999,-1.6567957,-1.4165813999999999,-1.5835069,-1.3200749999999999
COD,2009,-1.2951237,-1.5374488,-1.6930832999999998,-1.4647275,-1.6150967999999999,-1.3927536
COD,2010,-1.3231476,-2.0569915,-1.7069267,-1.4961103,-1.6146011,-1.418146
COD,2011,-1.4247176,-2.194909,-1.671015,-1.4709613,-1.637456,-1.3944203
COD,2012,-1.3963994,-2.2521506,-1.6243805,-1.4511356,-1.6418803,-1.3248734
COD,2013,-1.3864756999999999,-2.2545064,-1.4154818999999998,-1.2895752,-1.5858211,-1.3230073
COD,2014,-1.2830610999999998,-2.268167,-1.4494357,-1.2649451999999999,-1.517204,-1.3913654
COD,2015,-1.2936029999999998,-2.0334583999999998,-1.5261291,-1.3099706,-1.5731878,-1.3917218999999998
COD,2016,-1.4080781999999998,-2.2034498,-1.3980945999999999,-1.2402718,-1.5313485,-1.4194338
COD,2017,-1.4923281,-2.2533064,-1.468176,-1.3130959,-1.6074538999999999,-1.4344557999999998
COD,2018,-1.4164573999999999,-1.9212825,-1.5301175999999999,-1.3234403,-1.676545,-1.5326933999999999
COD,2019,-1.2328659,-1.6764626,-1.6108722,-1.3875537999999998,-1.6651201,-1.5578509999999999
COD,2020,-1.1717848,-1.8305627999999998,-1.7368531999999999,-1.3922257,-1.6345136999999998,-1.4573505999999998
COD,2021,-1.1870235,-1.6613388999999998,-1.7641478,-1.3459554,-1.551435,-1.5026427999999998
COD,2022,-1.1766698,-1.8581326,-1.7819895,-1.3330473,-1.6137745,-1.5099558
COD,2023,-1.1599795,-1.9749155999999999,-1.700998,-1.2972602,-1.6468304,-1.4832912
COD,2024,-1.1839435,-2.0580453999999997,-1.7225635,-1.3580021,-1.6793486,-1.5180048
COG,2005,-1.0373573999999999,-1.2760456,-1.3787539,-1.2394938,-1.4275319,-1.1057126
COG,2006,-1.1080786,-0.8909863,-1.3634688,-1.1538895999999998,-1.2262897,-1.1386123
COG,2007,-1.1267673,-0.8507275,-1.3871286999999999,-1.1306920999999999,-1.1662413999999999,-1.1017717999999999
COG,2008,-1.0836607999999999,-0.8058200999999999,-1.1373279,-1.1888773,-1.1504127,-1.2067822
COG,2009,-1.0845483,-0.3827173,-1.1398895,-1.1940773,-1.1954183999999999,-1.2067884
COG,2010,-1.0444510999999999,-0.5382724,-1.1330565,-1.1763222,-1.1991999,-1.1711042999999999
COG,2011,-1.043677,-0.6301863999999999,-1.1196301,-1.1990603,-1.197829,-1.1206867
COG,2012,-1.0819284999999998,-0.6757620999999999,-1.0657824,-1.1715583999999999,-1.1776651999999999,-1.2223035
COG,2013,-1.0384175,-0.5789641,-1.1288369,-1.1284026,-1.1660245,-1.1905709
COG,2014,-1.0598144999999999,-0.4885535,-0.9521079,-1.0861589,-1.1006417,-1.2731289
COG,2015,-0.9817769,-0.784083,-0.8556863,-1.0275163999999999,-1.0484719,-1.2797068
COG,2016,-1.0883321,-0.7834,-0.8383045,-1.1054823,-1.1198652999999998,-1.2675201
COG,2017,-1.0760323,-0.7924544,-0.9054719999999999,-1.2244637,-1.1611247999999998,-1.3024921
COG,2018,-1.1490227,-0.7113444999999999,-1.0184605,-1.2144266,-1.1813472,-1.3674482
COG,2019,-1.2303137,-0.6248604999999999,-0.9952856999999999,-1.2521985,-1.190065,-1.4929435
COG,2020,-1.1903711,-0.6049702,-1.2144816999999999,-1.3520036,-1.2400044,-1.368223
COG,2021,-1.2678597999999999,-0.5367137,-1.2316612,-1.2147628,-1.2241075,-1.3389731
COG,2022,-1.2588422,-0.1674978,-1.1752368,-1.266537,-1.1878262,-1.3608307
COG,2023,-1.2640748,-0.22392189999999998,-1.2021324,-1.2342910999999999,-1.1434180999999999,-1.3775373
COG,2024,-1.2535581999999998,-0.4338009,-1.1549292,-1.197533,-1.1774741,-1.4201434
COK,2005,0.0366007,,0.3723529,0.519367,0.5751986,0.4028729
COK,2006,0.07200999999999999,,0.36802029999999997,0.5071304,0.5802312,0.4447084
COK,2007,0.0964114,,0.5020095,0.3749007,0.3079844,0.7133362999999999
COK,2008,0.1082138,,0.5990966,0.3611648,0.3017793,0.7214195999999999
COK,2009,-0.0579993,1.5998786999999999,-0.3520366,-0.5443527,-0.36840459999999997,-0.0175646
COK,2010,-0.0690215,1.5843085,-0.4811068,-0.5889447999999999,-0.41934079999999996,0.1619062
COK,2011,-0.0519481,1.5743277,-0.4553315,-0.5857217,-0.36448169999999996,0.15714519999999998
COK,2012,-0.1542719,1.5698345,-0.7845213999999999,-0.8820192,-0.6990153,-0.15810449999999998
COK,2013,-0.1751786,1.5714328,-0.7854549,-0.8833439999999999,-0.7333885,-0.1572497
COK,2014,-0.1544234,1.5876723,-0.7494748,-0.8821195,-0.7109561999999999,-0.166593
COK,2015,-0.15023219999999998,,-0.751869,-0.8726733999999999,-0.6903069,-0.1582111
COK,2018,1.1286072999999999,0.9445146,,,0.9832923,
COK,2019,1.0798291,1.0772222,,,1.1162535,
COK,2020,1.0346899,1.1754402,,,1.2126010999999999,
COK,2021,1.116774,1.1969842,,,1.237194,
COK,2022,0.8406775999999999,1.1749387,0.022208099999999998,-0.1982756,0.8360369999999999,0.11791439999999999
COK,2023,1.1161963,1.0905493,0.0228854,-0.1961349,0.7424223,0.1251653
COK,2024,0.9602094,1.1161193,0.15119839999999998,-0.0652811,0.765328,0.1433968
COL,2005,-0.27532049999999997,-1.9821224,-0.3376676,0.0619204,-0.5797827999999999,-0.09963469999999999
COL,2006,-0.2249477,-1.8053705,-0.24100729999999998,0.1156526,-0.5705629999999999,-0.20389259999999998
COL,2007,-0.18000049999999998,-1.6042752,-0.22981759999999998,0.1446112,-0.46661769999999997,-0.26446549999999996
COL,2008,-0.10322189999999999,-1.6367254999999998,-0.0885108,0.257142,-0.43170329999999996,-0.2288895
COL,2009,-0.12140519999999999,-1.5729579,-0.149716,0.1059297,-0.49310859999999995,-0.2879776
COL,2010,-0.1191783,-1.3447749,-0.0340002,0.10528219999999999,-0.387743,-0.374115
COL,2011,-0.0019344999999999998,-1.1614259,0.0677342,0.2639046,-0.3941095,-0.2029364
COL,2012,-0.0099224,-1.3288256999999999,0.0313668,0.29488909999999996,-0.449264,-0.4079967
COL,2013,-0.0674505,-1.3043736,0.0632522,0.291792,-0.48839279999999996,-0.44067989999999996
COL,2014,-0.022536499999999998,-1.01799,-0.0672041,0.33183399999999996,-0.3964605,-0.3709047
COL,2015,0.045082,-0.9744332,-0.0012165,0.3549593,-0.3699185,-0.3168336
COL,2016,0.0836893,-0.893922,0.0162303,0.31962409999999997,-0.3132165,-0.3685615
COL,2017,0.0695066,-0.8017183999999999,-0.0263499,0.227566,-0.33511789999999997,-0.40964
COL,2018,0.11630679999999999,-0.6874382,-0.0053583,0.17653339999999998,-0.4003964,-0.3177104
COL,2019,0.1262896,-0.9072798999999999,0.0282031,0.3029486,-0.439729,-0.2722205
COL,2020,0.1148704,-0.6851902,-0.0183306,0.23298039999999998,-0.45046909999999996,-0.2565109
COL,2021,0.018268299999999998,-1.0076603,-0.0243614,0.3081173,-0.4782045,-0.2699708
COL,2022,0.1182491,-0.8184583,0.0185649,0.24819419999999998,-0.5148732,-0.25820719999999997
COL,2023,0.1188095,-0.7790359,-0.0408261,0.1954034,-0.5713458,-0.29534879999999997
COL,2024,0.12435769999999999,-0.83629,-0.038087499999999996,0.0744702,-0.5666751,-0.2821944
COM,2005,-0.5510077999999999,-0.6598608,-1.6415426,-1.5497828999999999,-0.9717397999999999,-0.8384259
COM,2006,-0.38966409999999996,-0.3543774,-1.6274282999999998,-1.4375904,-0.9679523999999999,-0.6337435
COM,2007,-0.4917416,-0.9850930999999999,-1.6268057999999999,-1.3948216999999998,-0.9665948999999999,-0.6358111
COM,2008,-0.4913647,-0.9864118,-1.4789663,-1.5259680999999998,-1.053345,-0.7813030999999999
COM,2009,-0.5301688999999999,-0.4780422,-1.4620014,-1.5688845,-1.1758795,-0.8071630999999999
COM,2010,-0.5342530999999999,-0.4558817,-1.4550330999999999,-1.5152687999999999,-1.0570426,-0.7969704
COM,2011,-0.4513925,-0.5018005,-1.5063336999999999,-1.5007363999999999,-1.0540452,-0.796449
COM,2012,-0.48155899999999996,-0.3778356,-1.4223354,-1.4564365,-1.0477862,-0.7816345
COM,2013,-0.5309592,-0.2136274,-1.4114908,-1.4149618,-0.9792559999999999,-0.8234572
COM,2014,-0.5126975,-0.0024798,-1.2372467,-1.2670892999999999,-0.8007192,-0.8073378
COM,2015,-0.5556757999999999,-0.0859904,-1.3109194,-1.2505258,-0.7533968,-0.8481455999999999
COM,2016,-0.59875,-0.256448,-1.2597882999999999,-1.229827,-0.7256549999999999,-0.8650673
COM,2017,-0.5925857999999999,-0.1938348,-1.2059829,-1.2290385,-0.815252,-0.9458964999999999
COM,2018,-0.7080628999999999,-0.4109429,-1.2262838,-1.2558808,-0.9177261999999999,-1.0249086
COM,2019,-1.0833051999999999,-0.4610142,-1.2514436,-1.2271923,-0.9869555,-1.2688027
COM,2020,-1.1110978999999999,-0.46067369999999996,-1.2798142,-1.2927704,-1.0572913,-1.3216835999999998
COM,2021,-1.1464486999999999,-0.39980659999999996,-1.4378937999999999,-1.3515884999999999,-1.0919155999999999,-1.4061724999999998
COM,2022,-1.1870171999999999,-0.37409499999999996,-1.2930039,-1.2676256,-1.1675507999999999,-1.3372454
COM,2023,-1.2003622999999999,-0.3734665,-1.1788688,-1.302198,-1.1228578,-1.1537169999999999
COM,2024,-1.1880271,-0.2019704,-1.1143873,-1.2660921,-1.1060278,-1.1414231
CPV,2005,0.8751797,0.8621012,-0.1883485,-0.3670592,0.5654488,0.6147193
CPV,2006,0.9544189,0.9593659999999999,0.23307899999999998,-0.28131439999999996,0.7623287999999999,0.7368872
CPV,2007,1.0132423,0.9161897999999999,0.3878541,-0.1794535,0.760686,0.8254733999999999
CPV,2008,1.0220589,0.8459407,0.3827008,-0.12122419999999999,0.7196448999999999,0.9071536
CPV,2009,1.0054889999999999,1.0099482,0.3789401,-0.050987199999999996,0.6692011,0.9053511
CPV,2010,0.9684626,0.9991084,0.30758769999999996,-0.10164899999999999,0.5748067,0.8637370999999999
CPV,2011,1.042208,0.9986644,0.3122473,0.017081,0.5849314,0.8933496999999999
CPV,2012,1.0118026,0.822847,0.2968639,0.0022274,0.6010922,0.8247648999999999
CPV,2013,0.9435808,0.7830442999999999,0.2410018,-0.1471442,0.5939336,0.7694303
CPV,2014,0.8793154999999999,0.6357117999999999,0.36150699999999997,-0.1619984,0.6555274,0.8732956
CPV,2015,0.8853021999999999,0.8308945999999999,0.4947388,-0.1892595,0.668304,0.8753662999999999
CPV,2016,0.842737,0.8097312999999999,0.4596649,-0.1580259,0.6734825999999999,0.8415436
CPV,2017,0.8438133,0.703797,0.4899442,-0.1188982,0.6973193999999999,0.8022602
CPV,2018,0.9560023,0.8224381,0.5166507,-0.1815908,0.7257653,0.8673911999999999
CPV,2019,0.9070746,0.8229215,0.5197195,-0.0376528,0.7485385,0.8819764999999999
CPV,2020,0.8199759999999999,0.8225146999999999,0.4926295,0.010100399999999999,0.6739480999999999,0.7909668999999999
CPV,2021,0.8371303999999999,0.8172958,0.37387329999999996,0.0688208,0.4985593,0.8903673
CPV,2022,0.8420305,0.8192691999999999,0.36992339999999996,0.0920092,0.4928647,0.8501481999999999
CPV,2023,0.8638191,0.8717802,0.38857769999999997,0.0921492,0.4800852,0.8602909999999999
CPV,2024,0.8961452999999999,0.8567418,0.5177071,0.027745199999999998,0.48490079999999997,0.9356492
CRI,2005,1.0030951,0.8404151999999999,0.25640809999999997,0.7037842,0.6412842999999999,0.38403899999999996
CRI,2006,1.0267832,0.8843424,0.1902084,0.5863697,0.5447103,0.3962886
CRI,2007,1.0322061999999999,0.8231084999999999,0.2570828,0.6190131,0.5425527,0.45589549999999995
CRI,2008,1.0191541,0.5851306,0.43990949999999995,0.7624653,0.5676317,0.48705529999999997
CRI,2009,1.050706,0.7209078,0.5454789,0.7495636,0.652251,0.6175267
CRI,2010,1.0936109,0.7928719,0.5452826,0.6358427999999999,0.6673003,0.6988883
CRI,2011,1.0888928,0.6135982999999999,0.5118494,0.5891619,0.4740856,0.6575957
CRI,2012,1.0853462,0.6518066,0.5696209,0.7012208,0.4602866,0.6701220999999999
CRI,2013,1.0787025,0.6642467999999999,0.4755969,0.7555949,0.4699852,0.6628649999999999
CRI,2014,1.1228772,0.6865148,0.5048784,0.5648134,0.5379033999999999,0.7822671
CRI,2015,1.1381362,0.7536744999999999,0.4809266,0.6372382999999999,0.5251205,0.7720098999999999
CRI,2016,1.1188521999999999,0.7286978,0.4187207,0.6769634,0.5215761,0.804877
CRI,2017,1.1491143,0.7482496,0.4348355,0.5819466999999999,0.533138,0.5871666999999999
CRI,2018,1.1742230999999999,0.6464329999999999,0.4743443,0.6899639,0.5051789999999999,0.6505776999999999
CRI,2019,1.1704302,0.6386128,0.43360509999999997,0.7005752,0.5799276999999999,0.7249257
CRI,2020,1.1844900999999999,0.9372254999999999,0.28312119999999996,0.5780706999999999,0.6134172,0.7561848
CRI,2021,1.1420584999999999,1.0212805,0.30158209999999996,0.5983084,0.5848566,0.5925846
CRI,2022,1.1192596,1.1512919,0.21683349999999998,0.6299695,0.6411292,0.567669
CRI,2023,1.1061931,1.204956,0.39411589999999996,0.5011563,0.6036594,0.6864747999999999
CRI,2024,1.0068982,1.2632938999999999,0.39187099999999997,0.5214120999999999,0.5844935,0.6837128
CUB,2005,-1.7994956999999998,0.40498049999999997,-0.9997674,-1.4522627,-1.1629509999999998,-0.1447496
CUB,2006,-1.6133731,0.48292579999999996,-0.4491964,-1.4583621,-0.7857993,0.4495878
CUB,2007,-1.5766362999999999,0.409859,-0.448731,-1.4580791,-0.6911472,0.4483566
CUB,2008,-1.5943437,0.43504719999999997,-0.4250789,-1.4235910999999999,-0.7742247999999999,0.5261462
CUB,2009,-1.5934739,0.44855659999999997,-0.424378,-1.4530897999999999,-0.7740100999999999,0.5261388
CUB,2010,-1.5724996999999998,0.44445999999999997,-0.5966123,-1.6173136,-0.8722717,0.48501449999999996
CUB,2011,-1.5562021,0.2417018,-0.5969504,-1.6167862,-0.8286175,0.4844813
CUB,2012,-1.5681299,0.24571389999999999,-0.47128559999999997,-1.3836217,-0.7993638,0.4532962
CUB,2013,-1.5444403,0.3116004,-0.47143229999999997,-1.3643854,-0.7971068,0.31299469999999996
CUB,2014,-1.5058965,0.5589803,-0.0527857,-1.1441535,-0.7657005,0.28995139999999997
CUB,2015,-1.479921,0.5667587,-0.0531619,-1.0410179,-0.8042357,0.287678
CUB,2016,-1.4934281,0.5994646,-0.0891814,-1.1652038999999998,-0.7670087,0.0044719
CUB,2017,-1.4992672999999999,0.5564148,-0.1356383,-1.1643306,-0.7940801,0.0398704
CUB,2018,-1.4047333,0.5509358999999999,-0.32122819999999996,-1.2452782,-0.7524143,-0.0119483
CUB,2019,-1.3230632999999998,0.6363375,-0.2236888,-1.2443422,-0.669971,-0.1435842
CUB,2020,-1.3232144,0.6450347,-0.2268994,-1.2457504,-0.5389218,-0.1433363
CUB,2021,-1.357222,0.4806359,-0.2341371,-1.1989513,-0.6111499,-0.2203823
CUB,2022,-1.3544303,0.47752409999999995,-0.1145836,-1.2064338,-0.4584001,-0.22468539999999998
CUB,2023,-1.3717336999999998,0.40899579999999996,-0.1404321,-1.2659289,-0.5250701999999999,-0.1633465
CUB,2024,-1.4128166,0.30597979999999997,-0.40183379999999996,-1.4605743999999998,-0.5805728,-0.22736599999999998
CYM,2005,0.8068493,1.2096757,1.2275068,1.4615981999999998,0.8000025,1.3280539
CYM,2006,0.8152954,1.2129071,1.2264450999999998,1.4574525999999999,1.0615701,1.3362247
CYM,2007,0.8112564,1.2141450999999999,1.2280054,1.4588774,1.0657548,1.3304342999999998
CYM,2008,0.8140717,1.2128081,1.2517962999999999,1.2758775,1.0641566,0.8637224
CYM,2009,0.6650439,1.3431514999999998,0.8695799,1.2451436999999999,0.8390494,1.0302318
CYM,2010,0.6638737,1.2675224999999999,0.8699465,1.2456642999999998,0.8382212,1.0306472
CYM,2011,0.6656864,1.2638996999999998,0.8693949999999999,1.246615,0.8418053999999999,1.22804
CYM,2012,0.664253,1.2622687,0.8694942,1.2424064,0.8401696999999999,1.2259379
CYM,2013,0.6620377,1.2628489,0.8692278,1.2420738,0.8369363,1.2261069999999998
CYM,2014,0.6642369,1.2980235,0.9732284999999999,0.9872055999999999,0.5033445,0.8936128999999999
CYM,2015,0.6646811,1.2961634,0.9725454,0.9895771999999999,0.7879832,0.8952705999999999
CYM,2016,0.6636820999999999,0.9889709999999999,0.9733727999999999,0.9906317,0.7885369,0.601428
CYM,2017,0.6628684,0.9890338999999999,0.9730232999999999,0.9923481,0.7879558,0.600476
CYM,2018,0.5138461,0.9925833,0.9737304999999999,1.0859854,0.7878621,0.6021027999999999
CYM,2019,0.5135031999999999,1.2977546,0.975216,1.0878249,0.7877949,0.6043417999999999
CYM,2020,0.5124304,1.2971622,0.7820574,1.0850574,0.7867811,0.6048357999999999
CYM,2021,0.8136272,1.4823186,0.9702539,1.0842380999999999,0.8594193999999999,0.6056484
CYM,2022,0.8121176,1.4851918,1.0582272,1.0814046,0.8344895999999999,0.602231
CYM,2023,0.8101231,1.4859065999999999,1.0583027999999999,1.0816876,0.8327157,0.602831
CYM,2024,0.8090434999999999,1.4860843,1.0583798,1.0809497,0.832633,0.6043394999999999
CYP,2005,1.0378916999999999,0.5335504999999999,1.2139163,1.3194194,1.0412348,0.9554467
CYP,2006,1.1458701,0.6261437,1.1318527999999999,1.5024273,1.2336395,1.1388487999999999
CYP,2007,1.1640765,0.6925991,1.1513484,1.5004697999999999,1.2526842999999999,1.086107
CYP,2008,1.2240722,0.8095045,1.3611796999999999,1.4543138,1.3066670999999999,1.1814623
CYP,2009,1.1947571,0.7925167,1.2995417999999999,1.3899719,1.1594293,1.077909
CYP,2010,1.1402311,0.7639545,1.3945872,1.4221742,1.1696598,1.1051305
CYP,2011,1.133648,0.7771057,1.4091065,1.2266259,0.9498397,1.0129419
CYP,2012,1.0884497,0.7914197,1.3953351999999999,1.0680956,0.9507420999999999,1.0048774999999999
CYP,2013,1.0411191,0.7099643,1.3807691,0.8604358999999999,0.8641401999999999,0.9851894999999999
CYP,2014,1.0474775,0.710104,1.0603293999999999,1.018073,0.8147873,0.7527872999999999
CYP,2015,1.0231385,0.6818134,1.030357,0.9799821999999999,0.8374486999999999,0.6829609
CYP,2016,1.0284244,0.7595569999999999,1.0078780999999999,0.9615773,0.8462139,0.7260559
CYP,2017,1.0422182,0.6662621999999999,1.0751099,0.9380908,0.921742,0.8178696
CYP,2018,1.051223,0.6506305,0.8949324999999999,0.9383218,0.8417097,0.6608748
CYP,2019,1.0833036999999999,0.7359757,1.0175499,1.0560492,0.8421936,0.6807169
CYP,2020,1.0633612,0.45163689999999995,0.9173186999999999,0.9307067,0.770373,0.46244199999999996
CYP,2021,0.9365372999999999,0.4777034,0.8371573999999999,0.8760420999999999,0.7538419,0.49850679999999997
CYP,2022,0.9209006,0.3774995,0.8488842999999999,0.759956,0.7511036,0.5711813
CYP,2023,0.9086076,0.3900608,0.8227688999999999,0.7735945999999999,0.7138416,0.5286951
CYP,2024,0.9074319999999999,0.3989949,0.8046903999999999,0.7560110999999999,0.6750592,0.5352587999999999
CZE,2005,0.9347430999999999,1.0287213,0.9028714999999999,1.1862431,0.879533,0.5714386
CZE,2006,0.9263334999999999,1.0626592,0.7584913999999999,1.1794947,0.7803089999999999,0.5439206
CZE,2007,0.8876893,1.0914514,0.5892518,1.1350007,0.7506579,0.43412639999999997
CZE,2008,1.0082617999999999,1.1258852,0.890018,1.1652841999999999,0.7586518,0.4201378
CZE,2009,1.0000004999999998,1.0686643999999998,0.9207749,1.1559149,0.7703563,0.4022014
CZE,2010,0.9315633999999999,1.0946752,0.7928951,1.1160691,0.7634438,0.41240489999999996
CZE,2011,0.9131286,1.1285665999999999,0.815286,1.0498124,0.8559215,0.4903335
CZE,2012,0.88515,1.1248924999999999,0.8044616,0.9577662,0.8397821999999999,0.42619409999999996
CZE,2013,0.9173180999999999,1.0984122,0.7767187,0.9692849,0.8750252,0.400947
CZE,2014,0.9672381999999999,1.1009259999999998,0.9800958999999999,0.8473107,0.9546796999999999,0.5071964999999999
CZE,2015,0.9812609999999999,1.0927698,1.0036722,1.008372,1.0323613999999999,0.589982
CZE,2016,0.9937509999999999,1.0475022999999999,1.0738697,0.9536950999999999,1.0817116,0.6215674999999999
CZE,2017,0.8516488999999999,1.0195869,1.0711876,1.1451692,1.1304447,0.7463951
CZE,2018,0.7787719,1.0343844,1.0675541,1.1701169999999999,1.0286038,0.6244455999999999
CZE,2019,0.9243252,1.0258256,1.0260761999999999,1.1499589,1.1079242,0.6149915
CZE,2020,0.9303845,0.9052876999999999,1.0327187,1.1179729,1.0821695999999998,0.5861398
CZE,2021,1.0540201,0.9943673,1.0613301,1.2471172,1.1577541999999998,0.74562
CZE,2022,1.1006468999999999,0.9942846,1.1446607,1.3277615,1.1213524,0.8158613
CZE,2023,1.1429700999999999,1.0719821999999999,1.2179593,1.1396935,1.102935,0.8745223999999999
CZE,2024,1.2146276,1.0901285,1.1359816,1.1324896,1.1435769999999998,0.9107833
DEU,2005,1.5140559,0.9885121,1.6885850999999998,1.5310751999999999,1.6254224,1.9313003999999998
DEU,2006,1.5156334999999999,1.0400231,1.7370785,1.5287522,1.6260134,1.730151
DEU,2007,1.5102944,1.0613169999999998,1.7919585999999998,1.5424027999999999,1.694086,1.6569485
DEU,2008,1.4842636,1.0118276,1.7105618,1.3911437,1.5925505,1.6895597999999998
DEU,2009,1.5213343,1.0348173999999999,1.7359461999999999,1.4337662999999998,1.5782589999999999,1.6841678
DEU,2010,1.4470087999999999,0.9411839999999999,1.465686,1.4479305,1.5800501999999998,1.6578235
DEU,2011,1.458894,0.902906,1.5776088,1.4845258,1.5739877,1.670005
DEU,2012,1.4680281,0.9707093,1.6719575,1.4903187999999998,1.5989073999999999,1.6615818
DEU,2013,1.4813801,0.9581,1.7013549,1.4703218999999998,1.6088654,1.6274435999999999
DEU,2014,1.4989629,1.0566419,1.8924636,1.5423873,1.7194766,1.7078929999999999
DEU,2015,1.5275306,0.8302250999999999,1.8940051999999998,1.6168932999999999,1.7190497999999999,1.7231125999999999
DEU,2016,1.4791239999999999,0.7937676,1.8416495,1.6580651,1.6653973,1.7621904
DEU,2017,1.4892490999999999,0.7172791,1.8097995,1.6590124,1.676644,1.8252853999999998
DEU,2018,1.5140915,0.8298658999999999,1.7437919,1.6474197,1.6967984999999999,1.918572
DEU,2019,1.5031809,0.7398556,1.826047,1.6365072999999999,1.6940827999999999,1.8793114
DEU,2020,1.4913196,0.6997475,1.6549806,1.5480703,1.6097442,1.850218
DEU,2021,1.5487134999999999,0.6949652,1.7476581,1.5934764,1.6304817,1.8235436999999999
DEU,2022,1.5355656,0.5625259,1.7126055,1.5342425,1.576423,1.8207548
DEU,2023,1.5542349,0.5343453,1.5733793999999999,1.3723805,1.5862983,1.7099461
DEU,2024,1.5359631,0.195136,1.5062309999999999,1.3539442,1.6084566999999999,1.7640033
DJI,2005,-0.9758983999999999,-0.6851159,-0.8376386,-0.6477147999999999,-1.0039131,-0.6581494999999999
DJI,2006,-0.9938958,-0.10363889999999999,-1.0452005,-0.6766407,-0.9479576,-0.6552319
DJI,2007,-1.0759197,0.0227786,-0.8759709999999999,-0.6617721999999999,-0.8875723999999999,-0.4900806
DJI,2008,-1.1413848,0.3158798,-0.8866349,-0.6915737,-0.7453117,-0.2864907
DJI,2009,-1.0947637,0.5329999,-0.8281921999999999,-0.7303486,-0.7466478999999999,-0.4893498
DJI,2010,-1.1170733,0.3546104,-0.8242967,-0.7825947999999999,-0.7728400999999999,-0.527533
DJI,2011,-1.2802772,0.1035446,-0.8008157,-0.7714013,-0.8561643999999999,-0.5269463
DJI,2012,-1.3173947,0.1022778,-0.8453024,-0.7073149999999999,-0.8569302999999999,-0.5487698
DJI,2013,-1.3836343,-0.3234765,-0.7825654,-0.7695261999999999,-0.9119411,-0.6218926
DJI,2014,-1.3636107,-0.3899529,-0.7209989,-0.7383799999999999,-1.0215617,-0.7349063
DJI,2015,-1.3545222,-0.513142,-0.7882612999999999,-0.7470587999999999,-0.9955797999999999,-0.7299812
DJI,2016,-1.2974704,-0.7369454,-0.7620979999999999,-0.7315075,-0.9953329,-0.71138
DJI,2017,-1.3206802,-0.7878024,-0.8440793,-0.6975892,-1.0001517,-0.7645652
DJI,2018,-1.3148037,-0.33800209999999997,-0.8222647,-0.7608256999999999,-0.9865813,-0.8215718
DJI,2019,-1.3361832999999999,-0.4190221,-0.7268732999999999,-0.7852148,-1.0107872,-0.9277778999999999
DJI,2020,-1.2946756,-0.4948334,-0.7485995999999999,-0.8459785999999999,-1.0509633,-0.8130712
DJI,2021,-1.2950325,-0.5476907,-0.7189736999999999,-0.7805302,-1.0364673,-0.9069119
DJI,2022,-1.2955242999999999,-0.49616459999999996,-0.6229690999999999,-0.7814040999999999,-1.0299246,-0.9084878
DJI,2023,-1.3221739,-0.4825406,-0.5869066,-0.8065713999999999,-1.0478192,-0.9038293
DJI,2024,-1.3233044,-0.5144006,-0.5083691,-0.8549024,-1.0243157999999999,-0.8850678999999999
DMA,2005,1.0561954999999998,0.8676779,0.3647883,0.3550836,0.8361793,0.6983001999999999
DMA,2006,0.9885752999999999,0.9993249999999999,0.3641733,0.49800079999999997,0.8366734,0.7030076
DMA,2007,1.0322464,0.8713738999999999,0.4885039,0.5809861,0.9183528999999999,0.6996716
DMA,2008,1.0331107,0.9992432,0.5022854,0.429795,0.8466252999999999,0.7005811
DMA,2009,1.0214577,1.0058033,0.5036463999999999,0.45463919999999997,0.8915038999999999,0.700561
DMA,2010,1.0109479,1.1286464999999999,0.6838430999999999,0.5725017,0.9109668999999999,0.8286627999999999
DMA,2011,1.0125610999999999,1.1247159,0.6062008,0.46277939999999995,0.8669161,0.8270291
DMA,2012,0.9857427999999999,1.1229463,0.6063329,0.517376,0.8652546999999999,0.8235777999999999
DMA,2013,0.9802483,1.1235758,0.6059779,0.5170353,0.8619707,0.8238554
DMA,2014,0.9822054,1.1776216,0.1199538,0.3804915,0.6846643,0.603675
DMA,2015,0.6521127,1.1391285,0.1190434,0.24684779999999998,0.7742962999999999,0.6207013
DMA,2016,0.6525797,0.955641,0.043239,0.2476611,0.7697684,0.6218049
DMA,2017,0.6208633,1.137417,-0.4569329,0.1878105,0.7400934,0.622552
DMA,2018,0.5451606999999999,1.1400328,-0.45599029999999996,0.1691257,0.655235,0.5108290999999999
DMA,2019,0.5233879,1.0213885999999999,-0.4540106,0.1266445,0.6548897,0.4991332
DMA,2020,0.44966649999999997,1.2595082,-0.384686,0.1688682,0.664894,0.4032034
DMA,2021,0.440724,1.2575307999999998,-0.38371679999999997,0.16435239999999998,0.5982877999999999,0.40230689999999997
DMA,2022,0.4337253,1.260459,0.00157,0.161692,0.6309119,0.39940149999999996
DMA,2023,0.4201852,1.2611876,0.4002613,0.1677715,0.5962696,0.4159947
DMA,2024,0.498059,1.2613686,0.1549756,0.0641328,0.44874569999999997,0.5348341999999999
DNK,2005,1.6394585,1.1296226,2.0496099,2.0354038,1.7482708,2.2533577
DNK,2006,1.7209146,1.0860178999999999,2.1569487,2.1866003,1.9628539999999999,2.3455603
DNK,2007,1.6620542999999999,1.2626237999999999,2.1934584999999998,2.1781897999999997,1.9886628,2.3195208
DNK,2008,1.7011591,1.2298038,2.1338364999999997,2.0706408,1.9209317,2.3026314
DNK,2009,1.7144046,1.2048052999999999,2.1482721,2.050388,1.8576751999999999,2.3105515999999997
DNK,2010,1.6721457,1.1779781,1.9109327999999999,1.9766134,1.8253713999999999,2.2705705
DNK,2011,1.6659433,1.1647359,2.0222785,2.0154484,1.8661088,2.3371147
DNK,2012,1.7513036,1.0403172,1.9563222,1.8394716999999998,1.9158218999999999,2.2642511
DNK,2013,1.7264583999999998,1.0128025,1.939778,1.8363162,1.8932278,2.2443584
DNK,2014,1.6266679,1.1165359,1.8401417,1.6888611999999998,1.8970443,2.1556194
DNK,2015,1.7080471,1.0140884,1.8305505,1.7936135999999998,1.9684962,2.1626702
DNK,2016,1.7087029,0.9322374,1.8621550999999998,1.7724187999999998,1.9335632999999999,2.1711077
DNK,2017,1.6231303,0.9096734,1.8573309999999998,1.7872393,1.9156303,2.1959562
DNK,2018,1.6843724999999998,0.9899422,1.940138,1.8373826999999998,1.8940248,2.1674102
DNK,2019,1.6898282999999998,0.892741,1.9608694,1.9115559,1.9955569999999998,2.1656032
DNK,2020,1.7000327,0.8636817999999999,1.9342678999999998,1.9637656,1.9438251,2.3263233999999997
DNK,2021,1.7972435999999998,0.8337076,2.1116827,1.9811904999999999,2.0002139,2.2962488999999997
DNK,2022,1.8018967,0.8320546,2.0580347999999997,1.9887255,1.9821936,2.3024128999999998
DNK,2023,1.8118606,0.9158788999999999,1.9570722999999999,1.8660021999999998,1.9869853,2.2910751
DNK,2024,1.7730517,0.811546,1.8900127999999998,1.8039876,1.9773384999999999,2.2798316
DOM,2005,0.0904957,-0.3899312,-0.8668602,-0.2895856,-0.5443042,-0.8532981
DOM,2006,0.1441125,-0.1419305,-0.7305457999999999,-0.1564836,-0.44610449999999996,-0.6581459
DOM,2007,0.1162231,-0.0817802,-0.7498623999999999,-0.1538841,-0.45824099999999995,-0.7524392999999999
DOM,2008,0.1587226,-0.0227644,-0.5152538999999999,-0.1360249,-0.5460619999999999,-0.746012
DOM,2009,0.1554382,-0.0727264,-0.493091,-0.13211309999999998,-0.5918089,-0.7221424
DOM,2010,0.1409122,-0.0803494,-0.5088931999999999,-0.0632021,-0.6491882999999999,-0.7624930999999999
DOM,2011,0.08200389999999999,-0.07797409999999999,-0.4779283,-0.1608144,-0.6016473999999999,-0.7061689
DOM,2012,0.1208224,0.0231319,-0.3642127,-0.1496489,-0.5963335,-0.7824412
DOM,2013,0.0686135,-0.0262026,-0.2570091,-0.1316926,-0.5082476,-0.7713051999999999
DOM,2014,0.13815349999999998,0.036628799999999996,0.0007685,-0.1042154,-0.3734344,-0.7559311
DOM,2015,0.08990759999999999,0.1049005,-0.1695075,-0.0546976,-0.4721085,-0.7903253
DOM,2016,0.08802059999999999,0.1585796,-0.1153153,-0.0173811,-0.4677646,-0.7937552999999999
DOM,2017,0.08864129999999999,0.0911029,-0.1948095,-0.048576499999999995,-0.49192389999999997,-0.8003918
DOM,2018,0.0991044,0.0108182,-0.2410541,-0.0805501,-0.4767614,-0.8487087999999999
DOM,2019,0.1300295,0.055195799999999996,-0.1961509,-0.045595,-0.4171641,-0.802273
DOM,2020,0.19117689999999998,0.2193698,-0.23852849999999998,-0.0426309,-0.3338054,-0.7058713999999999
DOM,2021,0.2201023,0.3354001,-0.0894222,0.0346847,-0.2843894,-0.5455544999999999
DOM,2022,0.2699273,0.48402429999999996,-0.053131199999999996,-0.0256955,-0.2465344,-0.4239176
DOM,2023,0.3001251,0.45891119999999996,0.0346592,0.0457336,-0.239231,-0.4227216
DOM,2024,0.3380921,0.6228370999999999,0.0764749,0.2328788,-0.1663946,-0.26282099999999997
DZA,2005,-0.7071029,-0.878115,-0.7662985999999999,-0.6348669,-0.7254176,-0.6238123
DZA,2006,-0.7147486,-1.0780775,-0.8102716,-0.5296970999999999,-0.7668313999999999,-0.44602739999999996
DZA,2007,-0.7596183,-1.0443016,-0.8251153,-0.4591242,-0.7218673,-0.4813898
DZA,2008,-0.8116163,-0.9903732999999999,-0.6932731999999999,-0.5821906,-0.7331719,-0.5837591999999999
DZA,2009,-0.8711420999999999,-1.1859087,-0.6737194999999999,-0.8063376,-0.7818624,-0.6164528
DZA,2010,-0.8967917,-1.3153527,-0.6015701999999999,-1.0123655999999999,-0.7611433999999999,-0.3946187
DZA,2011,-0.8905976,-1.4437748,-0.7011605,-1.1510793,-0.818808,-0.5027125
DZA,2012,-0.8138888999999999,-1.282581,-0.6356516,-1.0833302999999999,-0.8030214,-0.5469353
DZA,2013,-0.813283,-1.3328531,-0.5332693,-0.8331303,-0.6961404999999999,-0.4967733
DZA,2014,-0.7381274999999999,-1.1704615999999999,-0.31388849999999996,-1.0418885,-0.846677,-0.7156642
DZA,2015,-0.7607592,-1.0451594,-0.34998809999999997,-0.9377154999999999,-0.8675151,-0.6339262
DZA,2016,-0.8116635,-1.1073349,-0.4665027,-0.9322381999999999,-0.8551875,-0.6488115999999999
DZA,2017,-0.8312041,-0.9096673,-0.5690754,-0.9664084,-0.8685729,-0.5472758
DZA,2018,-0.9121142,-0.6227950999999999,-0.3494497,-1.0681927,-0.8587954999999999,-0.5454413
DZA,2019,-1.0394463,-1.0481506,-0.3482937,-1.1655096,-0.8527886,-0.6284894999999999
DZA,2020,-1.074651,-0.8852519,-0.3186999,-1.1221162,-0.7904048,-0.6323459
DZA,2021,-1.0659166,-0.9042696,-0.4508428,-1.031772,-0.7754521999999999,-0.6513378
DZA,2022,-1.0949288,-0.8203026999999999,-0.33161199999999996,-0.914939,-0.81123,-0.6915368
DZA,2023,-1.0767901,-0.7587739,-0.33553859999999996,-0.8527340999999999,-0.7717689999999999,-0.6365940999999999
DZA,2024,-1.0723505,-0.6734924,-0.2141856,-0.8029054999999999,-0.6987302999999999,-0.5698666
ECU,2005,-0.08137699999999999,-0.8544352,-0.9602324999999999,-0.8307513999999999,-0.7553649,-0.8378433
ECU,2006,-0.0739142,-0.754508,-0.941672,-0.897872,-1.0135466,-0.8142902
ECU,2007,0.006326099999999999,-0.6564871999999999,-0.8862648999999999,-0.9306462,-0.9561972,-0.7850933999999999
ECU,2008,-0.0356958,-0.5554884999999999,-0.5942183999999999,-1.0984995,-1.116511,-0.7134176999999999
ECU,2009,-0.0379173,-0.5216896,-0.4000606,-1.3079516,-1.1358698999999999,-0.7009501
ECU,2010,-0.07926129999999999,-0.6757428,-0.3892423,-1.2490767,-1.0753845,-0.7102503
ECU,2011,-0.1069246,-0.7660916,-0.2251559,-1.1483567,-1.0928867,-0.6678628999999999
ECU,2012,-0.23156149999999998,-0.6851328999999999,-0.21614419999999998,-1.0293706,-1.0700028,-0.6108074
ECU,2013,-0.2481466,-0.2699794,-0.1267524,-0.8846282,-0.9784043,-0.5829084999999999
ECU,2014,-0.2404419,-0.0350038,-0.0550079,-0.8195534999999999,-1.0042754,-0.754405
ECU,2015,-0.3133725,-0.17810379999999998,-0.1305164,-1.0292491,-1.0396463999999999,-0.7222229
ECU,2016,-0.2898421,-0.1610403,-0.08525379999999999,-0.9132882,-0.9227388999999999,-0.7643926999999999
ECU,2017,-0.2341809,-0.11946129999999999,-0.07658569999999999,-0.9714767,-0.8456106999999999,-0.7732884999999999
ECU,2018,-0.029799,-0.059508,-0.1104619,-0.8272817,-0.7196315,-0.6258039
ECU,2019,-0.030467599999999997,-0.2067841,-0.095189,-0.7171603999999999,-0.6083871,-0.5262355
ECU,2020,-0.0365965,-0.1455361,-0.2886878,-0.7119006999999999,-0.5506472,-0.5174333999999999
ECU,2021,0.0317384,-0.1895693,-0.0912094,-0.5118572,-0.3969657,-0.6309992999999999
ECU,2022,0.0269067,-0.2235733,0.0173083,-0.44260669999999996,-0.5681501999999999,-0.6549298
ECU,2023,-0.0175541,-0.3415776,-0.1763754,-0.5876672,-0.9202916,-0.7051855
ECU,2024,-0.011147299999999999,-0.5867943,-0.1475486,-0.6234313,-1.0102356,-0.7738678
EGY,2005,-1.12215,-0.7199266999999999,-0.6447012,-0.4602807,-0.1923826,-0.6231696
EGY,2006,-1.0880017,-0.691376,-0.6202086,-0.3354855,-0.2497082,-0.5755044
EGY,2007,-1.1067209999999998,-0.4593603,-0.5888572,-0.1460318,-0.2497124,-0.5387054
EGY,2008,-1.1356564,-0.4241154,-0.4910924,-0.0525399,-0.1733535,-0.5731048
EGY,2009,-1.079653,-0.5943592999999999,-0.3266089,0.0360406,-0.1613763,-0.4971579
EGY,2010,-1.1679196,-1.0055735,-0.45821599999999996,-0.0122408,-0.2530462,-0.6104565
EGY,2011,-1.0283001,-1.7067843999999999,-0.4164194,-0.1417482,-0.5031694,-0.5727633999999999
EGY,2012,-0.7201752,-1.6187038999999999,-0.3869353,-0.433671,-0.5338687,-0.4854924
EGY,2013,-1.0493762,-1.8277744999999999,-0.7129677999999999,-0.6779731999999999,-0.7677942999999999,-0.5253797
EGY,2014,-1.161993,-1.5182938,-0.5837152999999999,-0.6639929999999999,-0.8100474999999999,-0.536335
EGY,2015,-1.2393566999999999,-1.5143681999999998,-0.5044083,-0.6874298999999999,-0.7819689999999999,-0.5317945
EGY,2016,-1.2973515,-1.5350389999999998,-0.3836573,-0.7463248,-0.7916135999999999,-0.4540895
EGY,2017,-1.3039743,-1.4484515999999998,-0.3855905,-0.6825432,-0.7228682,-0.4136234
EGY,2018,-1.4851898,-1.2552877999999998,-0.4001726,-0.7240293,-0.6808022,-0.4829475
EGY,2019,-1.5543776,-1.2011528,-0.14468709999999999,-0.6821889999999999,-0.6897909,-0.6609518999999999
EGY,2020,-1.6114119,-1.1208202,-0.2308603,-0.608815,-0.7671184999999999,-0.7922931
EGY,2021,-1.6903873999999999,-1.0718075,-0.23526329999999998,-0.5442918999999999,-0.7799229999999999,-0.7880612
EGY,2022,-1.6692555,-0.9543571999999999,-0.1663666,-0.6362159,-0.7360915,-0.7796198999999999
EGY,2023,-1.636258,-0.9149023,-0.0628748,-0.5415802,-0.7396807999999999,-0.8115295
EGY,2024,-1.6224722999999999,-0.9431303,-0.17124009999999998,-0.43427659999999996,-0.7149749999999999,-0.8090906
ERI,2005,-2.2104906,-0.9333789,-0.9319685,-1.494389,-1.1324515,-0.4153948
ERI,2006,-2.1023559,-0.8833335999999999,-1.1470372,-1.7438589,-1.2414709,-0.4755983
ERI,2007,-2.1756335,-0.9869855,-1.1466341,-1.7694161,-1.3274804,-0.5432284
ERI,2008,-2.31296,-0.8138768,-1.1677802,-1.7674885999999999,-1.3855974,-0.6372038
ERI,2009,-2.3245394999999998,-0.6854583,-1.1810588,-1.8332967999999998,-1.4051004,-0.6877125
ERI,2010,-2.3402268,-0.9179813,-1.2263572,-1.9171897,-1.4870913,-0.7211919
ERI,2011,-2.3516022999999997,-0.9208519,-1.2917148,-1.9168839999999998,-1.4855783999999999,-0.7529714
ERI,2012,-2.4188071,-0.9398053,-1.33184,-1.9364508999999999,-1.4915355,-0.8757897
ERI,2013,-2.3938796,-1.0089177999999999,-1.4076738,-1.9960054999999999,-1.5469632,-0.9929988999999999
ERI,2014,-2.3647163,-0.6943410999999999,-1.2850017,-1.9472591,-1.6695601999999998,-1.1262881
ERI,2015,-2.3578824,-0.8265393999999999,-1.3226813,-1.926532,-1.6458258,-1.3512543
ERI,2016,-2.3007953,-0.7837765999999999,-1.3150671,-1.9646888,-1.6457494,-1.3521189999999998
ERI,2017,-2.3052164,-0.8718245,-1.3224913,-1.9501416999999999,-1.6226715999999999,-1.3197447
ERI,2018,-2.2186152,-0.9567017999999999,-1.4852503,-1.9609054,-1.6769398,-1.4331409
ERI,2019,-2.2245006,-0.9989186999999999,-1.5246009999999999,-2.0092667,-1.6838313999999999,-1.4230728
ERI,2020,-2.2199309,-1.0861367,-1.4666641999999999,-2.0035189,-1.6193965,-1.3603745
ERI,2021,-2.2411409,-1.0526445,-1.4639940999999999,-2.0344629,-1.6490224999999998,-1.3669486
ERI,2022,-2.2195560999999997,-1.0854454999999998,-1.4006724,-2.0353368,-1.7586081,-1.3642444999999999
ERI,2023,-2.2843033,-0.8154675,-1.4379639,-2.070505,-1.7857132999999998,-1.4120711
ERI,2024,-2.362556,-0.7272543,-1.5064461,-2.078175,-1.7884377999999999,-1.6322885999999999
ESP,2005,1.2350554999999999,0.26356999999999997,1.3709367,1.4535555,1.0723615,1.2571742
ESP,2006,1.1754235,0.1166576,1.0361512,1.2308329999999998,1.1442773,1.1783843999999999
ESP,2007,1.2478464,0.045059999999999996,1.133828,1.2606443,1.195514,1.0482042999999999
ESP,2008,1.3245677999999999,0.033541,1.0918663,1.2433009,1.1570608,1.146895
ESP,2009,1.2850785,-0.0038856999999999997,0.9838182,1.1564931,1.0085888,1.0238532999999999
ESP,2010,1.2367407,0.0438504,0.8575149999999999,1.1527877,0.9727762,1.0488037
ESP,2011,1.164048,0.2211154,0.891096,0.9989374,1.0293306,1.1272704999999998
ESP,2012,1.1646140999999999,0.1586205,0.9101642999999999,0.9156831999999999,1.0825322,1.1161191
ESP,2013,1.0242434,0.1099256,1.0388319,0.9319398,0.9837174,0.7936766
ESP,2014,1.0660865,0.49850449999999996,1.0237076999999999,0.791075,0.9229292,0.608823
ESP,2015,1.0846422,0.4534319,1.0661064999999998,0.8718811,0.970918,0.6008644
ESP,2016,1.0827594,0.4340081,1.0549091,1.0143181,1.0284218,0.6344427
ESP,2017,1.0530178,0.3055939,1.0177987,0.935415,1.0498262,0.6058316
ESP,2018,1.0367647,0.3484949,1.0639173,0.9292754,0.9960954,0.7542673999999999
ESP,2019,1.0621603,0.28164079999999997,1.1051847,0.9867125999999999,1.0959883,0.8269806
ESP,2020,1.0570002,0.3115828,1.0315404,0.8796195,0.9718207999999999,0.7811701999999999
ESP,2021,1.116785,0.36557819999999996,1.0959826,0.9494062999999999,0.9213692,0.8257928
ESP,2022,1.1253194,0.1464063,1.1410225,0.8629477999999999,0.9689825,0.7957695
ESP,2023,1.1040383,0.16443939999999999,1.1260213,0.6509733999999999,0.9008026,0.7449752
ESP,2024,1.1334461,0.1486709,1.1631098,0.5647519999999999,0.9079029999999999,0.7240890999999999
EST,2005,0.9604378,0.6711528,0.8692823,1.4744137,0.9471769999999999,0.9727726999999999
EST,2006,0.9597834,0.7095243999999999,0.977251,1.555515,1.0307201,1.059836
EST,2007,0.9650825,0.7261295999999999,0.9448953999999999,1.5415680999999999,1.0791008,1.0026401999999999
EST,2008,1.0000407,0.6599163,1.1107652,1.5294120999999998,1.0842220999999999,1.0130736999999999
EST,2009,1.0286688,0.6464262,1.0100243,1.4240987999999999,0.9919100999999999,0.9995134
EST,2010,1.0588155,0.7448056,1.1052962,1.4348334,1.0637385,0.9981781999999999
EST,2011,1.1276678,0.7008323,1.1015233,1.4485557999999998,1.1324022,1.1702603999999999
EST,2012,1.0942846,0.69241,1.0972754,1.4687208999999999,1.127801,1.1209417
EST,2013,1.0857987999999998,0.8557617999999999,1.0957132,1.4725194,1.1532675,1.1838345
EST,2014,1.1405493,1.0050664,1.2221054999999998,1.5461254999999998,1.3172498,1.254837
EST,2015,1.1729231,0.8848351999999999,1.1031587,1.6370337,1.3321249,1.2852109
EST,2016,1.1806495,0.8670517,1.1293304,1.6678613999999998,1.3443391,1.2621194999999998
EST,2017,1.2017712,0.8341483,1.1348127,1.580673,1.3798974,1.2666633
EST,2018,1.1723051,0.7926105,1.2930622999999999,1.478001,1.3179455,1.499167
EST,2019,1.3378967,0.8111455,1.2115626,1.5577047,1.4684584999999999,1.5267351999999998
EST,2020,1.3264958999999998,0.9082783999999999,1.2344336,1.509115,1.4430177,1.5196925
EST,2021,1.3417120999999999,0.8813947,1.3545726999999999,1.5647833,1.4697726,1.5518794
EST,2022,1.3535433,0.8704095,1.350067,1.5413013999999998,1.500799,1.6091567999999998
EST,2023,1.3528071,0.8513272,1.2974679,1.4041177,1.4435225,1.7132034999999999
EST,2024,1.3463216,0.8178531,1.3245612,1.3449953,1.4391182999999999,1.6501835999999999
ETH,2005,-1.1580949999999999,-1.6108174,-0.9519962,-0.9606802999999999,-0.9615539999999999,-0.8251641
ETH,2006,-1.0919391999999999,-1.6556479,-0.742791,-0.8202797,-0.7363879,-0.531681
ETH,2007,-1.0895922999999998,-1.6485857,-0.6298294999999999,-0.7631582,-0.7215785,-0.5333502
ETH,2008,-1.2182704,-1.6270972,-0.4735986,-0.7140352,-0.8410711999999999,-0.6316725
ETH,2009,-1.254742,-1.2771759999999999,-0.47377929999999996,-0.7830035,-0.8749237999999999,-0.7221276
ETH,2010,-1.3044989999999999,-1.5517847,-0.4406727,-0.7288821999999999,-0.8316617,-0.700356
ETH,2011,-1.3056594,-1.4980403,-0.47337759999999995,-0.8649325,-0.8270093,-0.6037083
ETH,2012,-1.2896733,-1.5764064999999998,-0.3868219,-0.9343127999999999,-0.7447399,-0.6097112
ETH,2013,-1.3659763,-1.3652661,-0.4872512,-1.1040482999999999,-0.8154688999999999,-0.5658734
ETH,2014,-1.3475431,-1.1741419,-0.4215038,-0.9312522,-0.7093836,-0.5413722
ETH,2015,-1.3450902,-1.2651586,-0.49444,-0.9266766,-0.7554234999999999,-0.5189941
ETH,2016,-1.3796222,-1.4445206,-0.4475366,-0.9880871,-0.7476119,-0.4359149
ETH,2017,-1.4195563999999998,-1.5144128,-0.49635569999999996,-0.9112313999999999,-0.726609,-0.5637871
ETH,2018,-1.1738875,-1.2097319,-0.5040568,-0.8623512,-0.7465590999999999,-0.4565508
ETH,2019,-1.0075838,-1.1841631,-0.4973012,-0.8438178,-0.7266161999999999,-0.4223939
ETH,2020,-1.0322806,-1.5886578999999998,-0.5236533999999999,-0.8332774,-0.7673706,-0.3668006
ETH,2021,-1.0574482,-1.9894166,-0.6322164,-0.7835559,-0.9097518,-0.3984992
ETH,2022,-1.0947932,-1.8558896999999999,-0.6948354999999999,-0.7962566,-0.8782719999999999,-0.40576829999999997
ETH,2023,-1.1733206999999999,-1.8676145,-0.6746613,-0.8499049999999999,-0.9985767,-0.45947869999999996
ETH,2024,-1.2454747,-1.8381671,-0.6946114999999999,-0.8469336,-1.0057629,-0.4336116
FIN,2005,1.6201303999999999,1.4975437999999999,2.1629923,1.9809487,1.8719693,2.3177078
FIN,2006,1.6347437,1.4568349,1.9631077,1.8918439,1.9195749999999998,2.3984624
FIN,2007,1.61262,1.4939255999999999,1.8409856,1.7639026,1.9173479,2.3340095
FIN,2008,1.6162273,1.4519586999999998,2.0743644,1.7662274999999998,1.9184173999999998,2.3014359
FIN,2009,1.5986026999999998,1.4918778,2.1575287999999997,1.9548425999999999,1.9063275,2.1780597
FIN,2010,1.5829938,1.4517362999999999,2.1271876,1.9789191,1.9276855,2.0775889
FIN,2011,1.6109379,1.3964147,2.2111723999999997,1.9340093999999999,1.8789595,2.1373368999999998
FIN,2012,1.7274644,1.3679628,2.2410872,1.999973,1.9749576,2.0900168999999997
FIN,2013,1.6913962999999999,1.3280900999999998,2.1644074,1.9680506999999998,1.9125462999999998,2.0380998
FIN,2014,1.6780707,1.3168445,2.0204584999999997,1.9005002999999998,2.008359,2.0470411
FIN,2015,1.7420958,1.1453461999999999,1.8997473999999999,1.9039202,2.0505931,2.1747616
FIN,2016,1.722141,1.0652287999999999,1.9063373,1.8239695,2.052307,2.189279
FIN,2017,1.7012828,1.150063,2.0708973999999998,1.8414561999999999,2.0806412,2.1816671999999997
FIN,2018,1.7551858,1.0477695999999999,2.1067158,1.8371689999999998,2.0353073999999998,2.1853938
FIN,2019,1.7435232999999999,1.0014811,2.09828,1.9716656,2.0973602,2.1866877
FIN,2020,1.7336497,1.1649972,2.0581184,1.9492816,2.0896792,2.2172668
FIN,2021,1.8247536999999998,1.1397467,2.1202166,1.9825384,2.0568185,2.2305766
FIN,2022,1.7845354999999998,1.0982775,1.9078731999999998,1.8871734,1.9784658,2.1937572
FIN,2023,1.7281366999999999,0.785055,1.8631290999999999,1.791896,2.0135049,2.2026377999999998
FIN,2024,1.7104534999999998,0.8727826999999999,1.8127978999999999,1.8772853999999999,1.9991029,2.1836946
FJI,2005,0.274186,0.3352884,0.1891821,-0.44272039999999996,0.1916795,-0.0627007
FJI,2006,-0.2616863,-0.2107261,0.1881204,-0.3440998,-0.0075917,-0.07696349999999999
FJI,2007,-0.6396742999999999,-0.028078299999999997,-0.3294818,-0.4659019,-0.6464241,0.0418609
FJI,2008,-0.6651906,-0.115495,-0.6108159,-0.8374545,-0.6479661999999999,0.051659899999999995
FJI,2009,-0.8807433,-0.1738172,-0.6770252999999999,-1.0709461,-0.9063713,-0.0329507
FJI,2010,-1.1655578,-0.1794188,-0.5509136,-0.865968,-0.9622046999999999,-0.1681494
FJI,2011,-1.1460131999999998,-0.13510919999999998,-0.5381093,-0.7946346,-0.8446378,0.0923977
FJI,2012,-1.0186484999999998,-0.1368787,-0.5739032,-0.7893778,-0.8259561,0.08802879999999999
FJI,2013,-0.9224249999999999,-0.1362493,-0.574128,-0.7109995,-0.8186321999999999,0.0919792
FJI,2014,-0.3635873,0.3060959,0.1839265,-0.26265669999999997,-0.3544907,0.3476529
FJI,2015,-0.2904372,0.3042523,0.18334989999999998,-0.2594061,-0.2244854,0.3147
FJI,2016,-0.23406149999999998,0.7253037999999999,0.1840483,-0.21854359999999998,-0.2981742,0.3150728
FJI,2017,-0.2375599,0.3811321,0.1252772,-0.2161911,-0.24807859999999998,0.3446975
FJI,2018,-0.013157799999999999,0.7031577,0.4423508,-0.21503129999999998,-0.1368865,0.3403486
FJI,2019,-0.019506,0.6842441,0.8590042,0.1414427,0.1807875,0.6821322999999999
FJI,2020,0.047106499999999996,0.5939481,0.5509103,-0.14315999999999998,0.21692609999999998,0.539629
FJI,2021,-0.0493969,0.6665462,0.5992545,-0.0627566,0.2184264,0.48397379999999995
FJI,2022,-0.046625,0.7952585,0.4526966,-0.0899693,0.2951426,0.45600369999999996
FJI,2023,0.2616234,0.7453103999999999,0.4527594,-0.08969189999999999,0.3393059,0.5326065999999999
FJI,2024,0.21896259999999998,0.8149673,0.504981,0.0358864,0.4191662,0.5342895
FRA,2005,1.4836778,0.4714137,1.7461623,1.3562897999999999,1.4654591,1.4265215
FRA,2006,1.3352827999999999,0.6027659,1.5012664,1.3420075999999999,1.2712056,1.4733186999999999
FRA,2007,1.377229,0.6600764,1.5602399,1.3965537,1.3126737,1.4850553
FRA,2008,1.3880352999999999,0.6511462,1.5344921,1.3647749,1.3179458,1.4520137
FRA,2009,1.3718279,0.4962624,1.4605839999999999,1.2354104,1.2390697,1.4361811
FRA,2010,1.3097083,0.742088,1.3529818,1.2908237,1.2848807,1.3885608999999999
FRA,2011,1.2292627999999999,0.5825275,1.3834001999999999,1.1576053,1.1836563,1.5072846
FRA,2012,1.2994567,0.6180957,1.4273702,1.1492795,1.2855009,1.4726351
FRA,2013,1.2341758999999999,0.4836281,1.3674315,1.1757749,1.2452356999999998,1.3273755
FRA,2014,1.2257628999999999,0.3896732,1.3686277,1.0826406,1.2634752,1.3096976999999999
FRA,2015,1.2299563,0.1837498,1.3765463999999998,1.1593366,1.2441229,1.2947554
FRA,2016,1.1863981,-0.016993599999999998,1.3415279999999998,1.1506349,1.2594931999999999,1.3398712
FRA,2017,1.1643016,0.23855669999999998,1.3383593999999999,1.258063,1.263951,1.3593511999999999
FRA,2018,1.1608671,0.1159491,1.4342986,1.2928169,1.2351094999999999,1.4136495999999998
FRA,2019,1.1308799,0.20719459999999998,1.4144212,1.4690436999999998,1.2005209,1.3647243999999998
FRA,2020,1.1208080999999999,0.1379842,1.366778,1.2553625,1.1590445,1.286938
FRA,2021,1.1731699,0.1364995,1.4128698,1.2697858,1.1012894,1.4125566999999999
FRA,2022,1.1844736,0.024904,1.3924355,1.2566529,1.0325639,1.3766853
FRA,2023,1.1869446,0.0023030999999999998,1.3720902,1.1299822,0.9976615,1.2802637
FRA,2024,1.1482084,-0.158041,1.2039741,1.0535349999999999,0.9904004999999999,1.2571211
FSM,2005,1.0038108,1.0594597,-0.3797847,0.48999319999999996,1.3131533,-0.0457468
FSM,2006,1.0067896,1.0621319999999999,-0.380787,0.486267,1.3139041,-0.037786799999999995
FSM,2007,0.9979191,1.0631557,-0.4974029,-0.159559,1.2732903,-0.1001807
FSM,2008,0.9989119999999999,1.0620501,-0.5044664999999999,-0.5099846,0.692261,-0.0986427
FSM,2009,0.9994156999999999,1.4346573999999999,-0.5022485,-0.6049097,0.6902877,-0.09867669999999999
FSM,2010,0.9982424999999999,1.1914533999999999,-0.4720875,-0.6040572,0.6584823,-0.0977214
FSM,2011,0.789068,1.0585478,-0.7166348,-0.8067339,0.38318969999999997,-0.2239176
FSM,2012,0.8777646,1.0567783,-0.7165081,-0.8108588,0.3815513,-0.038837199999999995
FSM,2013,0.8757935,1.0574077,-0.6951994,-0.782999,0.3783127,-0.0385646
FSM,2014,0.8808364999999999,1.0657101,-0.20289259999999998,-0.8281702,0.25654679999999996,0.8511234999999999
FSM,2015,0.8812316,1.0636921,-0.2037656,-0.7976599,0.2584924,0.853796
FSM,2016,0.8741705,1.0618207,-0.20270819999999998,-0.7861187,0.25904689999999997,0.7763810999999999
FSM,2017,0.8734465,1.0618701,0.0364382,-0.6934914,0.2584649,0.7748463
FSM,2018,0.9192144999999999,1.1917227,0.037342099999999996,-0.7836072,0.13767189999999999,0.7774689
FSM,2019,1.1054971999999998,1.0022834999999999,-0.0345084,-0.8595501,0.3400509,0.7810785
FSM,2020,0.8041594,1.1099847999999999,0.1057186,-0.8622624999999999,0.7217047,0.40493629999999997
FSM,2021,0.7998179999999999,1.2138662999999998,0.10664799999999999,-0.7721203999999999,0.9293408,0.3043104
FSM,2022,0.7986321,1.520753,-0.1348285,-0.7748976,1.0187647,0.2989256
FSM,2023,0.7970653,1.5213976999999999,-0.134736,-0.7746202,1.0165674,0.299871
FSM,2024,1.0132959,1.5215579,-0.2706943,-0.7753435,1.016465,0.6706597
GAB,2005,-0.869396,0.038296,-1.1974128,-0.45027219999999996,-0.46034349999999996,-0.8274417
GAB,2006,-0.9402916,0.0450567,-0.8659762,-0.6132873,-0.7413428,-0.8464602999999999
GAB,2007,-0.8489102,0.1371297,-0.8654094999999999,-0.5435662,-0.654323,-0.9687566999999999
GAB,2008,-0.8272282,0.074419,-0.8760140999999999,-0.4754168,-0.6133833,-0.9418152999999999
GAB,2009,-0.9272203,-0.12216389999999999,-0.7212114,-0.5019878999999999,-0.6573756,-0.9418243
GAB,2010,-0.8200516999999999,0.00023439999999999998,-0.6897303,-0.4555282,-0.6170544,-0.7912308
GAB,2011,-0.8557321999999999,-0.0212604,-0.8829587,-0.5495213999999999,-0.5335852999999999,-0.7326857999999999
GAB,2012,-0.8121248999999999,0.0727496,-0.966671,-0.5199967999999999,-0.4865134,-0.6901602
GAB,2013,-0.837119,0.0044355,-0.849301,-0.6481539,-0.6493635999999999,-0.6862209
GAB,2014,-0.8515302,-0.0763634,-0.7087652999999999,-0.7058082,-0.6274953999999999,-0.8352793
GAB,2015,-0.8604128999999999,-0.1083774,-0.7480437,-0.666991,-0.6416085,-0.8047166
GAB,2016,-0.9217225,-0.5457801,-0.7115862,-0.6280053,-0.5619991999999999,-0.755249
GAB,2017,-0.9571809,-0.4661684,-0.8387156,-0.6364137,-0.645247,-0.8523067
GAB,2018,-0.9085211999999999,-0.3975872,-0.7832005999999999,-0.7621268,-0.7863015,-0.8043726999999999
GAB,2019,-0.9251796,-0.292858,-0.7870830999999999,-0.8639036999999999,-0.8381493,-0.8576591
GAB,2020,-0.9185093999999999,-0.2325938,-0.8275161,-0.8826661,-0.9115515,-0.7983549
GAB,2021,-0.973525,-0.3017863,-0.6666761,-0.8240335,-0.8935704,-0.8700967
GAB,2022,-1.0203733,-0.1546132,-0.6716808,-0.7667463,-1.0439743,-1.0008291
GAB,2023,-1.1340351,-0.2966299,-0.6838314999999999,-0.7451333,-1.0175963,-0.9925826
GAB,2024,-0.9395737,-0.3212788,-0.6375404,-0.7028806999999999,-1.0671865,-0.9159896
GBR,2005,1.4349056999999998,0.40052669999999996,1.8888466,1.8902964,1.5330557999999999,1.9026462
GBR,2006,1.4273547,0.6461404,1.7518970999999999,2.0549655,1.5953947,1.7304363999999999
GBR,2007,1.3850162,0.6876728999999999,1.7138269,1.9585816999999999,1.5684653,1.6279964
GBR,2008,1.3484106,0.6339838,1.6847999999999999,1.7926303,1.4656882,1.5733298999999998
GBR,2009,1.3624209,0.4951345,1.5291314,1.5904903,1.4759935,1.3675433
GBR,2010,1.3599451,0.5922337,1.4983723999999998,1.5972248,1.6276951,1.3852452
GBR,2011,1.415481,0.4395365,1.4784412,1.5936827999999998,1.4306879,1.4545941999999998
GBR,2012,1.3928806,0.480213,1.4934874,1.6550038999999999,1.4802682,1.4886371999999999
GBR,2013,1.3940340999999998,0.4681837,1.4166211,1.7288233,1.4962593,1.5094793
GBR,2014,1.3684553,0.5563433,1.6052893,1.7328803,1.582438,1.5257421999999998
GBR,2015,1.4285291,0.5459215,1.5929305,1.8379531999999998,1.645835,1.6572067
GBR,2016,1.4350570999999999,0.4531318,1.6052587,1.6753586,1.5949293,1.7613189999999999
GBR,2017,1.4142514,0.4455823,1.5506509,1.6515430999999998,1.5966654999999998,1.8208701999999999
GBR,2018,1.3651898,0.2889661,1.5166541,1.6766714,1.4592064999999999,1.8099661
GBR,2019,1.303491,0.5631084,1.3875882,1.7154342999999999,1.4232665,1.7737889
GBR,2020,1.3016849,0.5089817999999999,1.3546866,1.6158469,1.3537470999999999,1.7290139
GBR,2021,1.2741055,0.437895,1.3262502,1.6321748999999999,1.2942620999999999,1.6749661
GBR,2022,1.2973785,0.3761285,1.2734341,1.6604586,1.2977328,1.6365644
GBR,2023,1.2472874999999999,0.3932444,1.123624,1.5985375,1.2663932999999998,1.4805907
GBR,2024,1.285609,0.3725327,1.1998653,1.5276442,1.2751712,1.4805913
GEO,2005,0.0159184,-0.7352023999999999,-0.4998723,-0.32165699999999997,-0.4984363,0.1475887
GEO,2006,0.0748556,-0.7757339999999999,-0.35808609999999996,0.18713839999999998,-0.3015991,0.28677569999999997
GEO,2007,0.0019877,-0.4765794,-0.1776602,0.4298399,-0.19355909999999998,0.0726539
GEO,2008,-0.0857724,-0.8028335999999999,-0.1571213,0.5854128,-0.195316,0.1284331
GEO,2009,-0.0021528999999999997,-0.7244984,-0.07011579999999999,0.5870668,-0.1490987,0.1497945
GEO,2010,0.0187585,-0.5612327,0.0968382,0.6610557,-0.0938224,0.2616507
GEO,2011,0.0067282999999999996,-0.6158121999999999,0.3912924,0.7222932999999999,0.004734899999999999,0.3269511
GEO,2012,0.044855599999999995,-0.48976129999999996,0.5120771,0.7195537,0.18162029999999998,0.5303515
GEO,2013,0.139287,-0.2238056,0.5224535,0.7523645999999999,0.13257359999999999,0.5523302999999999
GEO,2014,0.2697803,-0.0111696,0.5085239,0.8407994,0.3618578,0.7884059999999999
GEO,2015,0.2822098,-0.0729891,0.44041139999999995,0.8730439999999999,0.3487862,0.7554356999999999
GEO,2016,0.32547139999999997,-0.061758099999999996,0.5584546,1.0148842999999999,0.38585579999999997,0.7796839
GEO,2017,0.2575808,-0.1162121,0.5928819,1.0378526,0.2530912,0.8425954999999999
GEO,2018,0.2403158,-0.09626979999999999,0.4065234,0.9173296,0.2846223,0.8442531999999999
GEO,2019,0.2139065,-0.1368046,0.39536299999999996,0.9256894999999999,0.2326488,0.8450784
GEO,2020,0.1571206,-0.1294034,0.3545441,0.8841929,0.2602335,0.8156114999999999
GEO,2021,0.0799995,-0.206307,0.3393889,0.8868533,0.21911719999999998,0.7241193
GEO,2022,0.0171242,-0.1015377,0.3302468,0.8037443999999999,0.1743639,0.6515989
GEO,2023,-0.06830889999999999,-0.12016819999999999,0.45296929999999996,0.8509836,0.1397491,0.6723352
GEO,2024,-0.2806305,-0.5915760999999999,0.3123896,0.6913598999999999,0.1331406,0.40489949999999997
GHA,2005,0.2516079,0.047033599999999995,-0.2615733,-0.3098604,-0.0855146,-0.40945519999999996
GHA,2006,0.5415217,-0.0612509,0.0661802,-0.1048407,0.1966464,-0.1000049
GHA,2007,0.5941814999999999,-0.1007008,0.044590899999999996,-0.0872963,0.1835426,-0.0806843
GHA,2008,0.5031586,-0.12748779999999998,0.1446189,-0.0406625,0.0927331,-0.0746785
GHA,2009,0.5674333,0.15865849999999998,0.1558876,-0.006091399999999999,0.0332893,-0.0041727
GHA,2010,0.5701756,-0.047649699999999996,0.1230111,-0.018958799999999998,0.0038096,0.080568
GHA,2011,0.5493876,0.0852343,0.1204234,-0.032587,0.1582495,0.07758559999999999
GHA,2012,0.5404245,0.0165549,0.10930079999999999,-0.015826,0.1264786,-0.06276759999999999
GHA,2013,0.4980847,0.0096014,0.0108021,-0.0341251,0.17593,-0.06666849999999999
GHA,2014,0.4755893,-0.11258159999999999,0.0193647,-0.1404289,0.1042641,-0.2130848
GHA,2015,0.4790252,-0.0167981,0.0326168,-0.13378199999999998,0.1814732,-0.2704245
GHA,2016,0.4635872,-0.1319817,0.1376348,-0.2527945,0.1860102,-0.24138769999999998
GHA,2017,0.5263268,0.07009649999999999,0.1459335,-0.1547104,0.2521463,-0.2751019
GHA,2018,0.4702573,-0.03378,0.09471099999999999,-0.16358999999999999,0.1764047,-0.1388151
GHA,2019,0.4318902,0.013095899999999999,0.0602059,-0.1858937,0.0924371,-0.10489749999999999
GHA,2020,0.39711799999999997,0.056892599999999995,0.0556797,-0.1495119,0.0930935,-0.0975437
GHA,2021,0.30635979999999996,-0.159405,0.0247972,-0.185558,0.025395599999999997,-0.1608253
GHA,2022,0.2825839,-0.1813476,-0.0168834,-0.16183709999999998,-0.0210272,-0.0940125
GHA,2023,0.29772899999999997,-0.0555562,0.0094895,-0.1539148,-0.0041102,-0.12644139999999998
GHA,2024,0.3374184,0.1192449,0.0862202,-0.1030059,0.0603041,-0.1998999
GIN,2005,-1.0329842,-1.2411225,-0.8587136,-0.9849477999999999,-1.3896193,-0.8870566
GIN,2006,-1.1401122,-1.8130912,-1.3501558999999999,-1.1451092,-1.386529,-1.1781469
GIN,2007,-1.3066388,-2.2334742999999997,-1.3057226,-1.169124,-1.4440528,-1.3681447999999998
GIN,2008,-1.3834814,-2.054537,-1.2285063999999999,-1.2295411,-1.5534302,-1.3137946999999999
GIN,2009,-1.371572,-1.7971017,-1.2526952,-1.1872448,-1.6437058999999998,-1.2856793
GIN,2010,-0.8795685999999999,-1.6944529,-1.1556579999999999,-1.1426524,-1.5121266,-1.2027003
GIN,2011,-0.8475083,-1.5461113,-1.1950471,-1.0971366,-1.4706727,-1.183323
GIN,2012,-0.8809718999999999,-1.4663869999999999,-1.2008001,-1.0635516,-1.445414,-1.1419339
GIN,2013,-0.8656564999999999,-1.3787197999999998,-1.092014,-1.1101737999999999,-1.4855216999999998,-1.1324911
GIN,2014,-0.8262876,-1.1565588,-0.9812398,-1.0984871,-1.4986233,-1.1648151
GIN,2015,-0.8075257,-0.7583515,-0.9589668,-0.8920927,-1.1981823,-1.1023405
GIN,2016,-0.8120577999999999,-0.5839015,-0.8923724,-0.8556979,-1.1439038,-1.013575
GIN,2017,-0.8009096,-0.8002165,-0.8990469999999999,-0.8205482,-1.1384514,-1.0889973
GIN,2018,-0.7398089,-0.9242781,-0.8420122,-0.8253254999999999,-1.1082182999999999,-1.1156247
GIN,2019,-0.7955065,-0.8580487,-0.693986,-0.8136713,-1.104072,-0.9259672
GIN,2020,-0.8421191,-1.1135072,-0.8207148999999999,-0.8438384,-1.1138301,-0.86744
GIN,2021,-1.0412678,-1.0536415,-0.826056,-0.9356116,-1.0191476,-1.0120097
GIN,2022,-1.0617423,-0.8432875999999999,-0.9459643999999999,-0.9865484,-1.0788417,-0.9811238999999999
GIN,2023,-1.1071499,-0.9014842999999999,-0.8975869999999999,-0.9861835,-1.1225515,-0.9815815999999999
GIN,2024,-1.2224397999999999,-1.042869,-0.9140551,-0.9156318,-1.165932,-1.1813765999999999
GMB,2005,-0.94951,-0.0503503,-0.7462162,-0.6318608,-0.4578659,-0.6351842999999999
GMB,2006,-0.9362147999999999,-0.1490041,-0.9634832,-0.4767974,-0.39046559999999997,-0.6197705
GMB,2007,-0.9274176,-0.01967,-0.8364727,-0.4349591,-0.3412204,-0.6426320999999999
GMB,2008,-0.9674843,-0.0081503,-0.6325326,-0.4776374,-0.5156427,-0.6970497
GMB,2009,-1.0318303,0.1571473,-0.5180748,-0.4796271,-0.6335132,-0.7117384999999999
GMB,2010,-1.0940917,0.07571359999999999,-0.5216426,-0.5287322999999999,-0.6848768,-0.7012547
GMB,2011,-1.2025219999999999,-0.014382299999999999,-0.5079827,-0.4938994,-0.7086909,-0.6597733
GMB,2012,-1.2362107,-0.2245742,-0.4734968,-0.4280429,-0.7498419,-0.7746940999999999
GMB,2013,-1.2389154,-0.2368082,-0.5137465,-0.6270131,-0.7953447,-0.8750785
GMB,2014,-1.2416676,-0.3514702,-0.45135319999999995,-0.6248279999999999,-0.8894356,-0.8958244
GMB,2015,-1.3262578999999999,-0.2245886,-0.5434241,-0.6928944,-0.917561,-0.9269065999999999
GMB,2016,-1.2412439,-0.444137,-0.5514411,-0.6437668999999999,-0.9604248999999999,-0.9173418
GMB,2017,-0.6728945,-0.1908368,-0.43560479999999996,-0.5677095999999999,-0.553445,-0.5605064
GMB,2018,-0.30563029999999997,-0.1179127,-0.40001159999999997,-0.7181761,-0.445065,-0.43051599999999995
GMB,2019,-0.33737259999999997,0.060542799999999994,-0.4078861,-0.7029251,-0.4096187,-0.29853019999999997
GMB,2020,-0.2737443,0.1331496,-0.46046519999999996,-0.7114969,-0.32168179999999996,-0.177916
GMB,2021,-0.1939264,0.0251283,-0.40688019999999997,-0.7556061,-0.3630944,-0.3202349
GMB,2022,-0.17701519999999998,0.1283483,-0.40972189999999997,-0.6699738,-0.3589736,-0.3042426
GMB,2023,-0.14458659999999998,0.1269335,-0.3815867,-0.6296153999999999,-0.31765309999999997,-0.2889015
GMB,2024,-0.1669781,0.0832451,-0.4365015,-0.6802026999999999,-0.3345932,-0.30071559999999997
GNB,2005,-0.36461089999999996,-0.4959976,-1.4582967999999998,-1.1527568,-1.1245490999999999,-1.1473246
GNB,2006,-0.6104529,-0.41727369999999997,-1.0970631,-1.0501212,-1.1650203,-1.0728946
GNB,2007,-0.7203047,-0.36333299999999996,-1.0693781,-1.1123606,-1.2116726,-1.1327776
GNB,2008,-0.7016638,-0.6178971999999999,-1.1632468999999999,-1.1471561,-1.3015733,-1.121095
GNB,2009,-0.6916152999999999,-0.506838,-1.1341615999999999,-1.1454962,-1.3324810999999999,-1.1211054
GNB,2010,-0.7244290999999999,-0.5550532,-1.1430419,-1.1111469999999999,-1.3323021,-1.1208141
GNB,2011,-0.7486875,-0.6291806,-1.1855039,-1.1632752,-1.3430988,-1.1222347
GNB,2012,-1.1302718,-1.0551945,-1.3479514,-1.3564699,-1.5873404,-1.3420447
GNB,2013,-1.1013119,-0.9693495,-1.5148621,-1.4035986,-1.6245186999999999,-1.4263759
GNB,2014,-0.8717362,-0.8917444999999999,-1.5475664999999998,-1.3016988999999999,-1.4116362,-1.5846194999999998
GNB,2015,-0.7937495,-0.6106134999999999,-1.4965795,-1.3265546,-1.3029433,-1.5478965999999998
GNB,2016,-0.8231132999999999,-0.5278371,-1.5362133999999998,-1.2916541,-1.3687152999999999,-1.5751506
GNB,2017,-0.864547,-0.5949396,-1.6203363,-1.260492,-1.3250661,-1.6611258
GNB,2018,-0.7272451,-0.6538111,-1.323593,-1.2828777,-1.1300961999999999,-1.5949179999999998
GNB,2019,-0.5135716,-0.47051289999999996,-1.3590807999999999,-1.2822213,-1.1402868,-1.5264152
GNB,2020,-0.4212689,-0.27980309999999997,-1.3658647,-1.3213606999999998,-1.1347188,-1.2973538
GNB,2021,-0.4443684,-0.2968858,-1.4629360999999999,-1.3432199,-1.1997166,-1.2138421
GNB,2022,-0.5201241,-0.3454267,-1.5885681,-1.344231,-1.2458015999999998,-1.1593624
GNB,2023,-0.5755925,-0.3062149,-1.5283448,-1.2836994,-1.2041688,-1.1522804
GNB,2024,-0.8134579,-0.5867205999999999,-1.4721247,-1.2273517,-1.1979946,-1.3480725
GNQ,2005,-1.810493,-0.7147612999999999,-1.5326604,-1.6441086999999999,-1.4180477999999999,-1.5050579
GNQ,2006,-1.7936636,0.060194199999999996,-1.5331458,-1.6023737999999998,-1.2247906,-1.3596275
GNQ,2007,-1.892925,0.0611279,-1.5324324999999999,-1.6058297,-1.151913,-1.361395
GNQ,2008,-1.8975932,-0.1156185,-1.2826389,-1.6110563,-1.1012716,-1.3609130999999999
GNQ,2009,-1.7930944,0.1864277,-1.2430759999999998,-1.5752868999999998,-1.2137712999999999,-1.2705028
GNQ,2010,-1.8380432,0.09547739999999999,-1.3775074,-1.6263246999999998,-1.2084195,-1.2604127999999999
GNQ,2011,-1.8297062,-0.1049649,-1.3809217,-1.6071463,-1.2068316,-1.2611297
GNQ,2012,-1.8428761999999999,-0.12354369999999999,-1.380838,-1.6532312,-1.2387435,-1.2626442
GNQ,2013,-1.8779542,-0.24328149999999998,-1.4106013,-1.6588425,-1.3641424,-1.3095056999999999
GNQ,2014,-1.8348936999999998,-0.5800092,-1.067332,-1.572997,-1.4441591,-1.5884303
GNQ,2015,-1.8414442,-0.5394142,-1.086972,-1.5456663,-1.4869527,-1.5872703
GNQ,2016,-1.8005761,-0.42839309999999997,-1.1059615999999999,-1.4507501,-1.5344429,-1.6344906
GNQ,2017,-1.7905623,-0.418614,-1.1380706999999999,-1.4494387,-1.5350384,-1.6352213
GNQ,2018,-1.7863616999999998,-0.4115889,-1.0884259,-1.528195,-1.6067759,-1.521272
GNQ,2019,-1.7684931,-0.36973239999999996,-1.1127128,-1.4678516,-1.5630462999999999,-1.5199292
GNQ,2020,-1.7773463999999999,-0.41151129999999997,-1.1663828,-1.5287206999999998,-1.5055889,-1.519633
GNQ,2021,-1.7851017,-0.3508117,-1.1472894,-1.5291849,-1.5053276999999998,-1.5191455999999999
GNQ,2022,-1.7974032999999998,-0.3774594,-1.2612938999999999,-1.3201159,-1.4657101,-1.5211951
GNQ,2023,-1.7846301,-0.31491189999999997,-1.2386196,-1.3199556,-1.4638772,-1.5264014
GNQ,2024,-1.7964196,-0.1561458,-1.227118,-1.4326151999999999,-1.513981,-1.4688725
GRC,2005,1.1467532,0.5615327999999999,0.4776822,0.8591949999999999,0.8546756,0.39515859999999997
GRC,2006,1.158216,0.5170585999999999,0.5247545,0.8527891,0.8528331,0.4727441
GRC,2007,1.2013829999999999,0.5322924,0.4791861,0.8509648,0.8565697,0.2819038
GRC,2008,1.1216248,0.3066522,0.576083,0.7944270999999999,0.7569581,0.1732755
GRC,2009,1.1715027,0.0035673999999999997,0.6193886,0.7024328999999999,0.6599562,0.0952112
GRC,2010,1.0794002999999999,-0.0024239,0.37134,0.4840972,0.50662,-0.029413699999999997
GRC,2011,1.0228929,-0.07324699999999999,0.2927167,0.34023329999999996,0.5159427999999999,-0.0722377
GRC,2012,0.7891151,-0.1542207,0.27097,0.2087637,0.3230461,-0.0779091
GRC,2013,0.7521118,-0.1426508,0.4163823,0.32459489999999996,0.3847498,0.0558959
GRC,2014,0.7705162,-0.0538998,0.2655069,0.2218636,0.34400349999999996,-0.0522814
GRC,2015,0.7933504,-0.1152488,0.2132558,0.2921234,0.3718997,0.0233564
GRC,2016,0.7761116,-0.1445668,0.12539039999999999,0.21194249999999998,0.29424269999999997,0.089372
GRC,2017,0.752834,0.0054272,0.2982395,0.21712289999999998,0.3124049,0.15584679999999998
GRC,2018,0.7955996999999999,0.3475396,0.3625111,0.3500946,0.3056172,0.2485114
GRC,2019,0.8304275,0.2748195,0.438517,0.4593363,0.4168379,0.3094055
GRC,2020,0.7956597999999999,0.2960048,0.4800557,0.4928046,0.42889269999999996,0.227158
GRC,2021,0.8779235,0.22379759999999999,0.6202306,0.4438659,0.4482675,0.401955
GRC,2022,0.8897398999999999,0.2344519,0.6433152999999999,0.4488087,0.48031169999999995,0.33313499999999996
GRC,2023,0.9333279999999999,0.3932461,0.3454887,0.4673058,0.3919682,0.3661203
GRC,2024,0.8861979,0.2572326,0.2623472,0.44894019999999996,0.2232586,0.2914137
GRD,2005,0.8200017,0.29680219999999996,0.4265017,0.1381869,0.5977296999999999,0.6983001999999999
GRD,2006,0.7968295,0.2994745,0.4695415,0.2088051,0.3261071,0.7252027
GRD,2007,0.8621106,0.3004982,0.47044529999999996,0.20938269999999998,0.36774439999999997,0.4520708
GRD,2008,0.896262,0.2993926,0.48422679999999996,0.2074962,0.3671352,0.4529803
GRD,2009,0.8577878,0.30595269999999997,0.530423,0.2178857,0.3871443,0.4812085
GRD,2010,0.8351746999999999,0.41052849999999996,0.5551009,0.31253339999999996,0.38902159999999997,0.5201105
GRD,2011,0.8367566,0.2937448,0.5545110999999999,0.2386342,0.3934937,0.5187573999999999
GRD,2012,0.8461576,0.3403409,0.5546171,0.234262,0.3914528,0.5158986
GRD,2013,0.8407698,0.3409704,0.49261889999999997,0.2339164,0.3874184,0.5161285999999999
GRD,2014,0.8461436,0.5725952,0.24139239999999998,0.0655384,0.19164399999999998,0.2438196
GRD,2015,0.6763115,0.5707945999999999,0.0401693,0.0677475,0.6016475,0.5399679
GRD,2016,0.6704884,0.9128845999999999,0.0410542,0.06856949999999999,0.7996118,0.5409674
GRD,2017,0.5548236999999999,0.9129309999999999,0.0406804,-0.051974599999999996,0.5792263999999999,0.4546271
GRD,2018,0.5176269,0.9155466999999999,-0.1653036,-0.1715223,0.4441961,0.4206891
GRD,2019,0.4846545,0.9162640999999999,-0.1020015,-0.1487288,0.41556889999999996,0.3819574
GRD,2020,0.47958999999999996,1.0350219999999999,-0.108086,-0.14038789999999998,0.4603276,0.3823261
GRD,2021,0.3752357,1.0330445,-0.1073083,-0.0626735,0.4347199,0.3201564
GRD,2022,0.3622022,1.2078967,-0.0559345,-0.055635899999999995,0.5074398999999999,0.29213829999999996
GRD,2023,0.40651909999999997,1.2086252,0.0710199,0.0554632,0.5853739,0.39700739999999995
GRD,2024,0.4907197,1.2088062,0.0097716,0.0510012,0.5770157,0.4823281
GRL,2009,1.4370892,1.4946293,0.3429074,1.5249871,1.641632,1.0217975
GRL,2010,1.4354902999999999,1.4771801999999998,0.34356319999999996,1.5257329,1.6405413,1.0224387
GRL,2011,1.437967,1.7546111,0.3425767,1.5270948,1.6452611,1.0209029
GRL,2012,1.4360085999999999,1.7518962999999999,0.3427541,1.5210659,1.6431071,1.0176584
GRL,2013,1.4329819,1.752862,0.34227749999999996,1.5205894,1.6388493,1.0179193
GRL,2014,1.4359867,1.7626739,0.36064419999999997,1.5210298,1.6416279999999999,1.0150671
GRL,2015,1.4365934999999999,1.7595778,0.35942199999999996,1.5244271999999999,1.6441858,1.0176258
GRL,2016,1.4352285999999999,1.7567066999999998,0.3609023,1.5259378,1.6449148,1.1064239
GRL,2017,1.4341169,1.7567825,0.36027699999999996,1.5283965,1.6441496,1.1049863
GRL,2018,1.4340152,1.7610546,0.3615423,1.5296086,1.6440263,1.1074428
GRL,2019,1.4336723,1.7622263,0.36419989999999997,1.5322437999999998,1.6439378,1.1108236999999999
GRL,2020,1.4325995,1.7612402999999999,0.3540213,1.5282791999999998,1.6426029,1.1115696
GRL,2021,1.4270733,1.7580106,0.3553223,1.5271055999999998,1.6416313,1.0262069999999999
GRL,2022,1.4255636999999999,1.2490401,0.651283,1.3731156,1.5891594,1.0209321999999998
GRL,2023,1.4235693,1.25023,0.651403,1.373521,1.5868963999999999,1.0218582
GRL,2024,1.4224896,1.2505256999999999,1.3119507,1.5223947999999998,1.5867909,1.479797
GTM,2005,-0.20567259999999998,-0.9189769999999999,-0.9242865,-0.43895999999999996,-0.9181372999999999,-0.6413675
GTM,2006,-0.0550946,-0.8873749999999999,-0.7492242,-0.3529362,-0.9500111,-0.6492201
GTM,2007,-0.0966547,-0.8448395,-0.7265252999999999,-0.40316609999999997,-0.9438141,-0.6146846
GTM,2008,-0.0485557,-0.7809410999999999,-0.3783063,-0.381745,-0.9737399999999999,-0.46098659999999997
GTM,2009,-0.0686885,-0.8080337,-0.32027859999999997,-0.39868539999999997,-0.9406688999999999,-0.5125045
GTM,2010,-0.1665043,-0.8195363,-0.3689052,-0.3862902,-0.9283058,-0.6211413
GTM,2011,-0.2345517,-0.7822806,-0.43422449999999996,-0.4064276,-1.0430861999999999,-0.5498391
GTM,2012,-0.20503059999999998,-0.7308901,-0.4443679,-0.4472004,-1.0006580999999999,-0.7983427
GTM,2013,-0.2399211,-0.7425366,-0.4204461,-0.4760985,-1.0677408,-0.7476794999999999
GTM,2014,-0.2294734,-0.7369070999999999,-0.3570769,-0.43922629999999996,-0.9644187,-0.9023513999999999
GTM,2015,-0.2095399,-0.7088812999999999,-0.4249345,-0.37033079999999996,-0.9187457,-0.9065097
GTM,2016,-0.18456809999999998,-0.6594321,-0.44854479999999997,-0.3180414,-0.9573762,-0.8561844
GTM,2017,-0.1632661,-0.7080637,-0.48524829999999997,-0.3972406,-0.9308228,-0.8831049999999999
GTM,2018,-0.2527601,-0.6946589,-0.5761415,-0.3392436,-0.96256,-0.9918056
GTM,2019,-0.28177969999999997,-0.7073678,-0.6202947,-0.36428069999999996,-0.9950319,-1.0042609999999998
GTM,2020,-0.2891294,-0.5799939,-0.6639830999999999,-0.32235949999999997,-0.9615159999999999,-1.0995648
GTM,2021,-0.3949658,-0.5895537,-0.6496799999999999,-0.3294611,-0.9736910999999999,-1.2168085
GTM,2022,-0.4313131,-0.3100402,-0.7845314999999999,-0.3267018,-1.052879,-1.2168394999999999
GTM,2023,-0.4515767,-0.2068967,-0.8187127,-0.3697039,-1.0590043,-1.0698538
GTM,2024,-0.3575582,-0.1066839,-0.7490353,-0.2684548,-1.0067728,-0.9263526999999999
GUF,2005,0.3719366,0.1632358,0.7083444,0.9265597,0.8000025,0.8597633
GUF,2006,0.38038269999999996,-0.0181097,0.7072828,0.9224140999999999,0.8012988,0.8679340999999999
GUF,2007,0.3763438,-0.0168717,0.708843,0.9238388999999999,0.5452121,0.8621437
GUF,2008,0.37915899999999997,-0.018208699999999998,0.7326339,0.9191853,0.5436139,0.8637224
GUF,2009,0.9610221999999999,0.19492289999999998,1.5780638999999999,1.3152823,1.1202897,1.3254135
GUF,2010,0.9598519,0.119294,1.5784304999999998,1.3158029,1.1194614,1.3258288999999999
GUF,2011,0.9616646,0.1156711,1.577879,1.3167536,1.1230456,1.3248339
GUF,2012,0.9602313,0.11404009999999999,1.5779782,1.3125449999999999,1.1214099,1.3227319
GUF,2013,0.958016,0.1146203,1.5777117999999999,1.3122124,1.1181765,1.3229009
GUF,2014,0.9602151999999999,0.29619429999999997,1.5879778999999998,1.382113,0.9436013999999999,1.1887946
GUF,2015,0.9606593,0.2943343,1.5872947,1.3844847,1.2282402,1.1904523
GUF,2016,0.9596604,0.29260939999999996,1.5881222,1.3855392,1.2287938,1.1917915
GUF,2017,0.9588466999999999,0.2926549,1.5877725999999999,1.3872555,1.1548365999999999,1.1908395
GUF,2018,1.1272919,0.29522149999999997,1.5884798999999998,1.3881016,1.1547429,1.1924662
GUF,2019,1.126949,0.24878309999999998,1.5899653,1.3899412,1.0840017,1.1947052
GUF,2020,1.1258762,0.3653102,1.584276,1.2015913999999999,1.0829879,1.1951992
GUF,2021,1.1203501,0.36336989999999997,1.5850031999999998,1.2007721999999998,1.08225,1.1960119
GUF,2022,1.1188405,0.5349376,1.3629778,1.093276,0.9451984,1.1925945
GUF,2023,1.116846,0.418533,1.3630533,1.093559,0.9434243999999999,1.1931943999999999
GUF,2024,1.1157664,0.4187106,1.3631303,1.0928210999999999,0.9433417,1.1947029
GUM,2005,0.5893929,0.7061931,-0.3299803,0.7482133999999999,1.0602738999999999,0.8597633
GUM,2006,0.597839,0.7112679,-0.331042,0.7440678,1.0615701,0.8679340999999999
GUM,2007,1.0287127999999999,0.4417336,-0.3294818,0.7454926,1.0657548,0.8621437
GUM,2008,1.031528,0.43963379999999996,-0.3056909,0.7408389999999999,1.0641566,0.8637224
GUM,2009,1.0329561999999999,0.4520922,-0.3033414,0.5613234,1.0593782,0.8636874999999999
GUM,2010,0.8121733999999999,0.4404472,-0.3026646,0.5626576,1.0566669,0.8646680999999999
GUM,2011,0.8173260999999999,0.765929,-0.30368269999999997,0.565094,1.0683999,0.8623194
GUM,2012,0.8132516999999999,0.7637892,-0.3034996,0.5543085999999999,1.0630453,0.8573575
GUM,2013,0.8069548,0.7645504,-0.30399129999999996,0.5534562,1.0524607,0.8577564999999999
GUM,2014,0.8132060999999999,0.8106983999999999,0.7532867,0.1381031,1.3485585,1.1655883
GUM,2015,0.8144684999999999,0.8082581,0.7520255,0.1441808,1.3549171,1.1695012999999999
GUM,2016,0.8116289,0.6523377,0.7535531,-0.09091139999999999,1.1253773,1.1726623999999999
GUM,2017,0.8093159999999999,0.8060548,0.7529078,-0.08651299999999999,1.3548272,1.1704151999999999
GUM,2018,1.1289282999999999,0.9264880999999999,0.7542135,-0.08434459999999999,1.4343342,1.1742552
GUM,2019,1.1827533,0.9342166,0.756956,-0.07963039999999999,1.4439004,1.1795403
GUM,2020,1.0904167,0.9924573999999999,0.7464523,0.38886699999999996,1.1725918,1.1807063
GUM,2021,1.0776427,0.9904134,0.7477948999999999,0.3867674,1.1707246999999998,1.1826246
GUM,2022,1.0741532999999999,0.9934402,0.9486996,0.379506,1.185687,1.1745577999999999
GUM,2023,1.069543,0.9941933,0.9488224,0.3802312,1.0428431,1.1759739999999999
GUM,2024,1.0670473,0.9943803999999999,1.2932134,0.37834009999999996,1.042662,1.1795347999999999
GUY,2005,0.1281176,-0.4407685,-0.2883502,-0.5480402999999999,-0.5513779,-0.36618989999999996
GUY,2006,0.10754949999999999,-0.6865093,-0.07031169999999999,-0.4666721,-0.49518439999999997,-0.4062592
GUY,2007,0.1078908,-0.4397081,0.0385242,-0.5245434999999999,-0.39655029999999997,-0.49579259999999997
GUY,2008,0.1813032,-0.48536959999999996,-0.022201099999999998,-0.5444781,-0.45212939999999996,-0.4722727
GUY,2009,0.1832933,-0.3880799,0.0317646,-0.5957423,-0.46659079999999997,-0.4505475
GUY,2010,0.1320816,-0.3465741,0.0521046,-0.5622429,-0.4199294,-0.4756777
GUY,2011,0.1020865,-0.45721459999999997,0.050070199999999995,-0.6350849,-0.5827673,-0.5678713
GUY,2012,0.0704461,-0.4683611,0.07377,-0.6097362,-0.5660704,-0.6759563
GUY,2013,0.12291579999999999,-0.5091319,0.0670596,-0.5673914,-0.5909613,-0.5711773
GUY,2014,0.1093671,-0.23523429999999998,-0.0297533,-0.5580431,-0.5801691999999999,-0.6005494
GUY,2015,0.0403131,-0.16747399999999998,-0.014732799999999999,-0.5297558,-0.5362538,-0.5066071999999999
GUY,2016,0.0576886,-0.0160636,-0.014324199999999999,-0.3819209,-0.4762761,-0.406337
GUY,2017,0.0902019,-0.0160324,-0.0322451,-0.3523097,-0.39925109999999997,-0.4756275
GUY,2018,0.2046635,-0.0488102,0.0317814,-0.445822,-0.3999834,-0.3639369
GUY,2019,0.1624021,-0.0655965,0.015047699999999999,-0.5213424,-0.4332292,-0.23887919999999999
GUY,2020,0.1376658,-0.0188702,-0.1678799,-0.5819793999999999,-0.3924436,-0.1146518
GUY,2021,0.10180349999999999,-0.0385627,-0.0158387,-0.5641728,-0.38580739999999997,-0.1024991
GUY,2022,0.08779529999999999,0.1984607,-0.028599199999999998,-0.6371519,-0.3629551,-0.2275997
GUY,2023,0.057924199999999995,0.1898379,0.010385,-0.6782935999999999,-0.37493479999999996,-0.30795819999999996
GUY,2024,0.013095899999999999,0.20825049999999998,0.010438699999999999,-0.43707019999999996,-0.32856389999999996,-0.3448237
HKG,2005,0.641516,1.309474,1.5535378,2.0848554999999998,1.4406664,1.6999164999999998
HKG,2006,0.6194309,1.3485554,1.6877579999999999,2.1475575,1.4112239,1.6979585
HKG,2007,0.6157169,1.176278,1.6264535999999998,2.0963176,1.4078541,1.6774867999999998
HKG,2008,0.5977063,1.1577981,1.5356596999999998,2.0383567,1.4348595,1.6583884
HKG,2009,0.5901451999999999,0.9902044,1.4972835999999998,1.9629774,1.352546,1.6396878
HKG,2010,0.5701296,0.9861888,1.4506816,1.9862084,1.3839086,1.695212
HKG,2011,0.6986095,0.8890722,1.4619532,1.8350609999999998,1.4488786,1.7410683
HKG,2012,0.6840952,0.9290832,1.6788613,1.9901993999999998,1.4095706,1.6318597
HKG,2013,0.6391028,0.8391835,1.5370207999999999,1.9624328999999998,1.3444279,1.5225189
HKG,2014,0.5800472999999999,1.0027956,1.6311388999999998,1.9907496999999998,1.5517937,1.5784844
HKG,2015,0.5816173,0.865302,1.6275377,2.1439828,1.5751632999999998,1.6387648
HKG,2016,0.5399399,0.6688599,1.6823078,2.1913530999999997,1.6045988,1.6976898999999999
HKG,2017,0.5370988999999999,0.6710927,1.7186576999999998,2.1517299,1.5115368,1.7024370999999998
HKG,2018,0.48991989999999996,0.7544377,1.7296257,2.1761553,1.4899592,1.7159155
HKG,2019,0.2878166,-0.1804517,1.5847593,1.9894633,1.3188689,1.7394109
HKG,2020,0.1428899,0.013741,1.3311505,1.8176078,1.1810421,1.6885127
HKG,2021,-0.22754169999999999,0.221747,1.3545607,1.7169324,1.0476170999999999,1.6355674999999998
HKG,2022,-0.34066949999999996,0.4017595,1.3441819,1.6974859999999998,0.8942705999999999,1.5279540999999999
HKG,2023,-0.43674589999999996,0.472554,1.3168452,1.6852516,0.9019456,1.5677986
HKG,2024,-0.4871683,0.6906635999999999,1.3777016,1.6678737,0.9517026999999999,1.5861212
HND,2005,-0.2164442,-0.6694848999999999,-0.7262803,-0.39909229999999996,-0.7310338,-0.9479109
HND,2006,-0.13538029999999998,-0.6758307,-0.7524465,-0.3706392,-0.9018007,-0.9363851
HND,2007,-0.2112608,-0.4669711,-0.6653253,-0.2665162,-0.8961857,-0.9282596
HND,2008,-0.23905279999999998,-0.5666278,-0.46772769999999997,-0.3337015,-1.0045368,-0.942055
HND,2009,-0.4178579,-0.5475106,-0.43746409999999997,-0.3707061,-0.9995389,-1.0004910999999999
HND,2010,-0.43932479999999996,-0.6599157999999999,-0.422629,-0.3564907,-1.0269892999999999,-1.0017264
HND,2011,-0.3935651,-0.5690332,-0.400327,-0.2786439,-1.0594556,-0.9702586
HND,2012,-0.2977256,-0.5527807,-0.47660369999999996,-0.36340079999999997,-1.2348904,-1.1087189
HND,2013,-0.2910395,-0.5765983,-0.5904536,-0.419585,-1.2792396,-1.1195446
HND,2014,-0.3826538,-0.6936707,-0.40264629999999996,-0.5511941,-1.19228,-0.9717555
HND,2015,-0.4464496,-0.6693726999999999,-0.3604229,-0.5109447,-1.1553826,-0.8106483999999999
HND,2016,-0.512061,-0.7243201,-0.3059028,-0.567461,-1.1619893,-0.9218736999999999
HND,2017,-0.5755353999999999,-0.9298069,-0.3112042,-0.3886055,-1.0659771,-0.9456334
HND,2018,-0.6542005,-0.8865999999999999,-0.4555103,-0.4212729,-1.0737127,-0.9687891
HND,2019,-0.6905093,-0.8564744,-0.45734749999999996,-0.45565039999999996,-1.0582738,-1.0579519
HND,2020,-0.6720039999999999,-0.7016116,-0.5721757,-0.5563874,-1.1394994999999999,-1.0259262999999998
HND,2021,-0.6401174,-0.8411871999999999,-0.6385297,-0.5262368,-1.1004242,-1.1182024
HND,2022,-0.5239273,-0.5016513,-0.6567090999999999,-0.5414802,-1.0677554999999999,-1.0301567
HND,2023,-0.5049530999999999,-0.35780609999999996,-0.681483,-0.6432289,-1.1805710999999999,-1.0846771
HND,2024,-0.54565,-0.40263869999999996,-0.5760677,-0.6008896,-1.2153979,-1.2318339999999999
HRV,2005,0.6401694,0.5438267,0.3065119,0.4139811,0.2169014,0.2053641
HRV,2006,0.6320553,0.6978646,0.2681049,0.33784719999999996,0.103892,0.1438461
HRV,2007,0.6410762,0.7690446,0.33251349999999996,0.3787666,0.21742519999999999,0.1075381
HRV,2008,0.5987965,0.7214801,0.4990366,0.364724,0.1518146,0.06963029999999999
HRV,2009,0.6264904,0.7341057999999999,0.5203042999999999,0.3913056,0.1579146,0.0550677
HRV,2010,0.5949864,0.6878234999999999,0.3909742,0.351437,0.26072829999999997,0.11977249999999999
HRV,2011,0.5565517,0.6677301999999999,0.3346633,0.31178839999999997,0.27560609999999997,0.1140703
HRV,2012,0.6015693,0.6572101,0.49590409999999996,0.25363369999999996,0.30407609999999996,0.09920559999999999
HRV,2013,0.5551613,0.6930175,0.5070255,0.264888,0.28721559999999996,0.122884
HRV,2014,0.56716,0.6332972,0.5049023,0.16816699999999998,0.38640399999999997,0.10214379999999999
HRV,2015,0.6050156999999999,0.6052316,0.3550059,0.11073809999999999,0.36670949999999997,0.1592285
HRV,2016,0.5506535,0.6283191,0.3629235,0.1876652,0.34303849999999997,0.0960557
HRV,2017,0.48196869999999997,0.6333018,0.4965306,0.3055827,0.3949835,0.029245999999999998
HRV,2018,0.42503179999999996,0.7725938,0.5917903,0.42815339999999996,0.2985123,0.0249396
HRV,2019,0.49396759999999995,0.7504202,0.5238334,0.45978189999999997,0.3562533,0.025585
HRV,2020,0.5706331,0.6465385,0.5431794,0.2456156,0.3616272,0.0937013
HRV,2021,0.6754616999999999,0.6353021999999999,0.7089651,0.3530119,0.4254811,0.0986666
HRV,2022,0.697545,0.7315747,0.6805401999999999,0.3257747,0.4497731,0.10975589999999999
HRV,2023,0.7419435999999999,0.6874806,0.6867243,0.4430918,0.40856159999999997,0.1572385
HRV,2024,0.7503116,0.7125488999999999,0.7392970999999999,0.3764126,0.4076353,0.1163747
HTI,2005,-0.9128474,-1.7433706,-1.5896917,-1.4078445,-1.7328371,-1.5581156999999999
HTI,2006,-0.7633388,-1.3948291,-1.6349855,-0.8673301999999999,-1.4724045,-1.268956
HTI,2007,-0.6805154999999999,-1.3338368999999999,-1.6346189,-0.8899809,-1.3686547,-1.2880144999999998
HTI,2008,-0.5337636,-1.3807741,-1.3043076,-0.8233543,-1.1819844,-1.1702523999999999
HTI,2009,-0.5945225,-1.3074168,-1.3113899999999998,-0.8186019999999999,-1.1964641999999999,-1.0918358
HTI,2010,-0.6699147,-1.3344726,-1.5318836,-1.089049,-1.3212388,-1.2628511
HTI,2011,-0.6816179,-1.2860536,-1.5325233999999999,-1.1485294,-1.3830924,-1.298069
HTI,2012,-0.7464202999999999,-1.1321896,-1.5004258,-1.1591544999999999,-1.3569223,-1.3515666
HTI,2013,-0.7730421,-0.9196683,-1.4346090999999999,-1.1502907,-1.3399090999999999,-1.2706279999999999
HTI,2014,-0.7803308,-0.9126955999999999,-1.8137538999999998,-1.2504118,-1.1979795,-1.4310682
HTI,2015,-0.8161851,-0.9175821,-1.7615151999999998,-1.2667666,-1.1733335,-1.4473793
HTI,2016,-0.7752734,-0.8877738,-1.7736691,-1.2764233999999999,-1.1623518,-1.4498037
HTI,2017,-0.7343223,-0.8281518999999999,-1.7800034,-1.2410397,-1.1539583,-1.4213795999999999
HTI,2018,-0.7379753,-0.7643405999999999,-1.6172482,-1.1812216,-1.1184931,-1.4364095
HTI,2019,-0.806174,-0.951097,-1.7753264,-1.1994531,-1.1158812999999999,-1.4606964
HTI,2020,-0.8577228,-1.0316899,-1.818274,-1.2320974999999998,-1.1730346,-1.4448134
HTI,2021,-1.0346573,-1.204318,-2.0249808,-1.3439813999999999,-1.3619645999999999,-1.4816823
HTI,2022,-1.2288841,-0.9258523,-1.9875030999999999,-1.3452336,-1.5506771,-1.5061616999999998
HTI,2023,-1.2215846,-0.9652276,-1.9841218999999999,-1.4600431,-1.6286965999999998,-1.4983151
HTI,2024,-1.2624844,-1.1764565,-2.0299395,-1.4259267,-1.5984000999999999,-1.5367590999999998
HUN,2005,1.1337777,1.0516013,0.7215507999999999,1.2724916,0.9283655,0.6135649
HUN,2006,1.044759,0.9685632,0.6939814,1.3020129999999999,0.9724277,0.6130766
HUN,2007,1.021866,0.7798229,0.48442739999999995,1.3205088999999999,0.9070566,0.541366
HUN,2008,0.9444366,0.7689358,0.5405053,1.2354125,0.7957839999999999,0.43296409999999996
HUN,2009,0.9474743999999999,0.7409315,0.5835224999999999,1.1764146,0.637249,0.3917948
HUN,2010,0.8949389999999999,0.7708541,0.5031327999999999,0.9823829,0.5972198,0.2574539
HUN,2011,0.8312466,0.7102409,0.5111943999999999,0.934031,0.6463704,0.30698919999999996
HUN,2012,0.6946863,0.7129713,0.47421969999999997,0.8363347999999999,0.5878504999999999,0.391503
HUN,2013,0.6524166,0.8002012,0.6005117999999999,0.7642996999999999,0.5397903,0.3680423
HUN,2014,0.4964376,0.8089713,0.6720996,0.5195472999999999,0.3887503,0.1735349
HUN,2015,0.45118359999999996,0.840092,0.6009099999999999,0.5912296,0.42296999999999996,0.1736322
HUN,2016,0.3633017,0.5880562,0.5767175999999999,0.5669206999999999,0.48289519999999997,0.1580098
HUN,2017,0.3363367,0.7360129999999999,0.6172556,0.5679661,0.4906928,0.1653691
HUN,2018,0.1706694,0.6619014999999999,0.6387314,0.5066695999999999,0.4186985,0.1513899
HUN,2019,0.1860354,0.7320536,0.5508238,0.5441197999999999,0.38407589999999997,0.0962625
HUN,2020,0.16589769999999998,0.78596,0.6349229,0.5200631,0.37390779999999996,0.0871414
HUN,2021,0.1337022,0.7241247,0.7497294999999999,0.45844799999999997,0.3685797,0.1486079
HUN,2022,0.0946798,0.6686875,0.6489176999999999,0.3472472,0.3039864,0.0578022
HUN,2023,0.037314099999999996,0.5836532,0.6938365999999999,0.2713545,0.2491987,0.0978327
HUN,2024,0.0167732,0.6033461,0.4834186,0.3274216,0.20239079999999998,0.044794799999999996
IDN,2005,-0.0277888,-1.3794433,-0.7871794999999999,-0.4189843,-0.7711117,-1.1405402999999998
IDN,2006,0.0721827,-1.0786391,-0.5256639,-0.2226404,-0.6535508999999999,-0.8983312
IDN,2007,0.10159399999999999,-0.8313803999999999,-0.4750814,-0.2630708,-0.638436,-0.7028512
IDN,2008,0.10273339999999999,-0.7075948999999999,-0.2755639,-0.1918557,-0.5833265,-0.5309041
IDN,2009,0.095315,-0.6290433,-0.1747357,-0.1517406,-0.5649635,-0.6200688
IDN,2010,0.0323804,-0.7700931999999999,-0.0800294,-0.1737221,-0.6638604,-0.6638002
IDN,2011,0.0912462,-0.7442561,-0.14267159999999998,-0.18152659999999998,-0.3242682,-0.6427130999999999
IDN,2012,0.207941,-0.583631,-0.07915219999999999,-0.19473189999999999,-0.39913699999999996,-0.7787381
IDN,2013,0.151225,-0.6031411999999999,0.0005534,-0.0882652,-0.4223092,-0.7344026
IDN,2014,0.1508891,-0.3854182,0.3795792,-0.0227914,-0.3194508,-0.7211847
IDN,2015,0.1434778,-0.5387425,0.0883491,-0.1509168,-0.38486509999999996,-0.5246826
IDN,2016,0.1520714,-0.4609372,0.2467606,0.0070298999999999995,-0.32035769999999997,-0.4844303
IDN,2017,0.1040488,-0.5737128,0.27537459999999997,0.0703348,-0.3158375,-0.37966639999999996
IDN,2018,0.15509789999999998,-0.5388415,0.3632143,0.035910399999999995,-0.2225502,-0.3418798
IDN,2019,0.15491359999999998,-0.5852092999999999,0.4259206,0.0912081,-0.1938865,-0.430958
IDN,2020,0.13813699999999998,-0.5413152999999999,0.3557181,0.1940594,-0.16758019999999998,-0.3491377
IDN,2021,0.0545468,-0.6381142,0.3025133,0.3148527,-0.1557616,-0.4194275
IDN,2022,0.0586574,-0.7605516,0.3600312,0.24667689999999998,-0.1480888,-0.37502409999999997
IDN,2023,0.0015524999999999998,-0.5826003,0.3917789,0.3074783,-0.1031173,-0.4471597
IDN,2024,-0.13004949999999998,-0.6118494999999999,0.2652297,0.09104759999999999,-0.2125732,-0.5554496
IND,2005,0.5282891,-0.8352740999999999,-0.1798263,-0.22844129999999999,0.15464029999999998,-0.4107227
IND,2006,0.5874370999999999,-0.7968839999999999,-0.1318297,-0.2523854,0.207721,-0.2312051
IND,2007,0.5794541999999999,-0.7903522,-0.034231,-0.2698383,0.1870018,-0.3273389
IND,2008,0.6075153999999999,-0.7390536999999999,0.0630231,-0.3301078,0.1531775,-0.29551489999999997
IND,2009,0.5771991,-0.8884286,0.1217249,-0.2938639,0.14138019999999998,-0.3456043
IND,2010,0.5118058999999999,-0.9126337999999999,0.11294739999999999,-0.3273411,0.0593161,-0.3618983
IND,2011,0.4873632,-1.1277343,0.1075143,-0.382809,-0.0006039,-0.4898141
IND,2012,0.4237141,-1.1136063999999999,0.09330619999999999,-0.40477029999999997,-0.1172949,-0.5033605999999999
IND,2013,0.46819429999999995,-1.1388814999999999,0.1071809,-0.391657,-0.1044717,-0.47050319999999995
IND,2014,0.43205879999999997,-0.8130683,0.1523091,-0.3982983,-0.1778943,-0.4143125
IND,2015,0.44313529999999995,-0.7545550999999999,0.48040299999999997,-0.3523424,-0.13742659999999998,-0.34573519999999996
IND,2016,0.4286908,-0.7241407,0.4723672,-0.27328559999999996,-0.0815395,-0.2868347
IND,2017,0.37210679999999996,-0.5630854,0.4244099,-0.23187359999999999,-0.0318935,-0.22538039999999998
IND,2018,0.3504682,-0.6652231,0.5521016,-0.18807359999999998,0.0205359,-0.2108371
IND,2019,0.2341296,-0.5876129,0.5551332999999999,-0.1324994,-0.0157278,-0.2210026
IND,2020,0.1363866,-0.7238340999999999,0.45464069999999995,-0.1650984,-0.0776172,-0.2569922
IND,2021,-0.0423847,-0.6159965,0.35875599999999996,-0.1879253,-0.1609352,-0.3031751
IND,2022,-0.0605575,-0.7656103,0.4390193,-0.092447,-0.0619553,-0.3266917
IND,2023,-0.0948422,-0.8208437,0.5084481,-0.13034379999999998,-0.0665941,-0.33545919999999996
IND,2024,-0.0572383,-0.7058886999999999,0.5080583,-0.0898112,-0.012521,-0.2980376
IRL,2005,1.5490785999999999,1.2712246,1.6483105999999998,1.8872562,1.598952,1.6450839
IRL,2006,1.4884612,1.273601,1.4410688,1.9378594999999998,1.6086167999999998,1.5045368
IRL,2007,1.5024636,1.3442113999999998,1.3623539,1.8927566999999998,1.6393924,1.4603551
IRL,2008,1.5241989999999999,1.2839407999999999,1.3922769,1.8006947,1.6410552999999999,1.4678955999999999
IRL,2009,1.4435038,1.0971418,1.2782931,1.6361139,1.5310479,1.4411714
IRL,2010,1.3859363,1.0705966,1.1176724,1.5732192999999999,1.4942019,1.4063991
IRL,2011,1.3608216,0.862551,1.3107628999999998,1.4528374,1.5027002,1.3790289
IRL,2012,1.3599198,0.9455627999999999,1.4206287,1.5072215999999998,1.5141373999999999,1.4035246
IRL,2013,1.3525540999999999,0.8823040999999999,1.3914336999999999,1.5655923999999999,1.4810823,1.5575732999999998
IRL,2014,1.3643570999999999,1.1668976,1.4872554,1.6314127999999999,1.5167955,1.6013925
IRL,2015,1.3884508,0.9633096999999999,1.4450257,1.6987499,1.5755573999999999,1.6404063
IRL,2016,1.3765706,0.8897832,1.4655706,1.6689772999999999,1.5427772,1.6462393
IRL,2017,1.3976016,0.9287004,1.4314928,1.5739925,1.5186305999999998,1.5635382999999998
IRL,2018,1.3877446,0.9743805999999999,1.4182347,1.6449817,1.5005057,1.5591798
IRL,2019,1.3923470999999998,0.9283893,1.2828038,1.5850294999999999,1.5151477,1.5262114
IRL,2020,1.3826245,0.8730013,1.3164498999999998,1.4828732999999998,1.4383863,1.525569
IRL,2021,1.5242502,0.7411376,1.5121521,1.6137217,1.5394911,1.6234764
IRL,2022,1.5806380999999998,0.8127331,1.6645234999999998,1.7408423,1.4939501,1.655908
IRL,2023,1.6044231,0.9026626,1.6276278,1.7160099999999998,1.5770141,1.6620975
IRL,2024,1.5869598,0.7558673,1.6104570999999999,1.7240172,1.5383985,1.5555842
IRN,2005,-1.3034331,-0.6646510999999999,-0.8118778,-1.3019060999999998,-1.0015471999999999,-0.7695036
IRN,2006,-1.3144677999999999,-0.8174327,-0.794465,-1.3027293,-1.0085374999999999,-0.7493181999999999
IRN,2007,-1.3891444,-0.7395537999999999,-0.7902129999999999,-1.3732704,-1.0481692,-0.7763639
IRN,2008,-1.4597698,-0.766747,-0.7975641,-1.4105256,-1.0506214999999999,-1.0408943
IRN,2009,-1.5214001,-1.2657551,-0.7968632999999999,-1.5126865999999999,-1.0930529,-1.0472797999999999
IRN,2010,-1.5781816,-1.5130283,-0.6419448999999999,-1.4252274,-1.0637375,-1.1599262
IRN,2011,-1.57723,-1.3426795999999999,-0.5736049999999999,-1.2550564,-0.9940445,-0.9422649999999999
IRN,2012,-1.5515188,-1.250567,-0.5741388,-1.2909594,-0.9657239,-0.9832430999999999
IRN,2013,-1.5015159,-1.1874912,-0.605229,-1.4355514999999999,-1.1530407999999999,-0.9146462
IRN,2014,-1.4536084999999999,-0.7623744,-0.3173348,-1.3631172,-1.2206015,-0.8183246
IRN,2015,-1.3929965,-0.8137382,-0.25690019999999997,-1.1422919999999999,-0.9457846,-0.7596841999999999
IRN,2016,-1.3804937,-0.6701176,-0.2449055,-1.10896,-0.9457319999999999,-0.6567734
IRN,2017,-1.3480064,-0.7165627999999999,-0.2402704,-1.1203949,-0.9016662999999999,-0.7008464999999999
IRN,2018,-1.4212759,-0.9874881,-0.317362,-1.3203559999999999,-0.9441774,-0.9421392
IRN,2019,-1.4524161,-1.2559212,-0.45996519999999996,-1.373602,-1.0237654,-0.9916632999999999
IRN,2020,-1.5061536,-1.2280094,-0.7342295,-1.3993179,-1.0196349,-1.1034576
IRN,2021,-1.5444711,-1.1649568,-0.6736981,-1.4004550999999998,-1.066907,-1.1256013
IRN,2022,-1.587429,-1.1464054,-0.7277617,-1.4041093999999998,-1.1279694999999998,-1.1318763
IRN,2023,-1.6028274,-1.2784026,-0.7653882999999999,-1.4589001,-1.2014407,-1.1726138
IRN,2024,-1.6016245,-1.4410435,-0.7273349,-1.5001354,-1.2030866,-1.128936
IRQ,2005,-1.3436367,-2.6229351,-2.0128557,-1.4723693999999998,-1.7347363999999998,-1.2466523
IRQ,2006,-1.2117665,-2.6699403999999998,-1.9019541,-1.4305607999999999,-1.657692,-1.5196754
IRQ,2007,-1.0851697999999999,-2.6011333999999997,-1.7242632999999998,-1.3658462,-1.7327567,-1.542541
IRQ,2008,-0.9020053,-2.2971277,-1.3164491,-1.1954137999999999,-1.6049327,-1.5421728
IRQ,2009,-0.8678,-2.1247371,-1.1680902,-1.1432788,-1.5694351,-1.4037347999999998
IRQ,2010,-0.8519570999999999,-2.2031349,-1.2218719,-0.9955322999999999,-1.5932610999999999,-1.3058128
IRQ,2011,-0.9135548,-1.9129688999999999,-1.2433238,-0.9560928,-1.4508307,-1.2380711
IRQ,2012,-0.8600992,-1.9741050999999998,-1.1605269,-1.0568781999999999,-1.4750374,-1.2677304999999999
IRQ,2013,-0.8878275999999999,-2.1074392,-1.1188681,-1.0570642,-1.4966945,-1.2611237
IRQ,2014,-0.9651951999999999,-2.2701386,-1.0216950999999999,-1.0901731,-1.4753642,-1.3536549999999998
IRQ,2015,-0.9670477999999999,-2.2623602,-1.1639234999999999,-1.0303327,-1.5103091,-1.3897328999999998
IRQ,2016,-0.954951,-2.2440952999999997,-1.1747538,-0.9898252,-1.5550374999999999,-1.3974396
IRQ,2017,-0.9708357999999999,-2.1827263,-1.1749357,-1.1058947,-1.5660347,-1.4027110999999999
IRQ,2018,-0.813719,-2.1809019,-1.1643569999999999,-1.1938931,-1.4563997,-1.4774376
IRQ,2019,-0.8139522,-2.2326011,-1.1982773,-1.1928646,-1.4020533,-1.4456369999999998
IRQ,2020,-0.8682799,-2.1899477,-1.2982506999999999,-1.2742478,-1.5452994999999998,-1.3709274999999999
IRQ,2021,-0.8907653,-2.180777,-1.3106007,-1.1948699,-1.4713307999999998,-1.3741965999999999
IRQ,2022,-0.8705126,-2.2795593,-1.3633989,-1.2896277999999999,-1.5064271,-1.4964186
IRQ,2023,-0.8842302999999999,-2.2184578,-1.4308526,-1.2938934,-1.5382983,-1.4224503
IRQ,2024,-0.8768245,-2.0265858999999997,-1.1301223,-1.0291226,-1.4520735,-1.2204639
ISL,2005,1.530189,1.3488016,2.005062,1.8102015,1.8516894,2.2921581
ISL,2006,1.5036927999999998,1.3561256,1.455053,1.7704734999999998,1.8296257999999999,1.9640852
ISL,2007,1.5231161,1.4715966,1.386069,1.7038940999999999,1.7975925,1.9936657999999998
ISL,2008,1.549369,1.3657021,1.7456680999999998,1.4230346999999999,1.6804295,2.1075448
ISL,2009,1.5042288,1.3416632,1.7593822,1.4528889999999999,1.6686226,2.1466707
ISL,2010,1.4744789999999999,1.0834365,1.5818264,1.0741398,1.6123341999999998,1.8358759999999998
ISL,2011,1.4276058999999999,1.2212266,1.5844901,1.2242003,1.6700122,1.8838423
ISL,2012,1.4338776,1.222659,1.6286629,1.2424712,1.6772353999999998,1.8249011
ISL,2013,1.46679,1.2438709,1.6877415,1.2173606,1.635198,1.8608913
ISL,2014,1.4150369,1.2630911,1.5382882,1.2766662,1.6031472,1.8421953
ISL,2015,1.4364169,1.2504452,1.5327153,1.3586524,1.6141387999999999,1.9856865
ISL,2016,1.4503654,1.2123418,1.5048921,1.3451967999999999,1.5954344,1.9721448
ISL,2017,1.4222769,1.2417338,1.6020847,1.476548,1.6523512,1.8688456
ISL,2018,1.4148026999999999,1.2904404999999999,1.6499519,1.4875751,1.7215677999999999,1.8862181
ISL,2019,1.4074354999999998,1.5588834,1.6487992999999999,1.5564316,1.728766,1.8246976
ISL,2020,1.3772749,1.3195477,1.6122066,1.5036593999999999,1.68198,1.8414609
ISL,2021,1.381036,1.3301743,1.7943852999999998,1.6405779,1.7019453999999998,1.8578057
ISL,2022,1.3602139,1.2563461999999999,1.6026829,1.4270535,1.5994351,1.6475788
ISL,2023,1.3436812,1.2010458,1.5870266,1.336047,1.5660349999999998,1.6780456
ISL,2024,1.3580075,1.2066915,1.5738606,1.2249667,1.601,1.8495404999999998
ISR,2005,0.6649645,-0.9275492,1.4907721999999999,0.9093707,0.8141904999999999,0.8067265
ISR,2006,0.8372938999999999,-0.9998716,1.2709308,0.8949642999999999,0.7835746,0.8388049
ISR,2007,0.7706752,-0.8207108,1.1901732,0.9849865,0.7466724,0.6735226999999999
ISR,2008,0.7596967,-0.8076118999999999,1.2876646999999999,1.0296528,0.7762188,0.6890925
ISR,2009,0.7360713999999999,-1.0457254,1.2486386999999999,0.9599513,0.7731152,0.6845365
ISR,2010,0.7117276,-0.7430718,1.3082421,1.0385685,0.7884382,0.6758860999999999
ISR,2011,0.5903191999999999,-0.8013943,1.3415903999999998,1.2004335,0.8658826,0.7202208999999999
ISR,2012,0.5498097,-0.7666135,1.3052394,1.124873,0.8517045999999999,0.7535946
ISR,2013,0.5402817999999999,-0.8871852,1.3040551,1.1143857,0.8617296,0.7499844
ISR,2014,0.5367168999999999,-0.6146104,1.2991046,1.0790977,0.9205080999999999,0.7452095999999999
ISR,2015,0.5498387,-0.6313094,1.4439126999999998,1.1292092999999999,1.0157796,0.8492341999999999
ISR,2016,0.5707757,-0.3715116,1.5174683,1.2621662,0.9788916,1.1092437
ISR,2017,0.5516061,-0.4469065,1.5356007,1.2401335,0.9673997,0.8070056999999999
ISR,2018,0.6298395,-0.34774479999999997,1.4000880999999998,1.2083815,0.8957986,0.7390337
ISR,2019,0.6019867999999999,-0.4399548,1.5737184,1.2754283,0.914056,0.7995968
ISR,2020,0.6444386,-0.5684237999999999,1.1512263999999999,1.1987444,0.8582508,0.6917949999999999
ISR,2021,0.6177277999999999,-0.7125583999999999,1.4717497,1.2009851,0.8569905,0.9234492
ISR,2022,0.6104935,-0.9049210999999999,1.4330247999999999,1.1375453,0.7752117,0.8851357
ISR,2023,0.5256486,-1.0462616999999999,1.2577528,1.0535638,0.6303991,0.8698406999999999
ISR,2024,0.4475258,-1.0400608999999998,1.2820002,1.0931035999999998,0.6358185,0.9471927
ITA,2005,1.0777542,0.6010097,0.42857999999999996,0.9400029,0.6377666,0.5458006
ITA,2006,1.203708,0.5797053,0.3089551,0.9904801999999999,0.5136888,0.5445012
ITA,2007,1.2344391,0.5061249999999999,0.20315909999999998,0.9721103,0.5440688,0.3855326
ITA,2008,1.1579226,0.6023927,0.3392512,0.9540831999999999,0.45085729999999996,0.3131984
ITA,2009,1.1440227,0.48182929999999996,0.42628859999999996,0.8540247,0.4101704,0.2882373
ITA,2010,1.0623890999999999,0.5685544,0.4336363,0.8144829,0.4813304,0.2207944
ITA,2011,0.9277601999999999,0.4465714,0.3618065,0.5565401999999999,0.5451343,0.2674043
ITA,2012,0.9354062,0.47799759999999997,0.46842839999999997,0.5516928999999999,0.5172892,0.12250609999999999
ITA,2013,0.9672044999999999,0.3871074,0.5355166,0.5613452,0.5070427,-0.0032549
ITA,2014,1.0352985,0.491156,0.44524909999999995,0.47776749999999996,0.5247908,-0.0323357
ITA,2015,1.0472675,0.3992764,0.4518154,0.6857342,0.4883223,0.07929449999999999
ITA,2016,1.0618357,0.36228689999999997,0.5042485,0.7158044,0.4858358,0.13519899999999999
ITA,2017,1.0125838,0.2649112,0.4620717,0.7120723999999999,0.457848,0.20538879999999998
ITA,2018,1.0045671999999999,0.3785617,0.5748608,0.6451365,0.4178291,0.2567966
ITA,2019,0.9975839,0.3266919,0.5903218,0.7677290999999999,0.5338014,0.29087009999999996
ITA,2020,0.9982270999999999,0.3360276,0.6093894,0.5515335,0.5118153,0.4216932
ITA,2021,1.1194168,0.4452173,0.7148375,0.6348189,0.5725757,0.5561925
ITA,2022,1.0865837,0.418722,0.7961469999999999,0.639532,0.5588422,0.5888230999999999
ITA,2023,1.1287179,0.49415739999999997,0.8578435999999999,0.6948698,0.6108331,0.5664992
ITA,2024,1.1064697,0.4131204,0.8357122,0.6495160999999999,0.5630504,0.5460285
JAM,2005,0.5770172,-0.32923969999999997,-0.3694417,0.22867099999999999,-0.23689159999999998,-0.31526489999999996
JAM,2006,0.6623690999999999,-0.3422801,0.1290625,0.3312851,-0.2777033,-0.21271659999999998
JAM,2007,0.6933895999999999,-0.2047703,0.1020145,0.3321653,-0.1780283,-0.2884441
JAM,2008,0.6600072,-0.2706136,0.2224985,0.3108671,-0.19190459999999998,-0.2901379
JAM,2009,0.660415,-0.34469059999999996,0.2821404,0.29204749999999996,-0.32867009999999997,-0.2777341
JAM,2010,0.5675489,-0.4026373,0.2669476,0.29755339999999997,-0.4140407,-0.22045669999999998
JAM,2011,0.4772337,-0.1430871,0.2383313,0.24889309999999998,-0.3052799,-0.0465442
JAM,2012,0.5146537999999999,0.0443048,0.24620119999999998,0.0465752,-0.3747291,-0.2382937
JAM,2013,0.5750858,0.121997,0.2860488,0.0775391,-0.2903209,-0.2520845
JAM,2014,0.6046419,0.0389814,0.5161481,0.09079029999999999,-0.20278739999999998,-0.28645509999999996
JAM,2015,0.6421676,0.0678637,0.5014244,0.1540076,-0.134741,-0.2355178
JAM,2016,0.6440165999999999,0.0833945,0.5321757,0.1672659,-0.13347509999999999,-0.1874285
JAM,2017,0.648072,0.1228662,0.5354696,0.1365858,-0.0828246,-0.1605806
JAM,2018,0.5399457,0.1581533,0.569386,0.17594669999999998,-0.13108129999999998,-0.1604908
JAM,2019,0.5555553,0.16689969999999998,0.5835382,0.1697454,-0.1771732,-0.0613786
JAM,2020,0.5809034,0.13744399999999998,0.4801668,0.1369656,-0.1043769,-0.0779562
JAM,2021,0.5735707999999999,0.1278841,0.43569749999999996,0.2128784,-0.0753606,-0.08288519999999999
JAM,2022,0.5673805,0.43706,0.20176439999999998,0.2147221,-0.0691845,-0.0821423
JAM,2023,0.5639725999999999,0.47076019999999996,0.15675029999999998,0.1365987,-0.09781809999999999,-0.1255614
JAM,2024,0.5427768,0.4740758,0.18812669999999998,0.07075759999999999,-0.0897689,-0.089279
JEY,2011,1.437967,1.465995,1.2278864,1.227233,1.6452611,1.0209029
JEY,2012,1.4360085999999999,1.4609596,1.2280638,1.221204,1.6431071,1.0176584
JEY,2013,1.4329819,1.4627508,1.2275871999999999,1.2207276,1.6388493,1.0179193
JEY,2014,1.4359867,1.4809499,1.2459539,1.2211679,1.6416279999999999,1.0150671
JEY,2015,1.4365934999999999,1.4752072999999999,1.2447317,1.2245652999999999,1.6441858,1.0176258
JEY,2016,1.4352285999999999,1.469882,1.2462119999999999,0.9262140999999999,1.6449148,1.0196927999999998
JEY,2017,1.4341169,1.4700224,1.2455867,0.9286728,1.6441496,1.0182234
JEY,2018,1.4340152,1.4779464999999998,1.2468519999999998,0.9298848,1.6440263,1.0207343
JEY,2019,1.4336723,1.4801198,1.2495095999999999,1.082451,1.6439378,1.0241902
JEY,2020,1.4325995,1.2622453999999999,1.239331,1.0784863999999998,1.6426029,1.0249526
JEY,2021,1.4270733,1.2562548999999998,1.240632,1.0773127999999998,1.6416313,1.0262069999999999
JEY,2022,1.4255636999999999,1.481171,1.2404784,1.0732537,1.6389582999999999,1.0209321999999998
JEY,2023,1.4235693,1.4833781,1.2406393,1.0736591,1.6363573999999999,1.0218582
JEY,2024,1.4224896,1.4839265,1.2408032,1.072602,1.6362360999999999,1.0241866
JOR,2005,-0.5817264,-0.284692,-0.15384319999999999,0.267497,0.16270949999999998,0.060265099999999995
JOR,2006,-0.5899401,-0.7572601999999999,0.0163306,0.093626,0.1502416,0.08547389999999999
JOR,2007,-0.5674676,-0.2856133,0.0953511,0.093474,0.2715181,0.1021629
JOR,2008,-0.6094828999999999,-0.36361899999999997,0.1207037,0.239206,0.267947,0.23883
JOR,2009,-0.6796447999999999,-0.41660919999999996,0.15195039999999999,0.17304899999999998,0.1080241,0.0875174
JOR,2010,-0.7246994999999999,-0.3919612,0.0902043,0.070994,0.057054299999999995,0.0263947
JOR,2011,-0.7083113,-0.6273398,0.126298,0.13918339999999998,0.15741629999999998,0.152561
JOR,2012,-0.663481,-0.5814056,0.1804048,0.1546376,0.1876706,0.1111042
JOR,2013,-0.7222313,-0.6921857,0.16484079999999998,0.1009709,0.1536111,0.11578959999999999
JOR,2014,-0.6611106,-0.6114866,0.29519219999999996,0.1056698,0.1163675,0.1128385
JOR,2015,-0.6634403,-0.6413047,0.2945062,0.1691764,0.11570549999999999,0.2642953
JOR,2016,-0.6455951,-0.5300907,0.29469989999999996,0.1254568,0.14944559999999998,0.20053959999999998
JOR,2017,-0.6579518,-0.4626995,0.21928799999999998,0.1554645,0.17270639999999998,0.17743489999999998
JOR,2018,-0.6977358,-0.3414085,0.0214032,0.1111079,0.1217036,0.0715861
JOR,2019,-0.6961107,-0.2976503,-0.050804699999999994,0.1569696,0.11054689999999999,0.0864921
JOR,2020,-0.7536231999999999,-0.3444334,-0.006222,0.1702906,0.0963699,0.1402343
JOR,2021,-0.7836217999999999,-0.41604399999999997,-0.0027286999999999997,0.1826861,0.0390664,0.0147557
JOR,2022,-0.8089649999999999,-0.3421667,-0.030476999999999997,0.1899923,0.0768667,0.0172511
JOR,2023,-0.7852022,-0.33180709999999997,0.16131679999999998,0.293806,0.1236052,0.1042953
JOR,2024,-0.7503453999999999,-0.3020102,0.09575969999999999,0.2534087,0.1953916,0.2728714
JPN,2005,1.0070463,1.1569669999999999,1.3900953,1.2300695,1.2057598999999999,0.9264372
JPN,2006,1.0196661999999999,1.2038007,1.4339684,1.2933606,1.2640843,0.9774082
JPN,2007,1.0950662,1.1399289,1.2882281,1.2523019,1.2461179999999998,0.8591038999999999
JPN,2008,1.0925361999999998,1.0378521,1.3302755,1.2611987,1.2171929,0.9581054999999999
JPN,2009,1.1831341,1.0903448,1.3605109,1.2284065,1.2971289,1.165536
JPN,2010,1.1981792999999998,0.9836731,1.3654089999999999,1.2057938,1.3193580999999999,1.3894539
JPN,2011,1.2425576999999999,0.9725452,1.3663919999999998,1.3255337999999999,1.3770223,1.5438444
JPN,2012,1.2222969,0.9508812999999999,1.3492642,1.3934996,1.3353135999999999,1.4927053
JPN,2013,1.1709884,1.028308,1.4666622,1.3409837999999998,1.3711581,1.4992303
JPN,2014,1.1820313999999998,1.1877402,1.7623418,1.2867974,1.454648,1.5402836
JPN,2015,1.1408509,1.1948946,1.7051711999999999,1.4041580999999999,1.4342082999999999,1.4520961
JPN,2016,1.1318337,1.0949871,1.8075054,1.5258595,1.4317807,1.4472443
JPN,2017,1.1531911,1.1476606999999999,1.7106234,1.3959066,1.4925599999999999,1.4781864
JPN,2018,1.0932142,1.1196218,1.8169670999999998,1.3742974,1.4802271,1.3921569999999999
JPN,2019,1.0550564999999998,1.0992879,1.8278154999999998,1.3946265,1.5068825,1.4344153
JPN,2020,1.0516518,1.1188628999999999,1.8681543999999999,1.3760918,1.5029907,1.4311269
JPN,2021,1.0559285,1.144125,1.7432849,1.3996019,1.5312541,1.4567584
JPN,2022,1.0685700999999999,1.2645775,2.0523594,1.4117487,1.5109911999999999,1.442643
JPN,2023,1.0762648,1.2835484,2.0275797,1.3494293,1.511877,1.3673969
JPN,2024,1.0725959999999999,1.2505777,2.0681175,1.2446023,1.5183605999999998,1.3698119
KAZ,2005,-0.9148866999999999,0.044361899999999996,-1.0020541,-0.609345,-0.8388112,-1.0814677
KAZ,2006,-0.9061507999999999,0.06368209999999999,-0.9661242,-0.44509279999999996,-0.9326487,-1.1996436
KAZ,2007,-0.8345821,0.455449,-0.9756210999999999,-0.4419625,-0.8287775,-1.2102884
KAZ,2008,-0.70641,0.4161467,-0.7945762,-0.3103034,-0.7867808,-1.0228726
KAZ,2009,-0.7481337,0.6574527,-0.7329719,-0.4269048,-0.7378253,-0.9894322
KAZ,2010,-0.800014,0.3804766,-0.7611426,-0.4027245,-0.7866141,-0.9881888
KAZ,2011,-0.8102109,-0.41455329999999996,-0.7205612,-0.3627032,-0.6179722,-0.8861292
KAZ,2012,-0.9050463999999999,-0.372013,-0.6094126999999999,-0.37558939999999996,-0.6682969,-0.9120275999999999
KAZ,2013,-1.0189127,-0.43422629999999995,-0.5971782,-0.373998,-0.683082,-0.9238008
KAZ,2014,-0.9457397,0.0132736,-0.1264908,-0.19367859999999998,-0.5950109,-0.8646653
KAZ,2015,-0.8700266,0.0300287,-0.13021,-0.055739,-0.48472269999999995,-0.856162
KAZ,2016,-0.9060408,-0.0901081,-0.2085533,-0.11679529999999999,-0.5002442,-0.8070736
KAZ,2017,-1.0014209,-0.0645292,-0.1114738,0.1323137,-0.4516697,-0.7635592
KAZ,2018,-0.8847782,-0.1198035,-0.1945578,0.1075556,-0.363519,-0.5077163
KAZ,2019,-1.0348292,-0.2281663,-0.033206,0.1099802,-0.4296008,-0.21418299999999998
KAZ,2020,-0.980186,-0.29321179999999997,-0.0149637,0.0563332,-0.41799729999999996,-0.2952462
KAZ,2021,-0.9565378999999999,-0.24653709999999998,-0.041320699999999995,0.0239618,-0.4616261,-0.2743452
KAZ,2022,-0.9747956999999999,-0.6061542999999999,0.09434429999999999,-0.0627235,-0.4424224,-0.1975729
KAZ,2023,-0.9595083999999999,-0.24738079999999998,0.1152067,0.028374299999999998,-0.4128273,-0.2217923
KAZ,2024,-0.9142886,-0.21144459999999998,0.0726054,0.044293599999999995,-0.4053423,-0.07210899999999999
KEN,2005,-0.12952639999999999,-1.0862254,-0.7574903,-0.39787069999999997,-0.7804224,-1.0281947999999999
KEN,2006,-0.1071235,-1.0240182,-0.7018362,-0.35095489999999996,-0.7993466,-0.9276255
KEN,2007,-0.2073315,-1.4157174,-0.5747141,-0.3400164,-0.887691,-0.9415551
KEN,2008,-0.27559249999999996,-1.6195937999999999,-0.5082171,-0.3939087,-0.9315371,-1.0348876
KEN,2009,-0.323659,-1.5523103,-0.4970716,-0.42869769999999996,-0.9717467,-1.0916299
KEN,2010,-0.23609449999999998,-1.3775511999999999,-0.39898659999999997,-0.3859667,-0.8996415999999999,-0.8336636
KEN,2011,-0.3386281,-1.4871702,-0.4257489,-0.5376240999999999,-0.9003268999999999,-0.9324966
KEN,2012,-0.3471242,-1.4889062,-0.3561572,-0.523083,-0.8169592,-0.9752472999999999
KEN,2013,-0.2415742,-1.1611803,-0.3201863,-0.5237213,-0.7662338,-0.9344245
KEN,2014,-0.2091903,-1.2808004,-0.3143255,-0.327276,-0.5640094999999999,-0.8556803
KEN,2015,-0.22695649999999998,-1.2584286,-0.2453976,-0.28694349999999996,-0.6309829,-0.9754075
KEN,2016,-0.23615019999999998,-1.1945339,-0.19726739999999998,-0.23379339999999998,-0.601749,-0.9099853
KEN,2017,-0.3630856,-1.1573399,-0.17565909999999998,-0.20513199999999998,-0.5270034,-0.9032091999999999
KEN,2018,-0.48934419999999995,-1.1422326,-0.22127929999999998,-0.3051836,-0.4930524,-0.8389527999999999
KEN,2019,-0.46480089999999996,-1.0969155,-0.1576748,-0.34537779999999996,-0.5448539,-0.8024878999999999
KEN,2020,-0.41348949999999995,-1.0743592,-0.2550011,-0.46559249999999996,-0.5686628,-0.7425837
KEN,2021,-0.4181429,-1.1328447,-0.2397162,-0.4284848,-0.4299899,-0.7087751
KEN,2022,-0.2413581,-0.9892186,-0.2344732,-0.39629509999999996,-0.4183186,-0.7506210999999999
KEN,2023,-0.2580686,-0.9778015,-0.1940689,-0.4070105,-0.43373789999999995,-0.7463242999999999
KEN,2024,-0.33469489999999996,-1.2554661999999999,-0.1852691,-0.359203,-0.4573678,-0.7918911
KGZ,2005,-0.722393,-1.2197677,-0.7353459,-0.4745742,-1.0376452999999999,-1.3342728
KGZ,2006,-0.46877569999999996,-1.2651518,-0.9213944,-0.5674585999999999,-1.204052,-1.3569688
KGZ,2007,-0.5467848,-0.8797444,-0.8075412,-0.4818226,-1.1191803,-1.3253886
KGZ,2008,-0.7801216,-0.5420573,-0.8904791999999999,-0.5058891,-1.2418027,-1.3040941
KGZ,2009,-0.7959018,-0.6046321,-0.9306203,-0.5790761999999999,-1.2405846,-1.3374565999999999
KGZ,2010,-0.6044622,-0.9358402,-0.7588068,-0.4831816,-1.1971899,-1.1374828
KGZ,2011,-0.47040139999999997,-0.9822712,-0.8075313,-0.43864909999999996,-1.0080098,-1.2051737
KGZ,2012,-0.4167169,-0.8745744999999999,-0.8098455999999999,-0.499861,-0.9522649,-1.1552926
KGZ,2013,-0.31175379999999997,-0.8314868999999999,-0.7973504,-0.44604489999999997,-0.9700006999999999,-1.1695073999999999
KGZ,2014,-0.212888,-0.7169646,-0.7393466999999999,-0.5420387999999999,-0.8516800999999999,-1.1546306
KGZ,2015,-0.1584648,-0.7467437,-0.7651576,-0.650019,-0.8663306,-1.1910813
KGZ,2016,-0.1778706,-0.5548681,-0.7840649,-0.4313882,-0.8233366,-1.1730011999999999
KGZ,2017,-0.20267639999999998,-0.3194892,-0.6246250999999999,-0.3248312,-0.7144801,-1.1409306
KGZ,2018,-0.1442914,-0.3424867,-0.46588789999999997,-0.38106609999999996,-0.6949122,-1.0428047
KGZ,2019,-0.2638699,-0.2288131,-0.5743773,-0.38725699999999996,-0.7468195999999999,-0.9851572999999999
KGZ,2020,-0.36552439999999997,-0.5366921,-0.5767190999999999,-0.438996,-0.7559929999999999,-1.0506634
KGZ,2021,-0.41354969999999996,-0.41318099999999996,-0.9116207,-0.46093589999999995,-0.9148107999999999,-1.1605752999999999
KGZ,2022,-0.5920542,-0.4482729,-1.0688551,-0.4731874,-0.9585265,-1.2058181
KGZ,2023,-0.6681045999999999,-0.4694586,-1.0122046,-0.4560372,-0.9971608,-1.189989
KGZ,2024,-0.7820284,-0.3960666,-0.9174357,-0.45845529999999995,-0.9698544,-1.1479622
KHM,2005,-0.9260324999999999,-0.6896833,-1.3051891,-0.46362539999999997,-1.337159,-1.1661097
KHM,2006,-0.8568123999999999,-0.579046,-1.2173768999999999,-0.4904766,-1.3396146,-1.1365148
KHM,2007,-0.8667206,-0.6312491,-0.9983390999999999,-0.4145195,-1.2497239,-1.0512253999999999
KHM,2008,-0.8678351,-0.49253369999999996,-0.7441405999999999,-0.4185336,-1.2591837,-1.1592012
KHM,2009,-0.8961467999999999,-0.6189023,-0.5750305,-0.411108,-1.2488077,-1.1944728
KHM,2010,-0.9495353999999999,-0.4163536,-0.5847011,-0.3977561,-1.2568526,-1.195158
KHM,2011,-0.9814811999999999,-0.3528634,-0.5272106999999999,-0.6052012999999999,-1.1709342,-1.3026461999999999
KHM,2012,-1.0157021,-0.3997924,-0.4841259,-0.474209,-1.0820773,-1.1348439
KHM,2013,-1.0505058,-0.3995976,-0.5802891,-0.45756769999999997,-1.1484809,-1.1334488999999999
KHM,2014,-1.0921444999999999,-0.3104111,-0.369207,-0.5580588,-1.166111,-1.2604738
KHM,2015,-1.1576081,-0.1996973,-0.3980554,-0.5847810999999999,-1.244415,-1.2800207
KHM,2016,-1.169876,-0.1241935,-0.3825283,-0.5270792,-1.2076517,-1.3318637
KHM,2017,-1.22688,-0.2094577,-0.2896622,-0.5609090999999999,-1.1574780999999998,-1.3298705
KHM,2018,-1.5073241,-0.1593327,-0.3491552,-0.5488339,-1.2008054,-1.4284337999999999
KHM,2019,-1.4826772,-0.23967519999999998,-0.3918056,-0.6016479,-1.1014144,-1.3392334
KHM,2020,-1.4298792,-0.2883777,-0.524242,-0.6472175,-1.1201016,-1.1179242
KHM,2021,-1.4822237,-0.19312949999999998,-0.597464,-0.6390096,-1.1155553,-1.0929011
KHM,2022,-1.4871600999999999,-0.1157454,-0.5115018,-0.6440726999999999,-1.0810815999999999,-1.1152016999999999
KHM,2023,-1.5064783,0.0953343,-0.46829469999999995,-0.6283541,-1.0663669999999998,-1.1220694
KHM,2024,-1.6259584999999999,0.1043403,-0.3964309,-0.5908336,-1.021666,-1.2334333
KIR,2005,0.4399108,1.3235812999999998,-0.4702941,-0.9716233999999999,0.9230858999999999,0.32242299999999996
KIR,2006,0.4832146,1.3274009,-0.5014799999999999,-0.9735406999999999,0.9524663,0.2484296
KIR,2007,0.3702372,1.3288643,-0.543698,-1.0156378,0.8963393,0.2842618
KIR,2008,0.3350236,1.3272838999999998,-0.5488777,-1.094905,0.5459937,0.09687079999999999
KIR,2009,0.31522239999999996,1.5636324,-0.6418098999999999,-1.1294022,0.4687125,-0.0043847999999999995
KIR,2010,0.35620229999999997,1.5575005,-0.6860360999999999,-1.1942331,0.47774429999999996,0.0716938
KIR,2011,0.7129932999999999,1.5535698999999998,-0.6504774,-1.1920696,0.4812324,0.23888199999999998
KIR,2012,0.7260268,1.5518003999999999,-0.7045644999999999,-1.1977969,0.47926209999999997,0.1486197
KIR,2013,0.7171858999999999,1.5524299,-0.7048399,-1.198078,0.4982059,0.14884609999999998
KIR,2014,0.7191046999999999,1.3046894999999998,-0.4329115,-0.6876597,0.4392163,0.2846373
KIR,2015,0.7160381,0.9636515,-0.4336178,-0.6856551,0.44110659999999996,0.2868579
KIR,2016,0.7207755,0.9609766,-0.4327623,-0.7000095,0.44164539999999997,0.25559329999999997
KIR,2017,0.7287007,0.9610470999999999,-0.4331237,-0.6985587999999999,0.5098581999999999,0.2543181
KIR,2018,0.9262026,0.9650274,-0.43239239999999995,-0.6978436,0.41703569999999995,0.2564972
KIR,2019,0.9947045,1.100827,-0.2924477,-0.5229507999999999,0.720889,0.35463849999999997
KIR,2020,0.9873385,1.1814993,-0.2780698,-0.5680529,1.1957456,0.3554349
KIR,2021,1.0495964,1.173544,-0.2771405,-0.5688559,1.1013792,0.3414737
KIR,2022,1.0484105,1.2534021,-0.2772502,-0.553955,0.8144286,0.33608899999999997
KIR,2023,1.0468435999999999,1.2540468999999999,-0.4434338,-0.6164369,0.7765303,0.3370343
KIR,2024,1.0364391,1.2542071,-0.5200722999999999,-0.5394143,0.8016795999999999,0.37829809999999997
KNA,2005,1.1764089,1.2685791,0.9372307999999999,1.1034887,0.9174857,1.042854
KNA,2006,1.1832061999999999,1.2712514,0.9364391,1.1005634,0.9182152,1.0491489
KNA,2007,1.195403,0.777253,0.9376026,0.9757205,0.9205702,1.0446879
KNA,2008,1.0698257,0.9051222999999999,0.9553432,0.9724368,0.9196708,1.0459042
KNA,2009,1.1297099,1.3492053,0.9570951,0.9716117,0.9169816,1.0458773
KNA,2010,1.1849706,1.048502,1.2548226,1.2760424,0.9557374,1.3329586999999998
KNA,2011,1.1221017,0.9155964,1.2538045,1.2784788,0.9627155,1.3306099999999998
KNA,2012,1.1067707,0.9138269,1.2539875,1.2676934,0.9595309,1.3256481
KNA,2013,1.0737847999999999,0.9144564,1.2534958,1.2668409999999999,1.0157163999999999,1.3260471999999999
KNA,2014,1.07599,0.6845067,0.4071786,0.1381031,0.10826,-0.0831866
KNA,2015,0.7863484,0.6759191,0.7520255,0.5250534,0.7957493999999999,0.4348471
KNA,2016,0.7896472999999999,0.6741612,0.7535531,0.5265375999999999,0.7988044,0.4361497
KNA,2017,0.7765953,0.6742076,0.7529078,0.47697269999999997,0.8418652999999999,0.4719116
KNA,2018,0.574807,0.6768233,0.7542135,0.4740504,0.7325387999999999,0.40877539999999996
KNA,2019,0.5519626,0.6775407,0.756956,0.46927349999999995,0.6310465,0.3293984
KNA,2020,0.5661134999999999,0.9156603999999999,0.7464523,0.46537809999999996,0.6302473,0.3298789
KNA,2021,0.5579965,0.9136829,0.40168679999999996,0.4789483,0.5889291,0.3591512
KNA,2022,0.5555261,0.9166111,0.6925871,0.5193162,0.5503226,0.31495239999999997
KNA,2023,0.5577709,0.9173397,0.6927099,0.4833152,0.5414793999999999,0.35799349999999996
KNA,2024,0.5814929999999999,0.9175207,0.6928350999999999,0.4666786,0.5663985,0.35434099999999996
KOR,2005,0.8426678999999999,0.6507664,1.0281761999999999,0.8531421,0.9211092999999999,0.5817625
KOR,2006,0.8998187999999999,0.5999456,0.945618,0.7906114,0.8482987,0.3852528
KOR,2007,0.9076768,0.7417885,1.1329943999999998,0.9535882999999999,1.002487,0.5108826
KOR,2008,0.8359498,0.5961191,0.9669261,0.7125543,0.900995,0.41625419999999996
KOR,2009,0.9350938,0.6194337999999999,1.0398039,0.7699377,0.9365327,0.4394518
KOR,2010,0.9110777,0.5602098,1.2708104999999998,0.8300953,0.9168904999999999,0.42706279999999996
KOR,2011,0.8763432999999999,0.5318191,1.3154721999999999,0.9320075,0.9275013999999999,0.5861689999999999
KOR,2012,0.8784242999999999,0.48343169999999996,1.3394926999999999,0.928766,1.0215946,0.5289927999999999
KOR,2013,0.8152221,0.4788204,1.228307,1.0057277,0.9943835999999999,0.5879745
KOR,2014,0.7905179,0.5600821,1.2045158,1.0054319999999999,1.0664183,0.5087058
KOR,2015,0.7162752,0.6436398,1.2185788,1.0036454,1.0113986,0.3468829
KOR,2016,0.6641803,0.495645,1.1821982,0.9738327999999999,1.0393507,0.3554623
KOR,2017,0.8523200999999999,0.6007271,1.1962522,0.9630316,1.0249765,0.4301716
KOR,2018,0.9061005999999999,0.8472130999999999,1.3742903,0.9691093,1.1150271,0.5431861
KOR,2019,0.8734833,0.8279228,1.5445176999999999,0.9423262,1.1129016999999999,0.6151905999999999
KOR,2020,0.8954767,0.840888,1.5408948,0.9406205,1.1612116,0.7585384
KOR,2021,0.9424271,0.8779262,1.5926219,1.0205001,1.1832354999999999,0.7640553
KOR,2022,0.912839,0.8363596999999999,1.4695112,1.0498342999999999,1.188863,0.8225364
KOR,2023,0.8605058,0.9235135999999999,1.4852231999999999,0.9528730999999999,1.1763815,0.9034859
KOR,2024,0.7557269999999999,0.7357058999999999,1.4005049999999999,0.9605627,1.1191619,0.8748275
KWT,2005,-0.3200803,0.21903599999999998,-0.0070265,0.30849299999999996,0.49428069999999996,0.4551491
KWT,2006,-0.4326309,0.3716258,-0.1294618,0.2218819,0.3566542,0.1529046
KWT,2007,-0.44578189999999995,0.6585278999999999,-0.1699394,0.2584989,0.42496449999999997,0.0673233
KWT,2008,-0.4429786,0.5772429,-0.0827291,0.3300201,0.41752649999999997,0.0854268
KWT,2009,-0.42617109999999997,0.5305915,0.0941264,0.3495472,0.3380273,0.0907249
KWT,2010,-0.4097616,0.580104,0.1171499,0.4169,0.35529059999999996,0.11014689999999999
KWT,2011,-0.424264,0.3182944,0.035439399999999996,0.2736559,0.33451549999999997,-0.0813887
KWT,2012,-0.4851908,0.09018229999999999,0.0043818,0.143376,0.3523252,-0.1386082
KWT,2013,-0.5324348,0.09549719999999999,-0.0069418,0.1221675,0.3213853,-0.1269876
KWT,2014,-0.5596379,0.07003759999999999,0.11635699999999999,-0.044505499999999996,0.035850099999999996,-0.2759137
KWT,2015,-0.5604429,-0.1359019,0.21750139999999998,-0.0064347,-0.0049263,-0.24651209999999998
KWT,2016,-0.5528645,-0.030396199999999998,0.0058227,-0.0272319,-0.0655887,-0.34310759999999996
KWT,2017,-0.5526885,-0.0081301,0.0017572999999999998,-0.015378399999999999,-0.047395099999999996,-0.39800349999999995
KWT,2018,-0.5621830999999999,0.2353209,0.12371679999999999,0.0342081,-0.0261198,-0.2801652
KWT,2019,-0.5548362,0.2444237,-0.09257019999999999,0.1274651,0.061498199999999996,-0.137909
KWT,2020,-0.5956887,0.1541671,-0.102979,0.1491037,0.13004369999999998,-0.15819819999999998
KWT,2021,-0.6472608999999999,0.1528386,0.0207002,0.1806204,0.10834519999999999,-0.0629849
KWT,2022,-0.6488735,0.09910039999999999,0.2529362,0.2450856,0.2306801,0.072077
KWT,2023,-0.6129568,0.281997,0.19773,0.28030309999999997,0.22171629999999998,0.1707231
KWT,2024,-0.7765227,0.3545761,0.1633056,0.3093257,0.2551015,0.2204082
LAO,2005,-1.5882486999999998,-0.3910437,-1.2895693,-1.2378105,-1.1184713,-1.2551647
LAO,2006,-1.55622,-0.0984593,-0.9550864,-1.2033905,-1.0495767,-1.2969796999999998
LAO,2007,-1.5591947,-0.1658731,-0.9094190999999999,-1.1951232,-0.995443,-1.2742277
LAO,2008,-1.610098,0.005620399999999999,-0.8692186,-1.048665,-0.9707239999999999,-1.2417086
LAO,2009,-1.6276222,-0.0749275,-0.8851279999999999,-1.0475546,-0.9890220999999999,-1.2417158
LAO,2010,-1.5677926,-0.2124942,-0.8641219,-0.9811072999999999,-0.9091163999999999,-1.1872266999999999
LAO,2011,-1.5643459,-0.0812566,-0.8433695,-0.9636543999999999,-0.9098358999999999,-1.1470782
LAO,2012,-1.6014454,-0.08250299999999999,-0.8371717999999999,-0.8892665999999999,-0.8562846,-1.1419276
LAO,2013,-1.6000136,-0.055427199999999996,-0.6861522999999999,-0.868902,-0.8148112,-1.0774898
LAO,2014,-1.6031118,0.3266834,-0.3033667,-0.809587,-0.7253756,-1.026405
LAO,2015,-1.6065348,0.36034089999999996,-0.3636561,-0.7484818,-0.7293909,-1.000305
LAO,2016,-1.5627594,0.2917449,-0.297799,-0.7285925999999999,-0.7073343,-0.9490316999999999
LAO,2017,-1.5998888,0.23798039999999998,-0.2695822,-0.7427074,-0.780663,-1.0108766
LAO,2018,-1.6115374999999998,0.221957,-0.6451946,-0.8414899,-0.8293628,-1.1120484
LAO,2019,-1.668718,0.3067534,-0.7442673,-0.7323402999999999,-0.9298175,-1.1069524
LAO,2020,-1.6909345999999998,0.49878069999999997,-0.802885,-0.7818326,-0.8844152,-1.0616592999999999
LAO,2021,-1.6046144,0.5381728,-0.8049784999999999,-0.7415585,-0.7499610999999999,-1.0772389
LAO,2022,-1.6060387999999999,0.6616483,-0.7549992999999999,-0.8191181999999999,-0.8354288999999999,-0.9986953999999999
LAO,2023,-1.6388922,0.7185802,-0.7503712,-0.7439899999999999,-0.8212916,-0.9601843
LAO,2024,-1.6423178999999999,0.5479431,-0.6421606,-0.6609689999999999,-0.7081183999999999,-0.9959393
LBN,2005,-0.28957099999999997,-1.0064028999999999,-0.1472799,-0.24091549999999998,-0.31944459999999997,-0.6852598999999999
LBN,2006,-0.1255941,-1.5299311999999998,-0.1858515,-0.1972447,-0.4627887,-0.9676026
LBN,2007,-0.23579029999999998,-1.8346688,-0.275788,-0.25934019999999997,-0.5695443,-1.0182643999999998
LBN,2008,-0.18170019999999998,-1.4934265999999998,-0.3982731,-0.20639079999999999,-0.47465009999999996,-0.9898644
LBN,2009,-0.23377409999999998,-1.2981774,-0.42103979999999996,-0.1334568,-0.6370772,-0.9803949999999999
LBN,2010,-0.2278043,-1.4300894,-0.2786653,0.0077748999999999995,-0.6285305,-0.9605828999999999
LBN,2011,-0.2567835,-1.4479043999999999,-0.3758612,-0.24416079999999998,-0.482794,-0.861718
LBN,2012,-0.24216659999999998,-1.5657493,-0.3924088,-0.29924229999999996,-0.544474,-0.9426886
LBN,2013,-0.30396419999999996,-1.6233729,-0.4523008,-0.2498852,-0.6290633,-0.9726788999999999
LBN,2014,-0.39177819999999997,-1.5125339999999998,-0.3818583,-0.3652543,-0.7038996,-1.1118326
LBN,2015,-0.4347077,-1.4105862999999998,-0.3998006,-0.3233316,-0.79652,-1.0021414
LBN,2016,-0.5115166999999999,-1.3408699,-0.37011479999999997,-0.3698537,-0.8331738,-1.0702699
LBN,2017,-0.5249703,-1.3596939,-0.3302826,-0.3255373,-0.803632,-1.0731918
LBN,2018,-0.46357859999999995,-1.2350807,-0.5474103,-0.42156129999999997,-0.7644331999999999,-1.2211748
LBN,2019,-0.5033719999999999,-1.3579103,-0.6844028999999999,-0.5011884999999999,-0.8567127999999999,-1.2294254
LBN,2020,-0.5577651,-1.3665835,-0.9315340999999999,-0.6751676,-0.9416219,-1.2322483
LBN,2021,-0.643613,-1.3430096999999999,-1.0641004,-0.7767221999999999,-1.0304943,-1.2590921
LBN,2022,-0.6509524,-1.3618694999999998,-1.0669779,-0.9053298999999999,-1.0538556,-1.2191817999999999
LBN,2023,-0.6378269,-1.2880403,-1.1879119999999999,-0.8756345,-1.0939925,-1.2579825
LBN,2024,-0.6658301999999999,-1.4014237999999999,-1.1545539999999999,-0.9266358,-1.1142161,-1.3067560999999999
LBR,2005,-0.3695926,-1.3381592999999998,-1.7152509999999999,-1.7064681,-1.2720027,-1.3690996
LBR,2006,0.0065425,-1.255993,-1.3383087,-1.3810567,-0.8583725999999999,-0.7845898
LBR,2007,-0.048047099999999995,-1.1798047999999999,-1.3584863999999999,-1.3807899,-0.9858981,-0.7205773999999999
LBR,2008,0.0463752,-1.1825017,-1.2653032,-1.2816345,-0.9180514,-0.6011194999999999
LBR,2009,-0.0223334,-1.0434674,-1.1525296,-1.1487555,-0.9664282,-0.4170289
LBR,2010,-0.0490542,-0.3906823,-1.0649364,-1.0768472999999998,-0.9130168,-0.3909432
LBR,2011,-0.1250026,-0.46986409999999995,-1.0476812,-1.1780561,-0.8992138,-0.5530172999999999
LBR,2012,-0.0692586,-0.37782509999999997,-0.9063852,-1.0520854,-0.863139,-0.4664548
LBR,2013,-0.2122831,-0.3537336,-1.1485216,-1.0465708999999999,-0.8660169999999999,-0.6351924999999999
LBR,2014,-0.1299652,-0.5032397,-1.1294704,-0.8261058,-0.7792258,-0.7682996
LBR,2015,-0.0983049,-0.5870394,-1.1935510999999999,-0.7948542,-0.7993342,-0.7185159
LBR,2016,-0.10922789999999999,-0.4664832,-1.0980359,-0.8720072999999999,-0.8070345999999999,-0.8323119
LBR,2017,0.059501399999999996,-0.2807666,-1.0944072999999999,-0.8679692999999999,-0.7889533,-0.8902654999999999
LBR,2018,-0.0335376,-0.0358972,-1.1424401,-0.8714748,-0.8299928,-0.9812075
LBR,2019,-0.1320507,-0.26254849999999996,-1.1889645,-0.9408561,-0.8597271999999999,-0.9775676
LBR,2020,-0.11227459999999999,-0.22575869999999998,-1.3399128,-0.9654499,-0.8597693999999999,-0.8973378
LBR,2021,-0.1127242,-0.2309819,-1.2903582999999998,-0.9491206,-0.8395731,-0.9704288
LBR,2022,-0.08973189999999999,-0.3060282,-1.2715124,-0.9553275999999999,-0.8739812,-1.0471352999999999
LBR,2023,-0.0236852,-0.1734707,-1.2335159,-0.9250408,-0.9025177999999999,-1.0074208
LBR,2024,0.0164451,-0.1909435,-1.1526588,-0.8408610999999999,-0.8817421999999999,-1.0275311999999999
LBY,2005,-1.9457471,0.2132198,-1.4459374999999999,-1.4071764,-1.1096572,-1.1978247
LBY,2006,-1.8799871,0.1706068,-1.4254377999999999,-1.3368398,-1.0786236999999999,-1.1960426
LBY,2007,-1.8848977999999998,0.46982369999999996,-1.4347879,-1.1676921,-1.0209833,-1.1616414
LBY,2008,-1.8910627999999998,0.4797479,-1.2166706,-1.012086,-0.9662565,-1.1214739
LBY,2009,-1.8879723,0.4875546,-1.2122245,-1.1706265999999999,-1.1265638,-1.2090024
LBY,2010,-1.9396335999999998,-0.5097077999999999,-1.2087615,-1.2515983,-1.1415834999999999,-1.2296281999999998
LBY,2011,-1.5304867,-1.6046447,-1.1717866,-1.433046,-1.1383941,-1.2537019
LBY,2012,-0.7402555,-1.5383288,-1.1150305,-1.3593484999999998,-0.9905214999999999,-1.1191898999999998
LBY,2013,-0.7130434,-1.8840865999999998,-1.1938001999999999,-1.5649627,-1.3565281999999999,-1.2966244
LBY,2014,-1.0193216999999999,-2.2796803999999997,-1.4900183999999999,-1.9140457,-1.5592325,-1.4764469999999998
LBY,2015,-1.1902869,-2.2353319,-1.6687112,-2.0005566,-1.736292,-1.5965293999999999
LBY,2016,-1.2620506999999999,-2.2817507999999997,-1.6877833,-2.0849143999999997,-1.6736486,-1.5982801
LBY,2017,-1.2890662,-2.3191308999999998,-1.5432108999999998,-1.970527,-1.5774853,-1.6102394
LBY,2018,-1.2560589,-2.3095909,-1.5655039,-2.0471646,-1.5409574,-1.5162811999999999
LBY,2019,-1.1899397,-2.2656758,-1.6427192,-2.0724148,-1.6147779,-1.5494765
LBY,2020,-1.1886564,-2.2326688,-1.7147928,-2.0258838999999997,-1.6380272999999999,-1.5174606
LBY,2021,-1.3171731,-2.2130376,-1.5508046,-1.9470220999999999,-1.5686183,-1.549753
LBY,2022,-1.3452385,-2.0004965,-1.6515593,-1.9484865999999998,-1.7565884999999999,-1.5370281
LBY,2023,-1.3916433,-2.0394389,-1.5406731999999999,-1.862919,-1.6848416,-1.5454594
LBY,2024,-1.3751217,-1.8830164999999999,-1.498506,-1.8208149,-1.7139841,-1.5390158999999999
LCA,2005,1.2814082999999998,1.0267511,0.7889537,0.6555457,0.8953407,1.1270813
LCA,2006,1.2909106,0.9326920999999999,0.7266252999999999,0.6538651,0.8958347999999999,1.1317887
LCA,2007,1.2983074,0.5676687,0.7892425,0.6645514,0.8974297999999999,1.1284527
LCA,2008,1.3026263999999999,0.5665631,0.803024,0.44991699999999996,0.922721,1.1293623
LCA,2009,1.3030648,0.9391704,0.8660985999999999,0.5948844999999999,0.9212811,1.1293421
LCA,2010,1.2981329,0.806674,1.0586228,0.6537445,0.9416264999999999,1.3463226
LCA,2011,1.2423357,0.8027434,1.0578878,0.7136253,0.8645145,1.344689
LCA,2012,1.2179533999999999,0.8009739,0.8056038999999999,0.5582372999999999,0.8105912,1.1640321999999999
LCA,2013,1.1944284,0.8016033,0.805319,0.5579453,0.8074017,1.1642622
LCA,2014,1.1963475,0.7451799,0.25335379999999996,0.415668,0.6351983,0.3523613
LCA,2015,0.9207523999999999,0.7329127999999999,0.1291964,0.3180887,0.8019702,0.5738282
LCA,2016,0.9120839,0.9128845999999999,0.19179469999999998,0.31881119999999996,0.7974241999999999,0.5748276999999999
LCA,2017,0.8416260999999999,0.8505629,0.1914209,0.2848864,0.7411359,0.5052126
LCA,2018,0.6938582,0.8531786,0.1921773,0.28906719999999997,0.6729257,0.456961
LCA,2019,0.7136680999999999,0.853896,0.2955489,0.3448179,0.6791328999999999,0.4779077
LCA,2020,0.6309967,0.8532923,0.1150201,0.2815061,0.6310131,0.3819779
LCA,2021,0.6357996,0.8513147999999999,-0.1338637,0.1952227,0.6609516999999999,0.375332
LCA,2022,0.6328317,1.0359726999999999,0.2008679,0.19508219999999998,0.5543056,0.374067
LCA,2023,0.6564205,1.0367013,0.4002613,0.20260979999999998,0.5352722999999999,0.38147359999999997
LCA,2024,0.7347188,1.0368823,0.2776672,0.1610058,0.5240197,0.45336319999999997
LIE,2005,1.4238426,1.3235812999999998,1.2275068,1.8182904,1.0931376,1.3280539
LIE,2006,1.3829761,1.3274009,1.7456075,1.6357985,1.2487025,1.3362247
LIE,2007,1.4462378,1.3288643,1.7471678,1.6372232999999998,1.5206526,1.2578766
LIE,2008,1.4472308999999999,1.3272838999999998,1.7709587,1.6325697,1.5197019999999999,1.2142415
LIE,2009,1.6529584,1.6592365,1.6456275,1.6983182,1.6788452999999999,1.7612371
LIE,2010,1.6522473,1.6543621,1.6459941,1.6988387999999999,1.6781597,1.7616467
LIE,2011,1.6081292,1.6512376,1.6454427,1.6997894999999998,1.6545632,1.7606658
LIE,2012,1.5001064,1.6498309999999998,1.6455418,1.7256464999999999,1.5924753999999999,1.7585933999999999
LIE,2013,1.5008624,1.6503313,1.6452755,1.7498056,1.5897991,1.8164703999999998
LIE,2014,1.4287583,1.6554152,1.6555415,1.5726210999999999,1.6573552999999999,2.0130103999999998
LIE,2015,1.4256659999999999,1.516276,1.6548584,1.5746368,1.658963,2.0146680999999997
LIE,2016,1.3801653,1.5143217999999998,1.6556857999999999,1.5755331,1.6328581,2.0160071999999998
LIE,2017,1.3649711,1.5143733,1.6553362,1.6558567,1.6323771,2.0150552
LIE,2018,1.3257368,1.5172812999999998,1.6560435,1.6565758,1.6451898,2.016682
LIE,2019,1.3317185,1.6551833,1.657529,1.6581393,1.6451296,2.0189209999999997
LIE,2020,1.3313316,1.6546724,1.6518397,1.6557871,1.6466398,2.019415
LIE,2021,1.3507327999999998,1.5926475999999998,1.4650978,1.5762258999999998,1.6459797999999999,1.7557105
LIE,2022,1.352717,1.5951256,1.473947,1.5493758,1.7466434,1.7522931
LIE,2023,1.3328896,1.5957420999999998,1.6315157999999998,1.5496162999999998,1.7450393,1.7528930999999999
LIE,2024,1.3443867,1.5958953,1.6315928,1.5489891999999998,1.7449645,1.7544016
LKA,2005,-0.1289254,-1.216019,-0.37176699999999996,-0.148537,0.1317645,-0.2399424
LKA,2006,-0.2406643,-1.4904133,-0.3073226,-0.1350893,0.107045,-0.2250691
LKA,2007,-0.3492036,-1.6915586999999999,-0.2503622,-0.08974019999999999,0.046770599999999996,-0.1360584
LKA,2008,-0.43979989999999997,-1.6687732,-0.1695334,-0.1581299,-0.1399174,-0.265231
LKA,2009,-0.4050469,-1.1548504,-0.0537321,-0.11277809999999999,-0.1172955,-0.1894296
LKA,2010,-0.5755821999999999,-0.7831169,-0.08858329999999999,-0.0436186,-0.2054136,-0.2601128
LKA,2011,-0.5896783,-0.7483841999999999,-0.06917899999999999,0.0451465,-0.2666464,-0.2468095
LKA,2012,-0.6020673,-0.9376308,-0.11150629999999999,0.0415223,-0.12470809999999999,-0.3096357
LKA,2013,-0.6395217999999999,-0.8393824,-0.0849538,-0.035624499999999996,-0.3268577,-0.3127763
LKA,2014,-0.6721576,-0.544605,0.17439079999999998,0.0189415,-0.3033218,-0.4563367
LKA,2015,-0.35774259999999997,-0.085112,0.19185059999999998,0.0636701,-0.0841888,-0.3410786
LKA,2016,-0.17196019999999998,-0.1489029,0.09407349999999999,-0.0187706,-0.0716009,-0.2510184
LKA,2017,-0.15804079999999998,-0.1902701,0.08075059999999999,-0.08938,-0.0782074,-0.3072083
LKA,2018,-0.08219839999999999,-0.2822441,-0.0100755,-0.1506977,-0.029581899999999998,-0.205123
LKA,2019,-0.0685296,-0.1896999,0.027723599999999998,-0.1427553,-0.0479848,-0.1647281
LKA,2020,-0.0398412,-0.1288383,-0.0522604,-0.0760605,-0.1788215,-0.27705579999999996
LKA,2021,-0.1798976,-0.513868,-0.15660179999999999,-0.1260378,-0.2185421,-0.3366325
LKA,2022,-0.3156888,-0.7805474,-0.4156215,-0.44691569999999997,-0.32192149999999997,-0.3538376
LKA,2023,-0.3189166,-0.675161,-0.2656658,-0.4264574,-0.3276704,-0.38381149999999997
LKA,2024,-0.1110728,-0.2354926,-0.23983939999999998,-0.36830219999999997,-0.2844558,-0.3930645
LSO,2005,0.189081,-0.0942423,-0.2268654,-0.6423156,-0.0633125,-0.11877059999999999
LSO,2006,0.23768399999999998,-0.1364626,-0.4775354,-0.6179721,-0.1110125,0.07857059999999999
LSO,2007,0.0999631,-0.3007383,-0.5182012,-0.6629974,-0.1351543,0.028927099999999997
LSO,2008,-0.0467492,-0.1308678,-0.330458,-0.5133825,-0.1521103,0.11437399999999999
LSO,2009,-0.0324369,0.5146893,-0.19720649999999998,-0.5199467,-0.1473653,0.2054565
LSO,2010,-0.032368,0.5738596,-0.2118272,-0.566707,-0.2432231,0.186988
LSO,2011,-0.0398317,0.6369521,-0.2123138,-0.5810398999999999,-0.23547649999999998,0.200726
LSO,2012,0.0734152,0.24327929999999998,-0.31066489999999997,-0.48019069999999997,-0.2006145,0.0598731
LSO,2013,0.1054131,0.3078043,-0.33919509999999997,-0.3774936,-0.2057491,0.1642275
LSO,2014,-0.0101672,-0.1572772,-0.3889295,-0.4187448,-0.1329544,0.1086989
LSO,2015,-0.0026929,-0.1834893,-0.4678521,-0.4252631,-0.10944949999999999,0.0335624
LSO,2016,-0.11528039999999999,-0.2485269,-0.5147908,-0.42684629999999996,-0.15923299999999999,0.005176699999999999
LSO,2017,-0.09217149999999999,-0.1739675,-0.5379555,-0.4056615,-0.2326761,0.041315399999999995
LSO,2018,-0.061116899999999995,-0.1105361,-0.5395114999999999,-0.498658,-0.3350431,0.014287699999999999
LSO,2019,-0.0489048,-0.2618029,-0.5629611,-0.5283621,-0.3058257,-0.004765999999999999
LSO,2020,-0.0508948,-0.1262885,-0.6413378,-0.6797985999999999,-0.38962189999999997,-0.0253345
LSO,2021,-0.1075771,-0.1145496,-0.6071772,-0.6175376,-0.43103349999999996,-0.1688285
LSO,2022,0.0475059,-0.11956499999999999,-0.6786382,-0.5405978,-0.49562979999999995,-0.1542353
LSO,2023,0.0104514,-0.1475706,-0.7349777,-0.514798,-0.5207077,-0.3326436
LSO,2024,0.0676749,-0.0713215,-0.5862474,-0.4336601,-0.4386788,-0.3106538
LTU,2005,0.772083,0.7885939,0.6235263,1.0928134,0.5606574,0.5200291
LTU,2006,0.8018982,0.763231,0.5217472,1.145919,0.6396942999999999,0.3091002
LTU,2007,0.7977101,0.7992891,0.4517136,1.1089453,0.6450193,0.1864527
LTU,2008,0.8362670999999999,0.745884,0.3577952,1.0592903,0.557998,0.18342429999999998
LTU,2009,0.9119860999999999,0.6128599,0.5691206,1.0070276999999999,0.5676616999999999,0.2239482
LTU,2010,0.9249318,0.7003600999999999,0.6051321,0.9973139,0.6229821,0.4933086
LTU,2011,0.8747482,0.6652874,0.6142536,0.9793368,0.572793,0.4394764
LTU,2012,0.8593061,0.7004446999999999,0.7179719999999999,1.0518399,0.609111,0.5678656
LTU,2013,0.8628863,0.9710215,0.7357722,1.0553678,0.6145124,0.5892702
LTU,2014,0.8784567,0.9095203,0.825753,1.0735242,0.7709509,0.5892552999999999
LTU,2015,0.8864928,0.9301024,0.8985133,1.2448048999999999,0.8671217,0.6719955
LTU,2016,0.8481006,0.9466308999999999,0.8491609,1.1022002,0.9238706,0.7262799999999999
LTU,2017,0.8731342,0.8810688999999999,0.7791942,1.1155723,0.8781658,0.6668253
LTU,2018,0.8154705,0.90133,0.8913696999999999,1.0936379,0.7460734,0.4525353
LTU,2019,1.0516457,0.9685999,0.8788963999999999,1.0180124,1.0621977,0.7586674
LTU,2020,1.0310382,1.1308714,0.8964074999999999,0.930481,1.0295744,0.8767552
LTU,2021,1.1192467,0.9993209,0.982143,1.1886122,1.2140233,0.931457
LTU,2022,1.1609717,0.9530597,0.9545351,1.1953582999999999,1.2231429,0.8628452
LTU,2023,1.1723538,0.9606745999999999,0.9622735,1.1706866999999999,1.3167229999999999,0.8741121
LTU,2024,1.186293,0.9947775999999999,1.0621658999999999,1.1962878,1.3217449,0.9083546
LUX,2005,1.402935,1.2376700999999999,1.7147252,1.9380019,1.5277208,1.7216525999999999
LUX,2006,1.5387579,1.3492857999999999,1.7990815,1.7251603,1.6255670999999998,2.0370534
LUX,2007,1.5385441,1.4799947999999998,1.7666803,1.7429564,1.7083466999999999,2.0692108
LUX,2008,1.5692534,1.5079437999999998,1.8828026999999998,1.6885122,1.6754042,2.0730225
LUX,2009,1.6010354999999998,1.4733397,1.9488895,1.7069998,1.6776696,2.0522841
LUX,2010,1.5773952,1.4710938999999998,1.9011159999999998,1.7139103,1.7203572,2.0818996
LUX,2011,1.5884003999999998,1.3717435999999998,1.9876732,1.8230491,1.7364279999999999,2.2303968999999997
LUX,2012,1.5821637,1.3617808,1.9503454999999998,1.7341598,1.7620935999999998,2.171591
LUX,2013,1.55159,1.3178562,1.8855754,1.7491469,1.7474695,2.1554816999999997
LUX,2014,1.5202878,1.418215,1.8829396999999999,1.5757421999999999,1.7327895999999998,2.1741161
LUX,2015,1.5387346,1.4004352,1.9394178,1.6519054,1.7930043,2.2249266999999997
LUX,2016,1.5301335,1.3255382999999998,1.9184691999999999,1.7042332999999998,1.7835097,2.1927244999999997
LUX,2017,1.5548822,1.2662385999999999,1.969242,1.6356024999999998,1.7791407,2.1497253
LUX,2018,1.5339376999999998,1.2980308,1.9578069999999999,1.7328820999999999,1.8415545999999998,2.2117837
LUX,2019,1.5352207999999998,1.2979886,1.9996744,1.7329157,1.8275785999999998,2.2601991
LUX,2020,1.5173299,1.2111919,1.8669198,1.7935713,1.7471301,2.2691369
LUX,2021,1.6181793999999998,1.1468782,1.9401597,1.8462413999999998,1.7460091999999998,1.9687389
LUX,2022,1.6358324,1.0315284999999998,1.9232756,1.8558502,1.7651580999999998,1.9707508999999999
LUX,2023,1.612185,1.0358298,2.1233075,1.7496710999999998,1.7334851999999998,1.9740711
LUX,2024,1.5969518,1.0861789,1.9495118999999999,1.7520706,1.7373938,2.0010215
LVA,2005,0.6629710999999999,0.8358061,0.3915612,0.9958496,0.5558768,0.3246002
LVA,2006,0.6967453,0.8901283999999999,0.4159969,1.0843116,0.6230318,0.405088
LVA,2007,0.7159025,0.7554751,0.310321,1.0512215,0.695406,0.3147931
LVA,2008,0.7046920999999999,0.41805549999999997,0.38969879999999996,1.0384938,0.694583,0.2826685
LVA,2009,0.8078149,0.6290156,0.45922979999999997,1.0266686,0.6237206,0.26471839999999996
LVA,2010,0.7980762,0.5740275,0.5593851,1.0349549,0.7045386,0.3498235
LVA,2011,0.7227758999999999,0.365818,0.5731951,1.0535265,0.6084193,0.39506939999999996
LVA,2012,0.6483000999999999,0.4859016,0.6075712,0.9620145,0.6326005,0.3910411
LVA,2013,0.6588830999999999,0.6236224,0.6841714999999999,0.9728899999999999,0.616695,0.43960679999999996
LVA,2014,0.7319201,0.7168133999999999,0.8540161,1.0359634,0.7215952999999999,0.48104769999999997
LVA,2015,0.7172772,0.7172816,0.7605405,1.0394951,0.7134223,0.5774446999999999
LVA,2016,0.6887935,0.6450762,0.6989605,1.0084716,0.7087743999999999,0.5677838
LVA,2017,0.6956964999999999,0.6787428999999999,0.6831149999999999,1.0240323999999998,0.6933699999999999,0.6164472
LVA,2018,0.6829917999999999,0.6716770999999999,0.8104199,1.0469344999999999,0.6567474999999999,0.5443315
LVA,2019,0.8974437,0.6847049,0.8342421999999999,1.0572059999999999,0.8729038,0.7000827
LVA,2020,0.9037735,0.7246216,0.8373453,1.0387174,0.9053462999999999,0.7157171999999999
LVA,2021,0.9749911,0.8083583,0.9120273999999999,1.1338789999999999,1.0005766999999999,0.8515016999999999
LVA,2022,1.0489642,0.7813041,0.7668518999999999,1.0016216,1.0247783,0.833932
LVA,2023,1.0855146,0.8481082,0.7059040999999999,0.9680179999999999,1.0422508,0.8023374999999999
LVA,2024,1.1181737999999999,0.8244870999999999,0.7933559,1.0657744,1.0388993,0.8109784999999999
MAC,2005,0.3719366,1.2491503,1.2275068,1.2832519,0.8000025,0.3914726
MAC,2006,0.38038269999999996,0.9431276,0.7072828,1.2791063,0.5410273999999999,0.3996434
MAC,2007,0.15888739999999998,0.32885719999999996,0.708843,1.1021847999999999,0.2849408,-0.07443759999999999
MAC,2008,0.1617026,0.3275202,0.7326339,1.1433138999999999,0.4042214,-0.07285889999999999
MAC,2009,0.6600296999999999,0.3184877,1.0832199999999998,1.4126889,0.7176583,0.3382745
MAC,2010,0.6588594999999999,0.3128359,1.0835865999999998,1.4375731999999999,0.7169751,0.3386899
MAC,2011,0.6606721999999999,0.30921299999999996,1.0830351999999999,1.4383812999999999,0.7199316,0.33769489999999996
MAC,2012,-0.0142338,0.30758209999999997,0.5882904,1.4348043,0.5975302,0.0404111
MAC,2013,-0.016449099999999998,0.7517458,0.5880240999999999,1.4345215999999998,0.5948631,0.0405802
MAC,2014,-0.0142498,1.1243134,1.1606976,1.6713772999999998,0.8639992999999999,0.5677664
MAC,2015,0.2106851,1.1217412,1.1600145,1.673393,0.9261277,0.5694241
MAC,2016,0.2096861,1.3128962,0.9733727999999999,1.5954243,0.9265842999999999,0.8352803999999999
MAC,2017,0.20887239999999999,1.3129591,1.1604923999999999,1.5968830999999999,0.926105,0.5698113
MAC,2018,0.2071229,1.1545457,0.9737304999999999,1.5187374999999999,0.9865537999999999,0.571438
MAC,2019,-0.0999429,1.1555191999999999,0.975216,1.520301,0.9282011,0.573677
MAC,2020,-0.1010157,1.0579298,0.9695267,1.439084,0.8601573,0.574171
MAC,2021,-0.4132648,0.9584764,0.9702539,1.4383876,0.7860433,0.5749837
MAC,2022,-0.4147744,0.9624497,0.9701679999999999,1.4359794,0.7840134999999999,0.5715663
MAC,2023,-0.4167688,0.9634383,0.9702579,1.4362199,0.7820383,0.5721662
MAC,2024,-0.41784849999999996,1.0604540999999998,0.9703495999999999,1.3830658999999998,0.8553223999999999,0.5736747
MAR,2005,-0.6163618,-0.5703826,-0.5243924,-0.48966719999999997,-0.3935858,-0.5208948999999999
MAR,2006,-0.5786311,-0.38451209999999997,-0.3712223,-0.1418247,-0.3409254,-0.3501449
MAR,2007,-0.5904055,-0.4075586,-0.3259755,-0.100716,-0.3562991,-0.30879609999999996
MAR,2008,-0.6718552999999999,-0.5237432,-0.2840777,-0.063415,-0.4300187,-0.3770037
MAR,2009,-0.6763543,-0.4178649,-0.2642086,0.0241738,-0.3944259,-0.3851813
MAR,2010,-0.49590229999999996,-0.4319165,-0.0698771,0.0075841,-0.3661926,-0.3010548
MAR,2011,-0.49215,-0.49961619999999995,-0.0793629,-0.076184,-0.36242759999999996,-0.5127307
MAR,2012,-0.549791,-0.5653204,-0.11125099999999999,0.021248799999999998,-0.321699,-0.5169486
MAR,2013,-0.7036188,-0.6894920999999999,-0.1289843,0.0296583,-0.4165983,-0.42951649999999997
MAR,2014,-0.6812845,-0.4002591,-0.19941419999999999,0.0705582,-0.35806659999999996,-0.4259925
MAR,2015,-0.6544101,-0.4530588,-0.1856786,0.1104148,-0.3500977,-0.339211
MAR,2016,-0.5811356,-0.47418109999999997,-0.123608,0.04375,-0.2779122,-0.3027111
MAR,2017,-0.6076266,-0.5055073999999999,-0.1958943,0.0316703,-0.36033119999999996,-0.3804182
MAR,2018,-0.6871663,-0.4294753,-0.2621544,-0.0947799,-0.3106371,-0.4836393
MAR,2019,-0.6800752,-0.39299,-0.108225,0.0148601,-0.305738,-0.47130289999999997
MAR,2020,-0.7018977,-0.41413049999999996,-0.030531899999999997,0.0500585,-0.2969523,-0.44931849999999995
MAR,2021,-0.689027,-0.4674578,-0.0359096,-0.06759269999999999,-0.41952439999999996,-0.46692259999999997
MAR,2022,-0.6910168999999999,-0.49680949999999996,-0.045201599999999995,-0.0668499,-0.4241877,-0.4811719
MAR,2023,-0.7151946,-0.544303,0.0240041,-0.0480585,-0.3753342,-0.5637295
MAR,2024,-0.6864869,-0.4612173,0.17761659999999999,-0.042767799999999995,-0.333096,-0.5141399
MCO,2005,0.9446393999999999,0.922789,,,1.2512458,
MCO,2006,0.9487142,0.9275030999999999,,,1.252696,
MCO,2007,0.9467656999999999,0.9293091,,,1.2573778,
MCO,2008,0.9481238999999999,0.9273585999999999,,,1.2555897,
MCO,2009,0.9488129,0.9389314,,,1.2502437,
MCO,2010,1.0356774,0.9281142,,,1.2472102999999999,
MCO,2011,0.7727552999999999,0.9211802,,,1.2603370999999999,
MCO,2012,0.7707896,0.9180587,,,1.2543464,
MCO,2013,0.8071128,0.9191691,,,1.2425045,
MCO,2014,0.8101286999999999,0.9304511999999999,,,1.2502326,
MCO,2015,0.8107378,1.1907600999999999,1.7903502999999998,1.3331553,1.6129493,1.7938889999999998
MCO,2016,0.7496474999999999,1.1888887,1.7918778,1.3358577,1.6140272,1.7970499999999998
MCO,2017,0.721386,1.5549852,1.7912325,1.3402562,1.6128958999999998,1.7948028999999999
MCO,2018,0.9227715999999999,1.5577698,1.7925383,1.3424245,1.5667715,1.7986429
MCO,2019,0.9763940999999999,1.5585335999999999,1.7952807,1.3471387,1.5666126999999999,1.803928
MCO,2020,0.9750217,1.1918437,1.7847771,1.3400463999999999,1.3972873,1.1807063
MCO,2021,0.9895765,1.1897385999999999,1.7861197,1.3379467999999999,1.3955446,1.1826246
MCO,2022,0.9876453,1.3758793999999999,1.7170375,1.3306854,1.3622196,1.1745577999999999
MCO,2023,0.9418449,1.376655,1.7171603,1.3314105999999999,1.3585399999999999,1.1759739999999999
MCO,2024,0.9404636999999999,1.2497797,1.7172855,1.0917245,1.3583684999999999,1.8039223999999998
MDA,2005,-0.4847571,-0.38632069999999996,-0.9557846,-0.5473737,-0.3096933,-0.9257915999999999
MDA,2006,-0.1055267,-0.2250595,-0.8852882999999999,-0.4580411,-0.3241369,-0.8407274
MDA,2007,-0.10729599999999999,0.0439084,-0.8049008,-0.34336269999999997,-0.2763877,-0.8250221999999999
MDA,2008,-0.0755646,-0.2500807,-0.566483,-0.2819026,-0.2810978,-0.7966390999999999
MDA,2009,-0.1308552,-0.27897089999999997,-0.5863142,-0.23749209999999998,-0.3359951,-0.7664088
MDA,2010,0.1432723,-0.0679941,-0.39865629999999996,-0.1734193,-0.32484589999999997,-0.6792402
MDA,2011,0.25089,0.1377243,-0.4078072,-0.1677726,-0.2621659,-0.6444884
MDA,2012,0.1272254,0.1319448,-0.3879183,-0.23529989999999998,-0.33570289999999997,-0.7122566
MDA,2013,0.0374469,0.1417355,-0.3418499,-0.1729869,-0.3972197,-0.8029238
MDA,2014,0.0325414,-0.0793923,-0.3173493,-0.08817019999999999,-0.3509448,-0.9830633
MDA,2015,0.0053825,-0.1743775,-0.4939069,-0.19659189999999999,-0.4166549,-1.0527956
MDA,2016,-0.0424649,-0.18524559999999998,-0.4701282,-0.23066699999999998,-0.4183247,-1.1144129
MDA,2017,-0.051665499999999996,-0.194054,-0.324197,-0.12038839999999999,-0.4241841,-0.9504303
MDA,2018,-0.09429649999999999,-0.2355291,-0.1505819,-0.19244809999999998,-0.396312,-0.8705151
MDA,2019,-0.0575903,-0.15340199999999998,-0.1990611,-0.08653279999999999,-0.3705987,-0.7756071
MDA,2020,0.0006016,-0.15606309999999998,-0.1995639,-0.12024009999999999,-0.3708583,-0.7328496
MDA,2021,0.10244349999999999,-0.049083999999999996,-0.1768566,-0.062115399999999994,-0.2482334,-0.5510841
MDA,2022,0.1822155,-0.2320836,-0.11757229999999999,-0.0186557,-0.19808869999999998,-0.4226647
MDA,2023,0.3078285,-0.2614804,-0.08766979999999999,-0.0257026,-0.1914933,-0.2679002
MDA,2024,0.3189731,-0.3336941,0.1932837,-0.0192186,-0.1592122,-0.2918919
MDG,2005,-0.0659881,-0.0864539,-0.51177,-0.43193709999999996,-0.28357899999999997,-0.29067919999999997
MDG,2006,-0.0159014,0.1048079,-0.5720839,-0.40855349999999996,-0.3056656,-0.1759752
MDG,2007,0.0567047,0.0714088,-0.4475124,-0.3726247,-0.3091231,-0.13850569999999998
MDG,2008,-0.2440514,-0.4972356,-0.3954452,-0.4350555,-0.3544965,-0.17704119999999998
MDG,2009,-0.6899487,-0.7801551,-0.4244308,-0.5676506,-0.7234750999999999,-0.2065214
MDG,2010,-0.7090865,-1.1982286,-0.6616943,-0.7291189,-0.8540331999999999,-0.386698
MDG,2011,-0.6812306,-0.8378583,-0.7235501999999999,-0.7391411,-0.8567366999999999,-0.4451631
MDG,2012,-0.8275618,-0.7155121999999999,-0.9032068999999999,-0.7414157,-0.8397002,-0.6293529999999999
MDG,2013,-0.8371561,-0.6216549,-0.930407,-0.8649840999999999,-1.0178937,-0.7321293
MDG,2014,-0.6622804999999999,-0.5694348,-0.9782751,-0.8827242,-0.9159139,-0.7653179999999999
MDG,2015,-0.5798019999999999,-0.5273960999999999,-0.9713841,-0.8722711999999999,-0.7876409999999999,-0.781338
MDG,2016,-0.5593621999999999,-0.4799485,-0.7875983,-0.7881457,-0.7398408,-0.7908961
MDG,2017,-0.5736945999999999,-0.5442279,-0.7849811,-0.7816962,-0.7828487,-0.9241969999999999
MDG,2018,-0.4718655,-0.7652148999999999,-0.8417838999999999,-0.8789623,-0.7825029,-0.9250263999999999
MDG,2019,-0.412288,-0.5538474999999999,-0.8215709,-0.8249264,-0.8437956,-0.9320767
MDG,2020,-0.36647599999999997,-0.6006557,-0.862661,-0.8466625999999999,-0.8433404999999999,-0.8520133
MDG,2021,-0.4337261,-0.48359979999999997,-0.9084198,-0.8506459,-0.8764660999999999,-0.9525092
MDG,2022,-0.42596609999999996,-0.5578586999999999,-0.8902070999999999,-0.8137439999999999,-0.9703645999999999,-0.99584
MDG,2023,-0.4998041,-0.8408173,-0.9208641,-0.8286171999999999,-0.9504825,-1.0017346999999999
MDG,2024,-0.5995315999999999,-0.49487549999999997,-0.8394602999999999,-0.767413,-0.8816875999999999,-1.0280006
MDV,2005,-0.8644368,0.664936,-0.0369925,0.1057393,-0.11109179999999999,-0.45160829999999996
MDV,2006,-0.8165118,0.6452855,-0.0375871,0.10413209999999999,-0.06781899999999999,-0.5303728
MDV,2007,-0.6974288,-0.0156287,-0.0367133,0.0176196,-0.1558847,-0.7540509999999999
MDV,2008,-0.2265766,-0.16086689999999998,-0.1434935,-0.30940629999999997,-0.1830057,-0.7304771999999999
MDV,2009,0.0431265,-0.11369499999999999,-0.17984319999999998,-0.30878469999999997,-0.09872879999999999,-0.5365677
MDV,2010,0.019937299999999998,-0.1413882,-0.0220513,-0.2037174,-0.1409904,-0.5514743
MDV,2011,-0.0299075,-0.275569,-0.11305069999999999,-0.273362,-0.4458432,-0.5382374999999999
MDV,2012,-0.2923639,-0.3213688,-0.053284899999999996,-0.2859814,-0.49676499999999996,-0.7065937999999999
MDV,2013,-0.4464052,-0.009658,-0.1132236,-0.31057019999999996,-0.7307659,-0.7598771999999999
MDV,2014,-0.459611,0.47370789999999996,-0.1820109,-0.29472699999999996,-0.5009812,-0.5737302
MDV,2015,-0.5483587,0.0491034,-0.2423806,-0.33546349999999997,-0.6017125,-0.5852191
MDV,2016,-0.6035191999999999,0.047393899999999996,-0.0695113,-0.2559642,-0.570504,-0.7610346
MDV,2017,-0.7064638999999999,-0.068641,-0.30955109999999997,-0.254282,-0.6390907,-0.8639494
MDV,2018,-0.6378512,-0.15413659999999998,-0.3086472,-0.2534527,-0.5794996,-0.8877482
MDV,2019,-0.2627116,-0.0971233,0.0065936,-0.2516497,-0.4335117,-0.5141371
MDV,2020,-0.1345323,0.2072283,-0.10487769999999999,-0.3744979,-0.30313599999999996,-0.1658386
MDV,2021,-0.1824759,0.44028229999999996,0.1356451,-0.2843558,-0.11572589999999999,-0.1557279
MDV,2022,-0.24594929999999998,0.2405657,-0.2449007,-0.37807799999999997,0.1397236,-0.2624325
MDV,2023,-0.1877457,0.0413995,-0.24480829999999998,-0.3778007,0.1200256,-0.2617632
MDV,2024,-0.37275919999999996,0.0185444,-0.2447141,-0.3007781,0.1160556,-0.3582129
MEX,2005,0.37993279999999996,-0.3638413,-0.1405651,0.38654469999999996,-0.20516469999999998,-0.4360003
MEX,2006,0.265563,-0.6113275,-0.0958788,0.4329993,-0.20193989999999998,-0.34134739999999997
MEX,2007,0.2260815,-0.6250424,-0.17372169999999998,0.40410999999999997,-0.2868539,-0.405634
MEX,2008,0.2410901,-0.7420654999999999,0.143898,0.3925821,-0.5504319999999999,-0.3899818
MEX,2009,0.3478562,-0.7926025,0.22886199999999998,0.3881443,-0.49640439999999997,-0.3161464
MEX,2010,0.3688509,-0.8257924,0.0700301,0.17388779999999998,-0.5242388,-0.3823777
MEX,2011,0.2279356,-0.7415782999999999,0.21225259999999999,0.2068073,-0.6126498,-0.42463969999999995
MEX,2012,0.1673895,-0.8083125,0.3024831,0.32533239999999997,-0.6195841999999999,-0.4872013
MEX,2013,0.1502347,-0.8135894,0.305982,0.3266967,-0.6605803,-0.5629754
MEX,2014,0.057189399999999994,-0.9571687,0.1897215,0.2691417,-0.5893073999999999,-0.7907341999999999
MEX,2015,-0.008149,-0.8948351,0.1614725,0.23491769999999998,-0.6621419,-0.8427140999999999
MEX,2016,-0.0277664,-0.831428,0.1836197,0.22331369999999998,-0.6474156,-0.8093964
MEX,2017,-0.082801,-1.0373371999999998,0.0927696,0.22886499999999999,-0.7120584,-0.9494821
MEX,2018,0.0181155,-0.9247242999999999,0.0375159,0.0692347,-0.8066755,-0.9611369999999999
MEX,2019,0.014604899999999999,-0.9019651,0.0548906,0.0463344,-0.8661314999999999,-0.8924061
MEX,2020,-0.0153884,-0.7922916,0.0117015,-0.0312564,-0.9496378999999999,-0.8568578
MEX,2021,-0.12259859999999999,-0.7609519,-0.02505,-0.1087152,-0.9888321,-0.8747726
MEX,2022,-0.1404157,-0.5967501,-0.0936313,-0.0750129,-1.0602143,-0.8785122
MEX,2023,-0.1632709,-0.6266096999999999,-0.1119496,-0.1471649,-1.0733044999999999,-0.9210263
MEX,2024,-0.2410541,-0.5801221,-0.1853724,-0.1576756,-1.1147407999999999,-0.9251218999999999
MHL,2005,1.0730391,0.978151,-0.6486254,-0.5721166,1.1984280999999999,-0.1936781
MHL,2006,1.0615024,0.9881793,-0.9082026,-0.8572238,1.1206725,-0.45011809999999997
MHL,2007,1.0595544,0.9920213,-1.0294576,-0.8530182,1.2042652999999999,-0.47976569999999996
MHL,2008,1.0473432999999999,0.987872,-0.9323705,-0.8667541,1.2025632,-0.4716824
MHL,2009,0.9960576999999999,1.5846744,-0.9464944999999999,-1.0946677,0.8906546999999999,-0.3124365
MHL,2010,0.9945008,1.3463327999999999,-0.7545877,-1.0492723,1.0110675999999998,-0.3956406
MHL,2011,0.9159326999999999,1.5669233,-1.1933943999999999,-1.0583571999999999,0.6591992,-0.15764419999999998
MHL,2012,0.9143003,1.5638017,-1.1932059,-1.0643306,0.6563527,-0.1629737
MHL,2013,0.9196778,1.5649121,-1.1615159,-1.0904028,0.6902263,-0.037403
MHL,2014,0.9182321999999999,1.5761942,-1.1420033,-1.0899664,0.6938982,-0.104659
MHL,2015,0.9725904,1.1452780999999999,-0.3512636,-0.8164848,0.7068375,0.8140090999999999
MHL,2016,0.9673701,0.8660741,-0.35020619999999997,-0.7938569999999999,0.7075418,0.7763810999999999
MHL,2017,0.9664193,1.1426737999999999,-0.3506529,-0.7918227,0.7068026,0.7748463
MHL,2018,0.9369206999999999,1.1466539999999998,-0.371398,-0.7962364,0.6073149,0.3510289
MHL,2019,0.9713777,1.1728002,-0.3694996,-0.794056,0.8961838999999999,0.35463849999999997
MHL,2020,0.7930374,1.0648758999999999,-0.25092169999999997,-0.8913538999999999,0.8290265,-0.0215037
MHL,2021,0.788696,1.0153809999999999,-0.2499923,-0.8923249,0.8280871,-0.0201935
MHL,2022,0.7875101,1.3222677,-0.19746909999999998,-0.9170613999999999,0.8797826999999999,-0.025702899999999997
MHL,2023,0.7859433,1.3229125,-0.1973767,-0.9167259999999999,0.8775854,-0.0247357
MHL,2024,1.0021739,1.3230726,-0.3578279,-0.729565,0.877483,0.35463469999999997
MKD,2005,-0.030167399999999997,-0.9670088,-0.4168628,-0.1504992,-0.3208638,-0.5087769
MKD,2006,0.2477786,-0.6422886,-0.330208,0.1085197,-0.4824767,-0.2866448
MKD,2007,0.284435,-0.27351939999999997,-0.3245283,0.1464788,-0.3475471,-0.26983
MKD,2008,0.291184,-0.185254,-0.17922649999999998,0.17866559999999998,-0.2869792,-0.2573221
MKD,2009,0.2719967,-0.0830718,-0.1419078,0.2122286,-0.27681459999999997,-0.2429989
MKD,2010,-0.0220565,-0.430153,-0.43334619999999996,-0.0859732,-0.3996103,-0.3069325
MKD,2011,-0.1548752,-0.6515698999999999,-0.28038009999999997,-0.059152199999999995,-0.36798939999999997,-0.3336046
MKD,2012,0.050947,-0.37634249999999997,9.58e-05,0.22186899999999998,-0.1896958,-0.1211888
MKD,2013,-0.0420305,-0.3805863,0.0059241,0.1515471,-0.20639259999999998,-0.08277749999999999
MKD,2014,-0.1127912,0.20390339999999998,0.2272619,0.2853481,-0.1855074,-0.1776172
MKD,2015,-0.1768773,-0.2198674,-0.0035505999999999997,0.2404057,-0.2661557,-0.3404665
MKD,2016,-0.2237527,-0.3553366,-0.1421008,0.24115709999999999,-0.3148639,-0.32935149999999996
MKD,2017,-0.1832189,-0.258718,-0.018663199999999998,0.34104629999999997,-0.3059109,-0.2946408
MKD,2018,0.0130677,-0.135212,0.1460339,0.41419229999999996,-0.2132086,-0.34217159999999996
MKD,2019,0.0335006,0.0152375,0.0158607,0.28241489999999997,-0.2691976,-0.4619488
MKD,2020,0.054278099999999996,0.0670273,-0.0126141,0.3929494,-0.15783819999999998,-0.4591144
MKD,2021,0.122357,0.0836191,0.00048449999999999996,0.3231231,-0.09663179999999999,-0.3875147
MKD,2022,0.13759659999999999,0.3253508,0.0656707,0.3065884,-0.1636292,-0.3360298
MKD,2023,0.14485019999999998,0.22557259999999998,0.0764372,0.27948999999999996,-0.2813075,-0.3457515
MKD,2024,0.1911346,0.28862889999999997,0.1238642,0.3473938,-0.22387839999999998,-0.3302305
MLI,2005,0.26845399999999997,0.1877728,-0.8290107,-0.4035083,-0.20076249999999998,-0.4927027
MLI,2006,0.2805565,0.47375399999999995,-0.8642826,-0.40019279999999996,-0.22387669999999998,-0.4599783
MLI,2007,0.2505752,0.3552352,-0.8160400999999999,-0.3314715,-0.0962494,-0.4788713
MLI,2008,0.2136823,0.2983514,-0.5243420999999999,-0.3541715,-0.3330596,-0.5484871
MLI,2009,0.1432172,0.1824934,-0.6249336999999999,-0.41252629999999996,-0.29825999999999997,-0.4995804
MLI,2010,0.0814283,-0.1431715,-0.7364495,-0.5465208,-0.38263949999999997,-0.5671073
MLI,2011,0.1095881,-0.7426879,-0.6438056999999999,-0.49674939999999995,-0.4286078,-0.5404855
MLI,2012,-0.5214890999999999,-1.9534582999999999,-0.8291354,-0.5320269,-0.7239166,-0.6603334
MLI,2013,-0.3856843,-1.6408449999999999,-0.7775489,-0.6300812,-0.7926829999999999,-0.5909145
MLI,2014,-0.2582223,-1.5978529,-0.9475199999999999,-0.6463538,-0.686265,-0.6582068999999999
MLI,2015,-0.2615169,-1.5532877999999999,-0.8416085,-0.5142616,-0.7460171,-0.6206803
MLI,2016,-0.272814,-1.5453483,-0.8281225999999999,-0.5675072999999999,-0.7452327999999999,-0.6354921
MLI,2017,-0.2962797,-1.7162187999999998,-0.7779027,-0.569373,-0.7371584,-0.6991183
MLI,2018,-0.41741239999999996,-1.8815567,-0.8804147,-0.6166136,-0.7320458,-0.7375931
MLI,2019,-0.43927689999999997,-2.0477059,-0.993317,-0.6541133,-0.7682781999999999,-0.7641773
MLI,2020,-0.5923655999999999,-2.0591026,-1.1669175,-0.7254182,-0.827912,-0.7760642
MLI,2021,-0.7623578999999999,-2.3312017,-1.2240798,-0.6726403999999999,-0.8666707,-0.8966191
MLI,2022,-0.9101749,-2.4620949,-1.2694074,-0.7118261,-1.0133516999999999,-0.851721
MLI,2023,-1.0190622999999999,-2.5569748999999997,-1.2796744,-0.7342343,-1.0249253,-0.8493415
MLI,2024,-1.1808505999999999,-2.4673455,-1.3596933,-0.7464801999999999,-1.0755105999999999,-0.9652885
MLT,2005,1.2596535,1.1058885999999999,0.8484229,1.1317221,1.5120535,0.9295431999999999
MLT,2006,1.1932927,1.0364801,0.9479687,1.3188088,1.5039137999999999,1.0519071
MLT,2007,1.2325283999999999,1.1068676,1.0256669,1.3389891999999999,1.5550088,1.0031170999999999
MLT,2008,1.3072168,1.1828592999999998,1.1867214,1.3722128999999998,1.5750062,0.9976309999999999
MLT,2009,1.2512131,1.1768056999999998,1.0440555999999999,1.3133743,1.419729,0.9638779999999999
MLT,2010,1.2273026,1.1989714,1.0378601,1.3391597,1.4449452,0.9647504
MLT,2011,1.1603826,0.9795423999999999,1.035965,1.2284541,1.2448721999999999,0.9448858
MLT,2012,1.1577477999999999,1.0017053999999999,1.1119309,1.2367462,1.267035,0.9075675
MLT,2013,1.2037282999999999,0.9498376,1.2248090999999999,1.2101605,1.2313074,0.9129375999999999
MLT,2014,1.1752742999999999,1.0344958,1.1141098,0.9247451999999999,1.0357631,0.8106318
MLT,2015,1.1880009999999999,0.9424473,1.067949,1.0141772,1.1037929,0.8506209
MLT,2016,1.1665676999999999,0.9203098,1.1591615,1.0864341,1.0616189999999999,0.7842439999999999
MLT,2017,1.1204631999999999,1.0679486999999999,1.1329912,1.249639,1.1343476,0.7932072
MLT,2018,1.166158,1.1005951999999999,1.1376933999999999,1.2566815999999998,1.0681801,0.7400469
MLT,2019,1.1303353,0.9176204,1.0738466,0.8940193,1.0209006999999999,0.41475019999999996
MLT,2020,1.1179412,0.9899391,0.9640346,1.1250403,0.8876394,0.49915109999999996
MLT,2021,1.0562805,0.9277719,1.1368848,0.7620796999999999,0.8822314,0.4864425
MLT,2022,1.0674761,0.9283233999999999,0.9518272,0.6214451999999999,0.8778492,0.46639329999999996
MLT,2023,1.0819988999999999,0.9446737,0.8880691,0.5600083,0.8215523,0.4717243
MLT,2024,0.9769422,0.9127799999999999,0.699046,0.5133696,0.7013028,0.2665144
MMR,2005,-2.2071152,-0.9843499,-1.7968685999999998,-2.3147870999999998,-1.8329091,-1.5934715
MMR,2006,-2.1698318999999997,-0.822981,-1.6785664,-2.1144963,-1.6262793999999998,-1.5917341999999999
MMR,2007,-2.1648212,-1.0704702,-1.6781009999999998,-2.1142133999999997,-1.6257929999999998,-1.5322453
MMR,2008,-2.1887125,-1.1505178,-1.5973271,-2.1151374,-1.6503474,-1.5319097
MMR,2009,-2.1797917,-1.1788025,-1.6588380999999999,-2.1446359999999998,-1.6567645,-1.5505335
MMR,2010,-1.6378287,-1.1039968,-1.2664157999999999,-1.6816016999999999,-1.4412983,-1.1873491
MMR,2011,-1.519893,-1.0995934,-1.2606266,-1.6102938999999998,-1.3540037999999999,-1.1850758
MMR,2012,-1.3567228,-1.0754512999999999,-1.5319041,-1.7808423999999998,-1.3340942,-1.2591548
MMR,2013,-1.2835695999999999,-1.3048286999999998,-1.4590055,-1.4755673999999999,-1.201242,-1.1013340999999999
MMR,2014,-1.2200491999999998,-1.1756278999999998,-1.2024628,-1.3556998999999998,-1.1914352,-1.0008369
MMR,2015,-1.1415804,-1.1347327,-1.1309061999999999,-1.1378507,-1.1921009,-0.952886
MMR,2016,-0.9153406,-1.0412865,-1.0360794,-0.9047795999999999,-1.0089651,-0.8496421
MMR,2017,-1.0116114999999999,-1.2548740999999999,-1.1096785,-0.866849,-1.0513374,-0.7574902
MMR,2018,-0.9610344,-1.3033352,-1.1792099,-0.8452561,-1.1429034999999999,-0.76356
MMR,2019,-0.918102,-1.3698089,-1.1766482,-0.8772310999999999,-1.1547705,-0.7615221
MMR,2020,-0.8667185,-1.5452643,-1.212807,-0.7445949,-1.1577237,-0.6237381
MMR,2021,-1.4786306,-2.1012044,-1.6074937,-1.1469696999999999,-1.5646168999999999,-0.9347091999999999
MMR,2022,-1.9039792999999998,-2.2319979,-1.7071139,-1.2663676,-1.6412668,-1.1333020999999999
MMR,2023,-2.0491246,-2.2074933,-1.6570015,-1.4791839999999998,-1.6982401,-1.108647
MMR,2024,-2.1409359,-2.0814022,-1.6409445999999999,-1.4552256,-1.7868629999999999,-1.2486686
MNE,2005,-0.25952349999999996,0.7696999999999999,,,0.1511093,-0.2672904
MNE,2006,0.2956372,0.2041867,0.1681423,-0.3190445,0.06297559999999999,-0.0425138
MNE,2007,0.24508819999999998,0.166579,-0.1605632,-0.1208413,0.019958999999999998,-0.09611249999999999
MNE,2008,0.26779749999999997,0.7163345,-0.0175078,-0.0435752,-0.0186788,-0.2446257
MNE,2009,0.2490329,0.7054800999999999,0.0638672,0.048892,-0.017462099999999998,-0.2484883
MNE,2010,-0.0026274,0.4840963,-0.2506984,-0.0377411,-0.0987092,-0.5517103
MNE,2011,0.0033472999999999997,0.4776641,-0.2423312,-0.0460748,-0.1497671,-0.5509894
MNE,2012,0.2338246,0.5848038999999999,0.0409119,0.044356,-0.058674199999999996,-0.327538
MNE,2013,0.22144599999999998,0.5598436,0.1043963,0.08245279999999999,-0.0261039,-0.3294022
MNE,2014,0.24524479999999999,0.2941783,0.37243119999999996,0.23510209999999998,-0.0281131,-0.1917196
MNE,2015,0.240609,0.2080456,0.39270869999999997,0.2708218,0.006545199999999999,-0.1860868
MNE,2016,0.1510631,0.2649737,0.3152809,0.2816962,-0.014426099999999999,-0.1937989
MNE,2017,0.2065871,0.051791399999999994,0.3436919,0.361187,-0.06942269999999999,-0.1403587
MNE,2018,0.1676247,0.1248986,0.2784152,0.3233069,0.0813325,-0.0846181
MNE,2019,0.1914719,0.1895714,0.287749,0.32039829999999997,0.0963757,-0.0651881
MNE,2020,0.2165867,0.021106,0.1942905,0.27635719999999997,0.1077886,-0.0382418
MNE,2021,0.2045571,-0.0452869,0.11147249999999999,0.2654431,0.0312344,0.0374298
MNE,2022,0.2954226,0.0140226,0.1503266,0.3155995,-0.0335726,-0.0147912
MNE,2023,0.3139532,0.2521734,0.4119079,0.2698762,0.1293242,-0.066791
MNE,2024,0.4485365,0.330134,0.49982139999999997,0.195607,0.1844152,-0.0579555
MNG,2005,0.2800602,0.8431188,-0.5206126,-0.10823719999999999,-0.0929228,-0.5184174
MNG,2006,0.2877435,0.6390518,-0.4954056,-0.1291087,-0.1395642,-0.568911
MNG,2007,0.3225502,0.6753842,-0.5927089999999999,-0.1541768,-0.1572971,-0.6419636
MNG,2008,0.2756007,0.4192862,-0.3141122,-0.22339499999999998,-0.2754511,-0.6637706999999999
MNG,2009,0.2607317,0.677951,-0.4525518,-0.28393809999999997,-0.20042279999999998,-0.5703834
MNG,2010,0.2839885,0.6693199,-0.383121,-0.2687597,-0.2875509,-0.6220545
MNG,2011,0.25983229999999996,0.5651360999999999,-0.3903445,-0.2959655,-0.2033248,-0.5760124999999999
MNG,2012,0.1417419,0.6119781,-0.399219,-0.36361869999999996,-0.216412,-0.5996423
MNG,2013,0.1966888,0.6339167,-0.36459349999999996,-0.45089009999999996,-0.2365174,-0.5528379999999999
MNG,2014,0.2756522,0.8803766,-0.20445429999999998,-0.2852034,-0.2370445,-0.5696144
MNG,2015,0.2686205,0.7487825,-0.23979779999999998,-0.3541736,-0.21131439999999999,-0.598074
MNG,2016,0.30568069999999997,0.693531,-0.26402939999999997,-0.0499109,-0.1313462,-0.6211493
MNG,2017,0.2897655,0.6963524999999999,-0.340053,-0.046082,-0.156819,-0.5414719
MNG,2018,0.26683,0.7300228999999999,-0.1785283,0.022744,-0.1659375,-0.5726932
MNG,2019,0.2636687,0.7171993999999999,-0.217464,-0.0122772,-0.19174439999999998,-0.6143375999999999
MNG,2020,0.2780218,0.7284746999999999,-0.2398648,-0.0823947,-0.1782086,-0.6195187999999999
MNG,2021,0.2354981,0.7214476,-0.2800874,-0.08155889999999999,-0.1820379,-0.6631595
MNG,2022,0.2202834,0.6178646999999999,-0.2532917,-0.14423539999999999,-0.15048319999999998,-0.6620792
MNG,2023,0.24158629999999998,0.6355714,-0.2505177,-0.0352955,-0.2032804,-0.6070677999999999
MNG,2024,0.2083051,0.5804148,-0.27604829999999997,-0.055009199999999994,-0.1333768,-0.47434669999999995
MOZ,2005,0.08327029999999999,-0.109969,-0.7230632,-0.5604232,-0.5386763,-0.6570066999999999
MOZ,2006,0.0095379,0.233599,-0.6573652,-0.5175991999999999,-0.4515182,-0.5991643
MOZ,2007,-0.0373505,0.0770338,-0.5874925,-0.47439919999999997,-0.5181839,-0.5066274
MOZ,2008,-0.0547907,0.1444678,-0.4588691,-0.4015786,-0.5480352,-0.43841729999999995
MOZ,2009,-0.0914243,0.2364175,-0.33911159999999996,-0.3862621,-0.5513205999999999,-0.5390353
MOZ,2010,-0.305313,-0.067166,-0.6001972,-0.5201608,-0.6068317,-0.6416912
MOZ,2011,-0.3425839,-0.1398866,-0.6325921999999999,-0.5413821,-0.7683808999999999,-0.6565449
MOZ,2012,-0.2173317,-0.000279,-0.4597127,-0.47076019999999996,-0.6537364,-0.5583024
MOZ,2013,-0.2817696,-0.5228691999999999,-0.48009349999999995,-0.5380406,-0.9246061,-0.7270997
MOZ,2014,-0.3083531,-0.6508353,-0.5075971,-0.5498491999999999,-0.8797229999999999,-0.8366722999999999
MOZ,2015,-0.3514407,-0.6989712,-0.5373508,-0.6104974,-0.8503238,-0.9163416999999999
MOZ,2016,-0.4951926,-1.2683973,-0.6852642999999999,-0.6697704,-0.9972082,-0.9769648999999999
MOZ,2017,-0.49902209999999997,-1.0744574999999998,-0.6959221999999999,-0.6561535,-0.9950011,-0.9873765999999999
MOZ,2018,-0.5071933,-0.8007133,-0.6903773999999999,-0.6982978999999999,-0.9761057999999999,-0.8937044
MOZ,2019,-0.5784251,-0.8286013999999999,-0.6606284,-0.6886552,-0.9561622999999999,-0.8966664
MOZ,2020,-0.51493,-1.3559729999999999,-0.8469365999999999,-0.7362238999999999,-1.0232914,-0.7823764
MOZ,2021,-0.6582948,-1.2808503,-0.8464355,-0.7818986,-1.0472500999999999,-0.8186253
MOZ,2022,-0.6587561,-1.3345601,-0.8015161,-0.7487649,-1.0663753,-0.8871502
MOZ,2023,-0.6967938,-1.4493165,-0.8167770999999999,-0.7142792,-1.0971632,-0.9098469
MOZ,2024,-0.901767,-1.6924238,-0.7405609,-0.6941975,-1.1212296,-1.0432219
MRT,2005,-0.8792118,-0.4893357,-0.6707472,-0.3197085,-0.7787839999999999,-0.6759324
MRT,2006,-0.6680032,0.1027404,-0.7709919,-0.5616047,-0.7358488,-0.6255337
MRT,2007,-0.45130739999999997,-0.14796399999999998,-0.6908869999999999,-0.48028669999999996,-0.5690326,-0.5406721999999999
MRT,2008,-0.8122581,-0.6870189999999999,-0.6958416,-0.6943035,-1.0766548,-0.7990779
MRT,2009,-0.8615214999999999,-0.5570634999999999,-0.6876137999999999,-0.6458885999999999,-0.9188263999999999,-0.7109057999999999
MRT,2010,-0.5927606,-0.8192252,-0.391467,-0.4709488,-0.8837035999999999,-0.6174142
MRT,2011,-0.5627618,-1.0036893,-0.3820115,-0.4442715,-0.9563773,-0.543122
MRT,2012,-0.8146853,-1.0974792,-0.5729641999999999,-0.6566415,-0.9936560999999999,-0.7360574
MRT,2013,-0.89972,-1.1379778,-0.7663779,-0.8020807999999999,-1.0620920999999999,-0.7999915
MRT,2014,-0.8776459,-0.7863618,-0.7793751999999999,-0.8024484,-0.9697226,-0.9217303
MRT,2015,-0.8829648999999999,-0.8054232,-0.8542957,-0.7865169999999999,-0.9515184999999999,-0.9527051999999999
MRT,2016,-0.880921,-0.9513822,-0.8093876999999999,-0.6610032,-0.8888271,-0.8325878999999999
MRT,2017,-0.9227044,-0.7581416,-0.7688302,-0.6785059,-0.7809491,-0.8708648999999999
MRT,2018,-0.9000866999999999,-0.7474837,-0.7816069,-0.7253668,-0.8179369999999999,-0.8953882
MRT,2019,-0.8424237,-0.6619181,-0.7751351,-0.724823,-0.7719981,-0.9809386999999999
MRT,2020,-0.7841648999999999,-0.642728,-0.8805948,-0.8357314,-0.7430656,-0.7812549999999999
MRT,2021,-0.8640534999999999,-0.5270469999999999,-0.8283172999999999,-0.9218012,-0.8632004999999999,-0.8696054
MRT,2022,-0.8422183999999999,-0.2987989,-0.8603581,-0.9205576,-0.8406336,-0.8383900999999999
MRT,2023,-0.7893454999999999,-0.5101785,-0.8855508,-0.8524387999999999,-0.8419589,-0.8548329
MRT,2024,-0.8858594999999999,-0.6283763,-0.8763738999999999,-0.7586824999999999,-0.8466644,-0.9763693
MTQ,2005,0.5893929,1.2096757,0.7083444,0.9265597,0.8000025,0.8597633
MTQ,2006,0.597839,1.2129071,0.7072828,0.9224140999999999,0.8012988,0.8679340999999999
MTQ,2007,0.5938000999999999,1.2141450999999999,0.708843,0.9238388999999999,0.8054835,0.8621437
MTQ,2008,0.5966153,0.5972997,0.7326339,0.9191853,0.8038852999999999,0.8637224
MTQ,2009,0.5980435,0.6052326,0.7349834,0.9180159999999999,0.7991068,0.8636874999999999
MTQ,2010,0.5947171,0.5978176,0.7356602,0.9193502,0.7963954999999999,0.8646680999999999
MTQ,2011,0.5998697,0.5930645,0.7346421,0.9217867,0.8081286,0.8623194
MTQ,2012,0.5957954,0.5909247,0.7348252,0.9110012,0.8027738999999999,0.8573575
MTQ,2013,0.5894984,0.5916859,0.7343333999999999,0.9101488,0.7921893,0.8577564999999999
MTQ,2014,0.5957496999999999,0.8106983999999999,1.0993948,0.8514879,-0.0395553,1.1655883
MTQ,2015,0.5970120999999999,0.8082581,1.0981336,0.8575655999999999,-0.033196699999999996,1.1695012999999999
MTQ,2016,0.5941725999999999,0.8059951,1.0996612,0.8602679999999999,0.8940248,1.1726623999999999
MTQ,2017,0.5918597,0.8060548,1.0990159,1.1024611,0.8921226,1.1704151999999999
MTQ,2018,,0.8094220999999999,1.1003216,1.1046293999999999,0.8918159999999999,1.1742552
MTQ,2019,,0.6566881999999999,1.1030640999999999,1.1093435999999999,0.6602439,1.1795403
MTQ,2020,,0.5022538,1.0925604,0.6266615999999999,0.6569252999999999,0.556319
MTQ,2021,,0.4997082,1.0939029999999998,0.6245621,0.6545099999999999,0.5582372999999999
MTQ,2022,,0.5034778,1.2048121,0.6173006,0.8124403,0.5501706
MTQ,2023,,0.35075819999999996,0.9488224,0.6180258,0.8077251999999999,0.5515867
MTQ,2024,,0.1296693,0.9489476,0.6161348,0.8075053,0.5551475
MUS,2005,0.9144926999999999,1.014766,0.5968717,0.47715359999999996,0.967973,0.2442464
MUS,2006,0.9705322,0.8721764999999999,0.5872687999999999,0.616378,0.8870618,0.3980109
MUS,2007,0.9858948999999999,1.0188035,0.5869352,0.6773692,0.9088522,0.3574078
MUS,2008,0.9263313,1.0351286,0.9910367,0.8691029,0.9629331,0.5627759999999999
MUS,2009,0.8948370999999999,0.5442961,0.9597509999999999,0.8496671,0.9390938,0.5292344
MUS,2010,0.7293542,0.47256479999999995,0.8730353999999999,0.8071360999999999,0.8604510999999999,0.3241752
MUS,2011,0.7209593999999999,0.43654689999999996,0.8440230999999999,0.7677944999999999,0.8864628999999999,0.2637348
MUS,2012,0.8520259,1.0601881,1.0785574,0.9862698,1.0035024,0.391067
MUS,2013,0.8583894999999999,1.0393132999999999,1.0276408,0.9708661,0.9336340999999999,0.37257219999999996
MUS,2014,0.8745272,0.8219624,1.1721956999999998,1.1343277,0.9779228999999999,0.45998429999999996
MUS,2015,0.7824649,1.0044563,1.1856722,1.0289986,0.9101509999999999,0.2924074
MUS,2016,0.8021520999999999,1.0139356,1.2191351,1.0671248,0.9891723,0.32475699999999996
MUS,2017,0.779635,0.9928615,1.1654767,1.0743504,0.9524699,0.2787189
MUS,2018,0.7858885,0.8848214,1.0660947,1.0441896,0.9471333999999999,0.29519229999999996
MUS,2019,0.5919531,0.9143985,0.9896973,0.9793337999999999,0.9247455,0.3254049
MUS,2020,0.5365713999999999,0.9140081999999999,0.9564111999999999,1.0066473999999999,0.9487346999999999,0.3457422
MUS,2021,0.4424224,0.9124829999999999,0.8717439,0.9591348999999999,0.7553415,0.4205137
MUS,2022,0.41568309999999997,0.8448876999999999,0.8387538,0.9221305999999999,0.7203759,0.39595769999999997
MUS,2023,0.38873159999999995,0.8342476999999999,0.9232085999999999,0.95011,0.720559,0.3523611
MUS,2024,0.5438358,0.9006584999999999,0.9126141999999999,0.9384821,0.6978624999999999,0.3955682
MWI,2005,-0.3113295,-0.0482471,-0.9627621999999999,-0.5761075999999999,-0.1891646,-0.7747942999999999
MWI,2006,-0.1304932,-0.0842026,-0.8769971999999999,-0.5500893,-0.2235065,-0.6456531999999999
MWI,2007,-0.0781038,-0.0771144,-0.8220145,-0.5033888,-0.15863729999999998,-0.6551376
MWI,2008,-0.1238301,-0.2071452,-0.49941749999999996,-0.5309846,-0.1092462,-0.5562367
MWI,2009,-0.054820799999999996,0.0015434,-0.4088929,-0.5658432999999999,-0.12619829999999999,-0.5215677
MWI,2010,-0.19721439999999998,-0.029557499999999997,-0.3754935,-0.3683915,-0.1373669,-0.4250381
MWI,2011,-0.2602325,-0.1929864,-0.4038439,-0.44944409999999996,-0.1960634,-0.3787847
MWI,2012,-0.106043,-0.082589,-0.413962,-0.7050076,-0.3169171,-0.5303753999999999
MWI,2013,-0.1072529,-0.20195919999999998,-0.4451689,-0.7356908,-0.2632014,-0.6845475999999999
MWI,2014,-0.0747364,-0.0415877,-0.4263536,-0.7064062,-0.3296968,-0.8505425999999999
MWI,2015,-0.0649415,-0.0641886,-0.46615239999999997,-0.7358513999999999,-0.3201844,-0.8336376999999999
MWI,2016,-0.13637829999999998,-0.2615367,-0.4971855,-0.7281615,-0.34418479999999996,-0.8586731
MWI,2017,-0.1366015,-0.3194419,-0.4592446,-0.6741461,-0.2613549,-0.7146346
MWI,2018,-0.1326309,-0.396358,-0.5195141999999999,-0.6615435,-0.3039578,-0.8168430999999999
MWI,2019,-0.19227519999999998,-0.28560789999999997,-0.572522,-0.6515772,-0.3161013,-0.8073538
MWI,2020,-0.0077563,-0.0797021,-0.6481863999999999,-0.722417,-0.2696707,-0.4816989
MWI,2021,-0.0085868,-0.10379479999999999,-0.5812712,-0.6847512,-0.2509122,-0.43365539999999997
MWI,2022,-0.0016692999999999999,-0.16741889999999998,-0.6928626999999999,-0.6617354999999999,-0.2214785,-0.6617291
MWI,2023,0.0066212,-0.24366729999999998,-0.6722990999999999,-0.6932157999999999,-0.1178738,-0.6296737
MWI,2024,-0.0155185,-0.3033283,-0.6305054,-0.5670704,-0.1261197,-0.6464369999999999
MYS,2005,-0.4137917,0.3861419,0.6984522999999999,0.5221505,0.29016759999999997,0.0295923
MYS,2006,-0.3857042,0.18738539999999998,0.7385621,0.6275085,0.39929539999999997,0.11001939999999999
MYS,2007,-0.4192395,0.1542512,0.7951857,0.665011,0.3101047,0.0555018
MYS,2008,-0.4215297,0.1274614,0.7490292,0.5763488999999999,0.2379482,-0.0976264
MYS,2009,-0.40308089999999996,0.012799,0.6750531,0.47648939999999995,0.23188889999999998,-0.1475312
MYS,2010,-0.2590683,0.168515,0.9491478999999999,0.6158941,0.24905929999999998,-0.0515734
MYS,2011,-0.2938317,0.0715005,0.8890022,0.5073783,0.17110689999999998,0.0661576
MYS,2012,-0.3481008,-0.0148749,0.9039577999999999,0.7439096,0.2604122,0.1618291
MYS,2013,-0.3333911,-0.041871,0.8996362999999999,0.8491075,0.2111854,0.2253327
MYS,2014,-0.3385582,0.0801137,0.9421303,0.8853721999999999,0.2634805,0.3060353
MYS,2015,-0.420907,0.0331338,0.8739391999999999,0.78352,0.1334346,0.241563
MYS,2016,-0.4344742,-0.0285856,0.8206707999999999,0.7486233999999999,0.12370859999999999,0.10131549999999999
MYS,2017,-0.3984857,-0.025446999999999997,0.8070092999999999,0.7917295999999999,0.15966149999999998,0.0707719
MYS,2018,-0.127575,0.1561581,0.8990935999999999,0.7581922999999999,0.306784,0.4913515
MYS,2019,-0.0097095,0.1354844,0.8643818999999999,0.7654923,0.3504778,0.4597054
MYS,2020,-0.1250947,0.1127504,0.9351625,0.6591256999999999,0.3791556,0.4204631
MYS,2021,-0.2304659,0.1608365,0.8639903999999999,0.7621557,0.337293,0.3023046
MYS,2022,-0.1306618,0.2198514,0.8174138999999999,0.6794199,0.3283356,0.370704
MYS,2023,-0.1342174,0.2585656,0.7665721999999999,0.600876,0.3489412,0.389561
MYS,2024,-0.076635,0.3653129,0.8742048,0.6346417,0.3706487,0.4671243
NAM,2005,0.45328229999999997,0.5555034,-0.0129024,0.093162,0.1028443,0.0180004
NAM,2006,0.5262555999999999,0.6852338,0.26049469999999997,0.20864149999999998,0.3363227,0.34484899999999996
NAM,2007,0.4897453,0.9124574,0.276657,0.14129419999999998,0.3459156,0.3057767
NAM,2008,0.45959849999999997,1.0375446,0.3657207,0.29546249999999996,0.42394319999999996,0.603471
NAM,2009,0.4307003,0.900843,0.45638979999999996,0.3220849,0.43296009999999996,0.49885579999999996
NAM,2010,0.258285,0.7528292,0.201457,0.1714474,0.3570807,0.3587237
NAM,2011,0.26522819999999997,0.6813819999999999,0.1324368,0.0253457,0.2309954,0.29846039999999996
NAM,2012,0.3985219,0.812782,0.3569467,0.1939241,0.2821183,0.4298295
NAM,2013,0.3921298,0.8498591,0.3120097,0.2242227,0.2828425,0.4103648
NAM,2014,0.46055979999999996,0.6177047,0.31279049999999997,0.1956513,0.2590746,0.4500998
NAM,2015,0.4865421,0.7048616999999999,0.3008975,0.2512721,0.31836739999999997,0.46715579999999995
NAM,2016,0.46190889999999996,0.6534614999999999,0.2393825,0.157908,0.36107439999999996,0.42012299999999997
NAM,2017,0.460713,0.6082736999999999,0.27272779999999996,0.11235909999999999,0.2661255,0.3717513
NAM,2018,0.4944107,0.6756268,0.3154122,0.0852579,0.2241791,0.4478097
NAM,2019,0.44586929999999997,0.5657329,0.2847251,0.15061529999999998,0.2267638,0.4600881
NAM,2020,0.47578339999999997,0.5108748,0.14241579999999998,0.1097652,0.2258846,0.419543
NAM,2021,0.4643681,0.5119824,0.1321193,0.16692279999999998,0.2934219,0.3332022
NAM,2022,0.44444229999999996,0.3682167,0.11949009999999999,0.09674809999999999,0.3307431,0.32255819999999996
NAM,2023,0.4632749,0.41389719999999997,0.11149919999999999,0.1041416,0.33486669999999996,0.1665779
NAM,2024,0.36861649999999996,0.6121228,0.1762693,0.15394349999999998,0.3867019,0.1677332
NCL,2018,0.8374064,0.9579198999999999,,,0.9970340999999999,
NCL,2019,1.1477,1.0456497,,,1.0838888,
NCL,2020,1.2129522,1.0335371,,,1.0671373,
NCL,2021,1.0590735,1.1004085,,,1.1381951,0.15120809999999998
NCL,2022,0.7620701,1.1010298,,,1.1149186,0.1114155
NCL,2023,0.6736331,0.9168713,,,0.9106789999999999,0.1184013
NCL,2024,0.0739735,0.2804933,,,0.2570705,0.13596619999999998
NER,2005,-0.147225,-0.41522899999999996,-0.7191873999999999,-0.7433615,-0.6603295,-0.7807426
NER,2006,-0.21140579999999998,-0.1298346,-0.7905015,-0.6366472,-0.6285699,-0.7724095999999999
NER,2007,-0.2414511,-0.3502282,-0.8069725,-0.5980614,-0.6401298999999999,-0.6800613999999999
NER,2008,-0.39075299999999996,-0.581954,-0.8270179999999999,-0.582058,-0.6860819,-0.5498392
NER,2009,-0.7394484,-0.9198415,-0.7605377,-0.49652739999999995,-0.6399201999999999,-0.6336579999999999
NER,2010,-0.5362737,-1.0855938,-0.8458808999999999,-0.4744564,-0.6116218,-0.6030660999999999
NER,2011,-0.2828159,-0.7460374,-0.7816757,-0.4983509,-0.5295987999999999,-0.5575043
NER,2012,-0.1886742,-0.8801036,-0.6631209,-0.7284223999999999,-0.7293550999999999,-0.4788328
NER,2013,-0.2184543,-0.9153473999999999,-0.6980120999999999,-0.7305408,-0.7251363,-0.3846096
NER,2014,-0.2419798,-0.9780705999999999,-0.6507379999999999,-0.7577788999999999,-0.7016948,-0.45357539999999996
NER,2015,-0.266395,-0.8173598999999999,-0.6539543,-0.7309067,-0.5732870999999999,-0.4323798
NER,2016,-0.4421429,-0.9596828,-0.6271893,-0.6678699,-0.5605899999999999,-0.42184079999999996
NER,2017,-0.4483587,-1.0496501999999999,-0.6904134,-0.6540465999999999,-0.5434525,-0.42092609999999997
NER,2018,-0.5557667,-1.2050393,-0.6737782999999999,-0.6903330999999999,-0.5708008999999999,-0.4528485
NER,2019,-0.5718578999999999,-1.2045725,-0.7325655999999999,-0.6720335,-0.5234430999999999,-0.4637618
NER,2020,-0.49696779999999996,-1.500058,-0.7217218999999999,-0.7725455999999999,-0.5216529999999999,-0.5357126999999999
NER,2021,-0.542906,-1.4733030999999999,-0.7078129,-0.7194189999999999,-0.5769387,-0.5663997
NER,2022,-0.5224641,-1.2925902999999999,-0.699303,-0.6927711999999999,-0.6588592999999999,-0.5679225999999999
NER,2023,-0.7451597,-1.6547688999999999,-0.6784212,-0.7458844,-0.8111976,-0.5209618
NER,2024,-1.0207256999999998,-1.7602928,-0.8682097999999999,-0.7957711,-1.0037829,-0.6456734
NGA,2005,-0.6799944,-1.7242769999999998,-1.1047117,-1.0505799,-1.3168685,-1.2696832999999998
NGA,2006,-0.5963668999999999,-1.814809,-1.0648228,-0.9193994,-1.1433655,-1.1774875999999999
NGA,2007,-0.6377269999999999,-1.6779834,-0.9823497,-0.8760235,-1.0752473999999999,-1.1456416
NGA,2008,-0.6809554,-1.5727909,-0.9387572999999999,-0.8025933,-1.0373037999999999,-1.0216741
NGA,2009,-0.7634356,-1.4546458,-1.0281517,-0.7802258999999999,-1.0391849,-1.0493139
NGA,2010,-0.8384079999999999,-2.0200245,-1.0699197,-0.9450459,-1.1507296999999999,-1.1109295
NGA,2011,-0.7398231,-1.9350022,-1.0572761,-0.9151170999999999,-1.0991003,-1.1319981
NGA,2012,-0.6218459,-2.1014995,-0.8833886999999999,-0.7707704,-1.1229746,-1.1558203
NGA,2013,-0.6160738,-1.9894767999999998,-0.9042171,-0.7637980999999999,-1.2168976999999999,-1.1950877
NGA,2014,-0.5913695999999999,-2.1894887,-0.9942162,-0.8231624,-1.1704381,-1.3067623
NGA,2015,-0.4364617,-1.6584169,-0.8059715,-0.7748617999999999,-0.9989228,-1.1542066
NGA,2016,-0.491104,-1.7029054,-0.8143946999999999,-0.8549861,-0.9015318999999999,-1.0834629
NGA,2017,-0.465825,-1.8983328,-0.7456826999999999,-0.8045089,-0.7993956,-1.1367833
NGA,2018,-0.43579619999999997,-1.8726363,-0.7333934,-0.8499508,-0.8241273,-1.1375157
NGA,2019,-0.5410182,-1.9640632,-0.8569739,-0.8801760999999999,-0.8260639999999999,-1.1467589
NGA,2020,-0.55931,-2.0004809,-0.9158887,-0.9011604,-0.84746,-1.1232237999999999
NGA,2021,-0.7014495,-2.0060053,-0.9603874,-0.8759657999999999,-0.9284249,-1.1968923999999999
NGA,2022,-0.6889614,-1.944621,-0.9680603,-0.993902,-1.0160700999999999,-1.2197566
NGA,2023,-0.6414371,-1.9021059,-0.8066544999999999,-0.8611515,-0.9804944999999999,-1.0867457999999999
NGA,2024,-0.6717384,-1.8469457999999999,-0.9609399999999999,-0.6582954999999999,-0.998937,-1.1142732
NIC,2005,0.0126539,-0.3846167,-1.0109576,-0.17814439999999998,-0.5069461,-0.7064317999999999
NIC,2006,-0.07463,-0.2825455,-0.9052285,-0.2561271,-0.5889314999999999,-0.7287851
NIC,2007,-0.09968389999999999,-0.1005257,-0.8936358999999999,-0.3270821,-0.6367292,-0.8191592999999999
NIC,2008,-0.2751149,-0.2033881,-0.7410241,-0.38977609999999996,-0.7061354,-0.8240268
NIC,2009,-0.2996076,-0.2828228,-0.6902086,-0.45923539999999996,-0.7774236,-0.8164319999999999
NIC,2010,-0.294276,-0.5421812,-0.6578347999999999,-0.4562128,-0.8115538,-0.8470247999999999
NIC,2011,-0.402657,-0.4695407,-0.6469242,-0.4488237,-0.7382457,-0.8474925
NIC,2012,-0.560248,-0.4863434,-0.6126446,-0.3845364,-0.8213528,-0.8568986
NIC,2013,-0.5098751,-0.38249869999999997,-0.6094046,-0.34769249999999996,-0.8116858,-0.8293263
NIC,2014,-0.539818,-0.1432424,-0.6600307,-0.3686677,-0.8689032999999999,-1.0118517999999999
NIC,2015,-0.6129612999999999,-0.1673396,-0.6551817,-0.29538,-0.9419131,-1.0147716
NIC,2016,-0.7942798,-0.1589273,-0.6909618,-0.38577229999999996,-0.90226,-1.092067
NIC,2017,-0.7923496,-0.17660579999999998,-0.48085279999999997,-0.47878299999999996,-0.8524721,-1.0939624
NIC,2018,-1.1634472,-1.0990806,-0.8056129,-0.5219763,-1.2622613999999999,-1.2249546
NIC,2019,-1.1998807,-0.937726,-0.7406041999999999,-0.6189842999999999,-1.3161855999999998,-1.2032021
NIC,2020,-1.2012667,-0.522963,-0.7537843,-0.6857428,-1.3787838,-1.1518074999999999
NIC,2021,-1.3711396999999999,-0.41562679999999996,-0.7818625,-0.8225034,-1.465458,-1.2348109
NIC,2022,-1.4759707,-0.1670284,-0.9600924999999999,-0.9355234,-1.4807257,-1.2430561
NIC,2023,-1.5351621,-0.0708767,-0.9814124999999999,-0.9432271999999999,-1.5764893,-1.2587055
NIC,2024,-1.7346608,-0.07075329999999999,-1.0445163,-0.9350938999999999,-1.6459888,-1.4251273
NIU,2009,-0.14680769999999999,1.5998786999999999,-0.6699419999999999,-0.8166511999999999,-0.6861244,-0.3320938
NIU,2010,-0.1578519,1.5843085,-0.6176397,-0.8690429,-0.5915976,-0.3299933
NIU,2011,-0.1407445,1.5743277,-0.6195724,-0.8652561999999999,-0.5534948,-0.3350243
NIU,2012,-0.1542719,1.5698345,-0.6192249,-0.8820192,-0.5708837999999999,-0.345653
NIU,2013,-0.1751786,1.5714328,-0.6201584,-0.8833439999999999,-0.6052569999999999,-0.3447982
NIU,2014,-0.1544234,1.5876723,-0.5841782999999999,-0.8821195,-0.5828247999999999,-0.3541415
NIU,2015,-0.15023219999999998,,-0.5865726,-0.8726733999999999,-0.5621754,-0.3457596
NIU,2018,1.3956464,1.0157351,,,1.0563,
NIU,2019,1.3469385999999999,1.3080154,,,1.3528377999999999,
NIU,2020,1.2429059,1.3919249,,,1.4345177999999998,
NIU,2021,1.2301319,1.3848216,,,1.4297448,
NIU,2022,1.2116969,1.3953400999999999,-1.3816365,-0.8804525,1.0434624,-0.47863659999999997
NIU,2023,1.2070897999999999,1.3979571,-1.3809592,-0.8783118,1.0317317,-0.47138569999999996
NIU,2024,1.2045957,1.4544439,-0.7421576999999999,-0.6110230999999999,1.3008119999999999,-0.4531542
NLD,2005,1.6249529999999999,0.9899157,1.9654292999999998,2.0237446,1.6904185999999999,1.9843324
NLD,2006,1.6840321999999999,0.9526842999999999,1.7113387,1.800123,1.7435961999999998,2.0609018999999997
NLD,2007,1.6773776999999999,0.9282136,1.7139687,1.8409612,1.7691101,2.0989033
NLD,2008,1.6435943,0.9787066,1.8144726,1.7486743,1.7125591,2.0733414999999997
NLD,2009,1.6102509999999999,1.0469635,1.8125548999999999,1.6768093,1.6589775,2.0402849
NLD,2010,1.5701521999999999,0.9853115,1.7740734,1.6589950999999998,1.6729817,1.9916015999999999
NLD,2011,1.6591226,1.072814,1.8727558999999998,1.7845033,1.7020153999999998,2.0158528
NLD,2012,1.7110174999999999,1.1214131999999999,1.9266702999999998,1.7308028,1.7496467,2.0608801999999997
NLD,2013,1.6511372,1.0481548,1.8689164999999999,1.7377383,1.7241077,1.9264826
NLD,2014,1.6460408,1.053013,1.9120332,1.6508827,1.8177993,1.9462126
NLD,2015,1.7057518999999999,0.9106013,1.9228583,1.7640227,1.8707833999999999,1.8623455999999998
NLD,2016,1.6938712999999999,0.877544,1.9512345999999998,1.9344085999999998,1.8803511,1.90588
NLD,2017,1.6340755,0.781516,2.0201786,1.9402456,1.8527855,1.8206707999999998
NLD,2018,1.6385798,0.7938989,2.0372759,1.9003572,1.80891,1.9384405
NLD,2019,1.6265534,0.7082144,2.0672208999999997,1.8323855999999998,1.8338470999999998,1.9415251999999998
NLD,2020,1.6105657999999998,0.7181297,1.9943648999999999,1.7410004,1.8038010999999998,1.9277927
NLD,2021,1.6401877999999999,0.7441979,1.8820377,1.7969187,1.7818881,2.0340655
NLD,2022,1.656003,0.6428069,1.8028343,1.6887424,1.7301781999999999,1.9247265999999998
NLD,2023,1.6484229,0.64254,1.7709312,1.6024804,1.7342705999999999,1.9347257999999998
NLD,2024,1.5816705,0.5573902,1.7699612,1.5861844999999999,1.7177917999999999,1.9172072999999998
NOR,2005,1.6510729,1.2622524,1.9282922,1.6810748,1.8786459999999998,2.018847
NOR,2006,1.6626999999999998,1.2189849,1.9631725,1.4420863,1.896075,2.0962787
NOR,2007,1.6758275999999999,1.2290329,1.9425999999999999,1.5378279,1.864949,1.9153352
NOR,2008,1.6834065,1.3373723,1.7525670999999998,1.6338233,1.8974472999999998,1.8570995
NOR,2009,1.6906185,1.4058789,1.8122272,1.6119991999999999,1.8681476,1.9008007
NOR,2010,1.6957974,1.4067718,1.8048829,1.6470661,1.8952814999999998,1.9332970999999999
NOR,2011,1.7441887999999999,1.33752,1.8310012999999998,1.7845609,1.9634372999999998,2.0788712
NOR,2012,1.7955622,1.3215805,1.9522336999999998,1.799788,1.9809272999999998,2.1310873999999997
NOR,2013,1.797024,1.2987099,1.9376320999999999,1.8721870999999999,1.9944579,2.143075
NOR,2014,1.7617243999999999,1.1857739,1.9570140999999999,1.7351184,1.9509961,2.13362
NOR,2015,1.8170659999999998,1.1745923,1.9327157,1.7596819,1.9619917999999998,2.1769461
NOR,2016,1.817958,1.1490627,1.9651359,1.7659700999999999,2.0010642,2.1227603999999998
NOR,2017,1.8280330999999999,1.1082589999999999,2.0547041999999998,1.8026662,2.0363040999999997,2.1700936
NOR,2018,1.8458385,1.107238,1.935898,1.7869876,2.0210585,2.0880779
NOR,2019,1.8397622,1.0743985,1.9427538,1.7391142,2.0241629,2.0631444
NOR,2020,1.8431917999999998,1.1967347,1.9462707,1.6719324,2.0576019999999997,2.0859178
NOR,2021,1.8701885999999999,1.0697092,1.9907084,1.6253346,2.0530976,2.0741801
NOR,2022,1.8352670999999998,0.9107508999999999,1.8183505999999998,1.5676042,1.9274584,2.0355715
NOR,2023,1.8253519,0.9439468,1.7853649999999999,1.6081021,1.968953,2.0767569999999997
NOR,2024,1.8225124,0.9558563999999999,1.8445185,1.6285014999999998,1.9369428,1.9715840999999998
NPL,2005,-0.9768762999999999,-2.1527092999999997,-1.0235001,-0.5122064,-0.8912108999999999,-0.8701416999999999
NPL,2006,-0.6392838,-1.8937479,-1.0573111,-0.5216881999999999,-0.7004399,-0.7336075
NPL,2007,-0.35330239999999996,-1.8451589,-0.9840996,-0.5174226,-0.6849119,-0.7812709
NPL,2008,-0.4619078,-1.8585492,-0.6174278999999999,-0.6494639,-0.7347604,-0.8614417
NPL,2009,-0.4277282,-1.6507703,-0.6795278,-0.7488036,-0.8158297,-0.7559686999999999
NPL,2010,-0.4393974,-1.6113492999999999,-0.5879227,-0.8592518,-0.9569213,-0.7261404
NPL,2011,-0.3900825,-1.5264564999999999,-0.6814047999999999,-0.8308502,-0.8899944999999999,-0.8297585
NPL,2012,-0.4636279,-1.4710425999999999,-0.9314285,-0.8106525,-0.625412,-0.9955512
NPL,2013,-0.3652622,-1.2237599,-0.8794565999999999,-0.8552284,-0.6200538,-0.9402604999999999
NPL,2014,-0.2837937,-0.8454014,-0.7389488,-0.7644850999999999,-0.6055132,-0.8633974999999999
NPL,2015,-0.2909988,-1.0112378,-0.9660795,-0.7468829,-0.6236185,-0.8288882999999999
NPL,2016,-0.2474987,-0.9278681999999999,-0.8070250999999999,-0.6919765999999999,-0.5864543999999999,-0.8441188
NPL,2017,-0.16835,-0.5947986,-0.7101014,-0.7114836999999999,-0.45138639999999997,-0.7789731999999999
NPL,2018,-0.10327199999999999,-0.5368558,-0.687112,-0.6254900999999999,-0.3662785,-0.7358393
NPL,2019,-0.1330451,-0.45092479999999996,-0.8589916,-0.6047496,-0.4160968,-0.7349159
NPL,2020,-0.10429029999999999,-0.28331639999999997,-0.8518235,-0.6904308,-0.3852451,-0.6993748
NPL,2021,-0.1035012,-0.2988804,-0.8522261,-0.664111,-0.3596604,-0.6220063
NPL,2022,-0.0663101,-0.4206502,-0.8347317999999999,-0.6266655999999999,-0.3388682,-0.6509075
NPL,2023,0.0015765999999999998,-0.327246,-0.7173657999999999,-0.6508878,-0.345038,-0.6152287
NPL,2024,-0.0109768,-0.3176238,-0.6968622,-0.6330167999999999,-0.3205355,-0.6289663
NRU,2005,1.0068679,0.978151,,,1.2512458,
NRU,2006,1.021801,0.9881793,,,1.252696,
NRU,2007,1.0181755,0.9920213,-0.5189687,-0.7165829,1.0459931999999998,-0.1814902
NRU,2008,1.0195333,0.987872,-0.2942591,-0.7303187999999999,1.0442911,-0.1734069
NRU,2009,1.0202221999999999,1.5846744,-0.2846712,-0.7337701999999999,1.0392021,-0.1735859
NRU,2010,1.0233729999999999,1.5738573,-0.28190919999999997,-0.7298319999999999,1.0363145,0.1297105
NRU,2011,1.0258582,1.5669233,-0.2860639,-0.7226405,1.0488100999999999,0.1176849
NRU,2012,1.0238931,1.5638017,-0.2853168,-0.7544755999999999,1.2001336999999999,0.09227919999999999
NRU,2013,0.9998180999999999,1.5649121,-0.2873235,-0.8934268999999999,1.0823671,-0.2039531
NRU,2014,0.9499145999999999,1.4055509,-0.209978,-0.8911015,0.8754272,-0.2262863
NRU,2015,0.7953861999999999,1.0070136,-0.011822899999999999,-0.5693990999999999,0.3409577,0.5033909
NRU,2016,0.7168939,1.0043387,-0.0694253,-0.5669700999999999,0.22324339999999998,0.4497176
NRU,2017,0.7157783999999999,0.8227825999999999,-0.0700345,-0.5630164999999999,0.3804259,0.4475284
NRU,2018,0.3537956,0.8387757,0.25792529999999997,-0.3473265,0.21286039999999998,0.4512693
NRU,2019,0.3413032,0.7784962,-0.066213,-0.3430892,0.2247884,0.4564181
NRU,2020,0.34032809999999997,0.7777841,-0.0761285,-0.349464,0.2228643,0.45755399999999996
NRU,2021,0.33530519999999997,0.7754516,-0.0748611,-0.3513512,0.2214638,0.45942279999999996
NRU,2022,0.3339332,0.9547192999999999,-0.0750107,-0.3578781,0.36604519999999996,0.45156409999999997
NRU,2023,0.3321204,1.0609958,-0.07485399999999999,-0.5709673,0.36296029999999996,0.45294379999999995
NRU,2024,0.5431986,1.122712,-0.07469429999999999,-0.5726671,0.27122999999999997,0.4564127
NZL,2005,1.5515914,1.3367684,1.940634,1.8657268,1.7799975,2.200821
NZL,2006,1.5547096999999999,1.2803480999999999,1.8822736,1.7743236,1.7906852999999998,2.2952681
NZL,2007,1.5501052,1.339461,1.8530939,1.7776368,1.7860525999999999,2.2646292999999997
NZL,2008,1.5939245,1.2006923,1.8015561999999998,1.7989214,1.8023727999999999,2.2562325999999997
NZL,2009,1.6455574,1.1859815,1.931868,1.8089391,1.8008558,2.2793387
NZL,2010,1.6532438999999999,1.4127287,1.8174506,1.7453219,1.7690377,2.2298291999999997
NZL,2011,1.7524256,1.3859162999999999,1.9480169999999999,1.9485023,1.8702318,2.2492631
NZL,2012,1.7367024999999998,1.4134129,1.9557755,1.9616167999999998,1.8216907999999998,2.1851929
NZL,2013,1.7164956999999998,1.3806117999999998,1.9239042,1.9093402,1.7685814,2.1955195
NZL,2014,1.6697514,1.4861202999999998,2.0095991,1.9878772999999998,1.8057999999999998,2.1666193
NZL,2015,1.721596,1.4531825999999999,1.9331757999999999,1.9913421,1.8628794,2.199618
NZL,2016,1.7171334,1.4548641999999998,1.8668224,2.0287924,1.8702942999999999,2.2082525
NZL,2017,1.7241066999999999,1.5004878,1.8377189999999999,2.0542545999999997,1.8235648,2.1693835999999997
NZL,2018,1.6894095,1.4554365,1.7650397999999998,1.965728,1.8078409,2.0953337999999997
NZL,2019,1.6954745,1.4048969999999998,1.7455680999999998,1.9667093999999998,1.7855158,2.1528233
NZL,2020,1.6850051,1.4724229,1.7008195,1.9274852999999998,1.7783308,2.1543308
NZL,2021,1.6654377999999999,1.3712624999999998,1.6177462999999999,1.8548148999999998,1.743031,2.1258622
NZL,2022,1.6822637999999999,1.2414451,1.7089273999999999,1.8784701,1.7457106999999998,2.0828827
NZL,2023,1.6539492,1.3087681,1.7666590999999998,1.8758089,1.7464587999999999,2.023955
NZL,2024,1.6368705,1.2489379,1.8428164,1.8335427,1.7040773999999999,1.9395459
OMN,2005,-0.9315593999999999,0.9318105999999999,0.2666726,0.7223317,0.3156231,0.5463373
OMN,2006,-0.9134519,0.8363423999999999,0.1277304,0.6695263,0.3229132,0.49970869999999995
OMN,2007,-0.8692884,0.850568,0.0879047,0.7186074,0.3213277,0.3251873
OMN,2008,-0.8673580999999999,0.8457910999999999,0.129942,0.7765892999999999,0.38447749999999997,0.3311326
OMN,2009,-0.8699519,0.8300451999999999,0.1445872,0.8032307,0.42826119999999995,0.3051312
OMN,2010,-0.8589296,0.5940596,0.19043849999999998,0.8191963,0.4307648,0.27200389999999997
OMN,2011,-0.7911954,0.3055747,0.0581984,0.7138521999999999,0.2717872,-0.0382416
OMN,2012,-0.8388087999999999,0.3860959,0.018768299999999998,0.7896318,0.33526659999999997,-0.028475499999999997
OMN,2013,-0.8794799999999999,0.32795379999999996,-0.0373496,0.7684799,0.30385029999999996,-0.0676927
OMN,2014,-0.8848766,0.5537217999999999,0.1010682,0.7416695999999999,0.2305701,0.0100374
OMN,2015,-0.8564056999999999,0.6016872999999999,0.0521853,0.6452129999999999,0.2389962,-0.0030783
OMN,2016,-0.8407262999999999,0.4889417,0.1165778,0.6883425,0.23909899999999998,-0.0231045
OMN,2017,-0.8473103,0.5296681999999999,0.0721091,0.7002393,0.19828459999999998,-0.0235651
OMN,2018,-0.9180157999999999,0.5228046,0.0724876,0.5314405999999999,0.2020833,-0.022778
OMN,2019,-0.932314,0.500382,0.1508997,0.5170524,0.2558083,0.1580546
OMN,2020,-0.9157824,0.46048439999999996,0.052149,0.49074789999999996,0.26368359999999996,0.0208865
OMN,2021,-1.0482519,0.3783007,0.0525382,0.4364416,0.2298238,0.0212797
OMN,2022,-1.0541825999999999,0.4311046,0.2659053,0.5023852999999999,0.360824,0.0143951
OMN,2023,-1.0281217,0.5375964999999999,0.2458947,0.4842317,0.37568389999999996,0.2237572
OMN,2024,-1.1142805,0.6371235,0.4485897,0.6538908999999999,0.4763055,0.5064126999999999
PAK,2005,-1.1417956,-1.7409343,-0.6441564,-0.6083465,-0.8956434,-1.0745616
PAK,2006,-0.8881658,-1.894674,-0.5454722,-0.48793509999999995,-0.7692024,-0.8811294
PAK,2007,-0.9743147999999999,-2.2850194999999998,-0.5388269,-0.5375225,-0.7977645,-0.8458036
PAK,2008,-0.8730469999999999,-2.425665,-0.6505941,-0.6459824,-0.9689116,-1.03825
PAK,2009,-0.8426053,-2.1907974,-0.6394970999999999,-0.6765649,-0.8795118,-1.1778214999999999
PAK,2010,-0.7967091,-2.4570396999999997,-0.6404318,-0.6767010999999999,-0.7996749,-1.2021517
PAK,2011,-0.8558321999999999,-2.7014186,-0.6865726999999999,-0.7453691,-1.117388,-1.219585
PAK,2012,-0.8597516,-2.6735963,-0.5420699999999999,-0.781666,-1.0465384,-1.2437875999999999
PAK,2013,-0.8263202,-2.6677461,-0.5502946,-0.7850653,-1.0264086,-1.1287038999999999
PAK,2014,-0.7752745,-2.4643732,-0.5649373999999999,-0.726466,-0.9445787,-1.0035884
PAK,2015,-0.7532631,-2.4388483,-0.4846311,-0.6693469999999999,-0.8830979,-0.9806984999999999
PAK,2016,-0.7427762,-2.3371755999999997,-0.4229191,-0.6514976,-0.883351,-0.9727030999999999
PAK,2017,-0.7426501999999999,-2.2221178999999998,-0.3299489,-0.6574384,-0.8418513,-0.9351368
PAK,2018,-0.746043,-2.0030810999999997,-0.4172705,-0.6638952,-0.8113711,-0.9645887999999999
PAK,2019,-0.8144385,-1.9534041999999998,-0.39333429999999997,-0.625536,-0.7889162,-0.9720797999999999
PAK,2020,-0.7838533,-1.6006673,-0.5194917,-0.6984861,-0.7868326999999999,-0.9374697999999999
PAK,2021,-0.8467819999999999,-1.6623272,-0.420004,-0.6606932999999999,-0.8009489999999999,-0.907028
PAK,2022,-0.8924173999999999,-1.7775908,-0.5954832999999999,-0.7766322999999999,-0.8990471,-0.9541417
PAK,2023,-0.9806435,-1.9466078999999998,-0.6175111,-0.8494273,-1.0082319,-1.048835
PAK,2024,-1.1290476999999999,-2.0007321,-0.536968,-0.8340976999999999,-1.0508305,-1.0884877
PAN,2005,0.5690213,-0.0806412,-0.1445242,0.305963,-0.015954299999999998,-0.48214029999999997
PAN,2006,0.6329689,0.0812391,-0.0829341,0.3099009,-0.0044246,-0.43517459999999997
PAN,2007,0.6123881999999999,0.115448,0.0062943,0.3841092,0.030610199999999997,-0.48415729999999996
PAN,2008,0.6735142,0.073229,0.1979775,0.49905679999999997,-0.035268799999999996,-0.2204333
PAN,2009,0.7121816999999999,0.1155441,0.2581482,0.38956179999999996,-0.0910322,-0.3015314
PAN,2010,0.6139271,-0.0723173,0.2657311,0.4561673,-0.10694319999999999,-0.3415719
PAN,2011,0.5850818999999999,-0.033139,0.24944709999999998,0.5415587,-0.0264992,-0.3491757
PAN,2012,0.4487389,-0.0422369,0.3351749,0.4784713,-0.24317809999999998,-0.459727
PAN,2013,0.4198767,-0.0849684,0.3193759,0.4389069,-0.25884789999999996,-0.4303051
PAN,2014,0.5031783,0.27659819999999996,0.3355701,0.4093053,-0.0826949,-0.3934379
PAN,2015,0.5494553999999999,0.4921677,0.3715306,0.4282031,-0.1031035,-0.42372479999999996
PAN,2016,0.533893,0.4721993,0.4406235,0.4191082,-0.08196239999999999,-0.49425729999999996
PAN,2017,0.5110136,0.46483359999999996,0.4129363,0.3545442,-0.08687829999999999,-0.5583722999999999
PAN,2018,0.5704802999999999,0.3652666,0.3564614,0.3507883,-0.20349779999999998,-0.5482085999999999
PAN,2019,0.5904712,0.4007727,0.5022264,0.35855119999999996,-0.23376829999999998,-0.5439636
PAN,2020,0.5839303,0.3377811,0.406338,0.2995086,-0.21875799999999998,-0.5196729
PAN,2021,0.5225780999999999,0.3530714,0.35596259999999996,0.24718949999999998,-0.2065071,-0.523237
PAN,2022,0.5112616,0.42135219999999995,0.19287369999999998,0.0860891,-0.205377,-0.5634794
PAN,2023,0.5091774,0.3628115,0.12113159999999999,0.027020199999999998,-0.29476589999999997,-0.5509974
PAN,2024,0.5062559999999999,0.355701,0.250487,-0.0893194,-0.3293191,-0.5409267999999999
PER,2005,0.1826277,-0.8892323,-0.7655986,0.0280103,-0.46323939999999997,-0.39981
PER,2006,0.19900279999999998,-0.6987131999999999,-0.6990637,0.16925959999999998,-0.5313287,-0.2615223
PER,2007,0.211552,-0.5318875,-0.686622,0.23666959999999998,-0.5529331,-0.3554291
PER,2008,0.3272699,-0.6642671,-0.4647764,0.2426254,-0.5983168999999999,-0.3043333
PER,2009,0.2728411,-0.8975477,-0.3188216,0.3116121,-0.5120935,-0.38541509999999995
PER,2010,0.3020076,-0.7508417,-0.1501407,0.3416607,-0.49249139999999997,-0.2603278
PER,2011,0.3308615,-0.6439775,-0.1221217,0.3528996,-0.4616556,-0.24663369999999998
PER,2012,0.36499109999999996,-0.6758175,-0.0772596,0.2951875,-0.5005577999999999,-0.3617763
PER,2013,0.26719149999999997,-0.6874231,-0.07575599999999999,0.277215,-0.5545768,-0.4010109
PER,2014,0.258392,-0.4099487,-0.1655794,0.3157116,-0.5411074,-0.5834391999999999
PER,2015,0.30637939999999997,-0.326092,-0.2060389,0.354797,-0.4390559,-0.5929016
PER,2016,0.3155496,-0.1768707,-0.11132199999999999,0.3628055,-0.3265539,-0.5072398
PER,2017,0.3417093,-0.22310729999999998,-0.0239434,0.3234313,-0.359597,-0.5922356999999999
PER,2018,0.3923887,-0.1684842,-0.1213528,0.3795445,-0.4258459,-0.5940947999999999
PER,2019,0.3790861,-0.09349579999999999,0.0642568,0.43271129999999997,-0.43676139999999997,-0.49000109999999997
PER,2020,0.3878412,-0.3104479,-0.0170757,0.3265204,-0.4047225,-0.49768609999999996
PER,2021,0.2576699,-0.34711739999999996,0.021445699999999998,0.1621135,-0.5091103,-0.5096486
PER,2022,0.1518398,-0.6669822,-0.0148408,0.1462683,-0.47549359999999996,-0.6429019
PER,2023,0.1209789,-0.7248662,-0.1514537,0.19844019999999998,-0.4911581,-0.6484930999999999
PER,2024,0.0142709,-0.5424152,-0.1503359,0.1587768,-0.5174487,-0.710741
PHL,2005,0.0264934,-1.2213824,-0.1089758,0.17314759999999998,-0.3113301,-0.7412677
PHL,2006,-0.058628799999999995,-1.4900379,-0.0300731,0.1653043,-0.3944374,-0.6627303
PHL,2007,-0.048963299999999994,-1.4466941,0.046647799999999996,0.1662234,-0.4301249,-0.6880197
PHL,2008,-0.0817813,-1.6465911,-0.007286,0.0857057,-0.5322918999999999,-0.6879090999999999
PHL,2009,-0.04954,-1.6084540999999999,-0.0142118,0.033200099999999996,-0.6171833,-0.8278373
PHL,2010,-0.0858676,-1.5694043,0.0221726,-0.016092099999999998,-0.6422836,-0.7823692
PHL,2011,-0.0637158,-1.3735317999999999,0.0902862,0.0253606,-0.5178905,-0.5627266
PHL,2012,-0.0339999,-1.1461993,0.2297628,0.1520009,-0.49061639999999995,-0.6348465999999999
PHL,2013,0.0553366,-1.0756927,0.24495589999999998,0.0647991,-0.46546289999999996,-0.49834969999999995
PHL,2014,0.1596456,-0.8038816,0.4445336,0.1022655,-0.3482209,-0.5826519
PHL,2015,0.13091529999999998,-0.9346688,0.4246215,0.130752,-0.4049528,-0.5897933
PHL,2016,0.1012811,-1.4435031,0.2835464,0.1548166,-0.4525572,-0.6123016
PHL,2017,0.0040652,-1.2760861,0.2146485,0.159847,-0.5646996,-0.6360859
PHL,2018,-0.0435978,-1.0715554999999999,0.24174969999999998,0.0323299,-0.6180161,-0.6389144999999999
PHL,2019,-0.0639893,-1.017908,0.1942138,0.0958334,-0.6247917,-0.6121335
PHL,2020,-0.14409719999999998,-0.9479704,0.1340562,0.059198999999999995,-0.6230015,-0.5396915
PHL,2021,-0.2606061,-1.0904976,0.11287939999999999,0.0487338,-0.6663806999999999,-0.5744967
PHL,2022,-0.21736699999999998,-0.9053606999999999,-0.0075752,0.0398245,-0.6298433,-0.5787249999999999
PHL,2023,-0.22471039999999998,-0.7173628,0.0402301,0.08804719999999999,-0.6092989999999999,-0.5581408999999999
PHL,2024,-0.2065274,-0.7766822,0.0798378,0.11232349999999999,-0.5630592999999999,-0.5773566
PLW,2005,1.080161,0.978151,,,1.2512458,
PLW,2006,1.0842359,0.9881793,,,1.252696,
PLW,2007,1.0822873,0.9920213,,,1.2573778,
PLW,2008,1.0819501,0.987872,-0.42188159999999997,-0.7303187999999999,1.2025632,-0.1734069
PLW,2009,1.082639,1.5846744,-0.4122937,-0.7337701999999999,1.1974742,-0.1735859
PLW,2010,1.0810346,1.5738573,-0.5371539,-0.7298319999999999,1.1945866,-0.168565
PLW,2011,1.0726647,1.5669233,-0.2860639,-0.4497695,1.2862183,-0.1805906
PLW,2012,1.0706996,1.5638017,-0.2853168,-0.4816046,1.2805157,-0.2059963
PLW,2013,1.0730899999999999,1.5649121,-0.2873235,-0.48412059999999996,1.2692431,-0.2039531
PLW,2014,1.0761051,1.5761942,-0.209978,-0.4817952,1.2765997,-0.2262863
PLW,2015,1.076714,0.9636515,-0.3385497,0.4102065,1.3498108,0.5033909
PLW,2016,1.0705892,0.9609766,-0.3371077,0.4126355,1.3508605,0.4497176
PLW,2017,1.0694736,1.1426737999999999,-0.3377169,0.4165891,1.3497588,0.4475284
PLW,2018,1.0262951999999999,1.1466539999999998,-0.0097574,0.2047974,1.3241673,0.4512693
PLW,2019,1.0258566,1.1477457,-0.0071686,0.42277539999999997,1.1623491,0.4564181
PLW,2020,1.0244847,1.146827,-0.046606299999999996,0.4164005,1.1600301,0.45755399999999996
PLW,2021,1.0174177,1.143818,-0.045338899999999994,0.4145134,1.1583423,0.45942279999999996
PLW,2022,1.0154872,1.2488114,-0.0750107,0.40798639999999997,1.1747142,0.45156409999999997
PLW,2023,1.0129366,1.249587,-0.07485399999999999,0.40863829999999995,1.1711268,0.45294379999999995
PLW,2024,1.0176163999999999,1.2497797,-0.0451721,0.4484859,1.1709595,0.5131656
PNG,2005,-0.2001886,-1.082017,-1.0376201999999999,-0.881065,-0.7293096,-1.1892568
PNG,2006,-0.030657,-1.1128057999999998,-0.7848942999999999,-0.47211369999999997,-0.6848991999999999,-1.052834
PNG,2007,-0.046548599999999996,-0.9639671999999999,-0.7702466,-0.3459297,-0.65876,-1.0464991
PNG,2008,-0.02822,-0.8243271999999999,-0.4946791,-0.4304474,-0.6599797,-1.0800817999999999
PNG,2009,-0.022414899999999998,-0.9589833,-0.5157727,-0.4234533,-0.6767861,-1.0970327
PNG,2010,-0.0682353,-0.9722063999999999,-0.541736,-0.4165868,-0.6814690999999999,-0.9688061
PNG,2011,-0.06741269999999999,-0.9284614999999999,-0.5391172,-0.4120622,-0.6459785,-0.9742818999999999
PNG,2012,-0.1265991,-0.9097668999999999,-0.5090821999999999,-0.4850121,-0.7078344999999999,-1.0010641999999998
PNG,2013,-0.1198793,-0.8149331999999999,-0.5353311,-0.4418781,-0.7863663999999999,-1.0009875
PNG,2014,-0.10571259999999999,-0.7075547,-0.5987349,-0.2499341,-0.5401436,-0.9718144999999999
PNG,2015,-0.10452399999999999,-0.7243940999999999,-0.5990743,-0.3871632,-0.5737960999999999,-0.9710622
PNG,2016,-0.0130263,-0.7831558,-0.6647607999999999,-0.4474621,-0.5783821,-0.9816547999999999
PNG,2017,-0.010610699999999999,-0.8949299,-0.5717972,-0.5057910999999999,-0.5798825,-0.9917227999999999
PNG,2018,0.0599598,-0.8497036,-0.5577282,-0.4505728,-0.6326817,-0.936426
PNG,2019,0.0397941,-0.8507635,-0.5856587,-0.4881756,-0.6804473999999999,-0.9836248999999999
PNG,2020,0.0252772,-0.8232330999999999,-0.7305438999999999,-0.5500028,-0.6546773,-0.546369
PNG,2021,0.0003412,-0.8065057999999999,-0.7508676,-0.7368078,-0.6449636,-0.6532157
PNG,2022,-0.040226399999999995,-0.7265558999999999,-0.9455568999999999,-0.7428874,-0.5528027,-0.5869094
PNG,2023,-0.0919169,-0.5791657,-0.9455161,-0.6994988999999999,-0.5222763,-0.5997414999999999
PNG,2024,-0.2277884,-0.6413884999999999,-0.7733859,-0.613111,-0.5547923,-0.7961366
POL,2005,1.0149527,0.499922,0.47094549999999996,0.8355804,0.6230321,0.2598665
POL,2006,0.8429928,0.3534288,0.3072581,0.7615808,0.398132,0.3331713
POL,2007,0.8492373,0.7607906,0.2348759,0.8296793,0.5325464999999999,0.3266784
POL,2008,1.0407861,0.9761637999999999,0.4999456,0.8454762,0.6030665,0.4310236
POL,2009,1.0313737,0.9765507999999999,0.5314793999999999,0.9015177999999999,0.5775682,0.5836359
POL,2010,1.1014296,1.0900697,0.6044607,0.9533763999999999,0.6696194999999999,0.6527947
POL,2011,1.0630707,1.0443206,0.6473647,0.8789431,0.8524028,0.7724308
POL,2012,1.0891837,1.0576162999999998,0.6663,0.8949752,0.8712314999999999,0.8237924
POL,2013,0.9594718,0.9487367,0.690475,0.9341803,0.8309892999999999,0.8204159999999999
POL,2014,1.0504134999999999,1.0512329,0.8828341,0.9034291,0.8722785,0.7903089
POL,2015,0.9924373999999999,1.0536391,0.8533424,0.7998782999999999,0.8322493,0.8535735
POL,2016,0.8516247,0.5550206,0.737691,0.7835381,0.7487465,0.888334
POL,2017,0.6837149,0.5856899,0.6404700999999999,0.7018637999999999,0.6296368,0.8447401999999999
POL,2018,0.5700187,0.6188582,0.7020596,0.7567887,0.5477151,0.7835291
POL,2019,0.5880904,0.6622865,0.6762265,0.8539905,0.5260762999999999,0.7241917
POL,2020,0.5194126,0.5486654,0.6714806999999999,0.7487918,0.4647001,0.7336925999999999
POL,2021,0.3926901,0.5533876999999999,0.6302459,0.7387983,0.4269379,0.6976298
POL,2022,0.4008528,0.5278676,0.5531094,0.7421943,0.368079,0.677468
POL,2023,0.4413045,0.5041776,0.6424759,0.6944984,0.3176335,0.7436184
POL,2024,0.7730191,0.6737204999999999,0.7176923,0.6825656,0.5432403,0.7944766
PRI,2005,0.990456,0.4213028,1.2275068,1.1049056,0.8119346,1.3280539
PRI,2006,0.9306799,0.4245342,0.5091443999999999,1.10076,0.7749279,0.6372224
PRI,2007,0.8721251,0.5001531,0.5081983,1.0986361999999998,0.8025467,0.48997019999999997
PRI,2008,0.8779104999999999,0.38416629999999996,0.5344582999999999,1.0884842,0.7694519999999999,0.4753113
PRI,2009,0.7553141,0.4261308,0.1059309,0.9678597999999999,0.8069238,0.5667983999999999
PRI,2010,0.7302704,0.4230015,0.0976379,0.9599236,0.7744789999999999,0.5545675
PRI,2011,0.7274145,0.5005855,0.0984901,0.9464994999999999,0.7067447,0.5076790999999999
PRI,2012,0.7553656,0.5892024,0.1356857,1.0717254999999999,0.7752298,0.5709307
PRI,2013,0.7394727,0.0893146,0.1010674,0.9846533999999999,0.6676825,0.5221889
PRI,2014,0.742717,0.6169891,0.2381912,0.9349641,0.7014479,0.4717027
PRI,2015,0.7373409999999999,0.625431,0.2038032,1.0007583,0.7317591,0.24846269999999998
PRI,2016,0.7366963999999999,0.4802873,0.2044277,1.0016834,0.6759377999999999,0.249548
PRI,2017,0.7895848,0.3768763,-0.5268902999999999,0.9491046,0.6072139,0.2377799
PRI,2018,0.7906807,0.2845271,-0.3848675,0.868443,0.5508772,0.2390984
PRI,2019,0.6126779,0.0849279,-0.29269429999999996,0.7886527999999999,0.5377267,0.2808248
PRI,2020,0.6116746,0.35644339999999997,-0.4434478,0.7862249,0.5368257,0.2812362
PRI,2021,0.6065062,0.41129269999999996,-0.4428803,0.7855061999999999,0.5361699,0.5022270999999999
PRI,2022,0.43720129999999996,0.29907649999999997,-0.6301671999999999,0.7792882,0.4216589,0.4734464
PRI,2023,0.3845339,0.2837574,-0.4104277,0.6550296,0.5253097,0.352189
PRI,2024,0.4037345,0.4418817,-0.3660427,0.6795599999999999,0.5336791,0.3967384
PRK,2005,-2.1934363,-0.2022059,-1.9505938999999999,-2.068838,-1.3134987,-1.1915734999999998
PRK,2006,-2.1872157,-0.13651649999999999,-1.9509185,-2.0043272,-1.4036069999999998,-1.2894059
PRK,2007,-2.081146,-0.1356608,-1.9504416,-2.0394563,-1.4029160999999999,-1.2916722
PRK,2008,-2.1545674999999997,-0.1884276,-1.6888329,-2.0403803,-1.4285583,-1.3687904
PRK,2009,-2.16226,-0.2714303,-1.7285308,-2.2697851,-1.4340066,-1.2184138
PRK,2010,-1.6843732,-0.1070975,-1.3885086,-1.8476811,-1.2583556999999999,-0.9672272
PRK,2011,-1.6752502,-0.0929894,-1.3953915,-1.8504718,-1.2589401999999998,-0.9677266
PRK,2012,-2.1172353,-0.3388002,-1.7877668,-2.4202157,-1.4569366,-1.2713511
PRK,2013,-2.1358913,-0.5750242999999999,-1.7879170999999998,-2.420385,-1.4983415,-1.2712662
PRK,2014,-2.1074842,-1.0495812,-1.4896592,-2.0886287,-1.7104343,-1.2721936999999999
PRK,2015,-2.1086819,-1.0509294,-1.4900446999999999,-2.1406787,-1.7093844999999999,-1.2713617
PRK,2016,-2.1133666,-0.5022356,-1.4895778,-2.1401421,-1.7090853,-1.4188395999999999
PRK,2017,-2.1237718,-0.4081846,-1.4897749999999998,-2.1392688,-1.7364222,-1.4193174
PRK,2018,-2.0497376,-0.3357538,-1.5107046,-2.0689037999999997,-1.6805573,-1.5868582999999998
PRK,2019,-2.062023,-0.2537339,-1.3702398999999998,-2.0679677,-1.6801728,-1.5769357
PRK,2020,-2.0601545999999997,-0.2541633,-1.3734505,-1.9967135999999999,-1.6571204,-1.5730647999999998
PRK,2021,-2.076724,-0.2646963,-1.5126666,-1.9971305,-1.6578374,-1.6501108
PRK,2022,-2.0516547,0.2264834,-1.3797800999999998,-1.9985723,-1.4601279,-1.651826
PRK,2023,-2.0556299,0.2868494,-1.3267145,-1.9357301,-1.4990937,-1.5589552
PRK,2024,-2.1248009,0.0804752,-1.3266628999999999,-1.9361395,-1.5115448999999999,-1.5581469
PRT,2005,1.3918735,1.0798607999999998,0.6842037999999999,1.2515009,1.1746665,1.1953174
PRT,2006,1.4474806999999998,0.9635594,0.7845437,1.077521,1.0515419,0.8847963
PRT,2007,1.4453649,0.8432425,0.7607805999999999,1.1547125,1.1736388,0.9146371999999999
PRT,2008,1.4147336,0.9934314999999999,1.0107751999999999,1.1880378,1.1195817,0.9309700999999999
PRT,2009,1.3980768,0.8827395,1.1126121,1.1733670999999999,1.061882,0.8893222
PRT,2010,1.3505,0.7743426999999999,0.8154872999999999,0.9715528999999999,0.9025091,0.7464446
PRT,2011,1.3205042,0.7753064,0.8778490999999999,0.7875922999999999,0.8892008,0.7963150999999999
PRT,2012,1.2328578,0.8441881,0.9166814,0.7497766,0.9055388999999999,0.799846
PRT,2013,1.2044289,0.7649927,0.8958303999999999,0.8118706,0.9226118999999999,0.7341274999999999
PRT,2014,1.2889504,0.9440588999999999,0.9453708999999999,0.6697422,1.0162071,0.6840056
PRT,2015,1.3081272,1.0113409,1.0549521,0.9253148999999999,1.1381154,0.7225007999999999
PRT,2016,1.3175808,0.9560086,1.0665134,0.9119769999999999,1.128957,0.7131915
PRT,2017,1.3048792,1.0507345,1.23518,0.9894137,1.1859989,0.8242393
PRT,2018,1.242505,1.0895583,1.1254728999999999,0.9968125,1.1331787,0.8083907
PRT,2019,1.2166606,0.9915246999999999,1.0984350999999999,1.0602818999999999,1.1205946,0.8023549999999999
PRT,2020,1.2741547,0.9810861999999999,1.0782979,0.8622654,1.1554043,0.7933446
PRT,2021,1.3520269999999999,0.9530324,1.1498666,0.8006850999999999,1.1681663,0.824913
PRT,2022,1.3157371,0.8818741,1.0295264,0.8548366,1.1325825999999999,0.7922842
PRT,2023,1.342846,0.7938434999999999,0.9509447,0.7094345,1.0411442,0.7341184
PRT,2024,1.2705826999999998,0.6535653,0.9763875,0.668758,1.0019076999999998,0.8171016
PRY,2005,-0.2151331,-0.47502429999999995,-0.9320710999999999,-0.7610288,-0.8163237,-1.2645874
PRY,2006,-0.1542536,-0.5134371999999999,-0.8563843,-0.6249663,-0.764655,-0.9866828
PRY,2007,-0.0938519,-0.3922386,-0.8542153,-0.5628034,-0.7715588999999999,-1.0574001
PRY,2008,0.055105999999999995,-0.4291797,-0.6286788,-0.5108456,-0.7393603999999999,-0.8998252999999999
PRY,2009,0.0623252,-0.43196829999999997,-0.5772602,-0.5154841,-0.728748,-0.8580380999999999
PRY,2010,0.08659939999999999,-0.4997926,-0.5612067,-0.49738,-0.7040221999999999,-0.7010603
PRY,2011,0.0837083,-0.5294186,-0.5489944999999999,-0.444814,-0.7027645,-0.6733022
PRY,2012,-0.0433321,-0.5369035999999999,-0.5991058,-0.4265249,-0.7466708,-0.7598482999999999
PRY,2013,-0.059960299999999994,-0.586938,-0.5962788,-0.40838389999999997,-0.7553871999999999,-0.9491674999999999
PRY,2014,-0.0642298,-0.0051328,-0.5749259,-0.2754589,-0.5753056,-0.9767277999999999
PRY,2015,-0.047143899999999996,0.067672,-0.5996450999999999,-0.1869282,-0.517737,-0.9518816999999999
PRY,2016,-0.0684709,0.08381609999999999,-0.49998689999999996,-0.1434403,-0.45258349999999997,-0.8076070999999999
PRY,2017,-0.044963199999999995,-0.0419694,-0.4535011,-0.1443353,-0.4551514,-0.8295840999999999
PRY,2018,-0.024414699999999998,-0.0353496,-0.335613,-0.1017028,-0.41308059999999996,-0.8936508
PRY,2019,-0.024231199999999998,0.028077699999999997,-0.3065387,-0.1305277,-0.39739349999999996,-0.8772726999999999
PRY,2020,-0.0419799,-0.0029966999999999997,-0.4122122,-0.1476653,-0.37362209999999996,-0.8117097
PRY,2021,-0.0910981,-0.0587271,-0.4237162,-0.13404749999999999,-0.5012187,-0.9051655
PRY,2022,-0.0902289,-0.0698347,-0.37526339999999997,-0.1473295,-0.5125588999999999,-0.9547665
PRY,2023,-0.0528487,0.0021306999999999997,-0.2924769,-0.12109339999999999,-0.6053191,-1.0038312999999999
PRY,2024,-0.045985,0.0018564999999999999,-0.2316558,-0.052528399999999996,-0.6048759,-1.0178501
PSE,2005,-0.47482349999999995,-1.4752416,-0.9455275999999999,-0.607475,-0.7170769,-0.2565247
PSE,2006,-0.2624924,-1.6568733,-0.8595811,-0.6104004,-0.7821693,-0.29717479999999996
PSE,2007,-0.4977656,-1.7137765999999999,-0.7829613,-0.8610912,-1.0361266999999998,-0.2127083
PSE,2008,-0.48159559999999996,-1.8369554,-0.7192448,-0.7385267,-0.9978581,-0.44931469999999996
PSE,2009,-0.6178463,-1.7485016999999998,-0.5285899,-0.09876639999999999,-0.6541684999999999,-0.0198017
PSE,2010,-0.5739666,-1.7680704999999999,-0.43749659999999996,0.13162559999999998,-0.5171984,-0.0195116
PSE,2011,-0.7676649999999999,-1.8832323999999998,-0.6276184,0.0279137,-0.7270411999999999,-0.46509059999999997
PSE,2012,-0.6796603,-1.9533615999999998,-0.6465828,-0.2902825,-0.7283837,-0.4315655
PSE,2013,-0.7713428999999999,-1.7990736999999999,-0.6414092,-0.29061509999999996,-0.7625457999999999,-0.33682429999999997
PSE,2014,-0.7167249,-1.6952547,-0.46403819999999996,-0.1047254,-0.7508943,-0.43501
PSE,2015,-0.7815780999999999,-1.7572101999999998,-0.5058986,-0.1023538,-0.8594525,-0.4574386
PSE,2016,-0.7954013999999999,-1.7059194,-0.5610679,-0.0894277,-0.7787805999999999,-0.28437429999999997
PSE,2017,-0.8057953,-1.4028528999999998,-0.3775498,0.0050796,-0.7914958,-0.3098124
PSE,2018,-0.7150312999999999,-1.5031644,-0.6085345,-0.08686529999999999,-0.8621738,-0.3056994
PSE,2019,-0.7303639,-1.5523038999999998,-0.7639385999999999,-0.0850257,-0.8386562999999999,-0.3199875
PSE,2020,-0.7368450999999999,-1.7548329,-0.7688889999999999,-0.0877932,-0.8686197,-0.5374751
PSE,2021,-0.8841797,-1.6554972,-0.9313785,-0.0886125,-0.875095,-0.5918645
PSE,2022,-0.9028796,-1.5504942,-0.9770753999999999,-0.0914461,-0.8337703,-0.5725882
PSE,2023,-1.1104341,-1.6265534,-1.2794519,-0.3120301,-0.8764293,-0.5983963
PSE,2024,-1.2756501999999998,-1.8775186,-1.3392245999999999,-0.4050483,-0.9839869,-0.5698689
PYF,2019,0.6944045999999999,0.8710673999999999,,,0.9049256999999999,
PYF,2020,0.5851889,0.9269677,,,0.9578937,
PYF,2021,0.8927613999999999,1.0205703,,,1.0563535,-0.18346869999999998
PYF,2022,0.889272,1.0310887,,,1.0432226,-0.2232612
PYF,2023,0.8846617999999999,1.0337058,,,1.0304452,-0.21627539999999998
PYF,2024,0.8821661,1.034356,,,1.0298494,-0.19871049999999998
QAT,2005,-0.9093279,1.0458698,0.1938243,0.0862599,0.4085878,0.660156
QAT,2006,-0.8528369,1.0009390999999999,0.3497152,0.2067464,0.5191827,0.8176867
QAT,2007,-0.9201262,1.0028732,0.5789674,0.3186692,0.5599668,0.9020712
QAT,2008,-0.9633952,1.0438642,0.5786684999999999,0.6776563,0.5380128,1.0897443
QAT,2009,-0.9348706999999999,1.3266989,0.8557621,0.8462141,0.7649897999999999,1.3694593
QAT,2010,-0.9791517999999999,1.1539359,0.7844279,0.8231763,0.7144779,1.3411821
QAT,2011,-1.0303362,1.0711667,0.8537433999999999,0.7985848,0.6437073,1.1458013
QAT,2012,-0.9920137,1.1524792,0.8684253,0.8708036,0.7231613,1.151551
QAT,2013,-1.0371078999999999,1.1064608,0.970586,0.8465573,0.7522977,1.1711652
QAT,2014,-1.0725186,1.0945573,0.8270820999999999,0.636784,0.5680708999999999,0.856831
QAT,2015,-1.0769866,0.9589308999999999,0.8700148,0.698902,0.5166847999999999,0.8402854999999999
QAT,2016,-1.1416958,0.8296180999999999,0.8824615,0.6982413,0.5726136,0.8601521999999999
QAT,2017,-1.2112733,0.831997,0.837592,0.5175299999999999,0.44689379999999995,0.7442506999999999
QAT,2018,-1.4026855999999999,0.8550525999999999,0.6925351,0.6150466,0.43382279999999995,0.7485436
QAT,2019,-1.4042968,0.8668153,0.8135323999999999,0.7277994999999999,0.46756699999999995,0.8767337
QAT,2020,-1.4046973999999999,0.8751777,0.8316013,0.7864772999999999,0.4724154,0.873814
QAT,2021,-1.1234895,0.9175397999999999,0.9782848999999999,0.7854045,0.499359,0.8396644999999999
QAT,2022,-1.1003535,0.9075158999999999,1.0517532,0.8245796,0.6069768,0.8191902999999999
QAT,2023,-1.1488637,1.0121921999999999,1.0104575999999998,0.8854192999999999,0.5765985,0.7654118
QAT,2024,-1.1910067,0.9711158,0.9828787,0.9244842999999999,0.5982385,0.7450876
REU,2005,1.2417619,0.4347144,0.1891821,1.4615981999999998,1.0602738999999999,0.8597633
REU,2006,1.250208,0.7112679,0.1881204,1.4574525999999999,1.0615701,0.8679340999999999
REU,2007,1.2461691,0.7132122,0.1896806,1.4588774,1.0657548,0.8621437
REU,2008,1.2489843,0.43963379999999996,0.21347149999999998,1.4542237999999998,0.8038852999999999,0.8637224
REU,2009,1.2504125,0.4520922,0.21582099999999999,1.4530545,0.7991068,0.8636874999999999
REU,2010,1.2470861,0.4404472,0.2164978,1.4543887,0.7963954999999999,0.8646680999999999
REU,2011,1.2522387,0.4329826,0.2154797,1.4568250999999999,0.8081286,0.8623194
REU,2012,1.2481643999999998,0.42962219999999995,0.2156628,1.4460397,0.8027738999999999,0.8573575
REU,2013,1.2418673999999998,0.43081749999999996,0.215171,1.4451873,0.7921893,0.8577564999999999
REU,2014,1.2481187,0.2921417,1.0993948,1.0892825,1.1172064,0.5412009999999999
REU,2015,1.2493811,0.2883092,1.0981336,1.0953602,1.123565,0.5451140999999999
REU,2016,1.2465416,0.2847553,1.0996612,1.0980626,1.1253773,0.5482751
REU,2017,1.2442286999999999,0.28484899999999996,1.0990159,1.1024611,1.1234751,0.546028
REU,2018,,0.2901373,1.1003216,1.1046293999999999,1.1231685,0.5498679
REU,2019,,0.2915877,1.1030640999999999,1.1093435999999999,0.8915959999999999,0.555153
REU,2020,,0.2903671,1.0925604,0.6266615999999999,0.6569252999999999,0.556319
REU,2021,,0.2863693,1.0939029999999998,0.6245621,0.6545099999999999,0.5582372999999999
REU,2022,,0.2922893,1.0937445,0.6173006,0.6478653,0.5501706
REU,2023,,0.0524477,0.7478024,0.6180258,0.6413996,0.5515867
REU,2024,,0.052813599999999995,0.7479715,0.6161348,0.6410981,0.5551475
ROU,2005,0.43728219999999995,0.1395223,-0.5628967,-0.0036628999999999997,-0.0303055,-0.3488705
ROU,2006,0.5495597,0.1338596,-0.5063071,0.3580312,0.07876409999999999,-0.2500293
ROU,2007,0.4929749,0.191907,-0.5369432,0.4250006,0.10257709999999999,-0.3307832
ROU,2008,0.5539035999999999,0.23595159999999998,-0.29343749999999996,0.42806679999999997,0.1387391,-0.2914815
ROU,2009,0.5199330999999999,0.3915303,-0.28972529999999996,0.38635939999999996,0.1588509,-0.3214785
ROU,2010,0.4815507,0.18658329999999998,-0.0322985,0.4740781,0.1483136,-0.28853239999999997
ROU,2011,0.3823509,0.110577,-0.0041627,0.4264343,0.1861032,-0.173623
ROU,2012,0.3897365,0.0518547,-0.023808899999999997,0.37338869999999996,0.1643193,-0.3531029
ROU,2013,0.3476295,0.13612749999999998,0.0923295,0.4648272,0.2300621,-0.2744415
ROU,2014,0.4750062,0.1803466,0.08618669999999999,0.46840319999999996,0.3732098,-0.23631059999999998
ROU,2015,0.5507443,0.3457246,0.1162377,0.45370669999999996,0.3942342,-0.1045537
ROU,2016,0.5524717,0.3192791,0.0188324,0.4402674,0.3873318,-0.0762059
ROU,2017,0.5232614999999999,0.13460049999999998,0.0157822,0.4076493,0.4175773,-0.0534773
ROU,2018,0.4342521,0.1447665,0.0158531,0.38333459999999997,0.31021679999999996,-0.1669954
ROU,2019,0.5235003,0.6430679,-0.0213742,0.4113235,0.38112009999999996,-0.11867119999999999
ROU,2020,0.5291496,0.6137781999999999,-0.1507723,0.3549315,0.44940769999999997,-0.13115279999999999
ROU,2021,0.6015172999999999,0.6652556,0.0599597,0.3621365,0.4585535,0.019554099999999998
ROU,2022,0.5739366,0.5450379,0.2653434,0.429201,0.4286773,0.07365189999999999
ROU,2023,0.56928,0.5036553,0.1820925,0.3306616,0.3777231,0.08069
ROU,2024,0.428803,0.2998688,0.4004153,0.3463576,0.31199709999999997,-0.0007574999999999999
RUS,2005,-0.4481205,-1.1063992,-0.9323781,-0.2299905,-0.9053133,-0.9074316
RUS,2006,-0.6051553,-0.6973952999999999,-0.8308272999999999,-0.3290982,-0.9386608,-0.9753153999999999
RUS,2007,-0.5763535,-0.6135672999999999,-0.7467644999999999,-0.18445609999999998,-0.9182435999999999,-1.0787388
RUS,2008,-0.4489436,-0.4603692,-0.7490157,-0.3162521,-0.9625319999999999,-1.1388555999999999
RUS,2009,-0.5454681,-0.6807092,-0.787858,-0.3531741,-0.9588365,-1.1602919999999999
RUS,2010,-0.5472235,-0.7060835,-0.7653985,-0.37508939999999996,-0.9161001999999999,-1.0738219
RUS,2011,-0.5784549999999999,-0.9351552,-0.7635128999999999,-0.3887101,-0.6932784,-0.9064544999999999
RUS,2012,-0.7504868,-0.8992277999999999,-0.7966354999999999,-0.43317069999999996,-0.9486292,-1.0332772
RUS,2013,-0.808029,-0.8258259,-0.7453734,-0.41796429999999996,-0.9175198,-0.9956870999999999
RUS,2014,-0.8020522999999999,-0.7092693999999999,-0.264222,-0.4671471,-0.8673579,-0.9083454999999999
RUS,2015,-0.8181626999999999,-0.7769687,-0.37401409999999996,-0.6080353,-0.9220299,-0.9350274
RUS,2016,-0.7890334,-0.766909,-0.3948946,-0.49912809999999996,-0.8691392,-0.8476933999999999
RUS,2017,-0.7631969,-0.5332253,-0.32719329999999996,-0.47506729999999997,-0.838212,-0.9349413
RUS,2018,-0.7787613,-0.3806273,-0.2817755,-0.42520539999999996,-0.8361773,-0.8906622
RUS,2019,-0.9309896999999999,-0.41068,-0.08516169999999999,-0.3741636,-0.8616387999999999,-0.7769277
RUS,2020,-0.9164652999999999,-0.5281273,-0.0973087,-0.45695969999999997,-0.8304037,-0.7821594
RUS,2021,-1.0167969,-0.5290376,-0.16755319999999999,-0.3814448,-0.9100134999999999,-0.7861165
RUS,2022,-1.2370451,-0.7591279,-0.25769159999999997,-0.9108216,-1.0736314999999998,-0.7812283999999999
RUS,2023,-1.3752243,-0.8360173,-0.25782869999999997,-0.9082640999999999,-1.0895776,-0.8959547999999999
RUS,2024,-1.4604317999999998,-0.9333376,-0.3647474,-1.0971393999999999,-1.1820718,-0.8993239
RWA,2005,-1.0748513,-1.1138786,-0.7030609999999999,-0.7631032999999999,-0.8362086,-0.3554272
RWA,2006,-1.0251573999999999,-0.6023189,-0.3897808,-0.5498744,-0.7307518,-0.2215229
RWA,2007,-1.0848788999999999,-0.35069079999999997,-0.4006285,-0.5803421,-0.6529773,-0.1268774
RWA,2008,-1.0863528999999998,-0.2268887,-0.22171649999999998,-0.41505749999999997,-0.5243253,0.0477019
RWA,2009,-1.0696003,-0.20735389999999998,-0.21193889999999999,-0.4095407,-0.5981166,0.0345508
RWA,2010,-1.1391392,-0.1865826,-0.052681399999999996,-0.3062608,-0.4636916,0.2769702
RWA,2011,-1.1297557,-0.282495,-0.0397994,-0.20080589999999998,-0.4217935,0.2928192
RWA,2012,-0.9698994,-0.2404228,-0.013416599999999999,-0.16278099999999998,-0.3397188,0.4241158
RWA,2013,-0.9723354,-0.2865396,0.0750768,-0.08882269999999999,-0.2999744,0.4254686
RWA,2014,-0.9058896,-0.1077383,0.042102,0.105053,-0.2222904,0.4870655
RWA,2015,-0.9109541999999999,0.1164617,0.0388895,0.1627943,-0.16365349999999998,0.49728219999999995
RWA,2016,-0.9289601999999999,-0.0342876,0.21123039999999998,0.1368293,-0.1242152,0.5779816999999999
RWA,2017,-0.9069516,0.0932031,0.35846049999999996,0.1621531,-0.1338001,0.5040962
RWA,2018,-0.8615315,0.1455729,0.3126168,0.1092493,-0.1340402,0.4346348
RWA,2019,-0.843108,0.1068759,0.2445731,0.09595999999999999,-0.1309207,0.450467
RWA,2020,-0.8550552,0.14564639999999998,0.243467,0.10535979999999999,-0.042473899999999995,0.5118581999999999
RWA,2021,-0.708002,0.1013835,0.1930094,0.1424011,0.0079353,0.4698012
RWA,2022,-0.7100168,0.011089499999999999,0.2649969,0.12878879999999998,-0.01486,0.5272960999999999
RWA,2023,-0.7047184999999999,0.0192909,0.32836489999999996,0.2308868,0.0515468,0.6796207999999999
RWA,2024,-0.7476128,-0.0639592,0.3351462,0.2612518,0.0904416,0.6172666
SAU,2005,-1.7240837999999998,-0.4626065,-0.5197366,-0.0084539,-0.2084752,-0.4057189
SAU,2006,-1.7187575,-0.6330977,-0.2698195,-0.0927827,-0.1052077,-0.3293778
SAU,2007,-1.6741323,-0.5786741,-0.22530119999999998,0.0037903999999999998,-0.1451373,-0.3253357
SAU,2008,-1.6911222,-0.3850645,-0.13887069999999999,0.2101181,-0.1666059,-0.2055938
SAU,2009,-1.8043367,-0.7251858,-0.1209123,0.2040784,-0.25293709999999997,-0.2638541
SAU,2010,-1.7792971,-0.28546109999999997,-0.0051789,0.2659382,-0.1470251,-0.12403349999999999
SAU,2011,-1.810789,-0.4904342,-0.0708499,0.3203122,-0.12870209999999999,-0.2156545
SAU,2012,-1.7143655,-0.5683714,-0.0839278,0.1799844,-0.040101899999999996,-0.1204938
SAU,2013,-1.765798,-0.638108,-0.143682,0.2244651,-0.0546245,-0.1026
SAU,2014,-1.7815147,-0.30944079999999996,-0.005161,0.1626065,-0.3197473,-0.1777259
SAU,2015,-1.7244195,-0.45057719999999996,0.0038444,0.19997399999999999,-0.2629958,-0.1440797
SAU,2016,-1.7381137999999998,-0.49242339999999996,0.162969,0.15035289999999998,-0.1791671,0.1140279
SAU,2017,-1.7602613,-0.632321,0.0773243,0.0892115,-0.3246127,0.10418279999999999
SAU,2018,-1.7768989,-0.5636028,0.1515551,0.0640959,-0.2421556,0.1494341
SAU,2019,-1.7085778999999999,-0.5239956,0.14055979999999998,0.14271899999999998,-0.1863906,0.2066026
SAU,2020,-1.7178817,-0.5294654999999999,0.028084099999999997,0.1358,-0.20649109999999998,0.31568999999999997
SAU,2021,-1.7050588,-0.45185569999999997,0.2772241,0.33050619999999997,-0.1741499,0.2311585
SAU,2022,-1.6989587,-0.325557,0.4323815,0.4840547,0.0921253,0.3013417
SAU,2023,-1.7439008,-0.2642306,0.605606,0.530087,0.1674146,0.46972939999999996
SAU,2024,-1.7055322,-0.0169291,0.6467366,0.6285588999999999,0.2811129,0.7475803999999999
SDN,2005,-1.8368391,-2.1341795,-1.5096337,-1.1717553,-1.6326067,-1.4142557999999998
SDN,2006,-1.6414163,-2.2745759,-1.187999,-1.145443,-1.3464163,-1.2027919
SDN,2007,-1.6354134,-2.3686347,-1.1997562,-1.2176132,-1.3789118,-1.3126333
SDN,2008,-1.5541494999999999,-2.42007,-1.3389783,-1.3052945,-1.4012358999999999,-1.426404
SDN,2009,-1.5647514999999999,-2.4466326,-1.2506278,-1.2429948,-1.3684892,-1.4287154
SDN,2010,-1.6459257999999999,-2.4263714,-1.3836742,-1.3359218,-1.3747616,-1.4767397
SDN,2011,-1.7719103999999999,-2.3450248,-1.3701442,-1.3203228999999999,-1.4221367999999999,-1.4653904
SDN,2012,-1.8195671,-2.319579,-1.3719458,-1.4183356,-1.4190497,-1.5718298
SDN,2013,-1.8155568999999998,-2.2549147,-1.3693332999999999,-1.5081784999999999,-1.4556121,-1.5309647
SDN,2014,-1.7867419,-2.230423,-1.3710510999999999,-1.4680781999999999,-1.4148253,-1.5085107
SDN,2015,-1.8048079,-2.0548186,-1.3538917,-1.4987761,-1.4698076,-1.4920712
SDN,2016,-1.8263399,-2.1648921,-1.3336004,-1.4495327999999998,-1.4607713999999998,-1.4923567
SDN,2017,-1.827839,-1.9617608,-1.2856360999999998,-1.4658856999999998,-1.3602999,-1.4880349
SDN,2018,-1.8833407999999998,-1.7213646999999999,-1.5561601999999999,-1.5463824,-1.3471178,-1.5300189
SDN,2019,-1.6826702999999998,-1.6827368,-1.4721393999999999,-1.5690903999999999,-1.3760782999999999,-1.4992036
SDN,2020,-1.533181,-1.4071803999999999,-1.4833604999999999,-1.5423433,-1.3006039999999999,-1.4101872
SDN,2021,-1.4734367,-1.7962832,-1.5151898,-1.5286883999999998,-1.3456763999999999,-1.2975702
SDN,2022,-1.6599939,-1.9342198,-1.6127927,-1.5904961,-1.4133348,-1.4501624
SDN,2023,-1.8010899,-2.0682158,-1.8492765999999998,-1.6432001999999999,-1.6614072,-1.4546253
SDN,2024,-1.9282749,-2.0344983,-1.8961223999999999,-1.6925314,-1.7846864999999998,-1.5614972
SEN,2005,0.159614,-0.2719644,-0.5192614,-0.31142349999999996,-0.0196976,-0.16836489999999998
SEN,2006,0.1514544,-0.3012737,-0.5111564,-0.4136181,-0.2307708,-0.27919689999999997
SEN,2007,-0.056222499999999995,-0.2110995,-0.4414955,-0.43985989999999997,-0.18142529999999998,-0.3511147
SEN,2008,-0.1111108,-0.1681637,-0.22712079999999998,-0.33986459999999996,-0.24319169999999998,-0.3599429
SEN,2009,-0.12724739999999998,-0.0079948,-0.29096469999999997,-0.3905674,-0.3019129,-0.4323683
SEN,2010,-0.17025389999999999,-0.42771159999999997,-0.2642544,-0.4040532,-0.34628899999999996,-0.5475886
SEN,2011,-0.1991039,-0.3314719,-0.23742539999999998,-0.3554502,-0.3443392,-0.41433939999999997
SEN,2012,0.0954503,-0.1594853,-0.11987909999999999,-0.27067959999999996,-0.2082819,-0.26467989999999997
SEN,2013,0.1502692,-0.0946215,-0.07053859999999999,-0.2575016,-0.21139639999999998,-0.22424819999999998
SEN,2014,0.2108545,-0.09357829999999999,-0.054288699999999995,-0.2866168,-0.1408216,0.060344499999999995
SEN,2015,0.201253,-0.0691099,-0.1092363,-0.17934899999999998,-0.151114,0.0762023
SEN,2016,0.2506491,-0.22123659999999998,-0.11686469999999999,-0.18347529999999998,-0.074391,0.026946599999999998
SEN,2017,0.15533639999999999,-0.1562563,0.0436241,-0.2081293,-0.126277,-0.029002
SEN,2018,0.17576409999999998,-0.15382089999999998,-0.009469,-0.24276999999999999,-0.13971219999999998,0.016290799999999998
SEN,2019,0.142173,0.0457315,0.2062571,-0.2299201,-0.10393569999999999,0.0149024
SEN,2020,0.1365577,-0.0475255,0.1247418,-0.27694759999999996,-0.0983714,-0.015418099999999999
SEN,2021,0.0910228,-0.1224277,0.1751505,-0.2722328,-0.1516216,0.0380367
SEN,2022,0.0771958,-0.224383,0.171822,-0.28489519999999996,-0.1386521,0.0166694
SEN,2023,0.056908299999999995,-0.1617478,0.2003344,-0.30474249999999997,-0.1819924,0.045654799999999995
SEN,2024,0.1048363,-0.2635247,0.23812229999999998,-0.2875115,-0.2190252,0.1263668
SGP,2005,-0.2056409,1.1298565999999999,2.1161504,1.9145666,1.5083247,2.0025652
SGP,2006,-0.1827942,1.2154895,2.1421419,1.9413084999999999,1.4249551999999999,2.1514618999999997
SGP,2007,-0.1525669,1.1289315,2.2100315,2.0262717,1.4008395999999999,2.1715523
SGP,2008,-0.1794757,1.2760519,2.1065592,2.0504293,1.395502,2.1700285999999998
SGP,2009,-0.1331741,1.2081899,1.9953684999999999,1.9439513,1.3645399999999999,2.1430159
SGP,2010,-0.15028249999999999,1.1689332,2.0072327999999997,1.9909442,1.3732853,2.073436
SGP,2011,-0.029454599999999997,1.0989669,1.9640461999999999,1.9529789,1.4226147,2.0735921
SGP,2012,0.07660879999999999,1.2378718,2.0637615,2.103961,1.5424632999999999,2.0886563
SGP,2013,0.0512734,1.2118301999999999,1.9883098,2.0648763999999997,1.4913634999999998,2.0552348
SGP,2014,0.0755634,1.0534409999999998,1.9985781999999999,2.1252405999999997,1.5460772999999999,2.0578526999999998
SGP,2015,0.0803762,1.0975751,2.0199615,2.1943867,1.5431626999999999,2.0813877
SGP,2016,0.1051207,1.2588447,2.0860171,2.1506539,1.5526461,2.1054938
SGP,2017,0.0426828,1.3680183,2.0605417999999998,2.1073347,1.5008012,2.1139715
SGP,2018,0.016398799999999998,1.2885824,2.0570443,2.109533,1.5343057999999998,2.1269883
SGP,2019,-0.040303399999999996,1.2482503,2.0798104,2.1545953,1.5275488,2.1195067
SGP,2020,-0.0758852,1.2747579999999998,2.0499885,2.0998596,1.489221,2.1289105
SGP,2021,-0.07718119999999999,1.2704587,2.0840606999999998,2.1108142,1.4589739,2.0828348
SGP,2022,-0.08850659999999999,1.1599618,2.0829036,2.0394843,1.4654359,2.0355990999999998
SGP,2023,-0.1605718,1.2124150999999999,2.0970288999999998,2.1349413999999998,1.4524749,1.9204264
SGP,2024,-0.166825,1.2564161999999999,2.1107584,2.0877187999999998,1.4744279999999998,1.9699985999999998
SLB,2005,0.0607497,-0.1447013,-0.7869393,-1.181037,-0.5420273999999999,-0.044541399999999995
SLB,2006,0.06768969999999999,-0.0452413,-0.8614232,-1.2654391,-0.5662442,-0.28308859999999997
SLB,2007,0.0412451,0.1360267,-0.9751162999999999,-1.2089173,-0.5978466,-0.4778444
SLB,2008,0.0121142,0.1346346,-0.972027,-1.2569043,-0.44981669999999996,-0.4205618
SLB,2009,0.0926137,0.34343219999999997,-0.89305,-1.2906857999999999,-0.5726565,-0.3153225
SLB,2010,0.0672251,0.37452949999999996,-0.9407702,-1.2286759999999999,-0.47321769999999996,-0.40883929999999996
SLB,2011,0.031405499999999996,0.37093879999999996,-0.8889014,-1.0931608,-0.4019608,-0.42493929999999996
SLB,2012,0.07887179999999999,0.3693223,-0.8285964,-1.0903112,-0.37695229999999996,-0.3985902
SLB,2013,0.0829215,0.3698973,-0.8885350999999999,-1.0815304,-0.3795522,-0.4024587
SLB,2014,0.1137748,0.564665,-0.9086238999999999,-1.019836,-0.1832518,-0.39720649999999996
SLB,2015,0.12076429999999999,0.6052371,-0.9093302,-0.9507825999999999,-0.18216279999999999,-0.3986108
SLB,2016,0.13700959999999998,0.3427975,-0.9084747,-0.9498913,-0.1538531,-0.4083943
SLB,2017,0.15367709999999998,0.11068249999999999,-1.1026677999999999,-0.9484404999999999,-0.1496498,-0.149298
SLB,2018,0.2079231,0.35958009999999996,-1.1194507,-0.9477253,-0.10685209999999999,-0.1476845
SLB,2019,0.3555426,0.39494009999999996,-0.9928809999999999,-0.7814454,-0.0196671,-0.0009981999999999999
SLB,2020,0.17506349999999998,0.5024289,-1.0001522,-0.9396496,0.23027409999999998,-0.0273306
SLB,2021,0.3118013,0.4134754,-1.1431128,-1.0900988999999999,0.048024199999999996,-0.1728335
SLB,2022,0.260501,0.7410981,-0.9228459,-1.0924939,0.1593153,-0.17617539999999998
SLB,2023,0.2538078,0.7416958,-0.9227681999999999,-1.0922547,0.1621722,-0.1755887
SLB,2024,0.6038393,0.8057873,-0.9226890999999999,-0.9587808999999999,0.190712,-0.1388173
SLE,2005,-0.23337139999999998,-0.4139584,-1.3439443,-1.168586,-0.9415382999999999,-1.037539
SLE,2006,-0.2439698,-0.2391692,-1.2154757999999999,-1.1619087,-0.8475281,-1.0103644999999999
SLE,2007,-0.2260924,-0.1625144,-1.1520979999999998,-1.1389607,-0.8316414999999999,-0.9553012
SLE,2008,-0.1471451,-0.2793768,-1.1548405,-1.1295164,-0.8399957,-0.8894841
SLE,2009,-0.1971112,-0.28624869999999997,-1.1883139999999999,-0.988159,-0.8194903,-0.7547946999999999
SLE,2010,-0.1329333,-0.24778979999999998,-1.1300632,-0.9550481999999999,-0.8135532,-0.630182
SLE,2011,-0.1808469,-0.2701067,-1.1345275,-0.9327187,-0.7629935,-0.6260665
SLE,2012,-0.3026159,-0.2546717,-1.0591945999999999,-0.9230571999999999,-0.7504153,-0.7640209
SLE,2013,-0.3555405,-0.0939077,-1.0812401999999999,-0.9294315,-0.8603531,-0.826782
SLE,2014,-0.33837419999999996,-0.1471043,-1.0338154,-0.8838147,-0.8754455,-0.8685674999999999
SLE,2015,-0.3347978,-0.024104499999999997,-1.1110931,-0.9115703,-0.7593808,-0.8063802999999999
SLE,2016,-0.341987,-0.2797833,-1.0091782999999999,-0.9033717,-0.7683647,-0.8346345
SLE,2017,-0.351751,-0.1635037,-1.0011804,-0.9082471,-0.7286262,-0.7211095
SLE,2018,-0.2536759,-0.2290265,-0.9477361,-0.9067369,-0.7087089,-0.5355181
SLE,2019,-0.28883929999999997,-0.1821506,-0.9743448,-0.8792939,-0.7409526,-0.5000519
SLE,2020,-0.2489837,-0.38065299999999996,-0.9474140999999999,-0.9074437,-0.6967268,-0.48292419999999997
SLE,2021,-0.24926579999999998,-0.2566927,-0.9867037999999999,-0.8982964999999999,-0.7571123,-0.4882274
SLE,2022,-0.2821189,-0.2858405,-0.9610767,-1.0089979,-0.7862351999999999,-0.5485936
SLE,2023,-0.4317492,-0.573655,-0.9775178,-0.9857244,-0.8590316,-0.5590472
SLE,2024,-0.48282319999999995,-0.5066505,-0.9826539999999999,-1.041801,-0.8629452,-0.6923414999999999
SLV,2005,-0.0611136,-0.07182569999999999,-0.572187,0.4022481,-0.5351928,-0.4269884
SLV,2006,0.0474553,-0.2262584,-0.48342609999999997,0.20546709999999999,-0.6931798,-0.38007379999999996
SLV,2007,0.0011727,-0.021594699999999998,-0.4777105,0.25293499999999997,-0.7307926,-0.4163748
SLV,2008,0.10714309999999999,0.0445685,-0.23198739999999998,0.3849859,-0.7107452,-0.41213279999999997
SLV,2009,0.0698579,-0.1662647,-0.13249,0.5396172,-0.7509485,-0.2531924
SLV,2010,0.13557729999999998,0.0168742,-0.0516234,0.49699519999999997,-0.8322929,-0.2559847
SLV,2011,0.0843819,-0.0033992999999999996,-0.11814809999999999,0.4754469,-0.7075754,-0.16565
SLV,2012,0.0460908,0.1775368,-0.0975351,0.2877973,-0.836449,-0.4167554
SLV,2013,0.0672241,-0.1588164,-0.06954439999999999,0.291193,-0.7182647,-0.347763
SLV,2014,0.1574056,-0.133289,0.0240719,0.251274,-0.6206913,-0.4845949
SLV,2015,0.0772597,-0.1767514,-0.13615549999999998,0.159822,-0.7536319,-0.5225999
SLV,2016,0.0863533,-0.30195089999999997,-0.1521842,0.0464956,-0.7286503,-0.5615252
SLV,2017,0.0701002,-0.37722069999999996,-0.2084702,0.0053408,-0.8359502999999999,-0.5267558
SLV,2018,0.0329973,-0.46098449999999996,-0.2774331,0.0428898,-0.8107531,-0.5790466
SLV,2019,0.09564489999999999,-0.2549632,-0.2436158,0.009928,-0.7295822,-0.5203914
SLV,2020,0.0342398,-0.2043113,-0.0667167,-0.0086204,-0.6506831,-0.510655
SLV,2021,-0.22860239999999998,-0.2677443,-0.2029288,-0.22055249999999998,-0.8088578,-0.5612368
SLV,2022,-0.4843085,-0.1504355,-0.4560161,-0.3115693,-0.9414173,-0.6810026
SLV,2023,-0.5261342999999999,0.0691234,-0.2771413,-0.2518719,-0.6962396,-0.5905127
SLV,2024,-0.6931645,0.1385315,-0.2661757,-0.1192066,-0.6832935,-0.5594597
SMR,2005,1.2516308999999999,0.978151,,,1.3687802,
SMR,2006,1.2557057,0.9881793,,,1.3702305,
SMR,2007,1.2537572,0.9920213,,,1.3749122,
SMR,2008,1.2551154,0.987872,,,1.3731242,
SMR,2009,1.2558044,1.5846744,,,1.3677781,
SMR,2010,1.2541996,1.5738573,,,1.3647447,
SMR,2011,1.2566855,1.5669233,,,1.3778715,
SMR,2012,1.2601489,1.5638017,,,1.3718808,
SMR,2013,1.2571109,1.5649121,,,1.3600389,
SMR,2014,1.2601269,1.5761942,,,1.3677671,
SMR,2015,1.2607359,1.3269050999999998,1.4442422,0.8575655999999999,1.6754299,1.1695012999999999
SMR,2016,1.1928592,1.3242302,1.4457696999999998,0.8602679999999999,1.6765077,1.1726623999999999
SMR,2017,1.1917434,1.3243007999999998,1.4451243999999999,0.8646665,1.6753764,1.1704151999999999
SMR,2018,1.1822652999999999,1.328281,1.4464302,0.8668347999999999,1.6425733,1.1742552
SMR,2019,1.1818266,1.1924864,1.4491726,0.8715489999999999,1.6424146,1.1795403
SMR,2020,1.1804542,1.1918437,1.438669,0.8644567,1.4884164,1.1807063
SMR,2021,1.1733845,1.1897385999999999,1.4400115,0.8623571,1.4866736,1.1826246
SMR,2022,1.247139,1.3758793999999999,1.1166591,0.8550957,1.2365222999999999,1.1745577999999999
SMR,2023,1.2445875,1.376655,0.8606691,0.8558209,1.418326,1.1759739999999999
SMR,2024,1.2432062,1.3768477,0.8607943,0.8539298,1.1548332,1.1795347999999999
SOM,2005,-1.6956578999999998,-2.6019636999999998,-2.0619723999999997,-1.9120449,-2.3775725,-1.6604249
SOM,2006,-1.7171874999999999,-2.6227054,-2.0623036,-2.0688179,-2.5241132,-1.6563417999999999
SOM,2007,-1.8333882,-3.0481992,-2.0618168999999997,-2.0685511,-2.5214857,-1.6578697999999998
SOM,2008,-1.8010701999999998,-3.0065125,-2.0480370999999997,-2.1028162999999997,-2.4992858,-1.6883488
SOM,2009,-1.8886029999999998,-2.8671933,-1.9793176,-2.0812029,-2.3926776999999997,-1.588735
SOM,2010,-1.8678778999999999,-2.9158931999999997,-2.1759477,-2.1688438999999997,-2.4025122,-1.6893334
SOM,2011,-1.8146540999999998,-3.0043775999999998,-2.1819576,-2.1983104,-2.3984125,-1.6660647
SOM,2012,-1.800323,-2.8914996,-2.1530478,-2.1078682,-2.3746224,-1.6534208
SOM,2013,-1.8310910999999999,-2.8368719,-2.1830708,-2.2117429,-2.3727001,-1.6498655999999998
SOM,2014,-1.8085881,-2.4554802,-2.2925758,-2.0806066,-2.2388779,-1.7438729
SOM,2015,-1.7338326,-2.2972723,-2.1438215,-2.0387572,-2.203041,-1.7335954
SOM,2016,-1.7483341,-2.2845795,-2.0737115999999998,-2.0895599,-2.2464929,-1.7388728
SOM,2017,-1.6176975999999998,-2.0287208999999997,-2.0885664999999998,-2.0928324,-2.3210992,-1.7240273
SOM,2018,-1.5928087,-2.0687514,-2.1199773,-1.9906502,-2.3110627999999998,-1.8075888
SOM,2019,-1.5742994,-2.0771186999999998,-2.0978976,-1.985669,-2.2808493999999997,-1.6361012
SOM,2020,-1.6842989,-2.3576818,-2.0294782,-1.886329,-2.1905875,-1.5508035
SOM,2021,-1.6761734,-2.6134632,-2.0460794,-1.8091521,-2.178324,-1.6038474
SOM,2022,-1.5371,-2.0965067,-2.0241021,-1.8100741999999999,-2.2269636999999998,-1.6008262
SOM,2023,-1.5272177999999998,-2.1695778,-1.9478909,-1.7280217999999998,-2.1571124999999998,-1.6182971
SOM,2024,-1.6040436,-2.2605446,-1.971418,-1.7585688,-2.2303178,-1.7858509
SRB,2005,-0.1792378,-0.74218,-0.4282277,-0.722614,-0.8984245,-0.6213936
SRB,2006,0.256853,-0.6044866999999999,-0.36354929999999996,-0.5384812,-0.4099749,-0.23326919999999998
SRB,2007,0.3240434,-0.3950067,-0.3734972,-0.36822079999999996,-0.2654286,-0.3064733
SRB,2008,0.34498829999999997,-0.2501565,-0.2050535,-0.3539194,-0.3834004,-0.3074558
SRB,2009,0.34979899999999997,-0.21402459999999998,-0.12785449999999998,-0.3132917,-0.3987209,-0.33018539999999996
SRB,2010,0.3283601,-0.21964219999999998,-0.14314259999999998,-0.2392017,-0.4090473,-0.3622833
SRB,2011,0.32209499999999996,-0.1961366,-0.1921261,-0.23762219999999998,-0.2140425,-0.3282249
SRB,2012,0.19195399999999999,-0.1060103,-0.1972833,-0.22425989999999998,-0.2070775,-0.3888736
SRB,2013,0.2039074,-0.014882,-0.114274,-0.21357569999999998,-0.18712769999999998,-0.3613571
SRB,2014,0.1955414,0.1603211,0.17436169999999998,0.07330529999999999,-0.041437499999999995,-0.24713079999999998
SRB,2015,0.1807742,0.2682634,0.0436294,0.145748,0.0060408,-0.3508977
SRB,2016,0.1606494,0.15545599999999998,0.1304601,0.0415308,-0.028941599999999998,-0.37884389999999996
SRB,2017,0.0259122,0.11014049999999999,0.1780714,0.06358369999999999,-0.0678526,-0.4365539
SRB,2018,-0.14170539999999998,0.1017015,0.21380939999999998,0.1501904,-0.0747997,-0.3886174
SRB,2019,-0.1122845,0.0559353,0.1505127,0.1231844,-0.039413,-0.3661102
SRB,2020,-0.122446,-0.0806211,0.04033,0.1235506,-0.1087775,-0.37078069999999996
SRB,2021,-0.1951348,-0.055792999999999995,0.0845481,0.1150626,-0.1640914,-0.47346059999999995
SRB,2022,-0.21863069999999998,-0.0623513,0.1911998,0.1474083,-0.127244,-0.4884475
SRB,2023,-0.2959654,0.092496,0.1452306,0.0960988,-0.1799478,-0.4997947
SRB,2024,-0.4081081,-0.1525957,0.08281369999999999,0.0672016,-0.20991289999999999,-0.5554987
SSD,2010,,,,,,-0.2157375
SSD,2011,-1.21918,-1.5337524,-1.6621792,-1.6063524999999998,-1.3353469999999998,-1.2360879999999999
SSD,2012,-1.2247902,-1.518745,-1.4901775,-1.4352987,-1.1402303999999999,-1.3388423999999999
SSD,2013,-1.3663478,-2.0832353,-1.6798142999999999,-1.5843854,-1.3401756,-1.4201325
SSD,2014,-1.5018277,-2.5119701,-1.8645724,-1.6929465,-1.681994,-1.7143256
SSD,2015,-1.5505862,-2.3029661999999997,-2.0196,-1.6968254999999999,-1.6967584999999998,-1.7670754
SSD,2016,-1.7746552999999998,-2.3578283,-2.1023845999999997,-1.7914203,-1.7594037,-1.7883305999999999
SSD,2017,-1.7855345999999999,-2.4631259,-2.1864554,-1.8285019,-1.7569175,-1.7524159
SSD,2018,-1.9442043999999998,-2.3554789,-2.1312089999999997,-1.9300768,-1.8827562,-1.8265489
SSD,2019,-1.9234196,-2.4067246,-2.1508564999999997,-1.9238445,-1.8847296,-1.882545
SSD,2020,-1.8364741999999998,-2.1447018,-2.222978,-1.9957163,-1.9212582999999999,-1.8033367999999999
SSD,2021,-1.8652221,-2.2517853999999997,-2.311628,-1.9767346,-1.9925940999999998,-1.8179758
SSD,2022,-1.8722172,-1.6422999,-2.2851612,-1.9778882999999998,-1.9497091999999998,-1.8573218
SSD,2023,-1.7473512,-1.5363185,-2.2727466,-2.0423296,-2.0207137,-1.8724899
SSD,2024,-1.7532765,-1.489001,-2.2230787999999997,-1.9440217,-1.9947605,-2.0559271999999997
STP,2005,0.2790233,0.5100169,-0.9155141,-0.7983511999999999,-0.4191348,-0.4144519
STP,2006,0.3572298,0.39632999999999996,-1.1234572,-0.7608212999999999,-0.4115738,-0.4573779
STP,2007,0.2437782,0.4779506,-0.9549628,-0.8004479,-0.3532857,-0.3750421
STP,2008,0.1919555,0.38118969999999996,-0.8116146,-0.7685951999999999,-0.37868979999999997,-0.2909352
STP,2009,0.22005929999999999,0.4917933,-0.8109138,-0.7878191999999999,-0.5522294999999999,-0.23977759999999998
STP,2010,0.2378216,0.378702,-0.8539989,-0.8091716,-0.4806333,-0.2241048
STP,2011,0.3486111,0.2937805,-0.7845069,-0.7277370999999999,-0.48169239999999997,-0.1566694
STP,2012,0.3580392,0.2925138,-0.8231978,-0.752151,-0.5530463999999999,-0.1578619
STP,2013,0.262827,0.40411139999999995,-0.8750884,-0.8498258,-0.640608,-0.19220759999999998
STP,2014,0.3058843,0.48632169999999997,-0.7717311,-0.7954338999999999,-0.6199342,-0.0799232
STP,2015,0.27490349999999997,0.38696909999999995,-0.6757091,-0.7504474999999999,-0.5692391,-0.056810299999999994
STP,2016,0.2162055,0.25122839999999996,-0.6089494,-0.7288570999999999,-0.4942837,-0.0929812
STP,2017,0.21505929999999998,0.1995089,-0.5710613999999999,-0.7761251,-0.4881292,0.0655423
STP,2018,0.24170119999999998,0.45351939999999996,-0.4047903,-0.838583,-0.4837371,0.14292249999999998
STP,2019,0.28269469999999997,0.5232528,-0.4868666,-0.8615585,-0.4725353,0.1627276
STP,2020,0.2449604,0.47193189999999996,-0.5185061,-0.8408582,-0.3674242,0.07452149999999999
STP,2021,0.2621766,0.6082919,-0.6319534,-0.8318506999999999,-0.40311939999999996,0.1479638
STP,2022,0.2533176,0.4923263,-0.6731773,-0.8371282999999999,-0.30121359999999997,0.1211443
STP,2023,0.2456583,0.6225242999999999,-0.6974503999999999,-0.903936,-0.36175959999999996,0.09832719999999999
STP,2024,0.28559419999999996,0.49297539999999995,-0.7346796,-0.9161824,-0.36536799999999997,0.1080246
SUR,2005,0.42225949999999995,0.3659134,-0.052045799999999996,-0.6940649,-0.07214949999999999,0.2838759
SUR,2006,0.46730879999999997,0.014324199999999999,-0.2250168,-0.5106054999999999,-0.253189,0.13845079999999998
SUR,2007,0.5025149999999999,0.060822799999999996,-0.234453,-0.4851992,-0.2223886,0.0922635
SUR,2008,0.6457712,0.19561579999999998,0.14283179999999998,-0.4758496,-0.16075989999999998,0.10696449999999999
SUR,2009,0.5151633999999999,0.2590665,0.0642066,-0.4450035,-0.11088719999999999,-0.11028629999999999
SUR,2010,0.44487289999999996,0.1442554,0.0845134,-0.4621878,-0.063299,-0.16373369999999998
SUR,2011,0.4568699,0.09042249999999999,0.051105199999999996,-0.41249959999999997,-0.057288599999999995,-0.1496592
SUR,2012,0.4420976,0.071602,0.13991689999999998,-0.367218,-0.056302,-0.14048339999999998
SUR,2013,0.4457027,0.06637549999999999,0.1312702,-0.3409101,-0.053552699999999995,-0.1635897
SUR,2014,0.4288883,0.23420539999999998,0.0840669,-0.5904621999999999,-0.0985524,-0.32303499999999996
SUR,2015,0.2732495,0.308214,0.0836908,-0.579372,-0.162926,-0.200742
SUR,2016,0.2759681,0.18475239999999998,0.12853589999999998,-0.6009766999999999,-0.1768978,-0.1779835
SUR,2017,0.1856119,0.1761491,0.0511652,-0.6323131,-0.2047319,-0.1920386
SUR,2018,0.2546065,0.16064019999999998,0.051610699999999995,-0.6983247,-0.2323168,-0.28612
SUR,2019,0.277783,0.1343665,0.0354311,-0.6156874999999999,-0.2276077,-0.2800895
SUR,2020,0.2969564,0.4542383,0.0038077,-0.7030312,-0.1834158,-0.30106479999999997
SUR,2021,0.231016,0.3586545,-0.1391181,-0.633481,-0.193132,-0.309193
SUR,2022,0.2509947,0.238262,-0.19788709999999998,-0.7221531,-0.22264209999999998,-0.30796429999999997
SUR,2023,0.2551945,0.28724669999999997,-0.2216288,-0.745011,-0.1842063,-0.3270609
SUR,2024,0.2075696,0.4767878,-0.3630327,-0.9314724999999999,-0.2025863,-0.3739733
SVK,2005,0.9057746999999999,0.9142068,0.8319498,1.1954924999999998,0.4367984,0.45417929999999995
SVK,2006,0.9071585999999999,0.8381455999999999,0.6726447,1.1179842,0.46493809999999997,0.4848105
SVK,2007,0.9116411,1.1108266,0.5902742999999999,1.0242631,0.4347945,0.3900592
SVK,2008,0.9682516999999999,1.1085379,0.742108,1.0475762,0.5178129,0.3254176
SVK,2009,0.9308944,0.9057915,0.7579713,1.012532,0.413612,0.1879484
SVK,2010,0.8756088999999999,1.1108841,0.5851512,1.005247,0.3198528,0.23275679999999999
SVK,2011,0.9179231,0.9390537999999999,0.5954868,0.9898994999999999,0.3803197,0.23268609999999998
SVK,2012,0.9178311,1.0038601999999999,0.6368828999999999,1.0036011999999999,0.38941309999999996,0.1836187
SVK,2013,0.9287274,1.0259175999999999,0.5873878,0.9014316,0.37341799999999997,0.1579022
SVK,2014,0.9146453,1.1200556,0.7996173,0.7878292,0.2620058,0.1685363
SVK,2015,0.9092646,0.9308632,0.7362866,0.7529475,0.2859133,0.17484529999999998
SVK,2016,0.9087502,0.7336494,0.7870878,0.9010427,0.3203703,0.2649929
SVK,2017,0.8342649,0.8464495,0.6384814,0.812368,0.3064298,0.20793119999999998
SVK,2018,0.7480234,0.7137918,0.6020725,0.7673584,0.3387405,0.2620916
SVK,2019,0.9122205999999999,0.6641829,0.5389168,0.8264279,0.4087131,0.24861609999999998
SVK,2020,0.9246088,0.6065049,0.6220586,0.6708649,0.5136693999999999,0.33702699999999997
SVK,2021,1.0146781999999999,0.5867614,0.7144083,0.7774124,0.7124193999999999,0.3602428
SVK,2022,0.9841972,0.5292309,0.7475381,0.7824156999999999,0.5893286999999999,0.37886719999999996
SVK,2023,0.9952044,0.5780306,0.6017517,0.6006132,0.5413446,0.3530811
SVK,2024,0.9111808,0.6430312,0.6351198,0.3501081,0.49038309999999996,0.09682389999999999
SVN,2005,1.0406317,1.0883281999999999,0.72856,0.8336992,0.8330316,0.8463383999999999
SVN,2006,1.0395911,1.1012532,0.7595919,0.8962276,0.8483524,0.9697256999999999
SVN,2007,1.0112508,1.1739028,0.7327246,0.935064,0.9223558,0.9951435
SVN,2008,0.9737813,1.1979471,1.0278833,0.9469006999999999,0.9100607,0.8924622
SVN,2009,0.9895683,1.145546,1.0464554,1.0096325,0.8989218999999999,0.916721
SVN,2010,0.998891,1.060155,0.8225435,0.8675531999999999,0.8845314999999999,0.7387163999999999
SVN,2011,0.9910585999999999,1.100829,0.8700226,0.7925147,0.8302679,0.7102904
SVN,2012,0.9179955999999999,0.9780722,0.8954709,0.6951457999999999,0.8386549,0.6924923
SVN,2013,0.8892677999999999,0.8865236999999999,0.8573354,0.6728848,0.7765664999999999,0.6106967
SVN,2014,0.8526541999999999,1.0422628999999999,1.0166984,0.6050726,0.8459663,0.5895203999999999
SVN,2015,0.8874017999999999,1.0126981,1.0083514999999998,0.6420853,0.8251877,0.6434139
SVN,2016,0.9061768,0.998852,1.1807718,0.7116461,0.8389182,0.7494562
SVN,2017,0.9128873,0.9293102,1.201628,0.6581037,0.7500335,0.7824620999999999
SVN,2018,0.8750762999999999,0.9710422,1.2566126,0.7260597999999999,0.7719256,0.8209671
SVN,2019,1.0481703,0.9350748999999999,1.2355779,0.916817,0.9358594,0.8516505999999999
SVN,2020,1.0277541,0.7476522,1.1944506,0.8733107,0.9114028,0.7089589
SVN,2021,0.935618,0.7366115,1.2249398999999999,0.8681552,0.9380514999999999,0.7147281999999999
SVN,2022,1.0136003999999998,0.7749185,1.1905872,0.7721195,0.9389375999999999,0.7633346
SVN,2023,1.0421997,0.8519363999999999,1.1376579,0.7179774999999999,0.9363106,0.7478285
SVN,2024,1.0980634,0.8804116999999999,1.1133019,0.7244267999999999,0.9306458999999999,0.6676462
SWE,2005,1.6034457,1.2746511999999999,1.8634537999999998,1.7381897,1.7738382,2.0340631
SWE,2006,1.6355704999999998,1.2098152,1.8516116,1.70986,1.8460006999999998,2.1389344
SWE,2007,1.6737336999999999,1.2862589,1.9906458,1.7793447,1.8875707,2.1584259
SWE,2008,1.6930901999999999,1.1720435,2.0045829,1.7950005,1.9134261,2.1596219
SWE,2009,1.6975083,1.1717661,2.075247,1.7569683999999999,1.8525186,2.1445213
SWE,2010,1.6690285,1.0941153,1.9279423999999998,1.7491022999999999,1.8514263,2.1326663999999997
SWE,2011,1.7960086,1.1566672999999998,1.9544831999999999,2.0165156,1.8980229,2.1250353
SWE,2012,1.8192203,1.1510953,1.9675954,1.9777829,1.9262835999999999,2.1716580999999997
SWE,2013,1.7555573,1.0576112,1.9090072999999999,1.9274380999999998,1.8999821,2.0727952
SWE,2014,1.6930957,1.0177464,1.8894963,1.6892764,1.8866234,2.0064433
SWE,2015,1.6971635999999999,0.9404208,1.8191746,1.7743688,1.9467226999999998,2.0914862999999997
SWE,2016,1.6956695,0.9304298999999999,1.8009837,1.762656,1.9491353999999999,2.1025188
SWE,2017,1.6577331,0.8652685999999999,1.8573301,1.7128710999999999,1.8795855,2.1151145
SWE,2018,1.6610555999999999,0.9310294,1.8919538999999999,1.7292098999999999,1.8320786999999998,2.1212909
SWE,2019,1.6445442,0.9436395999999999,1.8664254999999998,1.7448013999999998,1.8635921,2.1341677
SWE,2020,1.6511107999999999,0.9569962,1.8477748999999999,1.6865500999999998,1.8039227999999998,2.143466
SWE,2021,1.6899898,0.9490548,1.9315071,1.6510464999999999,1.7954818,2.0962255
SWE,2022,1.6801438,0.9416715999999999,1.8929410999999998,1.6030531,1.7512832999999999,2.03287
SWE,2023,1.6639210999999998,0.8025352,1.7157206999999999,1.6458675999999999,1.7195397,1.988578
SWE,2024,1.6430639,0.6619231999999999,1.7700628999999999,1.6366317,1.7415426999999999,1.9508588
SWZ,2005,-1.2728039,-0.49376529999999996,-1.1235230999999999,-0.6349287,-0.8717311,-0.2994616
SWZ,2006,-1.0965121,-0.2549566,-0.6667927,-0.41393939999999996,-0.6314076,0.084087
SWZ,2007,-1.1996523,-0.12365,-0.6980252,-0.5324496,-0.6944382,0.0822683
SWZ,2008,-1.2354273,-0.2010911,-0.381849,-0.3926716,-0.5323348999999999,0.1901473
SWZ,2009,-1.2216662,0.0347292,-0.47120619999999996,-0.3763455,-0.5721790999999999,0.1394664
SWZ,2010,-1.2839061,0.0018229,-0.2906844,-0.3627534,-0.6044012,-0.09137429999999999
SWZ,2011,-1.2916238,-0.5623446999999999,-0.42777529999999997,-0.3847865,-0.7034701999999999,-0.13694689999999998
SWZ,2012,-1.3281303,-0.5421087,-0.2760342,-0.35844129999999996,-0.6408440999999999,-0.1188143
SWZ,2013,-1.307139,-0.5668643,-0.2769298,-0.2611314,-0.6399994999999999,-0.14385009999999998
SWZ,2014,-1.3238492,-0.40172349999999996,-0.32787109999999997,-0.3413462,-0.5969342999999999,-0.3008421
SWZ,2015,-1.3463680999999998,-0.44412229999999997,-0.3173529,-0.3354694,-0.5207956,-0.2898042
SWZ,2016,-1.4056457,-0.4453069,-0.2747707,-0.3630198,-0.5204868,-0.2847943
SWZ,2017,-1.410639,-0.3705987,-0.322829,-0.3421625,-0.44469749999999997,-0.1329967
SWZ,2018,-1.4105404,-0.5386539,-0.4868765,-0.45022959999999995,-0.46253049999999996,-0.306944
SWZ,2019,-1.3231727,-0.3162391,-0.5118773999999999,-0.46421779999999996,-0.5350077999999999,-0.3280896
SWZ,2020,-1.3325198,-0.2003052,-0.630197,-0.4656707,-0.6210369,-0.3327149
SWZ,2021,-1.3619776,-0.4365483,-0.7479798,-0.45805379999999996,-0.6964249,-0.6084402999999999
SWZ,2022,-1.3870997,-0.4085118,-0.6700328,-0.5819751,-0.7316187,-0.6363411999999999
SWZ,2023,-1.3643865,-0.8009267999999999,-0.7829773,-0.5818382,-0.765648,-0.6567972999999999
SWZ,2024,-1.4281926,-0.6442895,-0.9208506999999999,-0.6358507999999999,-0.8249491,-0.8071528
SYC,2005,0.2870156,0.7716468,0.25361649999999997,-0.2866536,0.4267647,0.1111373
SYC,2006,0.3349389,0.812707,0.2531311,-0.2880448,0.31535959999999996,0.11363129999999999
SYC,2007,0.2914692,0.7441914,0.2538445,-0.1377051,0.39481079999999996,0.11186389999999999
SYC,2008,0.26187499999999997,0.7087756,0.2647215,-0.2144857,0.3337949,0.11234569999999999
SYC,2009,0.2684627,0.6442234,0.5184136,0.0286125,0.1898619,0.41225039999999996
SYC,2010,0.28547439999999996,0.8673058,0.5187229999999999,0.16381679999999998,0.101354,0.4415269
SYC,2011,0.19706069999999998,0.7834991,0.5182574999999999,0.0863832,0.10541779999999999,0.44081
SYC,2012,0.18840559999999998,0.7099571,0.663775,0.1307147,0.1412099,0.4108999
SYC,2013,0.12066629999999999,0.7219648,0.6328528999999999,0.07886599999999999,0.1627518,0.4161468
SYC,2014,0.0966585,0.4484823,0.5721822999999999,-0.101186,0.1710889,0.4723728
SYC,2015,0.24626209999999998,0.7574620999999999,0.6414318999999999,0.2558168,0.2893109,0.9220659
SYC,2016,0.32247339999999997,0.7562774999999999,0.7987381,0.22826639999999998,0.33444379999999996,0.9094814
SYC,2017,0.33205399999999996,0.7918079,0.6218275,0.1617853,0.2802743,0.7244520999999999
SYC,2018,0.3955053,0.7590049,0.6424402,0.2711765,0.45459669999999996,0.8172408999999999
SYC,2019,0.406315,0.6790493,0.5655089999999999,0.2877028,0.44695369999999995,1.0728688
SYC,2020,0.6090445,0.7137549,0.5083904,0.2859854,0.5341697,1.1452149
SYC,2021,0.6778071999999999,0.7124223,0.5628759999999999,0.285477,0.5531827,1.1457135999999999
SYC,2022,0.6606884,0.8302569999999999,0.4248859,0.3486664,0.5652039,1.1698743999999999
SYC,2023,0.6434089,0.9374813999999999,0.5455384,0.4534971,0.5593203,1.1521283
SYC,2024,0.6647506999999999,0.9376089,0.6488478999999999,0.3865848,0.5758871,1.2314952
SYR,2005,-1.6076884999999999,-0.4800334,-1.3653345,-1.1439629999999998,-0.7328967,-0.9566793
SYR,2006,-1.6694749999999998,-0.5494344999999999,-1.0552607999999999,-1.3173251,-0.9116681999999999,-0.961515
SYR,2007,-1.7756110999999999,-0.5467969,-0.9471854,-1.1350065,-0.8727767,-1.0785989
SYR,2008,-1.7049481,-0.5756278,-0.7869438999999999,-0.9330261999999999,-0.7733243999999999,-1.1008214
SYR,2009,-1.6886596999999999,-0.5049789,-0.7353535999999999,-0.8172885,-0.7418391,-1.0472078999999999
SYR,2010,-1.732603,-1.1089214,-0.6993294,-0.7183305999999999,-0.7096865,-1.0921439
SYR,2011,-1.7958146,-2.0896597,-0.7339829999999999,-0.8118818999999999,-0.9616501,-1.1086448
SYR,2012,-1.9600152,-2.3969248,-1.0443379,-1.4321142999999998,-1.3308042,-1.1934094
SYR,2013,-2.0540465,-2.4051484999999997,-1.1772779,-1.527428,-1.5960451999999998,-1.211806
SYR,2014,-1.9588747999999998,-2.3014966,-1.0691004,-1.6264588,-1.6832753999999999,-1.5343092999999999
SYR,2015,-1.9755828999999998,-2.3829572,-1.2891508,-1.5258964,-1.6629665,-1.5344512
SYR,2016,-2.0080744,-2.6076543,-1.5419748,-1.6326393,-1.8396141,-1.5916694999999998
SYR,2017,-2.0122126,-2.4679702,-1.5421673,-1.6430828,-1.799278,-1.5921394999999998
SYR,2018,-2.0071002,-2.4478567,-1.5417777,-1.5591051,-1.7701342999999998,-1.5913363999999999
SYR,2019,-1.9723092999999998,-2.4747263,-1.6749033999999998,-1.6076629,-1.825332,-1.6582363
SYR,2020,-1.9426607,-2.3810427,-1.57521,-1.6672646999999998,-1.8388164999999999,-1.6899505
SYR,2021,-1.9367883,-2.4007023999999997,-1.6119105,-1.7663303,-1.8781313,-1.7903833
SYR,2022,-1.9391857,-2.4461283,-1.6933454,-1.8987037,-1.8734883,-1.7936512
SYR,2023,-1.9559905,-2.4456102,-1.6932996,-1.8985596999999999,-1.8625855,-1.7819634
SYR,2024,-1.8606312999999999,-2.3736333,-1.7325365,-1.9933672999999998,-1.8190785999999999,-1.7009816999999998
TCD,2005,-1.19379,-1.4785287999999999,-1.3307904,-1.2723765,-1.5395495,-1.4455525
TCD,2006,-1.2625658,-1.7579666999999999,-1.470551,-1.180875,-1.5447566,-1.2972773
TCD,2007,-1.3005115,-1.7111592999999998,-1.4622169,-1.193363,-1.5165427,-1.3754175
TCD,2008,-1.3302117999999998,-1.8320345999999998,-1.5076534,-1.2252652,-1.559767,-1.5400112
TCD,2009,-1.3180233,-1.0561173,-1.380585,-1.1735129,-1.5443772999999998,-1.4977532
TCD,2010,-1.2622053,-1.0797408,-1.3422644,-1.1925249,-1.5568685,-1.3967284
TCD,2011,-1.1985455999999999,-1.1562336,-1.2836427,-1.1876388,-1.5522652,-1.3670271999999999
TCD,2012,-1.1787992,-1.1842228,-1.3584532,-1.1924089,-1.5700999,-1.3773081
TCD,2013,-1.2231242,-1.2107956,-1.2863186,-1.2061575,-1.5568876999999999,-1.4314749
TCD,2014,-1.1450829999999999,-1.3244234,-1.2873595,-1.1562554,-1.3693961,-1.4786329999999999
TCD,2015,-1.1560413,-1.1589706,-1.2712662,-1.137344,-1.3609985,-1.5176322
TCD,2016,-1.2264103,-1.3637504999999999,-1.2167364,-1.1289647,-1.3975659,-1.5028224
TCD,2017,-1.2291287,-1.3890042,-1.138982,-1.0807373999999998,-1.3048289,-1.4568512
TCD,2018,-1.3042767,-1.3831776,-1.2167683,-1.1089769,-1.3523026999999999,-1.4598885
TCD,2019,-1.2923907,-1.4764846999999999,-1.2987232,-1.1336500999999999,-1.3191306999999999,-1.4778198999999999
TCD,2020,-1.3272278,-1.476875,-1.2866993,-1.1302248,-1.3293996,-1.4820867
TCD,2021,-1.4655825,-1.6996160999999999,-1.2998482999999998,-1.0739911,-1.341153,-1.4912950999999999
TCD,2022,-1.4899122,-1.6587182,-1.1894438,-1.0263539,-1.3878466,-1.4674802999999998
TCD,2023,-1.4490547999999999,-1.6781962,-1.2149416,-1.0712625999999998,-1.4238339,-1.4568856
TCD,2024,-1.4489241,-1.6060664,-1.1227297,-1.0819927999999999,-1.3964014999999999,-1.3930989
TGO,2005,-1.2669456,-1.9218924,-1.758027,-1.1915466,-1.1696809,-0.9360035
TGO,2006,-1.1120676,-0.9706444,-1.6628463,-0.9491955,-0.9774702999999999,-1.0725179
TGO,2007,-0.9921274999999999,-0.5922526,-1.6377921,-1.0447548,-0.9906915,-1.0361843
TGO,2008,-0.8837830999999999,-0.3742475,-1.554657,-0.9886271,-0.8528733,-1.040341
TGO,2009,-0.9223925,-0.4416247,-1.5029257,-0.9272935999999999,-0.8778176999999999,-1.0334147999999999
TGO,2010,-0.8586123999999999,-0.3994451,-1.3899947,-0.8709464,-0.830452,-0.7868588999999999
TGO,2011,-0.8050788999999999,-0.3992421,-1.3893105,-1.0100055,-0.7771992,-0.8451865
TGO,2012,-0.8908815,-0.6657605,-1.2635655,-0.8844276999999999,-0.9095932,-0.8136338
TGO,2013,-0.840355,-0.5172789,-1.2800158,-1.033247,-0.9527038,-0.7793422
TGO,2014,-0.8153718,-0.3099614,-1.1301345999999999,-0.8483299999999999,-0.9008060999999999,-0.8060375
TGO,2015,-0.7523011,-0.4247685,-1.1187896,-0.8216471,-0.8061551,-0.6441776
TGO,2016,-0.6942683,-0.2963013,-0.9867328,-0.8044821999999999,-0.784837,-0.6672186
TGO,2017,-0.7118186,-0.8559116999999999,-1.0215448999999999,-0.7955512,-0.7929495,-0.7354442
TGO,2018,-0.7193569,-0.885641,-0.9735284,-0.7048926999999999,-0.6813359,-0.7598199999999999
TGO,2019,-0.7178395,-0.8710013999999999,-0.8421196,-0.6455856,-0.6810029999999999,-0.7332046999999999
TGO,2020,-0.7400344999999999,-0.8384769999999999,-0.8809673,-0.5079267,-0.6183712,-0.6476807
TGO,2021,-0.8687028,-0.6925954999999999,-0.8750629999999999,-0.5023846,-0.6199053,-0.6523304999999999
TGO,2022,-0.8440063,-0.7768328,-0.9630263,-0.4455888,-0.6748024,-0.6307669
TGO,2023,-0.8577743,-0.9308555,-0.9145901,-0.4270658,-0.6286663,-0.585123
TGO,2024,-0.9553454,-0.8131423,-0.8136064,-0.4316928,-0.6177227,-0.6644707999999999
THA,2005,-0.051383399999999996,-0.8133199,0.1655747,0.2520996,-0.084446,-0.3554018
THA,2006,-0.5779352999999999,-1.0482273,0.08039729999999999,0.1792768,-0.2173722,-0.4615551
THA,2007,-0.5083572,-1.0428884999999999,0.0670658,0.062394599999999995,-0.2513862,-0.2432615
THA,2008,-0.3824148,-1.1507688,0.2117895,0.07086329999999999,-0.260502,-0.3016908
THA,2009,-0.3760205,-1.1038975,0.34370809999999996,0.2158443,-0.3099415,-0.1697215
THA,2010,-0.499975,-1.2241187,0.20951009999999998,0.1399387,-0.2823719,-0.2173784
THA,2011,-0.4108149,-1.1321264,0.1903852,0.1555507,-0.1533563,-0.14469289999999999
THA,2012,-0.2508628,-1.2084256,0.2531371,0.0667527,-0.1493479,-0.3734324
THA,2013,-0.360753,-1.3579763,0.22489699999999999,0.1325563,-0.2321837,-0.2747419
THA,2014,-0.8536739999999999,-1.1404897999999999,0.120265,0.1688125,-0.38898879999999997,-0.4466243
THA,2015,-0.8535495,-1.1546066,0.047233899999999995,0.213776,-0.3743439,-0.5489980999999999
THA,2016,-0.8642112,-1.1209293,0.0666537,0.16688909999999998,-0.31061639999999996,-0.41083919999999996
THA,2017,-0.9031986,-0.9840774,0.1338809,0.2032236,-0.29730999999999996,-0.3729782
THA,2018,-0.9430419,-0.9850549999999999,0.1495114,0.1532231,-0.2790747,-0.3753948
THA,2019,-0.7792087999999999,-0.5943431,0.1567567,0.10173779999999999,-0.1709938,-0.3883293
THA,2020,-0.8430154,-0.7426465999999999,0.0889205,0.0972493,-0.1731502,-0.38467989999999996
THA,2021,-0.8104517999999999,-0.7175488,0.13563509999999998,0.1255594,-0.22719789999999998,-0.392281
THA,2022,-0.7471088,-0.5882980999999999,0.2096556,0.1456275,-0.24233829999999998,-0.4069287
THA,2023,-0.6122681,-0.5010686,0.2778315,0.12335,-0.1924709,-0.43038119999999996
THA,2024,-0.5507385,-0.5775608999999999,0.2066998,0.10998759999999999,-0.1882896,-0.5280106999999999
TJK,2005,-1.0755427,-1.1950459,-1.1892918,-0.946186,-1.0712392,-1.2954909
TJK,2006,-1.0541863999999999,-1.2166374,-1.3110576999999999,-1.080357,-1.1845548,-1.0616946
TJK,2007,-0.9761422999999999,-0.6081407,-1.2445115,-1.0579481,-1.2034666,-1.0545822999999999
TJK,2008,-1.0435728,-0.6953171,-1.2115004,-1.0742741,-1.2221548,-1.2517587
TJK,2009,-1.0326609,-0.7729817,-1.1839657,-1.0907328,-1.2543286999999999,-1.2641700999999999
TJK,2010,-1.101888,-0.8278327999999999,-1.0333066,-1.0176650999999999,-1.2596625,-1.3726551
TJK,2011,-1.0115752999999998,-0.9821612999999999,-1.0618048,-1.0207652,-1.2612988,-1.2363028999999999
TJK,2012,-1.0011955,-1.0335239999999999,-0.9998942999999999,-0.9787878999999999,-1.2633233,-1.3053263
TJK,2013,-1.1286924,-1.0153885,-1.0130805,-0.9882768999999999,-1.3038581999999999,-1.3235778
TJK,2014,-1.1591643,-0.6322218,-0.7863971,-0.9731276,-1.1585969999999999,-1.2586369
TJK,2015,-1.2294836,-0.7516769,-0.8195524,-1.0268011,-1.1148329,-1.2230794999999999
TJK,2016,-1.3666734999999999,-0.7425457999999999,-0.8609504,-1.0599656,-1.1281079,-1.2034771
TJK,2017,-1.3407810999999998,-0.6582233,-0.7526967,-0.8613968,-1.2006624,-1.2311528999999999
TJK,2018,-1.3924789,-0.6777649,-0.7393012,-0.8338709,-1.1299915,-1.3493418
TJK,2019,-1.6627964,-0.4445125,-0.8126591999999999,-0.8258434,-1.2842429,-1.2809841
TJK,2020,-1.571581,-0.34828169999999997,-0.8412879999999999,-0.8348728,-1.2851234,-1.0910765999999998
TJK,2021,-1.5916536,-0.4265716,-0.8767545999999999,-0.8592493,-1.2841434,-1.0929463
TJK,2022,-1.6537381999999998,-0.4454842,-0.8494608,-0.8604354,-1.2219007,-1.1302995
TJK,2023,-1.6215837,-0.3100113,-0.8221681,-0.8603168999999999,-1.2319035,-1.1300223
TJK,2024,-1.7174209,-0.2840863,-0.6764683,-0.8031771999999999,-1.219682,-1.2325346
TKM,2005,-1.8503646,-0.012261,-1.8248008999999998,-2.1053604999999997,-1.5449119999999998,-1.4862335
TKM,2006,-1.7411926,-0.321249,-1.5970672,-2.1062172,-1.4903487,-1.4841239
TKM,2007,-1.8151932,0.0971211,-1.5964072999999999,-1.9953558999999998,-1.4293619,-1.4856189
TKM,2008,-1.7928050999999998,0.2626651,-1.5080612999999998,-1.9227698999999998,-1.380804,-1.4902392999999998
TKM,2009,-1.7727529,0.26728589999999997,-1.5070677,-1.9534711,-1.3828247999999999,-1.4977901999999998
TKM,2010,-1.7409671999999998,0.24593299999999998,-1.7349641999999998,-1.8547384999999998,-1.3837819,-1.4975371
TKM,2011,-1.8670836,0.1750295,-1.7353946999999998,-1.8910907,-1.3813735,-1.4981434999999999
TKM,2012,-1.8598040999999998,0.1735555,-1.4001765,-1.8447779999999998,-1.3667308999999999,-1.4994246
TKM,2013,-1.8462957,0.1774885,-1.4178647,-1.8449540999999998,-1.3838515999999998,-1.5030925
TKM,2014,-1.8102238,-0.017941,-0.7801376999999999,-1.7958256,-1.4208471,-1.4639160999999998
TKM,2015,-1.8216443,-0.15428899999999998,-0.7821777,-1.7627899999999999,-1.4114807,-1.4629058
TKM,2016,-1.8279740999999998,-0.2985874,-0.9420466999999999,-1.8189773,-1.4439381,-1.465395
TKM,2017,-1.8068209,-0.25092929999999997,-1.0197623999999998,-1.8179261,-1.450812,-1.4534053
TKM,2018,-1.8102719999999999,-0.1605266,-1.0504759,-1.7821802999999998,-1.4560901,-1.4524139
TKM,2019,-2.1093823,-0.2508353,-0.9642822,-1.7810536,-1.560544,-1.372978
TKM,2020,-1.998071,-0.142991,-1.1101257,-1.7827486,-1.5181588,-1.370163
TKM,2021,-1.9881301,-0.2339771,-1.1095766,-1.7832504,-1.5718282,-1.3696677
TKM,2022,-2.1139566999999997,0.1996732,-0.6127509999999999,-1.7849859,-1.4232029,-1.3717504
TKM,2023,-2.1414817999999998,0.1963506,-0.6126917,-1.7848126,-1.4235352,-1.3600719
TKM,2024,-2.1192235,0.234446,-1.1578916,-1.7660706,-1.4178199999999999,-1.3014198
TLS,2005,0.028810199999999998,-0.8238665,-1.0491276999999999,-1.0319422,-0.3373228,-0.3167174
TLS,2006,0.0882101,-1.1609460999999999,-1.1043013,-1.3177002,-1.1812932999999999,-0.4118225
TLS,2007,0.23174799999999998,-1.1024067,-1.1057633999999998,-1.3793244,-1.1201712,-0.4880871
TLS,2008,0.30353779999999997,-0.816164,-0.4570436,-1.2307872,-0.9687152,-0.4784891
TLS,2009,0.21588829999999998,-0.6677559,-0.8324398,-1.0769013,-1.0905491,-0.7334563
TLS,2010,0.18903609999999998,-0.6024657999999999,-0.9598603,-1.0320086,-1.0596794999999999,-0.7179867
TLS,2011,0.1948281,-0.6004442,-0.9156221,-0.9895769,-1.1176386999999999,-0.8158324
TLS,2012,0.19191809999999998,-0.4130221,-0.9058012,-0.9956316,-1.1194553999999999,-0.8055241
TLS,2013,0.13673839999999998,-0.5456719,-0.9490174,-0.9735543999999999,-1.1881491,-0.7324377999999999
TLS,2014,0.1642157,-0.3846669,-0.6392382,-0.8950359999999999,-1.0309032,-0.6475451999999999
TLS,2015,0.1690786,-0.4532211,-0.6396383999999999,-0.941819,-1.0320223,-0.6443059999999999
TLS,2016,0.155969,-0.1332476,-0.6391536,-0.9263941,-1.0313466,-0.6377792999999999
TLS,2017,0.2356499,0.0559575,-0.6596529999999999,-0.9185380999999999,-1.030487,-0.6787485
TLS,2018,0.2798365,0.2183396,-0.6616723,-0.9173062999999999,-0.9077957,-0.587507
TLS,2019,0.3728633,0.24642599999999998,-0.42278879999999996,-0.7912022999999999,-0.7613508999999999,-0.4355561
TLS,2020,0.36308789999999996,0.24597329999999998,-0.44994429999999996,-0.8685756,-0.7565908,-0.42114219999999997
TLS,2021,0.4038496,0.18563749999999998,-0.44016099999999997,-0.8589519,-0.6360863,-0.2979518
TLS,2022,0.4508125,0.3477212,-0.49983809999999995,-0.8159447,-0.6685797,-0.4439624
TLS,2023,0.4083364,0.43841579999999997,-0.6077587999999999,-0.8158094,-0.6675835999999999,-0.4216546
TLS,2024,0.4071274,0.5269056,-0.6520328999999999,-0.7696154,-0.6640252999999999,-0.37169009999999997
TON,2005,-0.0249786,0.6166292,-0.6698923,-0.8494102,0.6271939,-1.321836
TON,2006,-0.0938185,0.4903265,-0.6706272,-0.8513276,0.5868717,-1.3162555
TON,2007,-0.14585589999999998,0.3483989,-0.5092017999999999,-0.7138947999999999,0.5307446,-1.0521671
TON,2008,0.1702024,0.34729329999999997,-0.3885327,-0.8100291,0.18681399999999998,-0.6343634
TON,2009,0.1681363,0.4828284,-0.2956085,-0.530671,0.1323627,-0.6119572
TON,2010,0.3826756,0.7625993,-0.2680199,-0.37904279999999996,0.3289841,-0.2289725
TON,2011,0.41453439999999997,0.90162,-0.32102919999999996,-0.45895189999999997,0.20004909999999998,-0.21838079999999999
TON,2012,0.3535604,0.8998505,-0.3209267,-0.46250929999999996,0.1527604,-0.2211966
TON,2013,0.36724029999999996,0.90048,-0.3212021,-0.4384827,0.1496138,-0.2209701
TON,2014,0.3942,0.9386424,-0.13427,-0.31587509999999996,0.048499999999999995,-0.5777687
TON,2015,0.38338679999999997,0.9366243,-0.1373844,-0.3002724,0.0794385,-0.5874727
TON,2016,0.3531649,0.934753,-0.13652889999999998,-0.2993811,0.0799773,-0.5856789
TON,2017,0.3477577,0.8077344,0.0569417,-0.2979303,0.1794216,-0.2326307
TON,2018,0.6841299,0.8620188,0.19613999999999998,-0.2780951,0.2530009,-0.08139489999999999
TON,2019,0.7104416,1.0129971,0.1976759,-0.2651571,0.3497549,-0.43271909999999997
TON,2020,0.9659211,1.1127129,0.0549529,-0.38634809999999997,0.7716018,-0.2754609
TON,2021,0.9228179,1.1096141,0.0557048,-0.3199918,0.7696313,-0.3339619
TON,2022,0.8701224999999999,1.3964363,-0.2450714,-0.3071411,0.8129398,-0.49209509999999995
TON,2023,0.8592348,1.2449333999999999,-0.1469033,-0.25945229999999997,0.8202792999999999,-0.4892282
TON,2024,0.8330574,1.2738950999999998,-0.0629556,-0.2540444,0.7296725,-0.4172701
TTO,2005,0.7504109,-0.0636444,0.00030199999999999997,0.6380106,0.1486912,0.17585209999999998
TTO,2006,0.6680227,-0.2092192,0.0155722,0.502274,-0.1111364,-0.0016799999999999999
TTO,2007,0.6272407999999999,-0.07979649999999999,0.0614986,0.5442331,-0.0034614,-0.0413472
TTO,2008,0.6764709,0.0285587,0.2821937,0.5285221999999999,-0.0595184,-0.0627002
TTO,2009,0.7029852999999999,0.035826,0.4014699,0.4715176,-0.0634522,-0.0260941
TTO,2010,0.7126445,0.0421842,0.4372626,0.47814829999999997,-0.0908831,-0.1176656
TTO,2011,0.6993105,0.1343899,0.4765955,0.46798239999999997,-0.1195009,-0.09026999999999999
TTO,2012,0.6782665999999999,0.139227,0.49549299999999996,0.38559119999999997,-0.0891396,-0.10430009999999999
TTO,2013,0.6504424,0.07486319999999999,0.46133409999999997,0.3531588,-0.1585634,-0.15612299999999998
TTO,2014,0.6403067,0.1693219,0.4973742,0.12129559999999999,0.0203316,-0.4163001
TTO,2015,0.557589,0.0671697,0.4805771,0.0428837,0.011353,-0.2874722
TTO,2016,0.5624745999999999,0.037196799999999995,0.48228309999999996,0.0042569999999999995,-0.020823499999999998,-0.2517473
TTO,2017,0.5655644,0.0692541,0.49436389999999997,0.0019037,0.0023912,-0.2567054
TTO,2018,0.5426563,0.1082133,0.5240718999999999,-0.0514346,-0.1189524,-0.2747638
TTO,2019,0.5394467,0.09856509999999999,0.47056109999999995,-0.08122159999999999,-0.1287881,-0.1989742
TTO,2020,0.5615078,0.058199299999999995,0.5003849,-0.10615319999999999,-0.141639,-0.19271159999999998
TTO,2021,0.568496,0.1465892,0.515362,-0.038458,-0.1364024,-0.2277691
TTO,2022,0.5467467,0.3365047,0.2905781,-0.057841899999999995,-0.2456234,-0.29715569999999997
TTO,2023,0.5597270999999999,0.34022209999999997,0.2906218,-0.1461109,-0.3260038,-0.3133437
TTO,2024,0.5201986,0.3540743,0.2132606,-0.201658,-0.3679457,-0.3397383
TUN,2005,-1.1451999,-0.1054885,0.22556199999999998,-0.1890623,-0.26840549999999996,-0.287056
TUN,2006,-1.2423251,-0.017768,0.4635604,0.21644049999999998,-0.111728,-0.06269319999999999
TUN,2007,-1.2953082,0.0116905,0.5073386,0.1749451,-0.1374562,-0.11869719999999999
TUN,2008,-1.2874953,-0.11014009999999999,0.3605192,0.19478979999999999,-0.0885782,-0.30247209999999997
TUN,2009,-1.3345627,-0.11342619999999999,0.3771566,0.1917779,-0.1235965,-0.2923983
TUN,2010,-1.3930905999999998,-0.23829989999999998,0.20454989999999998,-0.0277535,-0.223521,-0.19706279999999998
TUN,2011,-0.2219862,-0.3933914,0.1726854,-0.2708761,-0.3807367,0.0024613
TUN,2012,-0.1732069,-0.679447,0.16495369999999998,-0.20493399999999998,-0.1568823,-0.0481232
TUN,2013,-0.17111269999999998,-0.9174543,-0.004964,-0.2469942,-0.18868759999999998,-0.07024029999999999
TUN,2014,0.16288339999999998,-0.6140017,0.0874414,-0.3506362,-0.11130889999999999,-0.0451588
TUN,2015,0.2167354,-0.6879742999999999,0.09444409999999999,-0.4472096,-0.0548687,-0.0265409
TUN,2016,0.2608833,-0.8456958,0.052476999999999996,-0.5009717,-0.0696431,-0.0628768
TUN,2017,0.1658858,-0.7492006999999999,0.0989448,-0.1548977,-0.0546283,-0.0477509
TUN,2018,0.14347169999999998,-0.5621351,0.1417446,-0.158019,-0.029556899999999997,-0.0244547
TUN,2019,0.1907891,-0.5590161,0.1062587,-0.14440719999999999,0.0107644,-0.0637266
TUN,2020,0.2069811,-0.4327313,-0.0002837,-0.11421379999999999,0.006907,-0.0180079
TUN,2021,0.0142627,-0.6736245,-0.017856999999999998,-0.1977648,0.0029519999999999998,-0.14226809999999998
TUN,2022,-0.3870916,-0.7566657,-0.1628801,-0.3299272,-0.2229718,-0.19112099999999999
TUN,2023,-0.457715,-0.7869674999999999,-0.20270729999999998,-0.49184429999999996,-0.32902349999999997,-0.2035648
TUN,2024,-0.5935229,-0.7699028,-0.25753349999999997,-0.4557157,-0.36930989999999997,-0.2156613
TUR,2005,0.0772419,-0.3724516,0.0107905,0.10834049999999999,0.1869137,-0.06512029999999999
TUR,2006,0.0926645,-0.3367099,0.0517404,0.2673486,0.1603427,0.0564039
TUR,2007,-0.0249374,-0.5709413,0.1521999,0.3079555,0.13742469999999998,0.08125629999999999
TUR,2008,0.0287066,-0.6022765,0.2551461,0.2983555,0.1188322,0.056031399999999995
TUR,2009,0.069949,-0.5554409,0.344035,0.36794889999999997,0.08263759999999999,0.0380699
TUR,2010,-0.0129692,-0.5540596999999999,0.41492809999999997,0.3689441,0.053959099999999996,0.056043199999999994
TUR,2011,-0.1318028,-0.6929244,0.4578849,0.3833109,-0.0727889,0.052139599999999994
TUR,2012,-0.14450459999999998,-0.8954818999999999,0.5106743,0.4778445,-0.09702229999999999,0.16277519999999998
TUR,2013,-0.2571887,-1.0022018,0.409084,0.478805,-0.1068296,0.1458971
TUR,2014,-0.42043179999999997,-0.7974652999999999,0.5221469,0.3883751,-0.3418429,-0.1354284
TUR,2015,-0.4967626,-1.0878373,0.39327639999999997,0.20345349999999998,-0.443598,-0.1335672
TUR,2016,-0.7041727,-1.7668705999999998,0.28358839999999996,0.1203997,-0.5103198999999999,-0.11191659999999999
TUR,2017,-0.7680435999999999,-1.7058985999999998,0.35787569999999996,0.11109609999999999,-0.5761393,-0.09379169999999999
TUR,2018,-0.9689129999999999,-1.142298,0.0724162,0.0183903,-0.6738236,-0.23492919999999998
TUR,2019,-0.938388,-1.2029714999999999,0.2160473,0.026219,-0.5676882,-0.1848387
TUR,2020,-0.9757722999999999,-1.0648506,0.1256071,-0.1049635,-0.6868905,-0.3275191
TUR,2021,-1.0254295,-0.9854737,0.0643543,-0.0683072,-0.7408787,-0.402684
TUR,2022,-1.1081963,-0.9496667999999999,0.0024379,-0.1775484,-0.7383873,-0.4364161
TUR,2023,-1.088349,-0.8971264999999999,-0.085658,-0.16662549999999998,-0.7833876,-0.4274348
TUR,2024,-1.0989088,-0.886377,-0.0527008,-0.1649602,-0.8310312999999999,-0.5557808
TUV,2005,0.7950128999999999,1.3235812999999998,-0.4388292,-0.24020809999999998,1.3561908999999999,-0.0457468
TUV,2006,0.7212988,1.3274009,-0.4398314,-0.5645456,1.2061954,-0.037786799999999995
TUV,2007,0.6517244,1.3288643,-0.4678807,-0.6463597,1.1655815999999999,-0.1001807
TUV,2008,0.6527173,1.3272838999999998,-0.445422,-0.9711538,1.1646558999999999,-0.0986427
TUV,2009,0.6532209999999999,1.5636324,-0.413682,-0.8475625999999999,1.1618883,-0.09867669999999999
TUV,2010,0.6520478,1.5575005,-0.3835209,-0.8879106999999999,1.1603179,-0.0977214
TUV,2011,0.6538649999999999,1.5535698999999998,-0.384482,-0.8857208,1.1671136,-0.1000095
TUV,2012,0.5379305999999999,1.5518003999999999,-0.5994608,-1.0728368,0.8518943,-0.2273064
TUV,2013,0.5324371,1.5524299,-0.5998011999999999,-1.094609,0.8477809,-0.22703389999999998
TUV,2014,0.6243658,1.5588252999999999,-0.8262739,-0.7093163,0.9740873999999999,-0.0415436
TUV,2015,0.624761,1.3269050999999998,-0.9929912999999999,-0.6124877,0.9765585,-0.0388711
TUV,2016,0.6238722,1.3242302,-0.9919338999999999,-0.5898599,0.9772626999999999,-0.0367122
TUV,2017,0.6231481999999999,1.1426737999999999,-0.7527872,-0.697805,0.9765235,-0.038246999999999996
TUV,2018,0.9831991999999999,1.328281,-0.5860392,-0.5868226999999999,0.9120261,-0.0356244
TUV,2019,1.1993711999999999,1.1477457,-0.5841408,-0.5846424,0.9119295,0.3944255
TUV,2020,1.0081638,1.2390773,-0.5914119,-0.6819402999999999,0.9936459999999999,0.20675249999999998
TUV,2021,1.0464423,1.2922890999999999,-0.4429845,-0.5888936,1.0268309,0.2080627
TUV,2022,1.0489794,1.4946424999999999,-0.42144529999999997,-0.570874,1.0534511,0.24234019999999998
TUV,2023,1.0474124999999999,1.4952872,-0.6187357,-0.6645563,1.2335136,0.24330739999999998
TUV,2024,1.2599201,1.4954474,-0.7372807,-0.4400555,1.2586629,0.5828909
TWN,2005,0.8944095999999999,0.9134825,1.1629806999999999,1.2737829999999999,1.1066441,1.015293
TWN,2006,0.8757092,0.7934859,1.0720549,1.1898777999999999,0.9562221,0.6480581999999999
TWN,2007,0.8590042,0.708094,1.0659908999999999,1.1877327,0.9674442,0.5761412
TWN,2008,0.8685434,0.9354781999999999,1.1009681999999998,1.1924846999999998,0.9733611,0.592491
TWN,2009,0.897002,0.8398683,1.1684728,1.1107361999999998,0.9230796,0.5903669
TWN,2010,0.9247428,1.0392679,1.2169893999999999,1.1781044999999999,1.0009226,0.8017896999999999
TWN,2011,0.9385802,1.0196547,1.2378943,1.2068594,1.0377931999999999,0.8342353
TWN,2012,0.9242035999999999,1.0475193,1.2713869,1.2052999,1.0538636,0.7960809999999999
TWN,2013,0.9390124999999999,0.9793873999999999,1.2394152,1.1785569,1.0695504,0.7578029
TWN,2014,0.9291423999999999,0.9236890999999999,1.3384312,1.2545889,1.0999702,0.9591029999999999
TWN,2015,0.9499903,1.0616982,1.366876,1.309767,1.1342529,0.9485817
TWN,2016,0.9916904,1.0084321,1.3723451,1.270347,1.1239753,1.0422136
TWN,2017,1.0257634,1.0000276,1.3010131,1.2624577,1.0700292,1.1141822
TWN,2018,1.0060144,0.997637,1.4413889,1.2582967999999999,1.1365201999999999,1.1116281
TWN,2019,1.0339177,0.9983152,1.4993382,1.2960975,1.1940984,1.1519404
TWN,2020,1.0740212,1.0540916999999999,1.601473,1.236618,1.2718238,1.2225878
TWN,2021,1.0460854,1.0392595,1.5261704,1.2990967,1.2822881,1.2321554
TWN,2022,1.0523639,1.0139725,1.547672,1.2584423999999999,1.2425043999999998,1.1922508
TWN,2023,1.0530321999999999,1.0582095,1.5713475,1.2555967,1.2214312999999999,1.2038377999999998
TWN,2024,1.0421232999999999,0.9739336999999999,1.5166830999999998,1.2538749,1.2437764,1.2283039
TZA,2005,-0.29385079999999997,-0.5661641,-0.5261437,-0.4575399,-0.3457518,-0.6551751
TZA,2006,-0.10209939999999999,-0.36655109999999996,-0.4181474,-0.4100733,-0.4036036,-0.1980411
TZA,2007,-0.0368113,-0.3413291,-0.4061186,-0.40895129999999996,-0.3524671,-0.29441439999999997
TZA,2008,-0.0818169,-0.2448949,-0.4494321,-0.46067909999999995,-0.37163809999999997,-0.3411627
TZA,2009,-0.0787176,0.0094859,-0.4016551,-0.4225692,-0.3491468,-0.3691044
TZA,2010,-0.10196749999999999,-0.0853575,-0.3831303,-0.40991299999999997,-0.36486759999999996,-0.48962989999999995
TZA,2011,-0.0706387,-0.19018749999999998,-0.3992113,-0.43224969999999996,-0.36022529999999997,-0.5101204
TZA,2012,-0.1170113,-0.1477191,-0.4964453,-0.47627329999999996,-0.4173405,-0.6093655
TZA,2013,-0.17267369999999999,-0.42604709999999996,-0.47032939999999995,-0.42951449999999997,-0.47530479999999997,-0.6748329
TZA,2014,-0.1592124,-0.49749859999999996,-0.4088244,-0.4131505,-0.4350795,-0.6402683
TZA,2015,-0.20656549999999999,-0.4759577,-0.3063516,-0.42753739999999996,-0.3657389,-0.5858287
TZA,2016,-0.2948929,-0.5352188999999999,-0.2709021,-0.4091901,-0.4128225,-0.43797549999999996
TZA,2017,-0.34406509999999996,-0.6736725,-0.2821724,-0.5551383,-0.46454429999999997,-0.3582731
TZA,2018,-0.5042087,-0.6649435,-0.39980299999999996,-0.6522238,-0.5345038,-0.34768669999999996
TZA,2019,-0.5704511,-0.5623156,-0.4575062,-0.7043092999999999,-0.5669354,-0.3033336
TZA,2020,-0.6863458,-0.6744986,-0.43729619999999997,-0.7373775,-0.5711761,-0.2744294
TZA,2021,-0.7662779,-0.5861267,-0.4300406,-0.6894524,-0.5597629,-0.35741409999999996
TZA,2022,-0.7167618,-0.4896413,-0.37393719999999997,-0.6150264999999999,-0.5459878,-0.3658779
TZA,2023,-0.6563494,-0.2537311,-0.3471089,-0.5686907999999999,-0.48797749999999995,-0.35263079999999997
TZA,2024,-0.6952946999999999,-0.3694786,-0.2750894,-0.5250399,-0.5243232999999999,-0.3115302
UGA,2005,-0.5669702999999999,-1.3089817,-0.5868656999999999,-0.1582418,-0.5373711999999999,-0.886235
UGA,2006,-0.37562779999999996,-1.0090375999999999,-0.4901251,-0.3527025,-0.23022679999999998,-0.6315887
UGA,2007,-0.4352138,-0.7434240999999999,-0.4342087,-0.3252249,-0.2710304,-0.7040177999999999
UGA,2008,-0.4669412,-0.6618696,-0.4477615,-0.30594299999999996,-0.23065739999999998,-0.6970583
UGA,2009,-0.47774429999999996,-0.6898166,-0.40367899999999995,-0.3406821,-0.30465549999999997,-0.7496647
UGA,2010,-0.5175307,-0.7583021999999999,-0.4054963,-0.3071717,-0.3259716,-0.7511181
UGA,2011,-0.5714385,-0.8963034,-0.4360674,-0.34617129999999996,-0.4280635,-0.8183554
UGA,2012,-0.5736609,-0.8668973,-0.439619,-0.4153078,-0.47287239999999997,-0.9067187
UGA,2013,-0.6417695999999999,-0.9047282999999999,-0.43497539999999996,-0.4321807,-0.5286654,-0.9601040999999999
UGA,2014,-0.6219399999999999,-0.9817397,-0.2705475,-0.4054024,-0.5504889,-1.0161097
UGA,2015,-0.5997987,-0.8121836,-0.2537842,-0.3729456,-0.5513304,-1.0213902
UGA,2016,-0.7491057999999999,-0.8221248999999999,-0.33467399999999997,-0.3877786,-0.5787777,-1.0031853
UGA,2017,-0.7392563,-0.7089451999999999,-0.31937499999999996,-0.36819419999999997,-0.6053364999999999,-1.0200377
UGA,2018,-0.7751958999999999,-0.7536210999999999,-0.46240299999999995,-0.3992497,-0.6442656,-1.0327898
UGA,2019,-0.7965359999999999,-0.7892523,-0.4806897,-0.4702112,-0.6808529999999999,-1.1166867
UGA,2020,-0.7873219,-0.8604828,-0.6047845,-0.49014959999999996,-0.6441677,-0.9503431999999999
UGA,2021,-0.9169625,-0.9531075999999999,-0.597428,-0.47570799999999996,-0.6829634,-0.9457829999999999
UGA,2022,-0.9545041,-1.1074701999999998,-0.5331182999999999,-0.4727529,-0.6839518,-0.9959462
UGA,2023,-0.9203570999999999,-1.0456938,-0.4608443,-0.49730219999999997,-0.702415,-1.0004771
UGA,2024,-0.9826121999999999,-1.0326284,-0.35929869999999997,-0.5231945,-0.670179,-1.1204013
UKR,2005,-0.1758513,-0.3918008,-0.9429377999999999,-0.4058674,-0.7772165999999999,-0.9215812999999999
UKR,2006,0.0699553,-0.1826911,-0.9361811,-0.31281159999999997,-0.6964121999999999,-0.9075454
UKR,2007,0.1008568,0.0200509,-0.8715322,-0.30715919999999997,-0.6381281,-0.9515866
UKR,2008,0.1826432,-0.037303499999999996,-0.6400269,-0.5671632999999999,-0.6271626,-0.9761968999999999
UKR,2009,0.1596303,-0.2237581,-0.6362698999999999,-0.6332854,-0.6811505,-1.0906055
UKR,2010,-0.0459862,-0.0695928,-0.6398993,-0.549389,-0.7813574999999999,-1.12198
UKR,2011,-0.2620322,-0.17132989999999998,-0.6692096,-0.7269865,-0.7474236999999999,-1.1260237
UKR,2012,-0.23598159999999999,-0.241084,-0.5619322,-0.6460268,-0.6654566,-1.2153182999999999
UKR,2013,-0.29919799999999996,-0.9307249999999999,-0.6308591,-0.6395035,-0.7233529,-1.2100539
UKR,2014,-0.15409409999999998,-1.9811261,-0.4573587,-0.5992836,-0.7373055,-1.0576644
UKR,2015,-0.1152019,-1.8177221,-0.53209,-0.6640337,-0.7039324,-1.0498954
UKR,2016,-0.0649423,-1.6304279,-0.4895322,-0.5611707,-0.6407552999999999,-1.0005196
UKR,2017,-0.0674322,-1.5775302999999998,-0.4949632,-0.37329589999999996,-0.5681902999999999,-0.9381936999999999
UKR,2018,4.49e-05,-1.4311323999999999,-0.3553057,-0.3548631,-0.5140459,-0.9926663
UKR,2019,0.1417723,-1.034178,-0.38729759999999996,-0.2523184,-0.5848599999999999,-0.7875048
UKR,2020,0.1991355,-0.9568418999999999,-0.3865934,-0.3069011,-0.5736859,-0.8358209999999999
UKR,2021,0.1699528,-0.9861998999999999,-0.4293441,-0.32883779999999996,-0.575673,-0.8085783999999999
UKR,2022,0.0149968,-1.0534838,-0.6572169999999999,-0.3731122,-0.7869351,-0.6889365
UKR,2023,-0.049554499999999994,-0.5764834999999999,-0.5637618,-0.32260849999999996,-0.7931106,-0.7263765999999999
UKR,2024,-0.0569511,-0.3542538,-0.5711421,-0.251565,-0.7587339,-0.6839974999999999
URY,2005,1.0139988,0.8217258,0.5360474,0.3306918,0.6285443,0.9345005
URY,2006,1.0967029,1.0346107,0.5375784,0.39546699999999996,0.7241171,0.9906455
URY,2007,1.1135325,1.0753405999999999,0.5504853,0.39853879999999997,0.7720838,1.048581
URY,2008,1.1679654,1.072171,0.7816438,0.4475269,0.7891479,1.1785862
URY,2009,1.2088827,1.0393748,0.7914561,0.3771369,0.7914209,1.1955384999999998
URY,2010,1.2365785,0.895996,0.8118968,0.5309737999999999,0.8399765,1.3459225
URY,2011,1.2114435,0.9334969999999999,0.7785308,0.5180701999999999,0.7686746,1.3456998999999998
URY,2012,1.1409604,0.890959,0.6821037,0.6396582,0.7054962,1.3329990999999999
URY,2013,1.1733563,0.9346673999999999,0.6728774,0.7232885,0.683456,1.3479386
URY,2014,1.1659405,1.1028495,0.8443234,0.6940487,0.7833074,1.2901223
URY,2015,1.2097445,1.092107,0.8185277,0.6298058999999999,0.8329413,1.2588153
URY,2016,1.2227367,1.1292092999999999,0.772385,0.7104720999999999,0.907296,1.3817571
URY,2017,1.2159558,1.1121607,0.6825648,0.6810871,0.8765371999999999,1.3477697
URY,2018,1.2327553,1.1176477,0.7117524,0.5800907,0.8751013,1.3698557999999998
URY,2019,1.2384741,1.1552725,0.8408599,0.600471,0.8813823,1.3899587999999998
URY,2020,1.2509568,1.1398606999999998,0.8551046,0.6581216,0.8866113999999999,1.5146891999999998
URY,2021,1.2091394,1.1385842,0.8908108,0.6783336999999999,0.9458413999999999,1.6213137
URY,2022,1.1846192,1.2974866,0.9668766,0.6681334999999999,0.9739835,1.6123196
URY,2023,1.1983967,1.1899241999999999,0.8695915,0.6070291,0.9525374999999999,1.5489766999999999
URY,2024,1.2022534999999999,1.3053086,0.8632447999999999,0.5170437,0.9397932,1.5379228999999999
USA,2005,1.224789,0.1910556,1.5837423,1.7145616,1.544852,1.4888956999999998
USA,2006,1.1894761,0.4135104,1.5225232,1.6320614,1.5707963,1.2954811
USA,2007,1.2099906,0.45560589999999995,1.5213345,1.4966515999999999,1.5558123,1.2362069
USA,2008,1.2592851999999999,0.6165528,1.5170629,1.4990021999999998,1.5652340999999999,1.3236329
USA,2009,1.2337772,0.6297476,1.4415031,1.3159345,1.4941157999999999,1.1509279
USA,2010,1.2380506,0.6111073,1.442564,1.3524291,1.5156258999999999,1.1591288
USA,2011,1.1880745,0.6160776,1.4444846,1.3884520999999999,1.3975286,1.2714401
USA,2012,1.2202102,0.6146098999999999,1.5062075,1.4227467,1.4125604999999999,1.2641547
USA,2013,1.1370244999999999,0.5713368999999999,1.5261875999999999,1.377948,1.3395047,1.1802233
USA,2014,1.1617709,0.6596148,1.5727202999999998,1.2726281,1.3774745,1.2400590999999999
USA,2015,1.229956,0.655662,1.5507423,1.2774618,1.4049371,1.2371185999999998
USA,2016,1.1754114,0.3377341,1.5477767,1.3824367,1.4039728999999999,1.2343216
USA,2017,1.0756923999999999,0.1322814,1.5489727,1.4812831,1.3334397,1.3055781
USA,2018,1.0418532,0.2995229,1.5838527,1.4433717,1.1605611999999998,1.2630214
USA,2019,1.0154058,0.0687274,1.5019206999999999,1.3411876999999999,1.1332343999999999,1.1736199999999999
USA,2020,0.9441278999999999,-0.1281347,1.341265,1.2601752,1.0290945999999999,1.1253726
USA,2021,0.9125569,-0.11350529999999999,1.3454819999999998,1.4663446999999998,1.0727276,1.1264247
USA,2022,0.933183,-0.1533111,1.387141,1.4618304,1.0943336,1.2017362
USA,2023,0.8975826,-0.1453812,1.2911161,1.4161692,1.0209621,1.1902343
USA,2024,0.9093275,-0.1134229,1.3020638,1.3253728,0.9971818,1.0793605
UZB,2005,-1.7699166,-1.8113179,-1.4939833,-1.6412848999999998,-1.4170292999999998,-1.4241937999999998
UZB,2006,-1.7145268,-1.5705224999999998,-1.476523,-1.6174149999999998,-1.4279571,-1.2035719999999999
UZB,2007,-1.7170143,-1.1416749,-1.2916495,-1.4864476,-1.1770235,-1.2048564
UZB,2008,-1.7409531999999999,-1.015024,-1.0919703,-1.4643933999999998,-1.1229409,-1.2126709
UZB,2009,-1.7000556,-0.8759256999999999,-1.0305982999999999,-1.5382703,-1.2144171,-1.3628063
UZB,2010,-1.7241419999999998,-0.6516793,-1.2164359,-1.5626087,-1.3177159999999999,-1.3615088
UZB,2011,-1.7017626,-0.6218916,-1.1798579,-1.6298951,-1.3606487,-1.4303228
UZB,2012,-1.7239577,-0.5710586,-1.2020814,-1.5186826,-1.2188427,-1.3572704
UZB,2013,-1.6406275,-0.5706344999999999,-1.1845463,-1.5247049,-1.1639252,-1.2423263
UZB,2014,-1.6131277,-0.2955236,-0.7129954,-1.5384501,-1.1157247,-1.2795005
UZB,2015,-1.6562375,-0.3313427,-0.6992948999999999,-1.4463055999999999,-1.0903714,-1.3030563
UZB,2016,-1.623773,-0.21635549999999998,-0.6745348999999999,-1.4097785999999999,-1.0636004,-1.2718007
UZB,2017,-1.5376921,-0.2240255,-0.6048420999999999,-1.2997423,-1.0161655,-1.2891458999999998
UZB,2018,-1.3741976,-0.2221494,-0.5916442,-1.129256,-0.9057723999999999,-1.2048733
UZB,2019,-1.5425311,-0.227077,-0.5551433,-1.0172056,-0.9570356,-1.1222573999999998
UZB,2020,-1.3561995,-0.3757493,-0.699977,-1.1109072,-0.9476686,-0.8357717
UZB,2021,-1.1778927,-0.2380039,-0.2589613,-0.675129,-0.6662583999999999,-0.6498534
UZB,2022,-1.1727606,-0.24852649999999998,-0.3338575,-0.6294160999999999,-0.6424287,-0.6105662
UZB,2023,-1.0983365,-0.2424511,-0.2580616,-0.6727831999999999,-0.6656885,-0.6401532999999999
UZB,2024,-1.1533989999999998,-0.020625599999999997,-0.2033632,-0.5492686,-0.6590769,-0.7032290999999999
VCT,2005,1.0631716,1.1608874999999999,0.7272403,0.5719803,0.935383,0.9680960999999999
VCT,2006,1.1358787,1.1261546,0.7266252999999999,0.49800079999999997,0.935877,0.9728034999999999
VCT,2007,1.1432755,0.7611312,0.7892425,0.5809861,0.7647809,0.9694674999999999
VCT,2008,1.1441397,0.7600255,0.803024,0.37930539999999996,1.0328057,0.9703771
VCT,2009,1.0778197,0.987536,0.804385,0.45463919999999997,1.0313657999999999,0.9703569
VCT,2010,1.0772340999999999,0.806674,0.9817153999999999,0.5430482,1.0549734,1.1543826
VCT,2011,0.9640264,0.8027434,0.9809804999999999,0.544022,1.0586137,1.152749
VCT,2012,0.9627507999999999,0.8493394999999999,0.9811126,0.5397115,1.0569524,1.1492977
VCT,2013,0.9901388,0.8016033,0.9807577,0.5393709,1.0210738,1.1495753
VCT,2014,0.9920958999999999,0.7451799,0.2929001,0.43228059999999996,0.6430775,0.603675
VCT,2015,0.6905458,0.9146424999999999,0.29198959999999996,0.223637,0.6235253,0.6780121
VCT,2016,0.6808312999999999,0.9128845999999999,0.5429454,0.2688084,0.6312099999999999,0.6791155999999999
VCT,2017,0.6717887,0.7935692,0.5424795,0.20814829999999998,0.6212493,0.7033461999999999
VCT,2018,0.6422127,0.7961849,0.5434221,0.2499417,0.6121097,0.7547054
VCT,2019,0.7327828,0.9162640999999999,0.5454019,0.2389933,0.6788856999999999,0.7617757
VCT,2020,0.7322147999999999,1.0350219999999999,0.2879664,0.1756815,0.6770090999999999,0.7621827999999999
VCT,2021,0.7235214,1.0330445,0.2889355,0.1478339,0.6728287,0.7431566
VCT,2022,0.6896743,1.0359726999999999,0.5381180999999999,0.09759129999999999,0.62306,0.7248781
VCT,2023,0.679071,1.0367013,0.3389156,0.10592019999999999,0.558723,0.7133041
VCT,2024,0.6277343,1.0368823,0.2776672,0.1144534,0.5146566,0.707262
VEN,2005,-0.5428843,-1.1787756,-1.0480862,-1.0907234,-1.2848990999999998,-1.0846175
VEN,2006,-0.6677476,-1.2655958999999999,-1.0515273,-1.1903017,-1.4526903,-1.0906669
VEN,2007,-0.7413993,-1.2170389,-0.9605889999999999,-1.3959883,-1.6329932,-1.2865072
VEN,2008,-0.7316904,-1.2774775,-0.8020398999999999,-1.4462822,-1.7249953999999998,-1.312165
VEN,2009,-0.7697573,-1.2507131,-0.7223185,-1.4284928,-1.702102,-1.2688861
VEN,2010,-0.7866721999999999,-1.3455742,-0.9215989,-1.5029633,-1.7572082,-1.2648545
VEN,2011,-0.8702645999999999,-1.2459571999999999,-0.9667855999999999,-1.3485981,-1.7773824999999999,-1.126512
VEN,2012,-0.894319,-1.1970991,-0.8389546,-1.4386222,-1.8178280999999998,-1.2652017
VEN,2013,-1.0388774,-1.3046605,-0.8647123999999999,-1.4865287,-1.9612834,-1.3048241999999999
VEN,2014,-1.0977412,-1.1812498,-0.9168917999999999,-1.6560896999999999,-2.0789779999999998,-1.43048
VEN,2015,-1.1605556,-1.2047415,-0.9454678,-1.6544588999999998,-2.2806392,-1.4268949
VEN,2016,-1.1766124999999998,-1.2216482,-1.0521585,-1.7260425,-2.2572664,-1.4174292
VEN,2017,-1.3516875,-1.3972919,-1.1425606,-1.7836764999999999,-2.1935198,-1.4533905
VEN,2018,-1.5605333,-1.480889,-1.5394948,-2.0977303,-2.2961179,-1.596813
VEN,2019,-1.5932556,-1.5416725999999998,-1.5411053,-2.1183886,-2.3183471,-1.5968645
VEN,2020,-1.662782,-1.4603104999999998,-1.5608909,-2.1039116,-2.3272288,-1.5803356
VEN,2021,-1.7458744,-1.322544,-1.5213166,-2.0288081,-2.2919397,-1.5867518999999999
VEN,2022,-1.6929793,-1.1583546999999998,-1.5464227,-1.8753522,-2.2253287,-1.606331
VEN,2023,-1.6754685,-1.1231419999999999,-1.4967082999999999,-1.8739799,-2.2167846,-1.5536565
VEN,2024,-1.7453565,-1.6298626999999999,-1.4741742,-1.9030726999999998,-2.2200203,-1.5793735
VIR,2005,1.0243056,0.5182178,1.2275068,1.2832519,1.0602738999999999,0.8597633
VIR,2006,0.8152954,0.6943136999999999,1.2264450999999998,0.9224140999999999,1.0615701,0.8679340999999999
VIR,2007,0.8112564,0.6955517,1.2280054,0.9238388999999999,0.8054835,0.8621437
VIR,2008,0.8140717,0.6942147,1.2517962999999999,0.9191853,0.8038852999999999,0.8637224
VIR,2009,0.8154998999999999,0.7021474999999999,1.2541457999999999,0.9180159999999999,0.7991068,0.8636874999999999
VIR,2010,0.8121733999999999,0.6947325999999999,1.2548226,0.9193502,0.7963954999999999,0.8646680999999999
VIR,2011,0.8173260999999999,0.8628439999999999,1.2538045,0.9217867,0.8081286,0.8623194
VIR,2012,0.8132516999999999,0.8607041999999999,1.2539875,0.9110012,0.8027738999999999,0.8573575
VIR,2013,0.8069548,0.8614653,1.2534958,0.9101488,0.7921893,0.8577564999999999
VIR,2014,0.8132060999999999,1.2533423,1.4455034,0.6136927999999999,-0.0395553,0.5412009999999999
VIR,2015,0.8144684999999999,1.250902,1.4442422,0.6197705,0.8922125,0.5451140999999999
VIR,2016,0.8116289,0.8059951,1.4457696999999998,0.8602679999999999,0.6626727,0.5482751
VIR,2017,0.8093159999999999,0.8060548,0.7529078,0.8646665,0.6607704999999999,0.546028
VIR,2018,,0.8094220999999999,0.7542135,0.8668347999999999,1.1231685,0.5498679
VIR,2019,,0.9640027999999999,0.756956,1.1093435999999999,1.1229485,0.555153
VIR,2020,,0.9632255999999999,0.4003442,1.1022513,0.8882774,-0.0680687
VIR,2021,,0.5180359999999999,0.40168679999999996,1.1001518,0.8858621,-0.0661504
VIR,2022,,0.9644495,0.3483213,1.0928902999999999,0.5747559,-0.0742171
VIR,2023,,0.9653874,0.3484441,1.0936156,0.5700407,-0.0728009
VIR,2024,,0.9656203999999999,0.34856929999999997,1.0917245,0.5698209,-0.0692402
VNM,2005,-1.3513279,0.3052891,-0.45656579999999997,-0.5146944,-0.4844764,-0.7908794
VNM,2006,-1.3009632,0.2607526,-0.4222239,-0.48404949999999997,-0.4915521,-0.5798112
VNM,2007,-1.2909441,0.11988549999999999,-0.4331211,-0.4352176,-0.4687306,-0.4241179
VNM,2008,-1.2974215999999998,0.010074,-0.2961475,-0.43603719999999996,-0.4923421,-0.35407289999999997
VNM,2009,-1.305289,0.1571184,-0.2584865,-0.5078672,-0.5488389,-0.3146856
VNM,2010,-1.3537166,0.0816683,-0.29533349999999997,-0.5559440999999999,-0.5764571,-0.4108461
VNM,2011,-1.2827389,0.09711249999999999,-0.28134159999999997,-0.5144647999999999,-0.5016648,-0.356139
VNM,2012,-1.3415982,0.08539569999999999,-0.2910971,-0.6203042,-0.5078642,-0.44205479999999997
VNM,2013,-1.2940928,0.0962073,-0.2795587,-0.5942756,-0.5441825,-0.3952961
VNM,2014,-1.2423749,-0.0437737,0.0808999,-0.4804909,-0.40321789999999996,-0.3387985
VNM,2015,-1.1630125999999998,0.046428,0.09704839999999999,-0.3179072,-0.3240323,-0.37646209999999997
VNM,2016,-1.1937602999999999,0.1417436,0.0225058,-0.29969819999999997,-0.19220949999999998,-0.355873
VNM,2017,-1.299151,0.13463719999999998,0.03589,-0.2696985,-0.2483741,-0.4230176
VNM,2018,-1.2375488,-0.0664654,-0.016179,-0.2821493,-0.22088739999999998,-0.3943
VNM,2019,-1.2031768999999999,0.0785747,0.0031666,-0.264573,-0.2290804,-0.36154719999999996
VNM,2020,-1.2582138,0.1020932,0.0222255,-0.2277072,-0.28405389999999997,-0.31336959999999997
VNM,2021,-1.2374539,0.10735309999999999,-0.0143935,-0.3498424,-0.2944334,-0.3107335
VNM,2022,-1.2559297999999999,0.09842139999999999,-0.1176434,-0.34725659999999997,-0.32576269999999996,-0.2482199
VNM,2023,-1.2809538,0.1009511,-0.18602449999999998,-0.3175285,-0.32131109999999996,-0.31465309999999996
VNM,2024,-1.2954877999999999,0.0190215,-0.1254421,-0.3137316,-0.29589119999999997,-0.2627256
VUT,2005,0.3269836,1.2602947,0.2484854,-0.3596316,0.5360497,0.3114261
VUT,2006,0.3312128,1.2636592,0.24775049999999998,-0.4555666,0.5100895,0.3153508
VUT,2007,0.3687969,1.1431613,-0.0889102,-0.46475249999999996,0.489598,0.4124233
VUT,2008,0.47011919999999996,1.0635192,0.0229573,-0.6430585999999999,0.4847815,0.41314779999999995
VUT,2009,0.47037239999999997,1.3076278,-0.0187143,-0.6044535,0.5028047999999999,0.4131317
VUT,2010,0.4272333,1.3462096,0.09880119999999999,-0.6253175,0.435896,0.4037478
VUT,2011,0.3936364,1.3426189,0.09809649999999999,-0.5466398,0.4389375,0.4026865
VUT,2012,0.5149731,1.4579931,0.07657409999999999,-0.5684428,0.44997539999999997,0.41043789999999997
VUT,2013,0.5157379,1.4585682,0.0762337,-0.3819758,0.44695759999999995,0.4381601
VUT,2014,0.45537239999999995,1.204537,-0.48797969999999996,-0.250315,0.5396242,0.47278529999999996
VUT,2015,0.4459575,0.7062836,-0.7180230999999999,-0.2821419,0.46593019999999996,-0.0907119
VUT,2016,0.48402609999999996,0.7100293999999999,-0.7171676,-0.3353748,0.49559179999999997,-0.1135366
VUT,2017,0.5047368999999999,0.8700728,-0.717529,-0.3339241,0.5599526,-0.061907699999999996
VUT,2018,0.6618599,1.0335600999999999,-0.4443213,-0.4419939,0.4116377,-0.1829738
VUT,2019,0.6597993999999999,1.0389704,-0.6962805999999999,-0.36200699999999997,0.44172609999999995,-0.1817759
VUT,2020,0.7683719999999999,0.9572170999999999,-0.7618262,-0.4161492,0.569462,-0.023399299999999998
VUT,2021,0.7762962999999999,0.9755159999999999,-0.8112431999999999,-0.4258558,0.6563106,-0.030617
VUT,2022,0.5657909,0.9754335,-0.8113319,-0.41300509999999996,0.4980113,-0.133155
VUT,2023,0.6076811999999999,0.9849467,-0.8591451,-0.40477549999999995,0.4458157,-0.1801944
VUT,2024,0.6405527999999999,0.9850930999999999,-0.8590675999999999,-0.3386572,0.4475379,-0.1452388
WSM,2005,0.7746968999999999,1.0454833,0.0932924,0.2485704,1.1076108,0.2706361
WSM,2006,0.7057502999999999,1.0481555999999999,0.0188085,0.0701506,1.0069692,0.2762165
WSM,2007,0.6506088,0.9524480999999999,-0.0017603999999999999,0.0708096,1.0085954,0.2722618
WSM,2008,0.5940904,1.0480737,0.0147088,-0.1788131,0.9165724,0.27333999999999997
WSM,2009,0.5662321,0.9579025999999999,-0.0059088,-0.054775199999999996,0.7988193,0.20855379999999998
WSM,2010,0.4963437,0.7824911999999999,-0.0524877,-0.060846199999999996,0.848629,0.1852612
WSM,2011,0.4829852,0.9478401999999999,-0.032589099999999996,-0.1291313,0.8615765,0.1839284
WSM,2012,0.44295959999999995,0.9460706999999999,-0.0324865,-0.1326887,0.8599846,0.1811127
WSM,2013,0.45653259999999996,0.9467000999999999,0.0269013,-0.011431199999999999,0.856838,0.1813391
WSM,2014,0.4481367,1.0657101,0.6190112,-0.050387299999999996,0.9534615999999999,0.1788639
WSM,2015,0.4675293,1.0636921,0.6183048999999999,0.030049299999999998,0.955352,0.18108439999999998
WSM,2016,0.506178,1.0618207,0.8305205,0.06785959999999999,1.0243495999999999,0.191544
WSM,2017,0.5036178,1.0618701,0.8300738,0.0695418,1.0237676,0.6164495
WSM,2018,0.8585084,1.0029484,0.8309776999999999,0.07037109999999999,0.9677779999999999,0.6190721
WSM,2019,0.9296443999999999,1.1405570999999999,0.5932831,-0.0055718,1.2202018,0.6226817
WSM,2020,0.9659597,1.1676117,0.512263,-0.0860301,1.2064599999999999,0.8119472999999999
WSM,2021,0.8147814,1.1335684,0.5131924,-0.1777781,1.0891051999999999,0.7708858
WSM,2022,1.1444556,1.2464011,0.1921728,-0.20874109999999998,1.0778834,0.7655010999999999
WSM,2023,1.1244619999999999,1.2571501999999999,0.3858928,-0.1850996,1.0856504999999999,0.8257863
WSM,2024,0.9555743999999999,1.2573079,0.38598469999999996,-0.1645592,1.0609889,0.6580016
XKX,2005,-0.032251999999999996,0.2010864,,,-0.0713919,-0.2414808
XKX,2006,0.0558696,0.2152941,-0.5007645,,0.0550231,-0.37620349999999997
XKX,2007,-0.0912815,0.1102213,-0.4949074,,0.058393099999999996,-0.3868526
XKX,2008,0.0565868,0.7299389,-0.2546026,-0.3823484,-0.0196363,-0.5383264
XKX,2009,0.124263,0.4063963,-0.2764114,-0.1968777,-0.25884589999999996,-0.3992457
XKX,2010,0.0513218,-0.7788781,-0.8396024999999999,-0.3778374,-0.2963716,-0.4440728
XKX,2011,0.0132307,-0.8318867,-0.762365,-0.4279552,-0.2595964,-0.43852599999999997
XKX,2012,0.0177617,-0.7846559,-0.6585405999999999,-0.24814979999999998,-0.32440189999999997,-0.4435076
XKX,2013,-0.014153899999999999,-0.8085300999999999,-0.7072263,-0.1942244,-0.4051054,-0.4367719
XKX,2014,0.060312,-0.3295655,-0.4294558,-0.2263613,-0.30834269999999997,-0.36118069999999997
XKX,2015,0.0774455,-0.2307434,-0.4749615,-0.4129604,-0.2573111,-0.3825978
XKX,2016,0.0637155,-0.3001965,-0.48214779999999996,-0.33476229999999996,-0.2130831,-0.3086468
XKX,2017,0.0932561,-0.1935895,-0.4787568,-0.2884867,-0.25350439999999996,-0.42107419999999995
XKX,2018,0.09553629999999999,-0.42367079999999996,-0.48686949999999996,-0.48065729999999995,-0.2173762,-0.3850713
XKX,2019,0.0676654,-0.1020189,-0.48622089999999996,-0.43432149999999997,-0.3241312,-0.34712509999999996
XKX,2020,0.12014999999999999,-0.0797599,-0.529887,-0.4116438,-0.2694238,-0.4251319
XKX,2021,0.1043205,0.0090105,-0.3005443,-0.38872799999999996,-0.1586331,-0.3846728
XKX,2022,0.12328979999999999,-0.047743299999999995,-0.2697914,-0.4573465,-0.15285759999999998,-0.2964025
XKX,2023,0.13580899999999999,-0.141819,-0.23965399999999998,-0.3826171,-0.044720699999999995,-0.14868209999999998
XKX,2024,0.1248391,-0.2417414,-0.0903678,-0.1769749,0.0861463,-0.1806475
YEM,2005,-0.9887965,-1.5346967999999999,-1.1177120999999999,-0.7352626999999999,-1.2648739999999998,-1.0744968
YEM,2006,-1.0041048,-1.365379,-0.8675963,-0.5427217999999999,-0.9675503,-0.8064446
YEM,2007,-0.9808899,-1.6062661,-0.8597167,-0.5277149,-0.9566855,-0.8361727
YEM,2008,-1.1374054,-2.1131227999999997,-0.8574594,-0.485127,-1.0171478999999999,-0.766023
YEM,2009,-1.1698943,-2.0790783,-0.9799102,-0.45284919999999995,-1.0968168999999999,-0.9407898
YEM,2010,-1.3140741999999999,-2.4209893,-1.0433379999999999,-0.40009049999999996,-1.1094704,-1.0511757
YEM,2011,-1.3333465,-2.4560439,-1.1811767,-0.6689288999999999,-1.3179294,-1.1235543
YEM,2012,-1.2261726,-2.3651432,-1.1594976,-0.7963828,-1.354895,-1.2451828
YEM,2013,-1.1724043,-2.4189957,-1.0853703,-0.8206648,-1.3205433,-1.2029611
YEM,2014,-1.1686507,-2.5296817,-1.3651457999999999,-0.8802922999999999,-1.3906576,-1.4987656999999999
YEM,2015,-1.3704140999999999,-2.5453954999999997,-1.5328292,-1.0483087,-1.5441626,-1.4824206
YEM,2016,-1.6890583,-2.6486378999999998,-1.6418842,-1.2186839,-1.5927907,-1.6070014
YEM,2017,-1.6928950999999999,-2.7258486,-1.7279779,-1.2000214999999999,-1.6861958,-1.5885316999999999
YEM,2018,-1.7379898999999999,-2.7186616,-1.9231965999999998,-1.3881959,-1.7238019999999998,-1.7508544
YEM,2019,-1.7089287,-2.6207507,-1.9476527,-1.4592188,-1.7065568,-1.7394694
YEM,2020,-1.6799297,-2.6671716,-1.9811269999999999,-1.5101419999999999,-1.8361399999999999,-1.5979629
YEM,2021,-1.7148363,-2.677753,-1.9876869,-1.5090306,-1.8587672,-1.5898527
YEM,2022,-1.7036593999999998,-2.6080793,-1.8158508,-1.4816179,-1.9338393999999999,-1.6651163
YEM,2023,-1.6604107,-2.6313914,-1.9006865,-1.4389001,-1.9397528,-1.5995628
YEM,2024,-1.7029105999999998,-2.6394083,-1.8915742,-1.5265026,-1.9476387,-1.6425229
ZAF,2005,0.7021402,-0.0151112,0.4591732,0.6150825,0.1368442,0.3628934
ZAF,2006,0.7398152,-0.008614,0.3612106,0.6751801,0.28447079999999997,0.48905109999999996
ZAF,2007,0.6866548,0.1798187,0.3193377,0.6238429,0.1381117,0.33729709999999996
ZAF,2008,0.6442209999999999,-0.0080353,0.41806269999999995,0.6222985,0.0614799,0.17891859999999998
ZAF,2009,0.6622998,-0.0519142,0.4860134,0.6584625,0.0141832,0.12496009999999999
ZAF,2010,0.6739295,-0.038921,0.4125257,0.6817266,0.0429894,0.11330989999999999
ZAF,2011,0.6176843,-0.0316238,0.4259423,0.6467972,0.0109032,0.12138879999999999
ZAF,2012,0.6323653,-0.10726029999999999,0.42373469999999996,0.629243,-0.0061411,-0.0401074
ZAF,2013,0.619325,-0.25166689999999997,0.44121309999999997,0.6217765,0.000249,-0.0303743
ZAF,2014,0.6450193,-0.2242523,0.4424873,0.42194289999999995,0.0406305,-0.010873599999999999
ZAF,2015,0.6523122,-0.3113609,0.3841004,0.32420109999999996,0.024340399999999998,0.0235218
ZAF,2016,0.6212154999999999,-0.3387461,0.3264101,0.2780186,0.0449363,0.0429536
ZAF,2017,0.6060996,-0.388104,0.3444004,0.250417,0.0158355,-0.06343599999999999
ZAF,2018,0.5992038,-0.3015662,0.2515039,0.0953946,-0.0857459,-0.040839799999999996
ZAF,2019,0.5701338,-0.339427,0.2893485,0.1445492,-0.0792966,0.0522945
ZAF,2020,0.592295,-0.2549405,0.19383219999999998,0.1302661,-0.0427723,0.042883199999999996
ZAF,2021,0.6711503,-0.7676343999999999,0.1309068,0.056369999999999996,0.14045069999999998,0.0753075
ZAF,2022,0.6083048999999999,-0.6767641,0.0755406,-0.0246849,0.0340185,-0.14935569999999998
ZAF,2023,0.606394,-0.6307956,-0.10461569999999999,-0.06876779999999999,0.062184199999999995,-0.18424369999999998
ZAF,2024,0.6675331999999999,-0.48268629999999996,-0.1559159,-0.0679269,0.035726799999999996,-0.1632967
ZMB,2005,-0.2200454,-0.0732886,-0.9457536999999999,-0.6141019,-0.4165408,-0.5815682
ZMB,2006,-0.08325149999999999,0.24633919999999998,-0.9822421,-0.6267638,-0.46607,-0.3681627
ZMB,2007,-0.0912475,0.2628877,-0.9174429,-0.49753119999999995,-0.4180058,-0.3229593
ZMB,2008,-0.0738837,0.2189161,-0.6448465999999999,-0.4334828,-0.33119919999999997,-0.3551645
ZMB,2009,-0.1052,0.3403407,-0.5676228999999999,-0.4341466,-0.32973169999999996,-0.29995499999999997
ZMB,2010,-0.09536009999999999,0.3358247,-0.562738,-0.5053021,-0.3662168,-0.3603442
ZMB,2011,-0.0575715,0.3552978,-0.4414862,-0.49223669999999997,-0.3142666,-0.31163579999999996
ZMB,2012,-0.1469024,0.4278626,-0.4174246,-0.5035623,-0.4631593,-0.3013823
ZMB,2013,-0.1294296,0.2794539,-0.4623786,-0.5386092,-0.3814144,-0.33329519999999996
ZMB,2014,-0.12311939999999999,-0.0503485,-0.36183679999999996,-0.4565141,-0.39111189999999996,-0.3891984
ZMB,2015,-0.1279664,0.09100609999999999,-0.4366922,-0.37652359999999996,-0.3304706,-0.3942768
ZMB,2016,-0.2792588,-0.2164857,-0.43423979999999995,-0.4558306,-0.368054,-0.4224264
ZMB,2017,-0.3291137,-0.2212692,-0.3838679,-0.45501139999999995,-0.4072495,-0.4643893
ZMB,2018,-0.4439435,-0.2986,-0.43861039999999996,-0.431614,-0.4519312,-0.6184123
ZMB,2019,-0.4535266,-0.36922309999999997,-0.5902016999999999,-0.49952009999999997,-0.5562085,-0.6488754
ZMB,2020,-0.4483454,-0.3695824,-0.7557259,-0.6086919,-0.6514255,-0.6072922
ZMB,2021,-0.5155630999999999,-0.1631606,-0.7414599,-0.5038774,-0.5833797,-0.6956091
ZMB,2022,-0.29453789999999996,0.0468732,-0.6018856,-0.4521829,-0.6235349,-0.4249077
ZMB,2023,-0.2794962,-0.0141026,-0.5735684999999999,-0.45957319999999996,-0.5990132,-0.4050927
ZMB,2024,-0.2751124,-0.0505997,-0.4323787,-0.3462677,-0.504848,-0.4242157
ZWE,2005,-1.6967889999999999,-1.5675289,-1.2871550999999999,-1.9993355,-1.8851584,-1.5038525999999999
ZWE,2006,-1.5430943,-1.3002881,-1.42176,-1.9191373999999999,-1.9019081,-1.3757127999999998
ZWE,2007,-1.5841523,-1.4160628,-1.3476405,-1.9483139999999999,-1.8932467,-1.4061116999999999
ZWE,2008,-1.6332991,-1.6390002,-1.622064,-1.9939299,-1.9229132,-1.5566223
ZWE,2009,-1.5790815999999999,-1.5572063999999999,-1.5703152,-1.9000097999999999,-1.8540215,-1.5613621
ZWE,2010,-1.4890117999999999,-1.4519720999999999,-1.4641374999999999,-1.8033371999999999,-1.8074744999999999,-1.4828309
ZWE,2011,-1.4369535,-1.2466728999999999,-1.387641,-1.7598969,-1.8047134,-1.4655799999999999
ZWE,2012,-1.4893941,-1.2654102999999999,-1.3615114,-1.7202857999999999,-1.6500617,-1.3025569
ZWE,2013,-1.4111685999999999,-0.9983723,-1.3367831,-1.7301799,-1.6803985,-1.3352861999999999
ZWE,2014,-1.3562147,-0.9521599,-1.2078942,-1.7444297,-1.6305349,-1.4798339999999999
ZWE,2015,-1.2674729,-0.8492837,-0.9214513999999999,-1.4379750999999998,-1.4118633999999999,-1.3118427
ZWE,2016,-1.3597808999999998,-0.9062407,-0.8926674,-1.5042589,-1.4324063,-1.308975
ZWE,2017,-1.3415272,-0.8228103,-0.9349411,-1.4207569,-1.3759561999999999,-1.3048047
ZWE,2018,-1.1739686,-0.8244583,-1.0258836,-1.3949277,-1.2953896,-1.3240866
ZWE,2019,-1.2152783999999999,-0.9839045,-1.0612641,-1.3260714999999998,-1.2816444,-1.2962159
ZWE,2020,-1.1517389,-1.0400369,-1.0814648,-1.3545540999999999,-1.2498557,-1.1847613
ZWE,2021,-1.1926704,-1.0138504,-1.0687929,-1.3483428,-1.2969458999999999,-1.2119361
ZWE,2022,-1.2005458,-0.8150702999999999,-1.063995,-1.3230728999999999,-1.3123957,-1.1942968
ZWE,2023,-1.2026037,-0.9935508999999999,-1.0033556,-1.2681338,-1.2925537999999999,-1.1985945999999998
ZWE,2024,-1.2484669,-0.9294041,-0.9572176,-1.2325062,-1.2298788,-1.2692147999999999
