hts8,heading,list,rate_2019
01012100,9903.88.15,4A,15
01012900,9903.88.15,4A,15
01013000,9903.88.15,4A,15
01019030,9903.88.15,4A,15
01019040,9903.88.15,4A,15
01022100,9903.88.15,4A,15
01022920,9903.88.15,4A,15
01022940,9903.88.15,4A,15
01023100,9903.88.15,4A,15
01023900,9903.88.15,4A,15
01029000,9903.88.15,4A,15
01031000,9903.88.15,4A,15
01039100,9903.88.15,4A,15
01039200,9903.88.15,4A,15
01041000,9903.88.15,4A,15
01042000,9903.88.15,4A,15
01051100,9903.88.15,4A,15
01051200,9903.88.15,4A,15
01051300,9903.88.15,4A,15
01051400,9903.88.15,4A,15
01051500,9903.88.15,4A,15
01059400,9903.88.15,4A,15
01059900,9903.88.15,4A,15
01061100,9903.88.15,4A,15
01061201,9903.88.15,4A,15
01061300,9903.88.15,4A,15
01061400,9903.88.15,4A,15
01061930,9903.88.15,4A,15
01061991,9903.88.15,4A,15
01062000,9903.88.15,4A,15
01063100,9903.88.15,4A,15
01063200,9903.88.15,4A,15
01063300,9903.88.15,4A,15
01063901,9903.88.15,4A,15
01064100,9903.88.15,4A,15
01064900,9903.88.15,4A,15
01069001,9903.88.15,4A,15
02011005,9903.88.15,4A,15
02011010,9903.88.15,4A,15
02011050,9903.88.15,4A,15
02012002,9903.88.15,4A,15
02012004,9903.88.15,4A,15
02012006,9903.88.15,4A,15
02012010,9903.88.15,4A,15
02012030,9903.88.15,4A,15
02012050,9903.88.15,4A,15
02012080,9903.88.15,4A,15
02013002,9903.88.15,4A,15
02013004,9903.88.15,4A,15
02013006,9903.88.15,4A,15
02013010,9903.88.15,4A,15
02013030,9903.88.15,4A,15
02013050,9903.88.15,4A,15
02013080,9903.88.15,4A,15
02021005,9903.88.15,4A,15
02021010,9903.88.15,4A,15
02021050,9903.88.15,4A,15
02022002,9903.88.15,4A,15
02022004,9903.88.15,4A,15
02022006,9903.88.15,4A,15
02022010,9903.88.15,4A,15
02022030,9903.88.15,4A,15
02022050,9903.88.15,4A,15
02022080,9903.88.15,4A,15
02023002,9903.88.15,4A,15
02023004,9903.88.15,4A,15
02023006,9903.88.15,4A,15
02023010,9903.88.15,4A,15
02023030,9903.88.15,4A,15
02023050,9903.88.15,4A,15
02023080,9903.88.15,4A,15
02031100,9903.88.15,4A,15
02031210,9903.88.15,4A,15
02031290,9903.88.15,4A,15
02031920,9903.88.15,4A,15
02031940,9903.88.15,4A,15
02032100,9903.88.15,4A,15
02032210,9903.88.15,4A,15
02032290,9903.88.15,4A,15
02032920,9903.88.03,3,25
02032940,9903.88.03,3,25
02041000,9903.88.15,4A,15
02042100,9903.88.15,4A,15
02042220,9903.88.15,4A,15
02042240,9903.88.15,4A,15
02042320,9903.88.15,4A,15
02042340,9903.88.15,4A,15
02043000,9903.88.15,4A,15
02044100,9903.88.15,4A,15
02044220,9903.88.15,4A,15
02044240,9903.88.15,4A,15
02044320,9903.88.15,4A,15
02044340,9903.88.15,4A,15
02045000,9903.88.15,4A,15
02050000,9903.88.15,4A,15
02061000,9903.88.03,3,25
02062100,9903.88.15,4A,15
02062200,9903.88.15,4A,15
02062900,9903.88.15,4A,15
02063000,9903.88.15,4A,15
02064100,9903.88.15,4A,15
02064900,9903.88.15,4A,15
02068000,9903.88.15,4A,15
02069000,9903.88.15,4A,15
02071100,9903.88.15,4A,15
02071200,9903.88.15,4A,15
02071300,9903.88.15,4A,15
02071400,9903.88.15,4A,15
02072400,9903.88.15,4A,15
02072520,9903.88.15,4A,15
02072540,9903.88.15,4A,15
02072600,9903.88.15,4A,15
02072700,9903.88.15,4A,15
02074100,9903.88.15,4A,15
02074200,9903.88.15,4A,15
02074300,9903.88.15,4A,15
02074400,9903.88.15,4A,15
02074500,9903.88.15,4A,15
02075100,9903.88.15,4A,15
02075200,9903.88.15,4A,15
02075300,9903.88.15,4A,15
02075400,9903.88.15,4A,15
02075500,9903.88.15,4A,15
02076010,9903.88.15,4A,15
02076020,9903.88.15,4A,15
02076030,9903.88.15,4A,15
02076040,9903.88.15,4A,15
02076060,9903.88.15,4A,15
02081000,9903.88.03,3,25
02083000,9903.88.15,4A,15
02084001,9903.88.15,4A,15
02085000,9903.88.15,4A,15
02086000,9903.88.15,4A,15
02089020,9903.88.03,3,25
02089025,9903.88.03,3,25
02089030,9903.88.15,4A,15
02089091,9903.88.15,4A,15
02091000,9903.88.15,4A,15
02099000,9903.88.15,4A,15
02101100,9903.88.15,4A,15
02101200,9903.88.15,4A,15
02101900,9903.88.03,3,25
02102000,9903.88.15,4A,15
02109100,9903.88.15,4A,15
02109201,9903.88.15,4A,15
02109300,9903.88.15,4A,15
02109920,9903.88.15,4A,15
02109991,9903.88.15,4A,15
03011100,9903.88.03,3,25
03011900,9903.88.03,3,25
03019100,9903.88.03,3,25
03019200,9903.88.03,3,25
03019302,9903.88.03,3,25
03019401,9903.88.03,3,25
03019500,9903.88.03,3,25
03019903,9903.88.03,3,25
03021100,9903.88.03,3,25
03021300,9903.88.03,3,25
03021400,9903.88.03,3,25
03021900,9903.88.03,3,25
03022100,9903.88.03,3,25
03022200,9903.88.03,3,25
03022300,9903.88.03,3,25
03022400,9903.88.03,3,25
03022901,9903.88.03,3,25
03023100,9903.88.03,3,25
03023200,9903.88.03,3,25
03023300,9903.88.03,3,25
03023400,9903.88.03,3,25
03023501,9903.88.03,3,25
03023600,9903.88.03,3,25
03023902,9903.88.03,3,25
03024100,9903.88.03,3,25
03024200,9903.88.03,3,25
03024300,9903.88.03,3,25
03024400,9903.88.03,3,25
03024511,9903.88.03,3,25
03024550,9903.88.03,3,25
03024611,9903.88.03,3,25
03024650,9903.88.03,3,25
03024700,9903.88.03,3,25
03024900,9903.88.03,3,25
03025100,9903.88.03,3,25
03025200,9903.88.03,3,25
03025300,9903.88.03,3,25
03025411,9903.88.03,3,25
03025450,9903.88.03,3,25
03025511,9903.88.03,3,25
03025550,9903.88.03,3,25
03025611,9903.88.03,3,25
03025650,9903.88.03,3,25
03025911,9903.88.03,3,25
03025950,9903.88.03,3,25
03027111,9903.88.03,3,25
03027150,9903.88.03,3,25
03027211,9903.88.03,3,25
03027250,9903.88.03,3,25
03027311,9903.88.03,3,25
03027350,9903.88.03,3,25
03027400,9903.88.03,3,25
03027911,9903.88.03,3,25
03027950,9903.88.03,3,25
03028100,9903.88.03,3,25
03028200,9903.88.03,3,25
03028300,9903.88.03,3,25
03028411,9903.88.03,3,25
03028450,9903.88.03,3,25
03028511,9903.88.03,3,25
03028550,9903.88.03,3,25
03028911,9903.88.03,3,25
03028950,9903.88.03,3,25
03029120,9903.88.03,3,25
03029140,9903.88.03,3,25
03029200,9903.88.03,3,25
03029900,9903.88.03,3,25
03031100,9903.88.03,3,25
03031200,9903.88.03,3,25
03031300,9903.88.03,3,25
03031400,9903.88.03,3,25
03031901,9903.88.03,3,25
03032300,9903.88.03,3,25
03032400,9903.88.03,3,25
03032501,9903.88.03,3,25
03032600,9903.88.03,3,25
03032901,9903.88.03,3,25
03033100,9903.88.03,3,25
03033200,9903.88.03,3,25
03033300,9903.88.03,3,25
03033400,9903.88.03,3,25
03033901,9903.88.03,3,25
03034100,9903.88.03,3,25
03034200,9903.88.03,3,25
03034300,9903.88.03,3,25
03034400,9903.88.03,3,25
03034501,9903.88.03,3,25
03034600,9903.88.03,3,25
03034902,9903.88.03,3,25
03035100,9903.88.03,3,25
03035300,9903.88.03,3,25
03035400,9903.88.03,3,25
03035500,9903.88.03,3,25
03035600,9903.88.03,3,25
03035700,9903.88.03,3,25
03035900,9903.88.03,3,25
03036300,9903.88.03,3,25
03036400,9903.88.03,3,25
03036500,9903.88.03,3,25
03036600,9903.88.03,3,25
03036700,9903.88.03,3,25
03036800,9903.88.03,3,25
03038100,9903.88.03,3,25
03038200,9903.88.03,3,25
03038300,9903.88.03,3,25
03038400,9903.88.03,3,25
03038900,9903.88.03,3,25
03039120,9903.88.03,3,25
03039140,9903.88.03,3,25
03039200,9903.88.03,3,25
03039900,9903.88.03,3,25
03043100,9903.88.03,3,25
03043200,9903.88.03,3,25
03043300,9903.88.03,3,25
03043900,9903.88.03,3,25
03044100,9903.88.03,3,25
03044200,9903.88.03,3,25
03044300,9903.88.03,3,25
03044400,9903.88.03,3,25
03044500,9903.88.03,3,25
03044600,9903.88.03,3,25
03044700,9903.88.03,3,25
03044800,9903.88.03,3,25
03044901,9903.88.03,3,25
03045101,9903.88.03,3,25
03045200,9903.88.03,3,25
03045300,9903.88.03,3,25
03045400,9903.88.03,3,25
03045500,9903.88.03,3,25
03045600,9903.88.03,3,25
03045700,9903.88.03,3,25
03045900,9903.88.03,3,25
03046100,9903.88.03,3,25
03046200,9903.88.03,3,25
03046300,9903.88.03,3,25
03046900,9903.88.03,3,25
03047250,9903.88.03,3,25
03047310,9903.88.03,3,25
03047350,9903.88.03,3,25
03047410,9903.88.03,3,25
03047450,9903.88.03,3,25
03047910,9903.88.03,3,25
03047950,9903.88.03,3,25
03048210,9903.88.03,3,25
03048250,9903.88.03,3,25
03048310,9903.88.03,3,25
03048350,9903.88.03,3,25
03048400,9903.88.03,3,25
03048500,9903.88.03,3,25
03048600,9903.88.03,3,25
03048700,9903.88.03,3,25
03048800,9903.88.03,3,25
03048910,9903.88.03,3,25
03048950,9903.88.03,3,25
03049110,9903.88.03,3,25
03049190,9903.88.03,3,25
03049210,9903.88.03,3,25
03049290,9903.88.03,3,25
03049310,9903.88.03,3,25
03049390,9903.88.03,3,25
03049490,9903.88.03,3,25
03049510,9903.88.03,3,25
03049600,9903.88.03,3,25
03049700,9903.88.03,3,25
03049911,9903.88.03,3,25
03049991,9903.88.03,3,25
03052020,9903.88.03,3,25
03052040,9903.88.03,3,25
03053101,9903.88.03,3,25
03053200,9903.88.03,3,25
03053920,9903.88.03,3,25
03053940,9903.88.03,3,25
03053961,9903.88.03,3,25
03054100,9903.88.03,3,25
03054200,9903.88.03,3,25
03054300,9903.88.03,3,25
03054401,9903.88.03,3,25
03054920,9903.88.03,3,25
03054940,9903.88.03,3,25
03055100,9903.88.03,3,25
03055200,9903.88.03,3,25
03055300,9903.88.03,3,25
03055400,9903.88.03,3,25
03055900,9903.88.03,3,25
03056120,9903.88.03,3,25
03056140,9903.88.03,3,25
03056200,9903.88.03,3,25
03056320,9903.88.03,3,25
03056340,9903.88.03,3,25
03056360,9903.88.03,3,25
03056410,9903.88.03,3,25
03056450,9903.88.03,3,25
03056910,9903.88.03,3,25
03056920,9903.88.03,3,25
03056930,9903.88.03,3,25
03056940,9903.88.03,3,25
03056950,9903.88.03,3,25
03056960,9903.88.03,3,25
03057100,9903.88.03,3,25
03057200,9903.88.03,3,25
03057900,9903.88.03,3,25
03061100,9903.88.03,3,25
03061200,9903.88.03,3,25
03061420,9903.88.03,3,25
03061440,9903.88.03,3,25
03061500,9903.88.03,3,25
03061600,9903.88.03,3,25
03061700,9903.88.03,3,25
03061901,9903.88.03,3,25
03063100,9903.88.03,3,25
03063200,9903.88.03,3,25
03063320,9903.88.03,3,25
03063340,9903.88.03,3,25
03063400,9903.88.03,3,25
03063500,9903.88.03,3,25
03063600,9903.88.03,3,25
03063901,9903.88.03,3,25
03069100,9903.88.03,3,25
03069200,9903.88.03,3,25
03069320,9903.88.03,3,25
03069340,9903.88.03,3,25
03069400,9903.88.03,3,25
03069500,9903.88.03,3,25
03069901,9903.88.03,3,25
03071100,9903.88.03,3,25
03071200,9903.88.03,3,25
03071901,9903.88.03,3,25
03072100,9903.88.03,3,25
03072200,9903.88.03,3,25
03072901,9903.88.03,3,25
03073100,9903.88.03,3,25
03073200,9903.88.03,3,25
03073901,9903.88.03,3,25
03074200,9903.88.03,3,25
03074300,9903.88.03,3,25
03074901,9903.88.03,3,25
03075100,9903.88.03,3,25
03075200,9903.88.03,3,25
03075901,9903.88.03,3,25
03076000,9903.88.03,3,25
03077100,9903.88.03,3,25
03077200,9903.88.03,3,25
03077901,9903.88.03,3,25
03078100,9903.88.03,3,25
03078200,9903.88.03,3,25
03078300,9903.88.03,3,25
03078400,9903.88.03,3,25
03078700,9903.88.03,3,25
03078800,9903.88.03,3,25
03079103,9903.88.03,3,25
03079201,9903.88.03,3,25
03079903,9903.88.03,3,25
03081100,9903.88.03,3,25
03081200,9903.88.03,3,25
03081901,9903.88.03,3,25
03082100,9903.88.03,3,25
03082200,9903.88.03,3,25
03082901,9903.88.03,3,25
03083000,9903.88.03,3,25
03089001,9903.88.03,3,25
03091005,9903.88.03,3,25
03091090,9903.88.03,3,25
03099010,9903.88.03,3,25
03099020,9903.88.03,3,25
03099030,9903.88.03,3,25
03099040,9903.88.03,3,25
03099050,9903.88.03,3,25
03099060,9903.88.03,3,25
03099090,9903.88.03,3,25
04011000,9903.88.15,4A,15
04012020,9903.88.15,4A,15
04012040,9903.88.15,4A,15
04014002,9903.88.15,4A,15
04014005,9903.88.15,4A,15
04014025,9903.88.15,4A,15
04015002,9903.88.15,4A,15
04015005,9903.88.15,4A,15
04015025,9903.88.15,4A,15
04015042,9903.88.15,4A,15
04015050,9903.88.15,4A,15
04015075,9903.88.15,4A,15
04021005,9903.88.15,4A,15
04021010,9903.88.15,4A,15
04021050,9903.88.15,4A,15
04022102,9903.88.15,4A,15
04022105,9903.88.15,4A,15
04022125,9903.88.15,4A,15
04022127,9903.88.15,4A,15
04022130,9903.88.15,4A,15
04022150,9903.88.15,4A,15
04022173,9903.88.15,4A,15
04022175,9903.88.15,4A,15
04022190,9903.88.15,4A,15
04022905,9903.88.15,4A,15
04022910,9903.88.15,4A,15
04022950,9903.88.15,4A,15
04029103,9903.88.15,4A,15
04029106,9903.88.15,4A,15
04029110,9903.88.15,4A,15
04029130,9903.88.15,4A,15
04029170,9903.88.15,4A,15
04029190,9903.88.15,4A,15
04029903,9903.88.15,4A,15
04029906,9903.88.15,4A,15
04029910,9903.88.15,4A,15
04029930,9903.88.15,4A,15
04029945,9903.88.15,4A,15
04029955,9903.88.15,4A,15
04029968,9903.88.15,4A,15
04029970,9903.88.15,4A,15
04029990,9903.88.15,4A,15
04032005,9903.88.15,4A,15
04032010,9903.88.15,4A,15
04032050,9903.88.15,4A,15
04032090,9903.88.15,4A,15
04039002,9903.88.15,4A,15
04039004,9903.88.15,4A,15
04039016,9903.88.15,4A,15
04039020,9903.88.15,4A,15
04039037,9903.88.15,4A,15
04039041,9903.88.15,4A,15
04039045,9903.88.15,4A,15
04039047,9903.88.15,4A,15
04039051,9903.88.15,4A,15
04039055,9903.88.15,4A,15
04039057,9903.88.15,4A,15
04039061,9903.88.15,4A,15
04039065,9903.88.15,4A,15
04039072,9903.88.15,4A,15
04039074,9903.88.15,4A,15
04039078,9903.88.15,4A,15
04039085,9903.88.15,4A,15
04039087,9903.88.15,4A,15
04039090,9903.88.15,4A,15
04039095,9903.88.15,4A,15
04041005,9903.88.03,3,25
04041008,9903.88.03,3,25
04041011,9903.88.03,3,25
04041015,9903.88.03,3,25
04041020,9903.88.03,3,25
04041048,9903.88.03,3,25
04041050,9903.88.03,3,25
04041090,9903.88.03,3,25
04049010,9903.88.15,4A,15
04049028,9903.88.15,4A,15
04049030,9903.88.15,4A,15
04049050,9903.88.15,4A,15
04049070,9903.88.15,4A,15
04051005,9903.88.03,3,25
04051010,9903.88.03,3,25
04051020,9903.88.03,3,25
04052010,9903.88.15,4A,15
04052020,9903.88.15,4A,15
04052030,9903.88.15,4A,15
04052040,9903.88.15,4A,15
04052050,9903.88.15,4A,15
04052060,9903.88.15,4A,15
04052070,9903.88.15,4A,15
04052080,9903.88.15,4A,15
04059005,9903.88.15,4A,15
04059010,9903.88.15,4A,15
04059020,9903.88.15,4A,15
04061002,9903.88.15,4A,15
04061004,9903.88.15,4A,15
04061008,9903.88.15,4A,15
04061012,9903.88.15,4A,15
04061014,9903.88.15,4A,15
04061018,9903.88.15,4A,15
04061024,9903.88.15,4A,15
04061028,9903.88.15,4A,15
04061034,9903.88.15,4A,15
04061038,9903.88.15,4A,15
04061044,9903.88.15,4A,15
04061048,9903.88.15,4A,15
04061054,9903.88.15,4A,15
04061058,9903.88.15,4A,15
04061064,9903.88.15,4A,15
04061068,9903.88.15,4A,15
04061074,9903.88.15,4A,15
04061078,9903.88.15,4A,15
04061084,9903.88.15,4A,15
04061088,9903.88.15,4A,15
04061095,9903.88.15,4A,15
04062010,9903.88.15,4A,15
04062015,9903.88.15,4A,15
04062022,9903.88.15,4A,15
04062024,9903.88.15,4A,15
04062028,9903.88.15,4A,15
04062029,9903.88.15,4A,15
04062031,9903.88.15,4A,15
04062033,9903.88.15,4A,15
04062034,9903.88.15,4A,15
04062036,9903.88.15,4A,15
04062039,9903.88.15,4A,15
04062043,9903.88.15,4A,15
04062044,9903.88.15,4A,15
04062048,9903.88.15,4A,15
04062049,9903.88.15,4A,15
04062051,9903.88.15,4A,15
04062053,9903.88.15,4A,15
04062054,9903.88.15,4A,15
04062055,9903.88.15,4A,15
04062056,9903.88.15,4A,15
04062057,9903.88.15,4A,15
04062061,9903.88.15,4A,15
04062063,9903.88.15,4A,15
04062065,9903.88.15,4A,15
04062067,9903.88.15,4A,15
04062069,9903.88.15,4A,15
04062071,9903.88.15,4A,15
04062073,9903.88.15,4A,15
04062075,9903.88.15,4A,15
04062077,9903.88.15,4A,15
04062079,9903.88.15,4A,15
04062081,9903.88.15,4A,15
04062083,9903.88.15,4A,15
04062085,9903.88.15,4A,15
04062087,9903.88.15,4A,15
04062089,9903.88.15,4A,15
04062091,9903.88.15,4A,15
04062095,9903.88.15,4A,15
04063005,9903.88.15,4A,15
04063012,9903.88.15,4A,15
04063014,9903.88.15,4A,15
04063018,9903.88.15,4A,15
04063022,9903.88.15,4A,15
04063024,9903.88.15,4A,15
04063028,9903.88.15,4A,15
04063032,9903.88.15,4A,15
04063034,9903.88.15,4A,15
04063038,9903.88.15,4A,15
04063042,9903.88.15,4A,15
04063044,9903.88.15,4A,15
04063048,9903.88.15,4A,15
04063049,9903.88.15,4A,15
04063051,9903.88.15,4A,15
04063053,9903.88.15,4A,15
04063055,9903.88.15,4A,15
04063056,9903.88.15,4A,15
04063057,9903.88.15,4A,15
04063061,9903.88.15,4A,15
04063063,9903.88.15,4A,15
04063065,9903.88.15,4A,15
04063067,9903.88.15,4A,15
04063069,9903.88.15,4A,15
04063071,9903.88.15,4A,15
04063073,9903.88.15,4A,15
04063075,9903.88.15,4A,15
04063077,9903.88.15,4A,15
04063079,9903.88.15,4A,15
04063081,9903.88.15,4A,15
04063083,9903.88.15,4A,15
04063085,9903.88.15,4A,15
04063087,9903.88.15,4A,15
04063089,9903.88.15,4A,15
04063091,9903.88.15,4A,15
04063095,9903.88.15,4A,15
04064020,9903.88.15,4A,15
04064040,9903.88.15,4A,15
04064044,9903.88.15,4A,15
04064048,9903.88.15,4A,15
04064051,9903.88.15,4A,15
04064052,9903.88.15,4A,15
04064054,9903.88.15,4A,15
04064058,9903.88.15,4A,15
04064070,9903.88.15,4A,15
04069005,9903.88.15,4A,15
04069006,9903.88.15,4A,15
04069008,9903.88.15,4A,15
04069012,9903.88.15,4A,15
04069014,9903.88.15,4A,15
04069016,9903.88.15,4A,15
04069018,9903.88.15,4A,15
04069020,9903.88.15,4A,15
04069025,9903.88.15,4A,15
04069028,9903.88.15,4A,15
04069031,9903.88.15,4A,15
04069032,9903.88.15,4A,15
04069033,9903.88.15,4A,15
04069034,9903.88.15,4A,15
04069036,9903.88.15,4A,15
04069037,9903.88.15,4A,15
04069038,9903.88.15,4A,15
04069039,9903.88.15,4A,15
04069041,9903.88.15,4A,15
04069042,9903.88.15,4A,15
04069043,9903.88.15,4A,15
04069044,9903.88.15,4A,15
04069046,9903.88.15,4A,15
04069048,9903.88.15,4A,15
04069049,9903.88.15,4A,15
04069051,9903.88.15,4A,15
04069052,9903.88.15,4A,15
04069054,9903.88.15,4A,15
04069056,9903.88.15,4A,15
04069057,9903.88.15,4A,15
04069059,9903.88.15,4A,15
04069061,9903.88.15,4A,15
04069063,9903.88.15,4A,15
04069066,9903.88.15,4A,15
04069068,9903.88.15,4A,15
04069072,9903.88.15,4A,15
04069074,9903.88.15,4A,15
04069076,9903.88.15,4A,15
04069078,9903.88.15,4A,15
04069082,9903.88.15,4A,15
04069084,9903.88.15,4A,15
04069086,9903.88.15,4A,15
04069088,9903.88.15,4A,15
04069090,9903.88.15,4A,15
04069092,9903.88.15,4A,15
04069093,9903.88.15,4A,15
04069094,9903.88.15,4A,15
04069095,9903.88.15,4A,15
04069097,9903.88.15,4A,15
04069099,9903.88.15,4A,15
04071100,9903.88.15,4A,15
04071900,9903.88.03,3,25
04072100,9903.88.03,3,25
04072900,9903.88.03,3,25
04079000,9903.88.03,3,25
04081100,9903.88.03,3,25
04081900,9903.88.03,3,25
04089100,9903.88.15,4A,15
04089900,9903.88.03,3,25
04090000,9903.88.03,3,25
04101000,9903.88.03,3,25
04109000,9903.88.03,3,25
05010000,9903.88.15,4A,15
05029000,9903.88.15,4A,15
05040000,9903.88.15,4A,15
05051000,9903.88.15,4A,15
05059020,9903.88.03,3,25
05059060,9903.88.03,3,25
05061000,9903.88.03,3,25
05069000,9903.88.03,3,25
05071000,9903.88.15,4A,15
05079000,9903.88.03,3,25
05080000,9903.88.03,3,25
05100020,9903.88.15,4A,15
05100040,9903.88.03,3,25
05111000,9903.88.03,3,25
05119100,9903.88.03,3,25
05119920,9903.88.03,3,25
05119930,9903.88.03,3,25
05119933,9903.88.03,3,25
05119936,9903.88.03,3,25
05119940,9903.88.03,3,25
06011015,9903.88.15,4A,15
06011030,9903.88.15,4A,15
06011045,9903.88.15,4A,15
06011060,9903.88.15,4A,15
06011075,9903.88.15,4A,15
06011085,9903.88.15,4A,15
06011090,9903.88.15,4A,15
06012010,9903.88.15,4A,15
06012090,9903.88.15,4A,15
06021000,9903.88.15,4A,15
06022000,9903.88.15,4A,15
06023000,9903.88.15,4A,15
06024000,9903.88.15,4A,15
06029020,9903.88.15,4A,15
06029030,9903.88.15,4A,15
06029040,9903.88.15,4A,15
06029060,9903.88.15,4A,15
06029090,9903.88.15,4A,15
06031100,9903.88.15,4A,15
06031230,9903.88.15,4A,15
06031270,9903.88.15,4A,15
06031300,9903.88.15,4A,15
06031400,9903.88.15,4A,15
06031500,9903.88.15,4A,15
06031901,9903.88.15,4A,15
06039000,9903.88.15,4A,15
06042000,9903.88.15,4A,15
06049010,9903.88.15,4A,15
06049030,9903.88.15,4A,15
06049060,9903.88.15,4A,15
07011000,9903.88.15,4A,15
07019010,9903.88.15,4A,15
07019050,9903.88.15,4A,15
07020020,9903.88.15,4A,15
07020040,9903.88.15,4A,15
07020060,9903.88.15,4A,15
07031020,9903.88.03,3,25
07031030,9903.88.03,3,25
07031040,9903.88.03,3,25
07032000,9903.88.03,3,25
07039000,9903.88.03,3,25
07041020,9903.88.03,3,25
07041040,9903.88.03,3,25
07041060,9903.88.03,3,25
07042000,9903.88.15,4A,15
07049020,9903.88.03,3,25
07049040,9903.88.03,3,25
07051120,9903.88.15,4A,15
07051140,9903.88.15,4A,15
07051920,9903.88.15,4A,15
07051940,9903.88.15,4A,15
07052100,9903.88.15,4A,15
07052900,9903.88.15,4A,15
07061005,9903.88.03,3,25
07061010,9903.88.03,3,25
07061020,9903.88.03,3,25
07061040,9903.88.03,3,25
07069020,9903.88.03,3,25
07069030,9903.88.03,3,25
07069040,9903.88.03,3,25
07070020,9903.88.15,4A,15
07070040,9903.88.15,4A,15
07070050,9903.88.03,3,25
07070060,9903.88.15,4A,15
07081020,9903.88.03,3,25
07081040,9903.88.03,3,25
07082010,9903.88.15,4A,15
07082020,9903.88.03,3,25
07082090,9903.88.03,3,25
07089005,9903.88.15,4A,15
07089015,9903.88.03,3,25
07089025,9903.88.15,4A,15
07089030,9903.88.15,4A,15
07089040,9903.88.03,3,25
07092010,9903.88.15,4A,15
07092090,9903.88.15,4A,15
07093020,9903.88.15,4A,15
07093040,9903.88.15,4A,15
07094020,9903.88.03,3,25
07094040,9903.88.03,3,25
07094060,9903.88.03,3,25
07095101,9903.88.03,3,25
07095205,9903.88.03,3,25
07095300,9903.88.03,3,25
07095400,9903.88.03,3,25
07095500,9903.88.03,3,25
07095600,9903.88.03,3,25
07095911,9903.88.03,3,25
07095991,9903.88.03,3,25
07096020,9903.88.03,3,25
07096040,9903.88.03,3,25
07097000,9903.88.15,4A,15
07099100,9903.88.15,4A,15
07099200,9903.88.15,4A,15
07099310,9903.88.15,4A,15
07099320,9903.88.03,3,25
07099330,9903.88.15,4A,15
07099905,9903.88.03,3,25
07099910,9903.88.03,3,25
07099914,9903.88.03,3,25
07099930,9903.88.03,3,25
07099945,9903.88.03,3,25
07099990,9903.88.03,3,25
07101000,9903.88.03,3,25
07102120,9903.88.03,3,25
07102140,9903.88.03,3,25
07102210,9903.88.03,3,25
07102215,9903.88.03,3,25
07102220,9903.88.03,3,25
07102225,9903.88.03,3,25
07102237,9903.88.03,3,25
07102240,9903.88.03,3,25
07102905,9903.88.03,3,25
07102915,9903.88.15,4A,15
07102925,9903.88.03,3,25
07102930,9903.88.03,3,25
07102940,9903.88.03,3,25
07103000,9903.88.03,3,25
07104000,9903.88.03,3,25
07108015,9903.88.03,3,25
07108020,9903.88.03,3,25
07108040,9903.88.03,3,25
07108045,9903.88.03,3,25
07108050,9903.88.03,3,25
07108060,9903.88.15,4A,15
07108065,9903.88.03,3,25
07108070,9903.88.03,3,25
07108085,9903.88.15,4A,15
07108093,9903.88.03,3,25
07108097,9903.88.03,3,25
07109011,9903.88.03,3,25
07109091,9903.88.03,3,25
07112018,9903.88.15,4A,15
07112028,9903.88.15,4A,15
07112038,9903.88.15,4A,15
07112040,9903.88.15,4A,15
07114000,9903.88.03,3,25
07115100,9903.88.03,3,25
07115910,9903.88.03,3,25
07115990,9903.88.15,4A,15
07119020,9903.88.03,3,25
07119030,9903.88.15,4A,15
07119050,9903.88.03,3,25
07119065,9903.88.03,3,25
07122020,9903.88.03,3,25
07122040,9903.88.03,3,25
07123110,9903.88.03,3,25
07123120,9903.88.03,3,25
07123200,9903.88.03,3,25
07123300,9903.88.03,3,25
07123410,9903.88.03,3,25
07123420,9903.88.03,3,25
07123911,9903.88.03,3,25
07123921,9903.88.03,3,25
07123940,9903.88.03,3,25
07129010,9903.88.03,3,25
07129015,9903.88.03,3,25
07129020,9903.88.03,3,25
07129030,9903.88.03,3,25
07129040,9903.88.03,3,25
07129060,9903.88.03,3,25
07129065,9903.88.03,3,25
07129070,9903.88.03,3,25
07129074,9903.88.03,3,25
07129078,9903.88.03,3,25
07129085,9903.88.03,3,25
07131010,9903.88.03,3,25
07131020,9903.88.03,3,25
07131040,9903.88.03,3,25
07132010,9903.88.03,3,25
07132020,9903.88.03,3,25
07133110,9903.88.03,3,25
07133120,9903.88.03,3,25
07133140,9903.88.03,3,25
07133210,9903.88.03,3,25
07133220,9903.88.03,3,25
07133310,9903.88.03,3,25
07133320,9903.88.03,3,25
07133340,9903.88.03,3,25
07133410,9903.88.15,4A,15
07133420,9903.88.03,3,25
07133440,9903.88.03,3,25
07133500,9903.88.03,3,25
07133911,9903.88.03,3,25
07133921,9903.88.03,3,25
07133941,9903.88.03,3,25
07134010,9903.88.03,3,25
07134020,9903.88.03,3,25
07135010,9903.88.03,3,25
07135020,9903.88.03,3,25
07136010,9903.88.15,4A,15
07136060,9903.88.03,3,25
07136080,9903.88.03,3,25
07139011,9903.88.03,3,25
07139050,9903.88.03,3,25
07139061,9903.88.03,3,25
07139081,9903.88.03,3,25
07141010,9903.88.15,4A,15
07141020,9903.88.03,3,25
07142010,9903.88.03,3,25
07142020,9903.88.03,3,25
07143010,9903.88.03,3,25
07143020,9903.88.03,3,25
07143050,9903.88.15,4A,15
07143060,9903.88.03,3,25
07144010,9903.88.03,3,25
07144020,9903.88.03,3,25
07144050,9903.88.03,3,25
07144060,9903.88.03,3,25
07145010,9903.88.03,3,25
07145020,9903.88.03,3,25
07145050,9903.88.03,3,25
07145060,9903.88.03,3,25
07149005,9903.88.03,3,25
07149039,9903.88.03,3,25
07149041,9903.88.03,3,25
07149042,9903.88.03,3,25
07149044,9903.88.03,3,25
07149046,9903.88.03,3,25
07149048,9903.88.03,3,25
07149051,9903.88.03,3,25
07149061,9903.88.03,3,25
08011100,9903.88.03,3,25
08011200,9903.88.15,4A,15
08011901,9903.88.03,3,25
08012100,9903.88.15,4A,15
08012200,9903.88.15,4A,15
08013100,9903.88.03,3,25
08013200,9903.88.03,3,25
08021100,9903.88.03,3,25
08021200,9903.88.03,3,25
08022100,9903.88.15,4A,15
08022200,9903.88.03,3,25
08023100,9903.88.03,3,25
08023200,9903.88.03,3,25
08024100,9903.88.03,3,25
08024200,9903.88.03,3,25
08025100,9903.88.03,3,25
08025200,9903.88.03,3,25
08026100,9903.88.15,4A,15
08026200,9903.88.03,3,25
08027010,9903.88.15,4A,15
08027020,9903.88.15,4A,15
08028010,9903.88.15,4A,15
08028020,9903.88.03,3,25
08029110,9903.88.15,4A,15
08029290,9903.88.15,4A,15
08029910,9903.88.03,3,25
08029915,9903.88.03,3,25
08029998,9903.88.15,4A,15
08031010,9903.88.15,4A,15
08031020,9903.88.03,3,25
08039000,9903.88.03,3,25
08041020,9903.88.03,3,25
08041040,9903.88.03,3,25
08041060,9903.88.03,3,25
08041080,9903.88.03,3,25
08042040,9903.88.03,3,25
08042060,9903.88.03,3,25
08042080,9903.88.03,3,25
08043020,9903.88.03,3,25
08043040,9903.88.03,3,25
08043060,9903.88.03,3,25
08044000,9903.88.15,4A,15
08045040,9903.88.03,3,25
08045060,9903.88.03,3,25
08045080,9903.88.03,3,25
08051000,9903.88.03,3,25
08052100,9903.88.03,3,25
08052200,9903.88.03,3,25
08052900,9903.88.03,3,25
08054040,9903.88.15,4A,15
08054060,9903.88.15,4A,15
08054080,9903.88.15,4A,15
08055020,9903.88.15,4A,15
08055030,9903.88.15,4A,15
08055040,9903.88.15,4A,15
08059001,9903.88.15,4A,15
08061020,9903.88.15,4A,15
08061040,9903.88.15,4A,15
08061060,9903.88.15,4A,15
08062010,9903.88.03,3,25
08062020,9903.88.03,3,25
08062090,9903.88.03,3,25
08071130,9903.88.15,4A,15
08071140,9903.88.15,4A,15
08071910,9903.88.15,4A,15
08071920,9903.88.15,4A,15
08071950,9903.88.15,4A,15
08071960,9903.88.15,4A,15
08071970,9903.88.15,4A,15
08071980,9903.88.15,4A,15
08072000,9903.88.15,4A,15
08081000,9903.88.03,3,25
08083020,9903.88.03,3,25
08083040,9903.88.03,3,25
08084020,9903.88.03,3,25
08084040,9903.88.03,3,25
08091000,9903.88.15,4A,15
08092100,9903.88.15,4A,15
08092900,9903.88.03,3,25
08093020,9903.88.03,3,25
08093040,9903.88.03,3,25
08094020,9903.88.15,4A,15
08094040,9903.88.15,4A,15
08101020,9903.88.03,3,25
08101040,9903.88.03,3,25
08102010,9903.88.03,3,25
08102090,9903.88.15,4A,15
08103000,9903.88.03,3,25
08104000,9903.88.03,3,25
08105000,9903.88.15,4A,15
08106000,9903.88.15,4A,15
08107000,9903.88.03,3,25
08109027,9903.88.03,3,25
08109046,9903.88.03,3,25
08111000,9903.88.03,3,25
08112020,9903.88.03,3,25
08112040,9903.88.03,3,25
08119010,9903.88.03,3,25
08119020,9903.88.03,3,25
08119022,9903.88.03,3,25
08119025,9903.88.03,3,25
08119030,9903.88.03,3,25
08119035,9903.88.03,3,25
08119040,9903.88.03,3,25
08119050,9903.88.03,3,25
08119052,9903.88.03,3,25
08119055,9903.88.03,3,25
08119080,9903.88.03,3,25
08121000,9903.88.15,4A,15
08129010,9903.88.03,3,25
08129020,9903.88.03,3,25
08129030,9903.88.03,3,25
08129040,9903.88.03,3,25
08129050,9903.88.03,3,25
08129090,9903.88.03,3,25
08131000,9903.88.03,3,25
08132010,9903.88.03,3,25
08132020,9903.88.03,3,25
08133000,9903.88.03,3,25
08134010,9903.88.03,3,25
08134015,9903.88.03,3,25
08134020,9903.88.03,3,25
08134030,9903.88.03,3,25
08134040,9903.88.03,3,25
08134080,9903.88.03,3,25
08134090,9903.88.03,3,25
08135000,9903.88.03,3,25
08140010,9903.88.03,3,25
08140040,9903.88.03,3,25
08140080,9903.88.03,3,25
09011100,9903.88.15,4A,15
09011200,9903.88.15,4A,15
09012100,9903.88.15,4A,15
09012200,9903.88.15,4A,15
09019010,9903.88.15,4A,15
09019020,9903.88.15,4A,15
09021010,9903.88.15,4A,15
09021090,9903.88.15,4A,15
09022010,9903.88.15,4A,15
09022090,9903.88.15,4A,15
09023000,9903.88.15,4A,15
09024000,9903.88.15,4A,15
09030000,9903.88.15,4A,15
09041100,9903.88.15,4A,15
09041200,9903.88.15,4A,15
09042120,9903.88.15,4A,15
09042140,9903.88.15,4A,15
09042160,9903.88.15,4A,15
09042180,9903.88.15,4A,15
09042220,9903.88.15,4A,15
09042240,9903.88.15,4A,15
09042273,9903.88.15,4A,15
09042276,9903.88.15,4A,15
09042280,9903.88.15,4A,15
09051000,9903.88.15,4A,15
09052000,9903.88.15,4A,15
09061100,9903.88.15,4A,15
09061900,9903.88.15,4A,15
09062000,9903.88.15,4A,15
09071000,9903.88.15,4A,15
09072000,9903.88.15,4A,15
09081100,9903.88.15,4A,15
09081200,9903.88.15,4A,15
09082100,9903.88.15,4A,15
09082220,9903.88.15,4A,15
09082240,9903.88.15,4A,15
09083100,9903.88.15,4A,15
09083200,9903.88.15,4A,15
09092100,9903.88.15,4A,15
09092200,9903.88.15,4A,15
09093100,9903.88.15,4A,15
09093200,9903.88.15,4A,15
09096100,9903.88.15,4A,15
09096200,9903.88.15,4A,15
09101100,9903.88.15,4A,15
09101200,9903.88.15,4A,15
09102000,9903.88.15,4A,15
09103000,9903.88.15,4A,15
09109100,9903.88.15,4A,15
09109905,9903.88.15,4A,15
09109906,9903.88.15,4A,15
09109907,9903.88.15,4A,15
09109910,9903.88.15,4A,15
09109920,9903.88.15,4A,15
09109940,9903.88.15,4A,15
09109950,9903.88.15,4A,15
09109960,9903.88.15,4A,15
10011100,9903.88.03,3,25
10011900,9903.88.15,4A,15
10019100,9903.88.15,4A,15
10019900,9903.88.03,3,25
10021000,9903.88.15,4A,15
10029000,9903.88.15,4A,15
10031000,9903.88.03,3,25
10039020,9903.88.03,3,25
10039040,9903.88.03,3,25
10041000,9903.88.03,3,25
10049000,9903.88.03,3,25
10051000,9903.88.15,4A,15
10059020,9903.88.03,3,25
10059040,9903.88.03,3,25
10061000,9903.88.15,4A,15
10062020,9903.88.03,3,25
10062040,9903.88.03,3,25
10063010,9903.88.03,3,25
10063090,9903.88.03,3,25
10064000,9903.88.03,3,25
10071000,9903.88.03,3,25
10079000,9903.88.03,3,25
10081000,9903.88.03,3,25
10082100,9903.88.03,3,25
10082900,9903.88.03,3,25
10083000,9903.88.03,3,25
10084000,9903.88.15,4A,15
10085000,9903.88.03,3,25
10086000,9903.88.15,4A,15
10089001,9903.88.03,3,25
11010000,9903.88.03,3,25
11022000,9903.88.03,3,25
11029020,9903.88.03,3,25
11029025,9903.88.03,3,25
11029027,9903.88.03,3,25
11029030,9903.88.03,3,25
11029060,9903.88.03,3,25
11031100,9903.88.03,3,25
11031300,9903.88.03,3,25
11031912,9903.88.03,3,25
11031914,9903.88.03,3,25
11031990,9903.88.03,3,25
11032000,9903.88.03,3,25
11041200,9903.88.03,3,25
11041910,9903.88.03,3,25
11041990,9903.88.03,3,25
11042200,9903.88.03,3,25
11042300,9903.88.03,3,25
11042910,9903.88.03,3,25
11042990,9903.88.03,3,25
11043000,9903.88.03,3,25
11051000,9903.88.03,3,25
11052000,9903.88.03,3,25
11061000,9903.88.03,3,25
11062010,9903.88.03,3,25
11062090,9903.88.03,3,25
11063020,9903.88.03,3,25
11063040,9903.88.03,3,25
11071000,9903.88.03,3,25
11072000,9903.88.03,3,25
11081100,9903.88.03,3,25
11081200,9903.88.03,3,25
11081300,9903.88.03,3,25
11081400,9903.88.03,3,25
11081900,9903.88.03,3,25
11082000,9903.88.03,3,25
11090010,9903.88.03,3,25
11090090,9903.88.03,3,25
12011000,9903.88.03,3,25
12019000,9903.88.03,3,25
12023005,9903.88.15,4A,15
12023040,9903.88.03,3,25
12023080,9903.88.15,4A,15
12024105,9903.88.15,4A,15
12024140,9903.88.15,4A,15
12024180,9903.88.15,4A,15
12024210,9903.88.03,3,25
12024215,9903.88.03,3,25
12024220,9903.88.15,4A,15
12024250,9903.88.15,4A,15
12024260,9903.88.15,4A,15
12024290,9903.88.15,4A,15
12030000,9903.88.15,4A,15
12040000,9903.88.03,3,25
12051000,9903.88.03,3,25
12059000,9903.88.03,3,25
12060000,9903.88.03,3,25
12071000,9903.88.15,4A,15
12072100,9903.88.15,4A,15
12072900,9903.88.15,4A,15
12073000,9903.88.15,4A,15
12074000,9903.88.03,3,25
12075000,9903.88.03,3,25
12076000,9903.88.03,3,25
12077000,9903.88.03,3,25
12079100,9903.88.03,3,25
12079903,9903.88.03,3,25
12081000,9903.88.03,3,25
12089000,9903.88.03,3,25
12091000,9903.88.03,3,25
12092100,9903.88.03,3,25
12092220,9903.88.15,4A,15
12092240,9903.88.15,4A,15
12092300,9903.88.15,4A,15
12092400,9903.88.15,4A,15
12092500,9903.88.03,3,25
12092910,9903.88.03,3,25
12092991,9903.88.03,3,25
12093000,9903.88.03,3,25
12099110,9903.88.03,3,25
12099120,9903.88.03,3,25
12099140,9903.88.03,3,25
12099150,9903.88.03,3,25
12099160,9903.88.03,3,25
12099180,9903.88.03,3,25
12099920,9903.88.03,3,25
12099941,9903.88.03,3,25
12101000,9903.88.03,3,25
12102000,9903.88.15,4A,15
12112010,9903.88.03,3,25
12112015,9903.88.03,3,25
12113000,9903.88.03,3,25
12114000,9903.88.03,3,25
12115000,9903.88.03,3,25
12116000,9903.88.03,3,25
12119020,9903.88.03,3,25
12119040,9903.88.03,3,25
12119060,9903.88.15,4A,15
12119089,9903.88.03,3,25
12119093,9903.88.03,3,25
12122100,9903.88.03,3,25
12122900,9903.88.03,3,25
12129200,9903.88.03,3,25
12129300,9903.88.15,4A,15
12129400,9903.88.15,4A,15
12129920,9903.88.03,3,25
12129930,9903.88.03,3,25
12129992,9903.88.03,3,25
12130000,9903.88.03,3,25
12141000,9903.88.03,3,25
12149000,9903.88.03,3,25
13012000,9903.88.15,4A,15
13019040,9903.88.15,4A,15
13019091,9903.88.15,4A,15
13021100,9903.88.15,4A,15
13021200,9903.88.15,4A,15
13021300,9903.88.15,4A,15
13021401,9903.88.15,4A,15
13021921,9903.88.15,4A,15
13021941,9903.88.15,4A,15
13021991,9903.88.15,4A,15
13022000,9903.88.15,4A,15
13023100,9903.88.15,4A,15
13023200,9903.88.15,4A,15
13023900,9903.88.15,4A,15
14011000,9903.88.03,3,25
14012020,9903.88.15,4A,15
14019020,9903.88.03,3,25
14019040,9903.88.03,3,25
14042000,9903.88.03,3,25
14049010,9903.88.03,3,25
14049020,9903.88.15,4A,15
14049030,9903.88.03,3,25
14049040,9903.88.03,3,25
14049090,9903.88.03,3,25
15011000,9903.88.15,4A,15
15012000,9903.88.15,4A,15
15019000,9903.88.15,4A,15
15021000,9903.88.15,4A,15
15029000,9903.88.15,4A,15
15030000,9903.88.15,4A,15
15041020,9903.88.03,3,25
15041040,9903.88.03,3,25
15042020,9903.88.03,3,25
15042040,9903.88.03,3,25
15042060,9903.88.03,3,25
15043000,9903.88.15,4A,15
15050010,9903.88.03,3,25
15050090,9903.88.03,3,25
15060000,9903.88.03,3,25
15071000,9903.88.15,4A,15
15079020,9903.88.15,4A,15
15079040,9903.88.15,4A,15
15081000,9903.88.15,4A,15
15089000,9903.88.15,4A,15
15092020,9903.88.15,4A,15
15092090,9903.88.15,4A,15
15093020,9903.88.15,4A,15
15093090,9903.88.15,4A,15
15094020,9903.88.15,4A,15
15094090,9903.88.15,4A,15
15099020,9903.88.15,4A,15
15099040,9903.88.15,4A,15
15101010,9903.88.15,4A,15
15101090,9903.88.15,4A,15
15109010,9903.88.15,4A,15
15109020,9903.88.15,4A,15
15109090,9903.88.15,4A,15
15111000,9903.88.15,4A,15
15119000,9903.88.15,4A,15
15121100,9903.88.15,4A,15
15121900,9903.88.15,4A,15
15122100,9903.88.15,4A,15
15122900,9903.88.15,4A,15
15131100,9903.88.15,4A,15
15131900,9903.88.15,4A,15
15132100,9903.88.15,4A,15
15132900,9903.88.15,4A,15
15141100,9903.88.15,4A,15
15141900,9903.88.15,4A,15
15149190,9903.88.15,4A,15
15149910,9903.88.15,4A,15
15149950,9903.88.15,4A,15
15149990,9903.88.15,4A,15
15151100,9903.88.15,4A,15
15151900,9903.88.15,4A,15
15152100,9903.88.15,4A,15
15152900,9903.88.15,4A,15
15153000,9903.88.15,4A,15
15155000,9903.88.15,4A,15
15156005,9903.88.15,4A,15
15159021,9903.88.15,4A,15
15159060,9903.88.15,4A,15
15159081,9903.88.15,4A,15
15161000,9903.88.15,4A,15
15162010,9903.88.15,4A,15
15162091,9903.88.15,4A,15
15163000,9903.88.15,4A,15
15171000,9903.88.15,4A,15
15179010,9903.88.15,4A,15
15179020,9903.88.15,4A,15
15179045,9903.88.15,4A,15
15179050,9903.88.15,4A,15
15179060,9903.88.15,4A,15
15179090,9903.88.15,4A,15
15180020,9903.88.15,4A,15
15180040,9903.88.15,4A,15
15200000,9903.88.15,4A,15
15211000,9903.88.15,4A,15
15219020,9903.88.15,4A,15
15219040,9903.88.15,4A,15
15220000,9903.88.15,4A,15
16010020,9903.88.15,4A,15
16010040,9903.88.15,4A,15
16010060,9903.88.15,4A,15
16021010,9903.88.15,4A,15
16021050,9903.88.15,4A,15
16022020,9903.88.15,4A,15
16022040,9903.88.15,4A,15
16023100,9903.88.15,4A,15
16023200,9903.88.03,3,25
16023900,9903.88.15,4A,15
16024110,9903.88.15,4A,15
16024120,9903.88.15,4A,15
16024190,9903.88.15,4A,15
16024220,9903.88.15,4A,15
16024240,9903.88.15,4A,15
16024910,9903.88.15,4A,15
16024920,9903.88.15,4A,15
16024940,9903.88.15,4A,15
16024960,9903.88.15,4A,15
16024990,9903.88.15,4A,15
16025005,9903.88.15,4A,15
16025007,9903.88.15,4A,15
16025008,9903.88.15,4A,15
16025021,9903.88.15,4A,15
16025060,9903.88.15,4A,15
16025090,9903.88.15,4A,15
16029091,9903.88.15,4A,15
16030010,9903.88.03,3,25
16030090,9903.88.03,3,25
16041120,9903.88.03,3,25
16041140,9903.88.03,3,25
16041220,9903.88.03,3,25
16041240,9903.88.03,3,25
16041260,9903.88.03,3,25
16041310,9903.88.03,3,25
16041320,9903.88.03,3,25
16041330,9903.88.03,3,25
16041340,9903.88.03,3,25
16041390,9903.88.03,3,25
16041410,9903.88.03,3,25
16041422,9903.88.03,3,25
16041430,9903.88.03,3,25
16041440,9903.88.03,3,25
16041450,9903.88.03,3,25
16041470,9903.88.03,3,25
16041480,9903.88.03,3,25
16041500,9903.88.03,3,25
16041620,9903.88.03,3,25
16041640,9903.88.03,3,25
16041660,9903.88.03,3,25
16041710,9903.88.03,3,25
16041740,9903.88.03,3,25
16041750,9903.88.03,3,25
16041760,9903.88.03,3,25
16041780,9903.88.03,3,25
16041810,9903.88.03,3,25
16041890,9903.88.03,3,25
16041910,9903.88.03,3,25
16041922,9903.88.03,3,25
16041925,9903.88.03,3,25
16041932,9903.88.03,3,25
16041941,9903.88.03,3,25
16041951,9903.88.03,3,25
16041961,9903.88.03,3,25
16041982,9903.88.03,3,25
16042005,9903.88.03,3,25
16042010,9903.88.03,3,25
16042015,9903.88.03,3,25
16042020,9903.88.03,3,25
16042025,9903.88.03,3,25
16042030,9903.88.03,3,25
16042040,9903.88.03,3,25
16042050,9903.88.03,3,25
16042060,9903.88.03,3,25
16043100,9903.88.03,3,25
16043230,9903.88.03,3,25
16043240,9903.88.03,3,25
16051005,9903.88.03,3,25
16051020,9903.88.03,3,25
16051040,9903.88.03,3,25
16051060,9903.88.03,3,25
16052105,9903.88.03,3,25
16052110,9903.88.03,3,25
16052905,9903.88.03,3,25
16052910,9903.88.03,3,25
16053005,9903.88.03,3,25
16053010,9903.88.03,3,25
16054005,9903.88.03,3,25
16054010,9903.88.03,3,25
16055105,9903.88.03,3,25
16055140,9903.88.03,3,25
16055150,9903.88.03,3,25
16055205,9903.88.03,3,25
16055260,9903.88.03,3,25
16055305,9903.88.03,3,25
16055360,9903.88.03,3,25
16055405,9903.88.03,3,25
16055460,9903.88.03,3,25
16055505,9903.88.03,3,25
16055560,9903.88.03,3,25
16055605,9903.88.03,3,25
16055610,9903.88.03,3,25
16055615,9903.88.03,3,25
16055620,9903.88.03,3,25
16055630,9903.88.03,3,25
16055660,9903.88.03,3,25
16055705,9903.88.03,3,25
16055760,9903.88.03,3,25
16055805,9903.88.03,3,25
16055855,9903.88.03,3,25
16055905,9903.88.03,3,25
16055960,9903.88.03,3,25
16056100,9903.88.03,3,25
16056200,9903.88.03,3,25
16056300,9903.88.03,3,25
16056900,9903.88.03,3,25
17011205,9903.88.15,4A,15
17011210,9903.88.15,4A,15
17011250,9903.88.15,4A,15
17011305,9903.88.15,4A,15
17011310,9903.88.15,4A,15
17011320,9903.88.15,4A,15
17011350,9903.88.15,4A,15
17011405,9903.88.15,4A,15
17011410,9903.88.15,4A,15
17011420,9903.88.15,4A,15
17011450,9903.88.15,4A,15
17019105,9903.88.15,4A,15
17019110,9903.88.15,4A,15
17019130,9903.88.15,4A,15
17019142,9903.88.15,4A,15
17019144,9903.88.15,4A,15
17019148,9903.88.15,4A,15
17019152,9903.88.15,4A,15
17019154,9903.88.15,4A,15
17019158,9903.88.15,4A,15
17019180,9903.88.15,4A,15
17019905,9903.88.15,4A,15
17019910,9903.88.03,3,25
17019950,9903.88.03,3,25
17021100,9903.88.15,4A,15
17021900,9903.88.15,4A,15
17022022,9903.88.15,4A,15
17022024,9903.88.15,4A,15
17022028,9903.88.15,4A,15
17022040,9903.88.15,4A,15
17023022,9903.88.15,4A,15
17023024,9903.88.15,4A,15
17023028,9903.88.15,4A,15
17023040,9903.88.15,4A,15
17024022,9903.88.15,4A,15
17024024,9903.88.15,4A,15
17024028,9903.88.15,4A,15
17024040,9903.88.15,4A,15
17025000,9903.88.15,4A,15
17026022,9903.88.15,4A,15
17026024,9903.88.15,4A,15
17026028,9903.88.15,4A,15
17026040,9903.88.15,4A,15
17029005,9903.88.15,4A,15
17029010,9903.88.15,4A,15
17029020,9903.88.15,4A,15
17029035,9903.88.15,4A,15
17029040,9903.88.15,4A,15
17029052,9903.88.15,4A,15
17029054,9903.88.15,4A,15
17029058,9903.88.15,4A,15
17029064,9903.88.15,4A,15
17029068,9903.88.15,4A,15
17029090,9903.88.03,3,25
17031030,9903.88.15,4A,15
17031050,9903.88.15,4A,15
17039030,9903.88.15,4A,15
17039050,9903.88.15,4A,15
17041000,9903.88.15,4A,15
17049010,9903.88.15,4A,15
17049025,9903.88.15,4A,15
17049035,9903.88.03,3,25
17049052,9903.88.15,4A,15
17049054,9903.88.15,4A,15
17049058,9903.88.15,4A,15
17049064,9903.88.15,4A,15
17049068,9903.88.15,4A,15
17049074,9903.88.15,4A,15
17049078,9903.88.15,4A,15
17049090,9903.88.03,3,25
18010000,9903.88.15,4A,15
18020000,9903.88.15,4A,15
18031000,9903.88.15,4A,15
18032000,9903.88.15,4A,15
18040000,9903.88.15,4A,15
18050000,9903.88.15,4A,15
18061005,9903.88.15,4A,15
18061010,9903.88.15,4A,15
18061015,9903.88.15,4A,15
18061022,9903.88.15,4A,15
18061024,9903.88.15,4A,15
18061028,9903.88.15,4A,15
18061034,9903.88.15,4A,15
18061038,9903.88.15,4A,15
18061043,9903.88.15,4A,15
18061045,9903.88.15,4A,15
18061055,9903.88.15,4A,15
18061065,9903.88.15,4A,15
18061075,9903.88.15,4A,15
18062020,9903.88.15,4A,15
18062022,9903.88.15,4A,15
18062024,9903.88.15,4A,15
18062026,9903.88.15,4A,15
18062028,9903.88.15,4A,15
18062034,9903.88.15,4A,15
18062036,9903.88.15,4A,15
18062038,9903.88.15,4A,15
18062050,9903.88.15,4A,15
18062060,9903.88.15,4A,15
18062067,9903.88.15,4A,15
18062071,9903.88.15,4A,15
18062073,9903.88.15,4A,15
18062075,9903.88.15,4A,15
18062077,9903.88.15,4A,15
18062078,9903.88.15,4A,15
18062079,9903.88.15,4A,15
18062081,9903.88.15,4A,15
18062082,9903.88.15,4A,15
18062083,9903.88.15,4A,15
18062085,9903.88.15,4A,15
18062087,9903.88.15,4A,15
18062089,9903.88.15,4A,15
18062091,9903.88.15,4A,15
18062094,9903.88.15,4A,15
18062095,9903.88.15,4A,15
18062098,9903.88.15,4A,15
18062099,9903.88.15,4A,15
18063100,9903.88.15,4A,15
18063201,9903.88.15,4A,15
18063204,9903.88.15,4A,15
18063206,9903.88.15,4A,15
18063208,9903.88.15,4A,15
18063214,9903.88.15,4A,15
18063216,9903.88.15,4A,15
18063218,9903.88.15,4A,15
18063230,9903.88.15,4A,15
18063255,9903.88.15,4A,15
18063260,9903.88.15,4A,15
18063270,9903.88.15,4A,15
18063280,9903.88.15,4A,15
18063290,9903.88.15,4A,15
18069001,9903.88.15,4A,15
18069005,9903.88.15,4A,15
18069008,9903.88.15,4A,15
18069010,9903.88.15,4A,15
18069015,9903.88.15,4A,15
18069018,9903.88.15,4A,15
18069020,9903.88.15,4A,15
18069025,9903.88.15,4A,15
18069028,9903.88.15,4A,15
18069030,9903.88.15,4A,15
18069035,9903.88.15,4A,15
18069039,9903.88.15,4A,15
18069045,9903.88.15,4A,15
18069049,9903.88.15,4A,15
18069055,9903.88.15,4A,15
18069059,9903.88.15,4A,15
18069090,9903.88.15,4A,15
19011005,9903.88.15,4A,15
19011011,9903.88.15,4A,15
19011016,9903.88.15,4A,15
19011021,9903.88.15,4A,15
19011026,9903.88.15,4A,15
19011029,9903.88.15,4A,15
19011031,9903.88.15,4A,15
19011033,9903.88.15,4A,15
19011036,9903.88.15,4A,15
19011041,9903.88.15,4A,15
19011044,9903.88.15,4A,15
19011049,9903.88.15,4A,15
19011052,9903.88.15,4A,15
19011054,9903.88.15,4A,15
19011056,9903.88.15,4A,15
19011062,9903.88.15,4A,15
19011064,9903.88.15,4A,15
19011066,9903.88.15,4A,15
19011072,9903.88.15,4A,15
19011074,9903.88.15,4A,15
19011076,9903.88.15,4A,15
19011091,9903.88.15,4A,15
19012002,9903.88.15,4A,15
19012005,9903.88.15,4A,15
19012015,9903.88.15,4A,15
19012020,9903.88.15,4A,15
19012025,9903.88.15,4A,15
19012030,9903.88.15,4A,15
19012035,9903.88.15,4A,15
19012040,9903.88.15,4A,15
19012042,9903.88.15,4A,15
19012045,9903.88.15,4A,15
19012050,9903.88.15,4A,15
19012055,9903.88.15,4A,15
19012060,9903.88.15,4A,15
19012065,9903.88.15,4A,15
19012070,9903.88.15,4A,15
19012080,9903.88.15,4A,15
19019010,9903.88.15,4A,15
19019020,9903.88.15,4A,15
19019025,9903.88.15,4A,15
19019028,9903.88.15,4A,15
19019032,9903.88.15,4A,15
19019033,9903.88.15,4A,15
19019034,9903.88.15,4A,15
19019036,9903.88.15,4A,15
19019060,9903.88.15,4A,15
19019061,9903.88.15,4A,15
19019062,9903.88.15,4A,15
19019063,9903.88.15,4A,15
19019064,9903.88.15,4A,15
19019065,9903.88.15,4A,15
19019066,9903.88.15,4A,15
19019067,9903.88.15,4A,15
19019068,9903.88.15,4A,15
19019069,9903.88.15,4A,15
19019071,9903.88.15,4A,15
19019072,9903.88.15,4A,15
19019091,9903.88.03,3,25
19021120,9903.88.15,4A,15
19021140,9903.88.15,4A,15
19021920,9903.88.03,3,25
19021940,9903.88.03,3,25
19022000,9903.88.03,3,25
19023000,9903.88.03,3,25
19024000,9903.88.15,4A,15
19030020,9903.88.15,4A,15
19030040,9903.88.15,4A,15
19041000,9903.88.15,4A,15
19042010,9903.88.15,4A,15
19042090,9903.88.15,4A,15
19043000,9903.88.15,4A,15
19049001,9903.88.15,4A,15
19051000,9903.88.15,4A,15
19052000,9903.88.15,4A,15
19053100,9903.88.15,4A,15
19053200,9903.88.15,4A,15
19054000,9903.88.15,4A,15
19059010,9903.88.03,3,25
19059090,9903.88.15,4A,15
20011000,9903.88.03,3,25
20019010,9903.88.15,4A,15
20019020,9903.88.03,3,25
20019025,9903.88.03,3,25
20019030,9903.88.03,3,25
20019033,9903.88.15,4A,15
20019034,9903.88.03,3,25
20019035,9903.88.03,3,25
20019038,9903.88.03,3,25
20019042,9903.88.03,3,25
20019045,9903.88.15,4A,15
20019048,9903.88.03,3,25
20019050,9903.88.03,3,25
20019060,9903.88.03,3,25
20021000,9903.88.03,3,25
20029040,9903.88.03,3,25
20029080,9903.88.03,3,25
20031001,9903.88.03,3,25
20039010,9903.88.03,3,25
20039080,9903.88.03,3,25
20041040,9903.88.15,4A,15
20041080,9903.88.03,3,25
20049010,9903.88.15,4A,15
20049080,9903.88.03,3,25
20049085,9903.88.03,3,25
20051000,9903.88.15,4A,15
20052000,9903.88.03,3,25
20054000,9903.88.03,3,25
20055120,9903.88.03,3,25
20055140,9903.88.03,3,25
20055900,9903.88.03,3,25
20056000,9903.88.03,3,25
20057002,9903.88.15,4A,15
20057004,9903.88.15,4A,15
20057006,9903.88.15,4A,15
20057008,9903.88.15,4A,15
20057012,9903.88.15,4A,15
20057016,9903.88.15,4A,15
20057018,9903.88.15,4A,15
20057023,9903.88.15,4A,15
20057025,9903.88.03,3,25
20057050,9903.88.15,4A,15
20057060,9903.88.03,3,25
20057070,9903.88.03,3,25
20057075,9903.88.03,3,25
20057091,9903.88.15,4A,15
20057093,9903.88.15,4A,15
20057097,9903.88.03,3,25
20058000,9903.88.03,3,25
20059160,9903.88.03,3,25
20059197,9903.88.03,3,25
20059910,9903.88.03,3,25
20059920,9903.88.03,3,25
20059930,9903.88.03,3,25
20059941,9903.88.03,3,25
20059950,9903.88.03,3,25
20059955,9903.88.03,3,25
20059980,9903.88.03,3,25
20059985,9903.88.03,3,25
20059997,9903.88.03,3,25
20060020,9903.88.03,3,25
20060030,9903.88.03,3,25
20060040,9903.88.03,3,25
20060050,9903.88.03,3,25
20060060,9903.88.03,3,25
20060070,9903.88.03,3,25
20060090,9903.88.03,3,25
20071000,9903.88.03,3,25
20079110,9903.88.03,3,25
20079140,9903.88.03,3,25
20079190,9903.88.15,4A,15
20079905,9903.88.03,3,25
20079910,9903.88.03,3,25
20079915,9903.88.03,3,25
20079920,9903.88.03,3,25
20079925,9903.88.03,3,25
20079930,9903.88.15,4A,15
20079935,9903.88.03,3,25
20079940,9903.88.03,3,25
20079945,9903.88.03,3,25
20079948,9903.88.03,3,25
20079950,9903.88.03,3,25
20079955,9903.88.15,4A,15
20079960,9903.88.03,3,25
20079965,9903.88.03,3,25
20079970,9903.88.03,3,25
20079975,9903.88.03,3,25
20081102,9903.88.03,3,25
20081105,9903.88.03,3,25
20081115,9903.88.03,3,25
20081143,9903.88.03,3,25
20081146,9903.88.03,3,25
20081161,9903.88.15,4A,15
20081910,9903.88.03,3,25
20081915,9903.88.03,3,25
20081920,9903.88.03,3,25
20081925,9903.88.03,3,25
20081930,9903.88.03,3,25
20081940,9903.88.03,3,25
20081950,9903.88.03,3,25
20081985,9903.88.03,3,25
20081990,9903.88.03,3,25
20082000,9903.88.03,3,25
20083010,9903.88.03,3,25
20083020,9903.88.03,3,25
20083030,9903.88.03,3,25
20083035,9903.88.15,4A,15
20083037,9903.88.15,4A,15
20083040,9903.88.03,3,25
20083042,9903.88.03,3,25
20083046,9903.88.03,3,25
20083048,9903.88.03,3,25
20083055,9903.88.03,3,25
20083060,9903.88.15,4A,15
20083066,9903.88.15,4A,15
20083070,9903.88.03,3,25
20083080,9903.88.03,3,25
20083085,9903.88.15,4A,15
20083096,9903.88.03,3,25
20084000,9903.88.03,3,25
20085020,9903.88.03,3,25
20085040,9903.88.03,3,25
20086000,9903.88.03,3,25
20087010,9903.88.03,3,25
20087020,9903.88.03,3,25
20088000,9903.88.03,3,25
20089100,9903.88.15,4A,15
20089300,9903.88.03,3,25
20089710,9903.88.03,3,25
20089790,9903.88.03,3,25
20089905,9903.88.03,3,25
20089910,9903.88.15,4A,15
20089913,9903.88.15,4A,15
20089915,9903.88.03,3,25
20089918,9903.88.03,3,25
20089921,9903.88.03,3,25
20089923,9903.88.03,3,25
20089925,9903.88.03,3,25
20089928,9903.88.03,3,25
20089929,9903.88.03,3,25
20089930,9903.88.03,3,25
20089935,9903.88.03,3,25
20089940,9903.88.03,3,25
20089945,9903.88.15,4A,15
20089950,9903.88.03,3,25
20089960,9903.88.03,3,25
20089961,9903.88.03,3,25
20089963,9903.88.03,3,25
20089965,9903.88.15,4A,15
20089970,9903.88.03,3,25
20089971,9903.88.03,3,25
20089980,9903.88.03,3,25
20089991,9903.88.03,3,25
20091100,9903.88.03,3,25
20091225,9903.88.15,4A,15
20091245,9903.88.15,4A,15
20091900,9903.88.15,4A,15
20092120,9903.88.15,4A,15
20092140,9903.88.15,4A,15
20092900,9903.88.03,3,25
20093110,9903.88.15,4A,15
20093120,9903.88.03,3,25
20093140,9903.88.03,3,25
20093160,9903.88.03,3,25
20093910,9903.88.15,4A,15
20093920,9903.88.15,4A,15
20093960,9903.88.03,3,25
20094120,9903.88.15,4A,15
20094140,9903.88.03,3,25
20094920,9903.88.15,4A,15
20094940,9903.88.03,3,25
20095000,9903.88.03,3,25
20096100,9903.88.15,4A,15
20096900,9903.88.03,3,25
20097100,9903.88.03,3,25
20097900,9903.88.03,3,25
20098100,9903.88.15,4A,15
20098920,9903.88.03,3,25
20098940,9903.88.15,4A,15
20098965,9903.88.03,3,25
20098970,9903.88.03,3,25
20098980,9903.88.03,3,25
20099020,9903.88.15,4A,15
20099040,9903.88.03,3,25
21011121,9903.88.15,4A,15
21011129,9903.88.15,4A,15
21011232,9903.88.15,4A,15
21011234,9903.88.15,4A,15
21011238,9903.88.15,4A,15
21011244,9903.88.15,4A,15
21011248,9903.88.15,4A,15
21011254,9903.88.15,4A,15
21011258,9903.88.15,4A,15
21011290,9903.88.15,4A,15
21012020,9903.88.15,4A,15
21012032,9903.88.15,4A,15
21012034,9903.88.15,4A,15
21012038,9903.88.15,4A,15
21012044,9903.88.15,4A,15
21012048,9903.88.15,4A,15
21012054,9903.88.15,4A,15
21012058,9903.88.15,4A,15
21012090,9903.88.15,4A,15
21013000,9903.88.15,4A,15
21021000,9903.88.15,4A,15
21022020,9903.88.15,4A,15
21022040,9903.88.15,4A,15
21022060,9903.88.15,4A,15
21023000,9903.88.15,4A,15
21031000,9903.88.03,3,25
21032020,9903.88.15,4A,15
21032040,9903.88.15,4A,15
21033020,9903.88.15,4A,15
21033040,9903.88.15,4A,15
21039020,9903.88.15,4A,15
21039040,9903.88.15,4A,15
21039072,9903.88.15,4A,15
21039074,9903.88.15,4A,15
21039078,9903.88.15,4A,15
21039080,9903.88.03,3,25
21039090,9903.88.15,4A,15
21041000,9903.88.15,4A,15
21042010,9903.88.15,4A,15
21042050,9903.88.15,4A,15
21050005,9903.88.15,4A,15
21050010,9903.88.15,4A,15
21050020,9903.88.15,4A,15
21050025,9903.88.15,4A,15
21050030,9903.88.15,4A,15
21050040,9903.88.15,4A,15
21050050,9903.88.15,4A,15
21061000,9903.88.03,3,25
21069003,9903.88.15,4A,15
21069006,9903.88.15,4A,15
21069009,9903.88.15,4A,15
21069012,9903.88.15,4A,15
21069015,9903.88.15,4A,15
21069018,9903.88.15,4A,15
21069022,9903.88.15,4A,15
21069024,9903.88.15,4A,15
21069026,9903.88.15,4A,15
21069028,9903.88.15,4A,15
21069032,9903.88.15,4A,15
21069034,9903.88.15,4A,15
21069036,9903.88.15,4A,15
21069038,9903.88.15,4A,15
21069042,9903.88.15,4A,15
21069044,9903.88.15,4A,15
21069046,9903.88.15,4A,15
21069048,9903.88.15,4A,15
21069052,9903.88.15,4A,15
21069054,9903.88.15,4A,15
21069058,9903.88.15,4A,15
21069062,9903.88.15,4A,15
21069064,9903.88.15,4A,15
21069066,9903.88.15,4A,15
21069068,9903.88.15,4A,15
21069072,9903.88.15,4A,15
21069074,9903.88.15,4A,15
21069076,9903.88.15,4A,15
21069078,9903.88.15,4A,15
21069080,9903.88.15,4A,15
21069082,9903.88.15,4A,15
21069083,9903.88.15,4A,15
21069085,9903.88.15,4A,15
21069087,9903.88.15,4A,15
21069089,9903.88.15,4A,15
21069091,9903.88.15,4A,15
21069092,9903.88.15,4A,15
21069094,9903.88.15,4A,15
21069095,9903.88.15,4A,15
21069097,9903.88.15,4A,15
21069099,9903.88.15,4A,15
22011000,9903.88.03,3,25
22019000,9903.88.03,3,25
22021000,9903.88.03,3,25
22029100,9903.88.15,4A,15
22029910,9903.88.15,4A,15
22029922,9903.88.15,4A,15
22029924,9903.88.15,4A,15
22029928,9903.88.15,4A,15
22029930,9903.88.03,3,25
22029935,9903.88.03,3,25
22029936,9903.88.03,3,25
22029937,9903.88.03,3,25
22029991,9903.88.03,3,25
22030000,9903.88.03,3,25
22041000,9903.88.03,3,25
22042120,9903.88.03,3,25
22042130,9903.88.03,3,25
22042150,9903.88.03,3,25
22042160,9903.88.03,3,25
22042180,9903.88.03,3,25
22042220,9903.88.15,4A,15
22042240,9903.88.15,4A,15
22042260,9903.88.15,4A,15
22042280,9903.88.15,4A,15
22042961,9903.88.15,4A,15
22042981,9903.88.15,4A,15
22043000,9903.88.15,4A,15
22051030,9903.88.15,4A,15
22051060,9903.88.15,4A,15
22059020,9903.88.15,4A,15
22059040,9903.88.15,4A,15
22059060,9903.88.15,4A,15
22060015,9903.88.15,4A,15
22060030,9903.88.15,4A,15
22060045,9903.88.03,3,25
22060060,9903.88.15,4A,15
22060090,9903.88.03,3,25
22071030,9903.88.03,3,25
22071060,9903.88.03,3,25
22072000,9903.88.15,4A,15
22082010,9903.88.15,4A,15
22082020,9903.88.15,4A,15
22082030,9903.88.15,4A,15
22082040,9903.88.15,4A,15
22082050,9903.88.15,4A,15
22082060,9903.88.15,4A,15
22083030,9903.88.15,4A,15
22083060,9903.88.15,4A,15
22084020,9903.88.15,4A,15
22084040,9903.88.15,4A,15
22084060,9903.88.15,4A,15
22084080,9903.88.15,4A,15
22085000,9903.88.15,4A,15
22086010,9903.88.15,4A,15
22086020,9903.88.15,4A,15
22086050,9903.88.15,4A,15
22087000,9903.88.15,4A,15
22089001,9903.88.15,4A,15
22089005,9903.88.15,4A,15
22089010,9903.88.15,4A,15
22089012,9903.88.15,4A,15
22089014,9903.88.15,4A,15
22089015,9903.88.15,4A,15
22089020,9903.88.15,4A,15
22089025,9903.88.15,4A,15
22089030,9903.88.15,4A,15
22089035,9903.88.15,4A,15
22089040,9903.88.15,4A,15
22089046,9903.88.15,4A,15
22089050,9903.88.15,4A,15
22089055,9903.88.15,4A,15
22089071,9903.88.15,4A,15
22089072,9903.88.15,4A,15
22089075,9903.88.15,4A,15
22090000,9903.88.03,3,25
23011000,9903.88.03,3,25
23012000,9903.88.03,3,25
23021000,9903.88.15,4A,15
23023000,9903.88.03,3,25
23024001,9903.88.03,3,25
23025000,9903.88.03,3,25
23031000,9903.88.03,3,25
23032000,9903.88.03,3,25
23033000,9903.88.03,3,25
23040000,9903.88.03,3,25
23050000,9903.88.03,3,25
23061000,9903.88.15,4A,15
23062000,9903.88.03,3,25
23063000,9903.88.03,3,25
23064100,9903.88.03,3,25
23064900,9903.88.03,3,25
23065000,9903.88.15,4A,15
23066000,9903.88.15,4A,15
23069001,9903.88.03,3,25
23070000,9903.88.15,4A,15
23080010,9903.88.15,4A,15
23080093,9903.88.15,4A,15
23080095,9903.88.03,3,25
23080098,9903.88.03,3,25
23091000,9903.88.03,3,25
23099010,9903.88.03,3,25
23099022,9903.88.15,4A,15
23099024,9903.88.15,4A,15
23099028,9903.88.15,4A,15
23099042,9903.88.15,4A,15
23099044,9903.88.15,4A,15
23099048,9903.88.15,4A,15
23099060,9903.88.15,4A,15
23099070,9903.88.03,3,25
23099095,9903.88.03,3,25
24011021,9903.88.15,4A,15
24011029,9903.88.15,4A,15
24011044,9903.88.03,3,25
24011048,9903.88.15,4A,15
24011053,9903.88.15,4A,15
24011061,9903.88.15,4A,15
24011063,9903.88.15,4A,15
24011065,9903.88.15,4A,15
24011095,9903.88.15,4A,15
24012005,9903.88.03,3,25
24012014,9903.88.03,3,25
24012018,9903.88.03,3,25
24012023,9903.88.03,3,25
24012026,9903.88.03,3,25
24012029,9903.88.03,3,25
24012031,9903.88.03,3,25
24012033,9903.88.03,3,25
24012035,9903.88.03,3,25
24012057,9903.88.03,3,25
24012060,9903.88.03,3,25
24012075,9903.88.03,3,25
24012083,9903.88.03,3,25
24012085,9903.88.03,3,25
24012087,9903.88.03,3,25
24013003,9903.88.03,3,25
24013006,9903.88.03,3,25
24013009,9903.88.03,3,25
24013013,9903.88.03,3,25
24013016,9903.88.03,3,25
24013019,9903.88.03,3,25
24013023,9903.88.03,3,25
24013025,9903.88.03,3,25
24013027,9903.88.03,3,25
24013033,9903.88.03,3,25
24013035,9903.88.03,3,25
24013037,9903.88.03,3,25
24013070,9903.88.03,3,25
24021030,9903.88.03,3,25
24021060,9903.88.03,3,25
24021080,9903.88.03,3,25
24022010,9903.88.03,3,25
24022080,9903.88.03,3,25
24022090,9903.88.03,3,25
24029000,9903.88.03,3,25
24031100,9903.88.03,3,25
24031920,9903.88.03,3,25
24031930,9903.88.03,3,25
24031960,9903.88.03,3,25
24031990,9903.88.03,3,25
24039120,9903.88.15,4A,15
24039143,9903.88.03,3,25
24039145,9903.88.15,4A,15
24039147,9903.88.15,4A,15
24039921,9903.88.03,3,25
24039931,9903.88.03,3,25
24039960,9903.88.03,3,25
24039990,9903.88.03,3,25
24041100,9903.88.03,3,25
24041205,9903.88.03,3,25
24041210,9903.88.03,3,25
24041290,9903.88.03,3,25
24041905,9903.88.03,3,25
24041910,9903.88.03,3,25
24041990,9903.88.03,3,25
24049100,9903.88.15,4A,15
24049200,9903.88.03,3,25
24049900,9903.88.03,3,25
25010000,9903.88.03,3,25
25020000,9903.88.03,3,25
25030000,9903.88.03,3,25
25041010,9903.91.06,2024+,25
25041050,9903.91.06,2024+,25
25049000,9903.91.06,2024+,25
25051010,9903.88.03,3,25
25051050,9903.88.03,3,25
25059000,9903.88.03,3,25
25061000,9903.88.03,3,25
25062000,9903.88.03,3,25
25070000,9903.88.03,3,25
25081000,9903.88.03,3,25
25084001,9903.88.03,3,25
25085000,9903.88.03,3,25
25086000,9903.88.03,3,25
25087000,9903.88.03,3,25
25090010,9903.88.03,3,25
25090020,9903.88.03,3,25
25101000,9903.88.03,3,25
25102000,9903.88.03,3,25
25112000,9903.88.03,3,25
25120000,9903.88.03,3,25
25131000,9903.88.03,3,25
25132010,9903.88.03,3,25
25132090,9903.88.03,3,25
25140000,9903.88.03,3,25
25151100,9903.88.03,3,25
25151210,9903.88.03,3,25
25151220,9903.88.03,3,25
25152000,9903.88.03,3,25
25161100,9903.88.03,3,25
25161200,9903.88.03,3,25
25162010,9903.88.03,3,25
25162020,9903.88.03,3,25
25169000,9903.88.03,3,25
25171000,9903.88.03,3,25
25172000,9903.88.03,3,25
25173000,9903.88.03,3,25
25174100,9903.88.03,3,25
25174900,9903.88.03,3,25
25181000,9903.88.03,3,25
25182000,9903.88.03,3,25
25201000,9903.88.03,3,25
25202000,9903.88.03,3,25
25210000,9903.88.03,3,25
25221000,9903.88.03,3,25
25222000,9903.88.03,3,25
25223000,9903.88.03,3,25
25231000,9903.88.03,3,25
25232100,9903.88.03,3,25
25232900,9903.88.03,3,25
25233000,9903.88.03,3,25
25239000,9903.88.03,3,25
25241000,9903.88.03,3,25
25249000,9903.88.03,3,25
25251000,9903.88.03,3,25
25252000,9903.88.03,3,25
25253000,9903.88.03,3,25
25280000,9903.88.03,3,25
25291000,9903.88.03,3,25
25293000,9903.88.03,3,25
25301000,9903.88.03,3,25
25302010,9903.88.03,3,25
25302020,9903.88.03,3,25
25309010,9903.88.03,3,25
25309020,9903.88.03,3,25
26011100,9903.88.03,3,25
26011200,9903.88.03,3,25
26012000,9903.88.03,3,25
26020000,9903.91.01,2024+,25
26040000,9903.88.03,3,25
26050000,9903.91.01,2024+,25
26060000,9903.91.01,2024+,25
26070000,9903.88.03,3,25
26080000,9903.91.01,2024+,25
26100000,9903.91.01,2024+,25
26110060,9903.91.01,2024+,25
26121000,9903.88.03,3,25
26140030,9903.88.03,3,25
26140060,9903.88.03,3,25
26151000,9903.88.03,3,25
26159030,9903.88.03,3,25
26159060,9903.88.03,3,25
26161000,9903.88.03,3,25
26169000,9903.88.03,3,25
26179000,9903.88.03,3,25
26180000,9903.88.03,3,25
26190030,9903.88.03,3,25
26190090,9903.88.03,3,25
26201100,9903.88.03,3,25
26201930,9903.88.03,3,25
26201960,9903.88.03,3,25
26202100,9903.88.03,3,25
26202900,9903.88.03,3,25
26203000,9903.88.03,3,25
26206010,9903.88.03,3,25
26206090,9903.88.03,3,25
26209100,9903.88.03,3,25
26209910,9903.88.03,3,25
26209920,9903.88.03,3,25
26209930,9903.88.03,3,25
26209950,9903.88.03,3,25
26209975,9903.88.03,3,25
26209985,9903.88.03,3,25
26211000,9903.88.15,4A,15
26219000,9903.88.03,3,25
27011100,9903.88.03,3,25
27011200,9903.88.03,3,25
27011900,9903.88.03,3,25
27012000,9903.88.03,3,25
27021000,9903.88.03,3,25
27022000,9903.88.03,3,25
27030000,9903.88.03,3,25
27050000,9903.88.03,3,25
27060000,9903.88.03,3,25
27071000,9903.88.03,3,25
27072000,9903.88.03,3,25
27073000,9903.88.03,3,25
27074000,9903.88.03,3,25
27075000,9903.88.03,3,25
27079100,9903.88.03,3,25
27079910,9903.88.03,3,25
27079920,9903.88.03,3,25
27079940,9903.88.03,3,25
27079951,9903.88.15,4A,15
27079955,9903.88.03,3,25
27079959,9903.88.03,3,25
27079990,9903.88.03,3,25
27081000,9903.88.03,3,25
27082000,9903.88.03,3,25
27090010,9903.88.03,3,25
27090020,9903.88.03,3,25
27101215,9903.88.03,3,25
27101218,9903.88.03,3,25
27101225,9903.88.03,3,25
27101245,9903.88.03,3,25
27101290,9903.88.03,3,25
27101906,9903.88.03,3,25
27101911,9903.88.03,3,25
27101916,9903.88.03,3,25
27101924,9903.88.03,3,25
27101925,9903.88.03,3,25
27101926,9903.88.03,3,25
27101930,9903.88.02,2,25
27101935,9903.88.02,2,25
27101940,9903.88.02,2,25
27101945,9903.88.03,3,25
27101990,9903.88.03,3,25
27102005,9903.88.03,3,25
27102010,9903.88.03,3,25
27102015,9903.88.03,3,25
27102025,9903.88.03,3,25
27109100,9903.88.15,4A,15
27109905,9903.88.15,4A,15
27109910,9903.88.15,4A,15
27109916,9903.88.15,4A,15
27109921,9903.88.15,4A,15
27109931,9903.88.15,4A,15
27109932,9903.88.15,4A,15
27109939,9903.88.15,4A,15
27109945,9903.88.15,4A,15
27109990,9903.88.15,4A,15
27111100,9903.88.03,3,25
27111200,9903.88.03,3,25
27111300,9903.88.03,3,25
27111400,9903.88.03,3,25
27111900,9903.88.03,3,25
27112100,9903.88.03,3,25
27112900,9903.88.03,3,25
27121000,9903.88.03,3,25
27122000,9903.88.15,4A,15
27129010,9903.88.03,3,25
27129020,9903.88.03,3,25
27131100,9903.88.03,3,25
27131200,9903.88.03,3,25
27132000,9903.88.03,3,25
27139000,9903.88.03,3,25
27141000,9903.88.03,3,25
27149000,9903.88.03,3,25
27150000,9903.88.03,3,25
28011000,9903.88.03,3,25
28012000,9903.88.03,3,25
28013010,9903.88.03,3,25
28013020,9903.88.03,3,25
28020000,9903.88.03,3,25
28030000,9903.88.03,3,25
28041000,9903.88.03,3,25
28042100,9903.88.03,3,25
28042900,9903.88.03,3,25
28043000,9903.88.03,3,25
28044000,9903.88.03,3,25
28045000,9903.88.03,3,25
28046100,9903.91.05,2024+,25
28048000,9903.88.03,3,25
28049000,9903.88.03,3,25
28051100,9903.88.03,3,25
28051200,9903.88.03,3,25
28051910,9903.88.03,3,25
28051920,9903.88.03,3,25
28051990,9903.88.03,3,25
28054000,9903.88.03,3,25
28061000,9903.88.03,3,25
28062000,9903.88.03,3,25
28070000,9903.88.03,3,25
28080000,9903.88.03,3,25
28091000,9903.88.03,3,25
28092000,9903.88.03,3,25
28100000,9903.88.03,3,25
28111100,9903.88.03,3,25
28111200,9903.88.03,3,25
28111910,9903.88.15,4A,15
28111930,9903.88.03,3,25
28111961,9903.88.03,3,25
28112100,9903.88.03,3,25
28112210,9903.88.03,3,25
28112250,9903.88.03,3,25
28112910,9903.88.03,3,25
28112920,9903.88.03,3,25
28112930,9903.88.03,3,25
28112950,9903.88.03,3,25
28121100,9903.88.03,3,25
28121200,9903.88.03,3,25
28121300,9903.88.03,3,25
28121400,9903.88.03,3,25
28121500,9903.88.03,3,25
28121600,9903.88.03,3,25
28121700,9903.88.03,3,25
28121900,9903.88.03,3,25
28129000,9903.88.03,3,25
28131000,9903.88.03,3,25
28139010,9903.88.03,3,25
28139020,9903.88.03,3,25
28139050,9903.88.03,3,25
28141000,9903.88.03,3,25
28142000,9903.88.03,3,25
28151100,9903.88.03,3,25
28151200,9903.88.03,3,25
28152000,9903.88.03,3,25
28153000,9903.88.03,3,25
28161000,9903.88.03,3,25
28164010,9903.88.03,3,25
28170000,9903.88.03,3,25
28181010,9903.88.15,4A,15
28181020,9903.88.15,4A,15
28183000,9903.88.03,3,25
28191000,9903.88.03,3,25
28199000,9903.88.03,3,25
28201000,9903.88.03,3,25
28209000,9903.88.03,3,25
28211000,9903.88.03,3,25
28212000,9903.88.03,3,25
28220000,9903.88.03,3,25
28230000,9903.88.03,3,25
28241000,9903.88.03,3,25
28249010,9903.88.03,3,25
28249020,9903.88.03,3,25
28249050,9903.88.03,3,25
28251000,9903.88.03,3,25
28252000,9903.88.03,3,25
28253000,9903.88.03,3,25
28254000,9903.88.03,3,25
28255010,9903.88.03,3,25
28255020,9903.88.03,3,25
28255030,9903.88.03,3,25
28256000,9903.88.03,3,25
28259010,9903.88.03,3,25
28259015,9903.88.03,3,25
28259030,9903.91.01,2024+,25
28259075,9903.88.03,3,25
28259090,9903.88.03,3,25
28261200,9903.88.03,3,25
28261910,9903.88.03,3,25
28261920,9903.88.03,3,25
28261990,9903.88.03,3,25
28263000,9903.88.03,3,25
28269010,9903.88.03,3,25
28271000,9903.88.03,3,25
28272000,9903.88.03,3,25
28273100,9903.88.03,3,25
28273200,9903.88.03,3,25
28273500,9903.88.03,3,25
28273910,9903.88.15,4A,15
28273930,9903.88.03,3,25
28273945,9903.88.03,3,25
28273955,9903.88.03,3,25
28273960,9903.88.03,3,25
28273965,9903.88.03,3,25
28273990,9903.88.03,3,25
28274100,9903.88.03,3,25
28274910,9903.88.03,3,25
28275100,9903.88.03,3,25
28275925,9903.88.03,3,25
28275951,9903.88.03,3,25
28276010,9903.88.03,3,25
28276020,9903.88.03,3,25
28276051,9903.88.03,3,25
28281000,9903.88.03,3,25
28289000,9903.88.03,3,25
28291100,9903.88.03,3,25
28291901,9903.88.03,3,25
28299005,9903.88.03,3,25
28299040,9903.88.03,3,25
28299061,9903.88.03,3,25
28301000,9903.88.03,3,25
28309010,9903.88.03,3,25
28309015,9903.88.03,3,25
28309020,9903.88.03,3,25
28309090,9903.88.03,3,25
28311010,9903.88.03,3,25
28311050,9903.88.03,3,25
28319000,9903.88.03,3,25
28321000,9903.88.03,3,25
28322000,9903.88.03,3,25
28323010,9903.88.03,3,25
28323050,9903.88.03,3,25
28331110,9903.88.03,3,25
28331150,9903.88.03,3,25
28331900,9903.88.03,3,25
28332100,9903.88.03,3,25
28332200,9903.88.03,3,25
28332400,9903.88.03,3,25
28332500,9903.88.03,3,25
28332700,9903.88.03,3,25
28332910,9903.88.03,3,25
28332920,9903.88.03,3,25
28332930,9903.88.03,3,25
28332940,9903.88.03,3,25
28332945,9903.88.03,3,25
28332951,9903.88.03,3,25
28333000,9903.88.03,3,25
28334020,9903.88.03,3,25
28334060,9903.88.03,3,25
28341010,9903.88.03,3,25
28341050,9903.88.03,3,25
28342100,9903.88.03,3,25
28342905,9903.88.03,3,25
28342910,9903.88.03,3,25
28342920,9903.88.03,3,25
28342951,9903.88.03,3,25
28351000,9903.88.03,3,25
28352200,9903.88.03,3,25
28352400,9903.88.03,3,25
28352500,9903.88.03,3,25
28352600,9903.88.03,3,25
28352910,9903.88.03,3,25
28352920,9903.88.03,3,25
28352930,9903.88.03,3,25
28352951,9903.88.03,3,25
28353100,9903.88.03,3,25
28353910,9903.88.03,3,25
28353950,9903.88.03,3,25
28362000,9903.88.03,3,25
28363000,9903.88.03,3,25
28364010,9903.88.03,3,25
28364020,9903.88.03,3,25
28365000,9903.88.03,3,25
28366000,9903.88.03,3,25
28369100,9903.88.03,3,25
28369200,9903.88.03,3,25
28369910,9903.88.03,3,25
28369920,9903.88.03,3,25
28369930,9903.88.03,3,25
28369940,9903.88.03,3,25
28369950,9903.88.03,3,25
28371100,9903.88.03,3,25
28371901,9903.88.15,4A,15
28372010,9903.88.03,3,25
28372051,9903.88.03,3,25
28391100,9903.88.03,3,25
28391900,9903.88.03,3,25
28399010,9903.88.03,3,25
28399050,9903.88.03,3,25
28401100,9903.88.03,3,25
28401900,9903.88.03,3,25
28402000,9903.88.03,3,25
28403000,9903.88.03,3,25
28413000,9903.88.03,3,25
28415010,9903.88.03,3,25
28415091,9903.88.03,3,25
28416100,9903.88.03,3,25
28416900,9903.88.03,3,25
28418000,9903.91.01,2024+,25
28419010,9903.88.03,3,25
28419020,9903.88.03,3,25
28419030,9903.88.03,3,25
28419040,9903.88.03,3,25
28419045,9903.88.03,3,25
28419050,9903.88.03,3,25
28421000,9903.88.03,3,25
28429010,9903.88.03,3,25
28429090,9903.88.03,3,25
28431000,9903.88.03,3,25
28432100,9903.88.03,3,25
28432901,9903.88.03,3,25
28433000,9903.88.03,3,25
28439000,9903.88.03,3,25
28441010,9903.88.03,3,25
28441020,9903.88.03,3,25
28441050,9903.88.03,3,25
28442000,9903.88.15,4A,15
28444100,9903.91.01,2024+,25
28444200,9903.91.01,2024+,25
28444300,9903.91.01,2024+,25
28444400,9903.91.01,2024+,25
28445000,9903.88.15,4A,15
28451000,9903.88.03,3,25
28452000,9903.88.01,1,25
28453000,9903.88.01,1,25
28454000,9903.88.01,1,25
28459001,9903.88.01,1,25
28470000,9903.88.03,3,25
28491000,9903.88.03,3,25
28499010,9903.88.03,3,25
28499020,9903.88.03,3,25
28499030,9903.91.01,2024+,25
28499050,9903.88.03,3,25
28500005,9903.88.03,3,25
28500007,9903.88.03,3,25
28500010,9903.88.03,3,25
28500020,9903.88.03,3,25
28500050,9903.88.03,3,25
28521010,9903.88.03,3,25
28521090,9903.88.03,3,25
28529005,9903.88.03,3,25
28529090,9903.88.03,3,25
28531000,9903.88.03,3,25
28539010,9903.88.03,3,25
28539050,9903.88.03,3,25
28539090,9903.88.03,3,25
29011010,9903.88.03,3,25
29011030,9903.88.03,3,25
29011040,9903.88.03,3,25
29011050,9903.88.03,3,25
29012100,9903.88.03,3,25
29012200,9903.88.03,3,25
29012300,9903.88.03,3,25
29012410,9903.88.03,3,25
29012420,9903.88.03,3,25
29012450,9903.88.03,3,25
29012910,9903.88.03,3,25
29012950,9903.88.03,3,25
29021100,9903.88.03,3,25
29021900,9903.88.03,3,25
29022000,9903.88.03,3,25
29023000,9903.88.03,3,25
29024100,9903.88.03,3,25
29024200,9903.88.03,3,25
29024300,9903.88.03,3,25
29024400,9903.88.03,3,25
29025000,9903.88.03,3,25
29026000,9903.88.03,3,25
29027000,9903.88.03,3,25
29029010,9903.88.03,3,25
29029020,9903.88.03,3,25
29029030,9903.88.03,3,25
29029040,9903.88.03,3,25
29029060,9903.88.03,3,25
29029090,9903.88.03,3,25
29031100,9903.88.03,3,25
29031200,9903.88.03,3,25
29031300,9903.88.03,3,25
29031400,9903.88.03,3,25
29031500,9903.88.03,3,25
29031905,9903.88.03,3,25
29031910,9903.88.03,3,25
29031930,9903.88.03,3,25
29031960,9903.88.03,3,25
29032200,9903.88.03,3,25
29032300,9903.88.03,3,25
29032900,9903.88.03,3,25
29036100,9903.88.03,3,25
29036210,9903.88.03,3,25
29036910,9903.88.03,3,25
29037101,9903.88.03,3,25
29037201,9903.88.03,3,25
29037301,9903.88.03,3,25
29037401,9903.88.03,3,25
29037501,9903.88.03,3,25
29037601,9903.88.03,3,25
29037800,9903.88.03,3,25
29037910,9903.88.15,4A,15
29037990,9903.88.03,3,25
29038100,9903.88.03,3,25
29038200,9903.88.03,3,25
29038300,9903.88.03,3,25
29038905,9903.88.15,4A,15
29038915,9903.88.03,3,25
29038920,9903.88.03,3,25
29038940,9903.88.03,3,25
29038960,9903.88.03,3,25
29038970,9903.88.03,3,25
29039110,9903.88.03,3,25
29039120,9903.88.03,3,25
29039130,9903.88.03,3,25
29039200,9903.88.03,3,25
29039300,9903.88.15,4A,15
29039400,9903.88.03,3,25
29039910,9903.88.03,3,25
29039915,9903.88.15,4A,15
29039920,9903.88.03,3,25
29039923,9903.88.03,3,25
29039927,9903.88.03,3,25
29039930,9903.88.03,3,25
29041004,9903.88.03,3,25
29041008,9903.88.03,3,25
29041010,9903.88.03,3,25
29041015,9903.88.03,3,25
29041032,9903.88.03,3,25
29041037,9903.88.03,3,25
29041050,9903.88.03,3,25
29042010,9903.88.03,3,25
29042015,9903.88.03,3,25
29042020,9903.88.03,3,25
29042030,9903.88.03,3,25
29042035,9903.88.03,3,25
29042040,9903.88.03,3,25
29042045,9903.88.03,3,25
29042050,9903.88.03,3,25
29043100,9903.88.03,3,25
29043200,9903.88.03,3,25
29043300,9903.88.03,3,25
29043400,9903.88.03,3,25
29043500,9903.88.03,3,25
29043600,9903.88.03,3,25
29049100,9903.88.03,3,25
29049904,9903.88.03,3,25
29049908,9903.88.03,3,25
29049915,9903.88.03,3,25
29049920,9903.88.03,3,25
29049930,9903.88.03,3,25
29049935,9903.88.03,3,25
29049940,9903.88.03,3,25
29049947,9903.88.03,3,25
29049950,9903.88.03,3,25
29051110,9903.88.03,3,25
29051120,9903.88.03,3,25
29051200,9903.88.03,3,25
29051300,9903.88.03,3,25
29051410,9903.88.03,3,25
29051450,9903.88.03,3,25
29051600,9903.88.03,3,25
29051700,9903.88.03,3,25
29051910,9903.88.03,3,25
29051990,9903.88.03,3,25
29052210,9903.88.03,3,25
29052220,9903.88.03,3,25
29052250,9903.88.03,3,25
29052910,9903.88.03,3,25
29052990,9903.88.03,3,25
29053100,9903.88.03,3,25
29053200,9903.88.03,3,25
29053910,9903.88.03,3,25
29053920,9903.88.03,3,25
29053960,9903.88.03,3,25
29053990,9903.88.03,3,25
29054100,9903.88.03,3,25
29054200,9903.88.03,3,25
29054300,9903.88.15,4A,15
29054400,9903.88.15,4A,15
29054500,9903.88.15,4A,15
29054910,9903.88.03,3,25
29054920,9903.88.03,3,25
29054930,9903.88.03,3,25
29054940,9903.88.03,3,25
29054950,9903.88.03,3,25
29055910,9903.88.03,3,25
29055930,9903.88.03,3,25
29055990,9903.88.03,3,25
29061100,9903.88.03,3,25
29061200,9903.88.03,3,25
29061310,9903.88.03,3,25
29061350,9903.88.03,3,25
29061910,9903.88.03,3,25
29061930,9903.88.03,3,25
29061950,9903.88.03,3,25
29062100,9903.88.03,3,25
29062910,9903.88.03,3,25
29062920,9903.88.03,3,25
29062930,9903.88.03,3,25
29062960,9903.88.03,3,25
29071100,9903.88.03,3,25
29071200,9903.88.03,3,25
29071300,9903.88.03,3,25
29071510,9903.88.03,3,25
29071530,9903.88.03,3,25
29071560,9903.88.03,3,25
29071910,9903.88.03,3,25
29071920,9903.88.03,3,25
29071940,9903.88.03,3,25
29071961,9903.88.03,3,25
29071980,9903.88.03,3,25
29072100,9903.88.03,3,25
29072210,9903.88.03,3,25
29072250,9903.88.03,3,25
29072300,9903.88.03,3,25
29072905,9903.88.03,3,25
29072915,9903.88.03,3,25
29072925,9903.88.03,3,25
29072990,9903.88.03,3,25
29081100,9903.88.03,3,25
29081905,9903.88.03,3,25
29081910,9903.88.03,3,25
29081920,9903.88.03,3,25
29081925,9903.88.03,3,25
29081935,9903.88.03,3,25
29081960,9903.88.03,3,25
29089100,9903.88.03,3,25
29089200,9903.88.03,3,25
29089903,9903.88.03,3,25
29089906,9903.88.15,4A,15
29089909,9903.88.03,3,25
29089912,9903.88.03,3,25
29089915,9903.88.03,3,25
29089920,9903.88.03,3,25
29089933,9903.88.03,3,25
29089940,9903.88.03,3,25
29089980,9903.88.03,3,25
29089990,9903.88.03,3,25
29091100,9903.88.03,3,25
29091914,9903.88.03,3,25
29091918,9903.88.03,3,25
29091930,9903.88.03,3,25
29091960,9903.88.03,3,25
29092000,9903.88.03,3,25
29093005,9903.88.03,3,25
29093020,9903.88.03,3,25
29093040,9903.88.03,3,25
29093060,9903.88.03,3,25
29094100,9903.88.03,3,25
29094300,9903.88.03,3,25
29094401,9903.88.03,3,25
29094905,9903.88.03,3,25
29094910,9903.88.03,3,25
29094915,9903.88.03,3,25
29094920,9903.88.03,3,25
29094930,9903.88.03,3,25
29094960,9903.88.03,3,25
29095010,9903.88.03,3,25
29095020,9903.88.03,3,25
29095040,9903.88.03,3,25
29095045,9903.88.03,3,25
29095050,9903.88.03,3,25
29096010,9903.88.03,3,25
29096020,9903.88.03,3,25
29096050,9903.88.03,3,25
29101000,9903.88.03,3,25
29102000,9903.88.03,3,25
29103000,9903.88.03,3,25
29104000,9903.88.03,3,25
29105000,9903.88.03,3,25
29109010,9903.88.03,3,25
29109020,9903.88.03,3,25
29109091,9903.88.03,3,25
29110010,9903.88.03,3,25
29110050,9903.88.03,3,25
29121100,9903.88.03,3,25
29121200,9903.88.03,3,25
29121910,9903.88.03,3,25
29121920,9903.88.03,3,25
29121925,9903.88.03,3,25
29121930,9903.88.03,3,25
29121950,9903.88.03,3,25
29122100,9903.88.03,3,25
29122910,9903.88.03,3,25
29122930,9903.88.03,3,25
29122960,9903.88.03,3,25
29124100,9903.88.15,4A,15
29124200,9903.88.03,3,25
29124910,9903.88.03,3,25
29124915,9903.88.03,3,25
29124926,9903.88.03,3,25
29124955,9903.88.03,3,25
29124960,9903.88.03,3,25
29124990,9903.88.03,3,25
29125010,9903.88.03,3,25
29125050,9903.88.03,3,25
29126000,9903.88.03,3,25
29130020,9903.88.03,3,25
29130040,9903.88.03,3,25
29130050,9903.88.03,3,25
29141110,9903.88.03,3,25
29141150,9903.88.03,3,25
29141200,9903.88.03,3,25
29141300,9903.88.03,3,25
29141900,9903.88.03,3,25
29142210,9903.88.03,3,25
29142220,9903.88.03,3,25
29142300,9903.88.03,3,25
29142910,9903.88.03,3,25
29142930,9903.88.03,3,25
29142931,9903.88.03,3,25
29142950,9903.88.03,3,25
29143100,9903.88.03,3,25
29143910,9903.88.03,3,25
29143990,9903.88.03,3,25
29144010,9903.88.03,3,25
29144020,9903.88.03,3,25
29144040,9903.88.03,3,25
29144060,9903.88.03,3,25
29144090,9903.88.03,3,25
29145010,9903.88.03,3,25
29145030,9903.88.03,3,25
29145050,9903.88.03,3,25
29146100,9903.88.03,3,25
29146910,9903.88.03,3,25
29147100,9903.88.03,3,25
29147910,9903.88.03,3,25
29147930,9903.88.03,3,25
29147940,9903.88.15,4A,15
29147960,9903.88.03,3,25
29147990,9903.88.03,3,25
29151100,9903.88.03,3,25
29151200,9903.88.03,3,25
29151310,9903.88.03,3,25
29151350,9903.88.03,3,25
29152100,9903.88.03,3,25
29152400,9903.88.03,3,25
29152910,9903.88.03,3,25
29152920,9903.88.03,3,25
29152930,9903.88.03,3,25
29152950,9903.88.03,3,25
29153100,9903.88.03,3,25
29153200,9903.88.03,3,25
29153300,9903.88.03,3,25
29153600,9903.88.03,3,25
29153910,9903.88.03,3,25
29153920,9903.88.03,3,25
29153931,9903.88.03,3,25
29153940,9903.88.03,3,25
29153945,9903.88.03,3,25
29153947,9903.88.03,3,25
29153960,9903.88.03,3,25
29153970,9903.88.03,3,25
29153980,9903.88.03,3,25
29153990,9903.88.03,3,25
29154010,9903.88.03,3,25
29154020,9903.88.15,4A,15
29154030,9903.88.03,3,25
29154050,9903.88.03,3,25
29155010,9903.88.03,3,25
29155020,9903.88.03,3,25
29155050,9903.88.03,3,25
29156010,9903.88.03,3,25
29156050,9903.88.03,3,25
29157001,9903.88.03,3,25
29159010,9903.88.03,3,25
29159014,9903.88.03,3,25
29159018,9903.88.03,3,25
29159020,9903.88.03,3,25
29159050,9903.88.03,3,25
29161100,9903.88.03,3,25
29161210,9903.88.03,3,25
29161250,9903.88.03,3,25
29161300,9903.88.03,3,25
29161410,9903.88.03,3,25
29161420,9903.88.03,3,25
29161510,9903.88.03,3,25
29161551,9903.88.03,3,25
29161600,9903.88.03,3,25
29161910,9903.88.03,3,25
29161920,9903.88.03,3,25
29161930,9903.88.03,3,25
29161950,9903.88.03,3,25
29162010,9903.88.03,3,25
29162050,9903.88.03,3,25
29163111,9903.88.03,3,25
29163120,9903.88.03,3,25
29163130,9903.88.03,3,25
29163150,9903.88.03,3,25
29163210,9903.88.03,3,25
29163220,9903.88.03,3,25
29163410,9903.88.03,3,25
29163425,9903.88.15,4A,15
29163455,9903.88.03,3,25
29163903,9903.88.03,3,25
29163904,9903.88.03,3,25
29163906,9903.88.03,3,25
29163908,9903.88.15,4A,15
29163912,9903.88.15,4A,15
29163916,9903.88.03,3,25
29163917,9903.88.03,3,25
29163921,9903.88.03,3,25
29163946,9903.88.03,3,25
29163977,9903.88.03,3,25
29163979,9903.88.15,4A,15
29171100,9903.88.03,3,25
29171210,9903.88.03,3,25
29171220,9903.88.03,3,25
29171250,9903.88.03,3,25
29171300,9903.88.03,3,25
29171410,9903.88.03,3,25
29171450,9903.88.03,3,25
29171910,9903.88.03,3,25
29171915,9903.88.03,3,25
29171917,9903.88.03,3,25
29171920,9903.88.03,3,25
29171923,9903.88.03,3,25
29171927,9903.88.03,3,25
29171935,9903.88.03,3,25
29171940,9903.88.03,3,25
29172000,9903.88.03,3,25
29173200,9903.88.03,3,25
29173300,9903.88.03,3,25
29173401,9903.88.03,3,25
29173500,9903.88.03,3,25
29173600,9903.88.03,3,25
29173700,9903.88.03,3,25
29173904,9903.88.03,3,25
29173912,9903.88.03,3,25
29173915,9903.88.03,3,25
29173920,9903.88.03,3,25
29173930,9903.88.03,3,25
29173970,9903.88.03,3,25
29181110,9903.88.03,3,25
29181151,9903.88.03,3,25
29181200,9903.88.03,3,25
29181310,9903.88.03,3,25
29181320,9903.88.03,3,25
29181330,9903.88.03,3,25
29181350,9903.88.03,3,25
29181400,9903.88.03,3,25
29181510,9903.88.03,3,25
29181550,9903.88.03,3,25
29181610,9903.88.03,3,25
29181650,9903.88.03,3,25
29181700,9903.88.03,3,25
29181800,9903.88.03,3,25
29181911,9903.88.03,3,25
29181912,9903.88.03,3,25
29181915,9903.88.03,3,25
29181920,9903.88.15,4A,15
29181931,9903.88.15,4A,15
29181960,9903.88.03,3,25
29181990,9903.88.03,3,25
29182110,9903.88.03,3,25
29182150,9903.88.03,3,25
29182310,9903.88.03,3,25
29182320,9903.88.03,3,25
29182330,9903.88.03,3,25
29182350,9903.88.03,3,25
29182904,9903.88.03,3,25
29182906,9903.88.03,3,25
29182908,9903.88.03,3,25
29182920,9903.88.03,3,25
29182922,9903.88.03,3,25
29182930,9903.88.03,3,25
29182939,9903.88.03,3,25
29182965,9903.88.03,3,25
29182975,9903.88.03,3,25
29183010,9903.88.03,3,25
29183015,9903.88.03,3,25
29183025,9903.88.03,3,25
29183030,9903.88.03,3,25
29183070,9903.88.03,3,25
29183090,9903.88.03,3,25
29189100,9903.88.03,3,25
29189905,9903.88.03,3,25
29189918,9903.88.03,3,25
29189920,9903.88.15,4A,15
29189943,9903.88.03,3,25
29191000,9903.88.03,3,25
29199015,9903.88.03,3,25
29199025,9903.88.03,3,25
29199030,9903.88.03,3,25
29199050,9903.88.03,3,25
29201100,9903.88.03,3,25
29201910,9903.88.03,3,25
29201940,9903.88.03,3,25
29201950,9903.88.03,3,25
29202100,9903.88.03,3,25
29202300,9903.88.03,3,25
29202400,9903.88.03,3,25
29202900,9903.88.03,3,25
29203000,9903.88.03,3,25
29209010,9903.88.03,3,25
29209020,9903.88.03,3,25
29209051,9903.88.15,4A,15
29211100,9903.88.03,3,25
29211201,9903.88.15,4A,15
29211300,9903.88.03,3,25
29211400,9903.88.03,3,25
29211911,9903.88.03,3,25
29211931,9903.88.03,3,25
29211961,9903.88.03,3,25
29212100,9903.88.03,3,25
29212205,9903.88.03,3,25
29212210,9903.88.03,3,25
29212250,9903.88.03,3,25
29212900,9903.88.03,3,25
29213005,9903.88.03,3,25
29213010,9903.88.03,3,25
29213030,9903.88.03,3,25
29213050,9903.88.03,3,25
29214110,9903.88.03,3,25
29214120,9903.88.03,3,25
29214210,9903.88.15,4A,15
29214215,9903.88.03,3,25
29214216,9903.88.03,3,25
29214218,9903.88.15,4A,15
29214221,9903.88.03,3,25
29214222,9903.88.03,3,25
29214223,9903.88.03,3,25
29214236,9903.88.03,3,25
29214265,9903.88.15,4A,15
29214290,9903.88.03,3,25
29214304,9903.88.03,3,25
29214308,9903.88.03,3,25
29214315,9903.88.03,3,25
29214319,9903.88.03,3,25
29214322,9903.88.03,3,25
29214324,9903.88.03,3,25
29214340,9903.88.03,3,25
29214390,9903.88.03,3,25
29214405,9903.88.03,3,25
29214410,9903.88.03,3,25
29214420,9903.88.03,3,25
29214470,9903.88.03,3,25
29214510,9903.88.03,3,25
29214520,9903.88.03,3,25
29214525,9903.88.03,3,25
29214560,9903.88.15,4A,15
29214590,9903.88.03,3,25
29214910,9903.88.03,3,25
29214915,9903.88.15,4A,15
29214945,9903.88.03,3,25
29214950,9903.88.03,3,25
29215110,9903.88.03,3,25
29215120,9903.88.15,4A,15
29215130,9903.88.03,3,25
29215150,9903.88.03,3,25
29215904,9903.88.03,3,25
29215908,9903.88.03,3,25
29215917,9903.88.03,3,25
29215920,9903.88.03,3,25
29215930,9903.88.03,3,25
29215940,9903.88.03,3,25
29215980,9903.88.03,3,25
29221100,9903.88.03,3,25
29221200,9903.88.03,3,25
29221500,9903.88.03,3,25
29221600,9903.88.03,3,25
29221700,9903.88.03,3,25
29221800,9903.88.03,3,25
29222110,9903.88.03,3,25
29222125,9903.88.03,3,25
29222140,9903.88.15,4A,15
29222150,9903.88.03,3,25
29222903,9903.88.03,3,25
29222908,9903.88.03,3,25
29222910,9903.88.03,3,25
29222913,9903.88.03,3,25
29222920,9903.88.03,3,25
29222926,9903.88.03,3,25
29222927,9903.88.03,3,25
29222929,9903.88.03,3,25
29222961,9903.88.03,3,25
29222981,9903.88.03,3,25
29223905,9903.88.03,3,25
29223914,9903.88.03,3,25
29223917,9903.88.03,3,25
29223925,9903.88.03,3,25
29223945,9903.88.03,3,25
29223950,9903.88.03,3,25
29224210,9903.88.03,3,25
29224250,9903.88.03,3,25
29224310,9903.88.03,3,25
29224350,9903.88.03,3,25
29224905,9903.88.03,3,25
29224910,9903.88.03,3,25
29224926,9903.88.03,3,25
29224930,9903.88.03,3,25
29224937,9903.88.03,3,25
29224943,9903.88.03,3,25
29224949,9903.88.03,3,25
29224960,9903.88.03,3,25
29224980,9903.88.03,3,25
29231000,9903.88.03,3,25
29232010,9903.88.03,3,25
29232020,9903.88.03,3,25
29233000,9903.88.03,3,25
29234000,9903.88.03,3,25
29239001,9903.88.03,3,25
29241200,9903.88.03,3,25
29241911,9903.88.03,3,25
29241980,9903.88.03,3,25
29242104,9903.88.03,3,25
29242108,9903.88.03,3,25
29242112,9903.88.03,3,25
29242116,9903.88.03,3,25
29242120,9903.88.03,3,25
29242145,9903.88.03,3,25
29242150,9903.88.03,3,25
29242310,9903.88.03,3,25
29242370,9903.88.03,3,25
29242375,9903.88.03,3,25
29242500,9903.88.03,3,25
29242901,9903.88.03,3,25
29242910,9903.88.03,3,25
29242920,9903.88.03,3,25
29242928,9903.88.03,3,25
29242931,9903.88.03,3,25
29242933,9903.88.03,3,25
29242943,9903.88.03,3,25
29242947,9903.88.03,3,25
29242965,9903.88.03,3,25
29242971,9903.88.03,3,25
29242977,9903.88.03,3,25
29242980,9903.88.03,3,25
29242995,9903.88.03,3,25
29251100,9903.88.03,3,25
29251930,9903.88.03,3,25
29251942,9903.88.03,3,25
29251970,9903.88.03,3,25
29251991,9903.88.03,3,25
29252100,9903.88.03,3,25
29252910,9903.88.03,3,25
29252918,9903.88.03,3,25
29252920,9903.88.03,3,25
29252960,9903.88.03,3,25
29252970,9903.88.15,4A,15
29252990,9903.88.03,3,25
29261000,9903.88.03,3,25
29262000,9903.88.03,3,25
29263010,9903.88.03,3,25
29263020,9903.88.03,3,25
29269001,9903.88.03,3,25
29269005,9903.88.03,3,25
29269008,9903.88.15,4A,15
29269011,9903.88.03,3,25
29269012,9903.88.15,4A,15
29269014,9903.88.03,3,25
29269016,9903.88.03,3,25
29269017,9903.88.03,3,25
29269023,9903.88.15,4A,15
29269025,9903.88.03,3,25
29269030,9903.88.03,3,25
29269043,9903.88.03,3,25
29269048,9903.88.03,3,25
29269050,9903.88.03,3,25
29270003,9903.88.03,3,25
29270006,9903.88.03,3,25
29270015,9903.88.03,3,25
29270018,9903.88.03,3,25
29270025,9903.88.03,3,25
29270030,9903.88.03,3,25
29270040,9903.88.03,3,25
29270050,9903.88.03,3,25
29280015,9903.88.03,3,25
29280025,9903.88.03,3,25
29280050,9903.88.03,3,25
29291010,9903.88.03,3,25
29291015,9903.88.03,3,25
29291020,9903.88.03,3,25
29291027,9903.88.03,3,25
29291035,9903.88.03,3,25
29291055,9903.88.03,3,25
29299005,9903.88.03,3,25
29299015,9903.88.03,3,25
29299020,9903.88.03,3,25
29299050,9903.88.03,3,25
29302010,9903.88.03,3,25
29302090,9903.88.03,3,25
29303060,9903.88.03,3,25
29304000,9903.88.03,3,25
29306000,9903.88.03,3,25
29307000,9903.88.15,4A,15
29309010,9903.88.03,3,25
29309026,9903.88.03,3,25
29309029,9903.88.03,3,25
29309030,9903.88.03,3,25
29309042,9903.88.03,3,25
29309043,9903.88.03,3,25
29309046,9903.88.03,3,25
29309049,9903.88.03,3,25
29309071,9903.88.15,4A,15
29311000,9903.88.03,3,25
29312000,9903.88.03,3,25
29314100,9903.88.03,3,25
29314200,9903.88.03,3,25
29314300,9903.88.15,4A,15
29314500,9903.88.03,3,25
29314600,9903.88.03,3,25
29314700,9903.88.03,3,25
29319022,9903.88.03,3,25
29319030,9903.88.03,3,25
29319060,9903.88.03,3,25
29319070,9903.88.03,3,25
29321100,9903.88.03,3,25
29321200,9903.88.03,3,25
29321300,9903.88.03,3,25
29321910,9903.88.03,3,25
29321951,9903.88.03,3,25
29329200,9903.88.03,3,25
29329300,9903.88.03,3,25
29329400,9903.88.03,3,25
29329500,9903.88.03,3,25
29329600,9903.88.03,3,25
29329908,9903.88.03,3,25
29329921,9903.88.03,3,25
29329932,9903.88.03,3,25
29329935,9903.88.03,3,25
29329939,9903.88.03,3,25
29329970,9903.88.03,3,25
29331904,9903.88.15,4A,15
29331908,9903.88.03,3,25
29331915,9903.88.03,3,25
29331918,9903.88.03,3,25
29331923,9903.88.03,3,25
29331930,9903.88.03,3,25
29331935,9903.88.03,3,25
29331937,9903.88.03,3,25
29331943,9903.88.03,3,25
29331945,9903.88.03,3,25
29331970,9903.88.03,3,25
29331990,9903.88.03,3,25
29332100,9903.88.03,3,25
29332905,9903.88.03,3,25
29332910,9903.88.03,3,25
29332920,9903.88.03,3,25
29332935,9903.88.03,3,25
29332943,9903.88.03,3,25
29332945,9903.88.03,3,25
29332960,9903.88.03,3,25
29332990,9903.88.03,3,25
29333100,9903.88.03,3,25
29333210,9903.88.03,3,25
29333250,9903.88.03,3,25
29336100,9903.88.03,3,25
29336920,9903.88.03,3,25
29336950,9903.88.03,3,25
29336960,9903.88.15,4A,15
29337100,9903.88.03,3,25
29337904,9903.88.03,3,25
29337908,9903.88.03,3,25
29337915,9903.88.03,3,25
29337920,9903.88.03,3,25
29337930,9903.88.03,3,25
29337940,9903.88.03,3,25
29337985,9903.88.03,3,25
29339200,9903.88.03,3,25
29341010,9903.88.03,3,25
29341020,9903.88.03,3,25
29341090,9903.88.03,3,25
29342010,9903.88.03,3,25
29342015,9903.88.03,3,25
29342020,9903.88.03,3,25
29342025,9903.88.03,3,25
29342030,9903.88.03,3,25
29342035,9903.88.03,3,25
29342040,9903.88.03,3,25
29398000,9903.88.03,3,25
29400060,9903.88.03,3,25
29420003,9903.88.03,3,25
29420005,9903.88.03,3,25
29420010,9903.88.03,3,25
29420035,9903.88.03,3,25
29420050,9903.88.03,3,25
30069320,9903.88.15,4A,15
30069350,9903.88.15,4A,15
30069360,9903.88.03,3,25
30069380,9903.88.03,3,25
31010000,9903.88.03,3,25
31021000,9903.88.03,3,25
31022100,9903.88.03,3,25
31022900,9903.88.03,3,25
31023000,9903.88.03,3,25
31024000,9903.88.03,3,25
31025000,9903.88.03,3,25
31026000,9903.88.03,3,25
31028000,9903.88.03,3,25
31029001,9903.88.03,3,25
31031100,9903.88.03,3,25
31031900,9903.88.03,3,25
31039001,9903.88.03,3,25
31042000,9903.88.03,3,25
31043000,9903.88.03,3,25
31049001,9903.88.03,3,25
31051000,9903.88.03,3,25
31052000,9903.88.03,3,25
31053000,9903.88.03,3,25
31054000,9903.88.03,3,25
31055100,9903.88.03,3,25
31055900,9903.88.03,3,25
31056000,9903.88.03,3,25
31059000,9903.88.03,3,25
32011000,9903.88.03,3,25
32012000,9903.88.03,3,25
32019010,9903.88.03,3,25
32019025,9903.88.03,3,25
32019050,9903.88.03,3,25
32021010,9903.88.03,3,25
32021050,9903.88.03,3,25
32029010,9903.88.03,3,25
32029050,9903.88.03,3,25
32030010,9903.88.03,3,25
32030030,9903.88.03,3,25
32030080,9903.88.03,3,25
32041110,9903.88.03,3,25
32041118,9903.88.03,3,25
32041135,9903.88.03,3,25
32041150,9903.88.03,3,25
32041205,9903.88.03,3,25
32041213,9903.88.03,3,25
32041217,9903.88.03,3,25
32041220,9903.88.03,3,25
32041230,9903.88.03,3,25
32041245,9903.88.03,3,25
32041250,9903.88.03,3,25
32041310,9903.88.03,3,25
32041320,9903.88.03,3,25
32041325,9903.88.03,3,25
32041345,9903.88.03,3,25
32041360,9903.88.03,3,25
32041380,9903.88.03,3,25
32041410,9903.88.03,3,25
32041420,9903.88.03,3,25
32041425,9903.88.03,3,25
32041430,9903.88.03,3,25
32041450,9903.88.03,3,25
32041510,9903.88.15,4A,15
32041520,9903.88.03,3,25
32041525,9903.88.03,3,25
32041530,9903.88.03,3,25
32041535,9903.88.03,3,25
32041540,9903.88.03,3,25
32041580,9903.88.15,4A,15
32041610,9903.88.03,3,25
32041620,9903.88.03,3,25
32041630,9903.88.03,3,25
32041650,9903.88.03,3,25
32041704,9903.88.03,3,25
32041708,9903.88.03,3,25
32041720,9903.88.03,3,25
32041740,9903.88.03,3,25
32041760,9903.88.03,3,25
32041790,9903.88.03,3,25
32041800,9903.88.03,3,25
32041906,9903.88.03,3,25
32041911,9903.88.03,3,25
32041920,9903.88.03,3,25
32041925,9903.88.03,3,25
32041930,9903.88.03,3,25
32041950,9903.88.03,3,25
32042010,9903.88.03,3,25
32042080,9903.88.03,3,25
32049000,9903.88.03,3,25
32050005,9903.88.03,3,25
32050015,9903.88.03,3,25
32050040,9903.88.03,3,25
32050050,9903.88.03,3,25
32061100,9903.88.03,3,25
32061900,9903.88.03,3,25
32062000,9903.88.03,3,25
32064100,9903.88.03,3,25
32064200,9903.88.03,3,25
32064910,9903.88.03,3,25
32064920,9903.88.03,3,25
32064930,9903.88.03,3,25
32064940,9903.88.03,3,25
32064955,9903.88.03,3,25
32064960,9903.88.03,3,25
32065000,9903.88.03,3,25
32071000,9903.88.03,3,25
32072000,9903.88.03,3,25
32073000,9903.88.03,3,25
32074010,9903.88.03,3,25
32074050,9903.88.03,3,25
32081000,9903.88.03,3,25
32082000,9903.88.03,3,25
32089000,9903.88.03,3,25
32091000,9903.88.03,3,25
32099000,9903.88.03,3,25
32100000,9903.88.03,3,25
32110000,9903.88.03,3,25
32121000,9903.88.03,3,25
32129000,9903.88.03,3,25
32131000,9903.88.03,3,25
32139000,9903.88.03,3,25
32141000,9903.88.03,3,25
32149010,9903.88.03,3,25
32149050,9903.88.03,3,25
32151110,9903.88.03,3,25
32151130,9903.88.03,3,25
32151190,9903.88.03,3,25
32151910,9903.88.03,3,25
32151930,9903.88.03,3,25
32151990,9903.88.03,3,25
32159010,9903.88.03,3,25
32159050,9903.88.03,3,25
33011200,9903.88.15,4A,15
33011300,9903.88.03,3,25
33011910,9903.88.15,4A,15
33011951,9903.88.15,4A,15
33012400,9903.88.15,4A,15
33012500,9903.88.15,4A,15
33012920,9903.88.15,4A,15
33012951,9903.88.15,4A,15
33013000,9903.88.15,4A,15
33019010,9903.88.15,4A,15
33019050,9903.88.15,4A,15
33021010,9903.88.15,4A,15
33021020,9903.88.15,4A,15
33021040,9903.88.15,4A,15
33021050,9903.88.15,4A,15
33021090,9903.88.15,4A,15
33029010,9903.88.03,3,25
33029020,9903.88.03,3,25
33030010,9903.88.03,3,25
33030020,9903.88.03,3,25
33030030,9903.88.03,3,25
33041000,9903.88.03,3,25
33042000,9903.88.03,3,25
33043000,9903.88.03,3,25
33049100,9903.88.03,3,25
33049910,9903.88.03,3,25
33049950,9903.88.03,3,25
33051000,9903.88.03,3,25
33052000,9903.88.03,3,25
33053000,9903.88.03,3,25
33059000,9903.88.03,3,25
33062000,9903.88.15,4A,15
33069000,9903.88.03,3,25
33071010,9903.88.03,3,25
33071020,9903.88.03,3,25
33072000,9903.88.03,3,25
33073010,9903.88.03,3,25
33073050,9903.88.03,3,25
33074100,9903.88.03,3,25
33074900,9903.88.03,3,25
33079000,9903.88.03,3,25
34011110,9903.88.03,3,25
34011150,9903.88.03,3,25
34011900,9903.88.15,4A,15
34012000,9903.88.03,3,25
34013010,9903.88.03,3,25
34013050,9903.88.03,3,25
34023110,9903.88.03,3,25
34023190,9903.88.03,3,25
34023910,9903.88.03,3,25
34023990,9903.88.03,3,25
34024110,9903.88.03,3,25
34024190,9903.88.03,3,25
34024210,9903.88.03,3,25
34024220,9903.88.03,3,25
34024290,9903.88.03,3,25
34024910,9903.88.03,3,25
34024990,9903.88.03,3,25
34025011,9903.88.03,3,25
34025051,9903.88.03,3,25
34029010,9903.88.03,3,25
34029030,9903.88.03,3,25
34029050,9903.88.03,3,25
34031120,9903.88.03,3,25
34031140,9903.88.03,3,25
34031150,9903.88.03,3,25
34031910,9903.88.02,2,25
34031950,9903.88.02,2,25
34039110,9903.88.03,3,25
34039150,9903.88.03,3,25
34039900,9903.88.02,2,25
34042000,9903.88.03,3,25
34049010,9903.88.03,3,25
34049051,9903.88.03,3,25
34051000,9903.88.03,3,25
34052000,9903.88.03,3,25
34053000,9903.88.03,3,25
34054000,9903.88.03,3,25
34059000,9903.88.03,3,25
34060000,9903.88.15,4A,15
35011010,9903.88.15,4A,15
35011050,9903.88.15,4A,15
35019020,9903.88.15,4A,15
35019060,9903.88.15,4A,15
35021100,9903.88.03,3,25
35021900,9903.88.15,4A,15
35022000,9903.88.15,4A,15
35029000,9903.88.03,3,25
35030010,9903.88.15,4A,15
35030020,9903.88.15,4A,15
35030040,9903.88.15,4A,15
35030055,9903.88.15,4A,15
35040010,9903.88.15,4A,15
35040050,9903.88.15,4A,15
35051000,9903.88.15,4A,15
35052000,9903.88.15,4A,15
35061010,9903.88.03,3,25
35061050,9903.88.03,3,25
35069110,9903.88.03,3,25
35069150,9903.88.03,3,25
35069900,9903.88.03,3,25
35071000,9903.88.03,3,25
35079020,9903.88.03,3,25
35079070,9903.88.03,3,25
36010000,9903.88.15,4A,15
36020000,9903.88.15,4A,15
36031000,9903.88.15,4A,15
36032000,9903.88.15,4A,15
36033000,9903.88.15,4A,15
36034000,9903.88.15,4A,15
36035000,9903.88.15,4A,15
36036000,9903.88.15,4A,15
36049000,9903.88.15,4A,15
36050000,9903.88.15,4A,15
36061000,9903.88.03,3,25
36069040,9903.88.15,4A,15
36069080,9903.88.15,4A,15
37011000,9903.88.03,3,25
37012000,9903.88.03,3,25
37013000,9903.88.03,3,25
37019100,9903.88.03,3,25
37019930,9903.88.03,3,25
37019960,9903.88.03,3,25
37021000,9903.88.03,3,25
37023101,9903.88.03,3,25
37023201,9903.88.03,3,25
37023901,9903.88.03,3,25
37024101,9903.88.03,3,25
37024201,9903.88.03,3,25
37024301,9903.88.03,3,25
37024401,9903.88.03,3,25
37025201,9903.88.03,3,25
37025300,9903.88.03,3,25
37025400,9903.88.03,3,25
37025500,9903.88.03,3,25
37025600,9903.88.03,3,25
37029600,9903.88.03,3,25
37029700,9903.88.03,3,25
37029800,9903.88.03,3,25
37031030,9903.88.03,3,25
37031060,9903.88.03,3,25
37032030,9903.88.03,3,25
37032060,9903.88.03,3,25
37039030,9903.88.03,3,25
37039060,9903.88.03,3,25
37040000,9903.88.03,3,25
37050000,9903.88.03,3,25
37061030,9903.88.03,3,25
37061060,9903.88.03,3,25
37069000,9903.88.03,3,25
37071000,9903.88.03,3,25
37079031,9903.88.03,3,25
37079032,9903.88.03,3,25
37079060,9903.88.03,3,25
38011010,9903.88.03,3,25
38011050,9903.88.03,3,25
38012000,9903.88.03,3,25
38013000,9903.88.03,3,25
38019000,9903.88.03,3,25
38021000,9903.88.03,3,25
38029010,9903.88.03,3,25
38029020,9903.88.03,3,25
38029050,9903.88.03,3,25
38030000,9903.88.03,3,25
38040010,9903.88.03,3,25
38040050,9903.88.03,3,25
38051000,9903.88.03,3,25
38059010,9903.88.03,3,25
38059050,9903.88.03,3,25
38061000,9903.88.03,3,25
38062000,9903.88.03,3,25
38063000,9903.88.03,3,25
38069000,9903.88.03,3,25
38070000,9903.88.03,3,25
38085200,9903.88.15,4A,15
38085940,9903.88.03,3,25
38086110,9903.88.03,3,25
38086150,9903.88.15,4A,15
38086210,9903.88.03,3,25
38086250,9903.88.03,3,25
38086910,9903.88.03,3,25
38086950,9903.88.03,3,25
38089110,9903.88.03,3,25
38089115,9903.88.03,3,25
38089125,9903.88.03,3,25
38089130,9903.88.03,3,25
38089150,9903.88.03,3,25
38089205,9903.88.03,3,25
38089215,9903.88.03,3,25
38089224,9903.88.03,3,25
38089228,9903.88.03,3,25
38089230,9903.88.03,3,25
38089250,9903.88.03,3,25
38089305,9903.88.03,3,25
38089315,9903.88.03,3,25
38089320,9903.88.03,3,25
38089350,9903.88.03,3,25
38089410,9903.88.03,3,25
38089450,9903.88.03,3,25
38089904,9903.88.03,3,25
38089908,9903.88.03,3,25
38089930,9903.88.03,3,25
38089970,9903.88.03,3,25
38089995,9903.88.03,3,25
38091000,9903.88.15,4A,15
38099100,9903.88.03,3,25
38099210,9903.88.03,3,25
38099250,9903.88.03,3,25
38099310,9903.88.03,3,25
38099350,9903.88.03,3,25
38101000,9903.88.03,3,25
38109010,9903.88.03,3,25
38109020,9903.88.03,3,25
38109050,9903.88.03,3,25
38111110,9903.88.03,3,25
38111150,9903.88.03,3,25
38111900,9903.88.03,3,25
38112100,9903.88.02,2,25
38112900,9903.88.02,2,25
38119000,9903.88.03,3,25
38121010,9903.88.03,3,25
38121050,9903.88.03,3,25
38122010,9903.88.03,3,25
38122050,9903.88.03,3,25
38123100,9903.88.03,3,25
38123920,9903.88.03,3,25
38123930,9903.88.03,3,25
38123960,9903.88.03,3,25
38123970,9903.88.03,3,25
38123990,9903.88.03,3,25
38130010,9903.88.03,3,25
38130050,9903.88.03,3,25
38140010,9903.88.03,3,25
38140020,9903.88.03,3,25
38140050,9903.88.03,3,25
38151100,9903.88.03,3,25
38151200,9903.88.03,3,25
38151900,9903.88.03,3,25
38159010,9903.88.03,3,25
38159020,9903.88.03,3,25
38159030,9903.88.03,3,25
38159050,9903.88.03,3,25
38160010,9903.88.03,3,25
38160020,9903.88.03,3,25
38170010,9903.88.03,3,25
38170015,9903.88.03,3,25
38170020,9903.88.03,3,25
38180000,9903.91.05,2024+,25
38190000,9903.88.03,3,25
38200000,9903.88.15,4A,15
38231100,9903.88.15,4A,15
38231200,9903.88.15,4A,15
38231300,9903.88.15,4A,15
38231920,9903.88.15,4A,15
38231940,9903.88.15,4A,15
38237020,9903.88.15,4A,15
38237040,9903.88.15,4A,15
38237060,9903.88.15,4A,15
38241000,9903.88.03,3,25
38243000,9903.88.03,3,25
38244010,9903.88.03,3,25
38244020,9903.88.03,3,25
38244050,9903.88.03,3,25
38245000,9903.88.03,3,25
38246000,9903.88.15,4A,15
38248100,9903.88.03,3,25
38248210,9903.88.03,3,25
38248290,9903.88.03,3,25
38248300,9903.88.03,3,25
38248400,9903.88.03,3,25
38248500,9903.88.03,3,25
38248600,9903.88.03,3,25
38248700,9903.88.03,3,25
38248800,9903.88.03,3,25
38248900,9903.88.03,3,25
38249100,9903.88.03,3,25
38249200,9903.88.03,3,25
38249911,9903.88.03,3,25
38249919,9903.88.03,3,25
38249921,9903.88.03,3,25
38249925,9903.88.03,3,25
38249926,9903.88.03,3,25
38249929,9903.88.03,3,25
38249931,9903.88.03,3,25
38249932,9903.88.03,3,25
38249933,9903.88.03,3,25
38249934,9903.88.03,3,25
38249935,9903.88.03,3,25
38249936,9903.88.15,4A,15
38249939,9903.88.03,3,25
38249941,9903.88.03,3,25
38249949,9903.88.03,3,25
38249950,9903.88.03,3,25
38249955,9903.88.03,3,25
38249970,9903.88.03,3,25
38249975,9903.88.03,3,25
38249993,9903.88.03,3,25
38251001,9903.88.15,4A,15
38252000,9903.88.15,4A,15
38253000,9903.88.15,4A,15
38254100,9903.88.03,3,25
38254900,9903.88.03,3,25
38255000,9903.88.03,3,25
38256100,9903.88.03,3,25
38256900,9903.88.03,3,25
38259001,9903.88.03,3,25
38260010,9903.88.03,3,25
38260030,9903.88.03,3,25
38271100,9903.88.03,3,25
38271200,9903.88.03,3,25
38271300,9903.88.03,3,25
38271400,9903.88.03,3,25
38272000,9903.88.03,3,25
38273100,9903.88.03,3,25
38273200,9903.88.03,3,25
38273900,9903.88.03,3,25
38274000,9903.88.03,3,25
38275100,9903.88.03,3,25
38275900,9903.88.03,3,25
38276100,9903.88.03,3,25
38276200,9903.88.03,3,25
38276300,9903.88.03,3,25
38276400,9903.88.03,3,25
38276500,9903.88.03,3,25
38276800,9903.88.03,3,25
38276900,9903.88.03,3,25
38279010,9903.88.03,3,25
38279090,9903.88.03,3,25
39011010,9903.88.02,2,25
39011050,9903.88.02,2,25
39012010,9903.88.02,2,25
39012050,9903.88.02,2,25
39013020,9903.88.02,2,25
39013060,9903.88.02,2,25
39014000,9903.88.03,3,25
39019010,9903.88.02,2,25
39019055,9903.88.02,2,25
39019090,9903.88.02,2,25
39021000,9903.88.02,2,25
39022010,9903.88.02,2,25
39022050,9903.88.02,2,25
39023000,9903.88.02,2,25
39029000,9903.88.02,2,25
39031100,9903.88.02,2,25
39031900,9903.88.02,2,25
39032000,9903.88.02,2,25
39033000,9903.88.02,2,25
39039010,9903.88.02,2,25
39039050,9903.88.02,2,25
39041000,9903.88.02,2,25
39042100,9903.88.02,2,25
39042200,9903.88.02,2,25
39043020,9903.88.02,2,25
39043060,9903.88.02,2,25
39044000,9903.88.02,2,25
39045000,9903.88.02,2,25
39046100,9903.88.02,2,25
39046910,9903.88.02,2,25
39046950,9903.88.02,2,25
39049010,9903.88.02,2,25
39049050,9903.88.02,2,25
39051200,9903.88.02,2,25
39051900,9903.88.02,2,25
39052100,9903.88.02,2,25
39052900,9903.88.02,2,25
39053000,9903.88.02,2,25
39059110,9903.88.02,2,25
39059150,9903.88.02,2,25
39059930,9903.88.03,3,25
39059980,9903.88.02,2,25
39061000,9903.88.02,2,25
39069010,9903.88.02,2,25
39069020,9903.88.02,2,25
39069050,9903.88.02,2,25
39071000,9903.88.02,2,25
39072100,9903.88.02,2,25
39072900,9903.88.02,2,25
39073000,9903.88.02,2,25
39074000,9903.88.02,2,25
39075000,9903.88.02,2,25
39076100,9903.88.02,2,25
39076900,9903.88.02,2,25
39077000,9903.88.02,2,25
39079120,9903.88.02,2,25
39079140,9903.88.02,2,25
39079150,9903.88.02,2,25
39079920,9903.88.02,2,25
39079950,9903.88.02,2,25
39081000,9903.88.02,2,25
39089020,9903.88.02,2,25
39089070,9903.88.02,2,25
39091000,9903.88.02,2,25
39092000,9903.88.02,2,25
39093100,9903.88.03,3,25
39093900,9903.88.03,3,25
39094000,9903.88.02,2,25
39095010,9903.88.02,2,25
39095020,9903.88.02,2,25
39095050,9903.88.02,2,25
39100000,9903.88.02,2,25
39111000,9903.88.02,2,25
39112000,9903.88.02,2,25
39119010,9903.88.02,2,25
39119015,9903.88.02,2,25
39119025,9903.88.02,2,25
39119035,9903.88.02,2,25
39119045,9903.88.02,2,25
39119070,9903.88.02,2,25
39119091,9903.88.02,2,25
39121100,9903.88.03,3,25
39121200,9903.88.02,2,25
39122000,9903.88.02,2,25
39123100,9903.88.03,3,25
39123900,9903.88.02,2,25
39129000,9903.88.02,2,25
39131000,9903.88.15,4A,15
39139010,9903.88.02,2,25
39139020,9903.88.03,3,25
39139050,9903.88.02,2,25
39140020,9903.88.02,2,25
39140060,9903.88.02,2,25
39151000,9903.88.03,3,25
39152000,9903.88.03,3,25
39153000,9903.88.03,3,25
39159000,9903.88.03,3,25
39161000,9903.88.02,2,25
39162000,9903.88.02,2,25
39169010,9903.88.02,2,25
39169020,9903.88.03,3,25
39169030,9903.88.02,2,25
39169050,9903.88.02,2,25
39171010,9903.88.03,3,25
39171060,9903.88.03,3,25
39171090,9903.88.03,3,25
39172100,9903.88.02,2,25
39172200,9903.88.02,2,25
39172300,9903.88.02,2,25
39172900,9903.88.02,2,25
39173100,9903.88.02,2,25
39173200,9903.88.02,2,25
39173300,9903.88.03,3,25
39173900,9903.88.03,3,25
39174000,9903.88.02,2,25
39181010,9903.88.03,3,25
39181020,9903.88.03,3,25
39181031,9903.88.03,3,25
39181032,9903.88.03,3,25
39181040,9903.88.03,3,25
39181050,9903.88.03,3,25
39189010,9903.88.03,3,25
39189020,9903.88.03,3,25
39189030,9903.88.03,3,25
39189050,9903.88.03,3,25
39191010,9903.88.02,2,25
39191020,9903.88.02,2,25
39199010,9903.88.02,2,25
39199050,9903.88.02,2,25
39201000,9903.88.02,2,25
39202000,9903.88.02,2,25
39203000,9903.88.02,2,25
39204310,9903.88.02,2,25
39204350,9903.88.02,2,25
39204900,9903.88.02,2,25
39205110,9903.88.02,2,25
39205150,9903.88.02,2,25
39205910,9903.88.02,2,25
39205940,9903.88.02,2,25
39205980,9903.88.02,2,25
39206100,9903.88.02,2,25
39206200,9903.88.02,2,25
39206310,9903.88.02,2,25
39206320,9903.88.02,2,25
39206900,9903.88.02,2,25
39207100,9903.88.02,2,25
39207300,9903.88.02,2,25
39207905,9903.88.02,2,25
39207910,9903.88.02,2,25
39207950,9903.88.02,2,25
39209100,9903.88.02,2,25
39209200,9903.88.02,2,25
39209300,9903.88.02,2,25
39209400,9903.88.02,2,25
39209910,9903.88.02,2,25
39209920,9903.88.02,2,25
39209950,9903.88.02,2,25
39211100,9903.88.02,2,25
39211211,9903.88.02,2,25
39211215,9903.88.02,2,25
39211219,9903.88.02,2,25
39211250,9903.88.02,2,25
39211311,9903.88.02,2,25
39211315,9903.88.02,2,25
39211319,9903.88.02,2,25
39211350,9903.88.02,2,25
39211400,9903.88.02,2,25
39211900,9903.88.02,2,25
39219011,9903.88.02,2,25
39219015,9903.88.02,2,25
39219019,9903.88.02,2,25
39219021,9903.88.02,2,25
39219025,9903.88.02,2,25
39219029,9903.88.02,2,25
39219040,9903.88.02,2,25
39219050,9903.88.02,2,25
39221000,9903.88.15,4A,15
39222000,9903.88.15,4A,15
39229000,9903.88.03,3,25
39231020,9903.88.03,3,25
39231090,9903.88.03,3,25
39232100,9903.88.03,3,25
39232900,9903.88.03,3,25
39233000,9903.88.03,3,25
39234000,9903.88.03,3,25
39235000,9903.88.03,3,25
39239000,9903.88.03,3,25
39241020,9903.88.15,4A,15
39241030,9903.88.15,4A,15
39249005,9903.88.15,4A,15
39249056,9903.88.15,4A,15
39251000,9903.88.03,3,25
39252000,9903.88.15,4A,15
39253010,9903.88.15,4A,15
39253050,9903.88.15,4A,15
39259000,9903.88.03,3,25
39262020,9903.88.03,3,25
39262030,9903.88.03,3,25
39262060,9903.88.03,3,25
39262090,9903.88.03,3,25
39263010,9903.88.15,4A,15
39263050,9903.88.15,4A,15
39269010,9903.88.15,4A,15
39269016,9903.88.15,4A,15
39269021,9903.88.15,4A,15
39269025,9903.88.15,4A,15
39269030,9903.88.03,3,25
39269035,9903.88.15,4A,15
39269045,9903.88.03,3,25
39269050,9903.88.15,4A,15
39269055,9903.88.03,3,25
39269056,9903.88.03,3,25
39269057,9903.88.03,3,25
39269059,9903.88.03,3,25
39269060,9903.88.03,3,25
39269070,9903.88.15,4A,15
39269083,9903.88.03,3,25
39269085,9903.88.15,4A,15
39269087,9903.88.03,3,25
39269094,9903.88.03,3,25
39269096,9903.88.03,3,25
39269099,9903.88.15,4A,15
40011000,9903.88.03,3,25
40012100,9903.88.03,3,25
40012200,9903.88.03,3,25
40012900,9903.88.03,3,25
40013000,9903.88.03,3,25
40021100,9903.88.03,3,25
40021900,9903.88.03,3,25
40022000,9903.88.03,3,25
40023100,9903.88.03,3,25
40023900,9903.88.03,3,25
40024100,9903.88.03,3,25
40024900,9903.88.03,3,25
40025100,9903.88.03,3,25
40025900,9903.88.03,3,25
40026000,9903.88.03,3,25
40027000,9903.88.03,3,25
40028000,9903.88.03,3,25
40029100,9903.88.03,3,25
40029900,9903.88.03,3,25
40030000,9903.88.03,3,25
40040000,9903.88.03,3,25
40051000,9903.88.03,3,25
40052000,9903.88.03,3,25
40059100,9903.88.03,3,25
40059900,9903.88.03,3,25
40061000,9903.88.15,4A,15
40069010,9903.88.03,3,25
40069050,9903.88.03,3,25
40070000,9903.88.03,3,25
40081110,9903.88.03,3,25
40081150,9903.88.03,3,25
40081920,9903.88.03,3,25
40081940,9903.88.03,3,25
40081960,9903.88.03,3,25
40081980,9903.88.03,3,25
40082100,9903.88.03,3,25
40082920,9903.88.03,3,25
40082940,9903.88.03,3,25
40091100,9903.88.03,3,25
40091200,9903.88.15,4A,15
40092100,9903.88.03,3,25
40092200,9903.88.03,3,25
40093100,9903.88.03,3,25
40093200,9903.88.03,3,25
40094100,9903.88.03,3,25
40094200,9903.88.15,4A,15
40101100,9903.88.15,4A,15
40101210,9903.88.03,3,25
40101250,9903.88.03,3,25
40101255,9903.88.03,3,25
40101290,9903.88.03,3,25
40101910,9903.88.03,3,25
40101950,9903.88.03,3,25
40101955,9903.88.03,3,25
40101980,9903.88.03,3,25
40101991,9903.88.03,3,25
40103130,9903.88.03,3,25
40103160,9903.88.03,3,25
40103230,9903.88.03,3,25
40103260,9903.88.03,3,25
40103330,9903.88.03,3,25
40103360,9903.88.03,3,25
40103430,9903.88.03,3,25
40103460,9903.88.03,3,25
40103530,9903.88.03,3,25
40103541,9903.88.03,3,25
40103545,9903.88.03,3,25
40103550,9903.88.03,3,25
40103590,9903.88.03,3,25
40103630,9903.88.03,3,25
40103641,9903.88.03,3,25
40103645,9903.88.03,3,25
40103650,9903.88.03,3,25
40103690,9903.88.03,3,25
40103910,9903.88.03,3,25
40103920,9903.88.03,3,25
40103930,9903.88.03,3,25
40103941,9903.88.03,3,25
40103945,9903.88.03,3,25
40103950,9903.88.03,3,25
40103990,9903.88.03,3,25
40111010,9903.88.03,3,25
40111050,9903.88.03,3,25
40112010,9903.88.03,3,25
40112050,9903.88.03,3,25
40113000,9903.88.01,1,25
40114000,9903.88.03,3,25
40115000,9903.88.03,3,25
40117000,9903.88.03,3,25
40118010,9903.88.03,3,25
40118020,9903.88.03,3,25
40118080,9903.88.03,3,25
40119010,9903.88.03,3,25
40119020,9903.88.03,3,25
40119080,9903.88.03,3,25
40121140,9903.88.03,3,25
40121180,9903.88.03,3,25
40121240,9903.88.03,3,25
40121280,9903.88.03,3,25
40121300,9903.88.01,1,25
40121920,9903.88.03,3,25
40121940,9903.88.03,3,25
40121980,9903.88.15,4A,15
40122010,9903.88.03,3,25
40122015,9903.88.03,3,25
40122045,9903.88.03,3,25
40122060,9903.88.03,3,25
40122080,9903.88.03,3,25
40129010,9903.88.03,3,25
40129030,9903.88.03,3,25
40129045,9903.88.03,3,25
40129070,9903.88.03,3,25
40129090,9903.88.03,3,25
40131000,9903.88.03,3,25
40132000,9903.88.03,3,25
40139010,9903.88.03,3,25
40139050,9903.88.03,3,25
40151210,9903.91.08,2024+,25
40151290,9903.88.03,3,25
40151911,9903.88.03,3,25
40151951,9903.88.03,3,25
40159000,9903.88.03,3,25
40161000,9903.88.03,3,25
40169100,9903.88.03,3,25
40169310,9903.88.03,3,25
40169350,9903.88.03,3,25
40169400,9903.88.03,3,25
40169500,9903.88.15,4A,15
40169903,9903.88.03,3,25
40169905,9903.88.15,4A,15
40169910,9903.88.15,4A,15
40169915,9903.88.15,4A,15
40169930,9903.88.03,3,25
40169935,9903.88.03,3,25
40169955,9903.88.03,3,25
40169960,9903.88.03,3,25
40170000,9903.88.03,3,25
41012010,9903.88.15,4A,15
41012020,9903.88.15,4A,15
41012030,9903.88.15,4A,15
41012035,9903.88.15,4A,15
41012040,9903.88.15,4A,15
41012050,9903.88.15,4A,15
41012070,9903.88.15,4A,15
41015010,9903.88.15,4A,15
41015020,9903.88.15,4A,15
41015030,9903.88.15,4A,15
41015035,9903.88.15,4A,15
41015040,9903.88.15,4A,15
41015050,9903.88.15,4A,15
41015070,9903.88.15,4A,15
41019010,9903.88.15,4A,15
41019035,9903.88.15,4A,15
41019040,9903.88.15,4A,15
41019050,9903.88.15,4A,15
41019070,9903.88.15,4A,15
41021010,9903.88.15,4A,15
41021020,9903.88.15,4A,15
41022100,9903.88.15,4A,15
41022910,9903.88.15,4A,15
41022920,9903.88.15,4A,15
41022930,9903.88.15,4A,15
41032010,9903.88.15,4A,15
41032020,9903.88.15,4A,15
41032030,9903.88.15,4A,15
41033010,9903.88.15,4A,15
41033020,9903.88.15,4A,15
41039011,9903.88.15,4A,15
41039012,9903.88.15,4A,15
41039013,9903.88.15,4A,15
41039020,9903.88.15,4A,15
41041110,9903.88.03,3,25
41041120,9903.88.03,3,25
41041130,9903.88.03,3,25
41041140,9903.88.03,3,25
41041150,9903.88.03,3,25
41041910,9903.88.03,3,25
41041920,9903.88.03,3,25
41041930,9903.88.03,3,25
41041940,9903.88.03,3,25
41041950,9903.88.03,3,25
41044110,9903.88.03,3,25
41044120,9903.88.03,3,25
41044130,9903.88.03,3,25
41044140,9903.88.03,3,25
41044150,9903.88.03,3,25
41044910,9903.88.03,3,25
41044920,9903.88.03,3,25
41044930,9903.88.03,3,25
41044940,9903.88.03,3,25
41044950,9903.88.03,3,25
41051010,9903.88.03,3,25
41051090,9903.88.03,3,25
41053000,9903.88.03,3,25
41062110,9903.88.03,3,25
41062190,9903.88.03,3,25
41062200,9903.88.03,3,25
41063110,9903.88.03,3,25
41063190,9903.88.03,3,25
41063200,9903.88.03,3,25
41064000,9903.88.03,3,25
41069100,9903.88.03,3,25
41069200,9903.88.03,3,25
41071110,9903.88.03,3,25
41071120,9903.88.03,3,25
41071130,9903.88.03,3,25
41071140,9903.88.03,3,25
41071150,9903.88.03,3,25
41071160,9903.88.03,3,25
41071170,9903.88.03,3,25
41071180,9903.88.03,3,25
41071210,9903.88.03,3,25
41071220,9903.88.03,3,25
41071230,9903.88.03,3,25
41071240,9903.88.03,3,25
41071250,9903.88.03,3,25
41071260,9903.88.03,3,25
41071270,9903.88.03,3,25
41071280,9903.88.03,3,25
41071910,9903.88.03,3,25
41071920,9903.88.03,3,25
41071930,9903.88.03,3,25
41071940,9903.88.03,3,25
41071950,9903.88.03,3,25
41071960,9903.88.03,3,25
41071970,9903.88.03,3,25
41071980,9903.88.03,3,25
41079140,9903.88.03,3,25
41079150,9903.88.03,3,25
41079160,9903.88.03,3,25
41079170,9903.88.03,3,25
41079180,9903.88.03,3,25
41079240,9903.88.03,3,25
41079250,9903.88.03,3,25
41079260,9903.88.03,3,25
41079270,9903.88.03,3,25
41079280,9903.88.03,3,25
41079940,9903.88.03,3,25
41079950,9903.88.03,3,25
41079960,9903.88.03,3,25
41079970,9903.88.03,3,25
41079980,9903.88.03,3,25
41120030,9903.88.03,3,25
41120060,9903.88.03,3,25
41131030,9903.88.03,3,25
41131060,9903.88.03,3,25
41132000,9903.88.03,3,25
41133030,9903.88.03,3,25
41133060,9903.88.03,3,25
41139030,9903.88.03,3,25
41139060,9903.88.03,3,25
41141000,9903.88.03,3,25
41142030,9903.88.03,3,25
41142040,9903.88.03,3,25
41142070,9903.88.03,3,25
41151000,9903.88.03,3,25
41152000,9903.88.15,4A,15
42010030,9903.88.03,3,25
42010060,9903.88.03,3,25
42021100,9903.88.03,3,25
42021221,9903.88.03,3,25
42021229,9903.88.03,3,25
42021240,9903.88.03,3,25
42021260,9903.88.03,3,25
42021281,9903.88.03,3,25
42021289,9903.88.03,3,25
42021900,9903.88.03,3,25
42022130,9903.88.03,3,25
42022160,9903.88.03,3,25
42022190,9903.88.03,3,25
42022215,9903.88.03,3,25
42022235,9903.88.03,3,25
42022240,9903.88.03,3,25
42022245,9903.88.03,3,25
42022260,9903.88.03,3,25
42022270,9903.88.03,3,25
42022281,9903.88.03,3,25
42022289,9903.88.03,3,25
42022910,9903.88.03,3,25
42022920,9903.88.03,3,25
42022950,9903.88.03,3,25
42022990,9903.88.03,3,25
42023130,9903.88.03,3,25
42023160,9903.88.03,3,25
42023210,9903.88.03,3,25
42023220,9903.88.03,3,25
42023240,9903.88.03,3,25
42023280,9903.88.03,3,25
42023285,9903.88.03,3,25
42023291,9903.88.03,3,25
42023293,9903.88.03,3,25
42023299,9903.88.03,3,25
42023910,9903.88.03,3,25
42023920,9903.88.03,3,25
42023950,9903.88.03,3,25
42023990,9903.88.03,3,25
42029110,9903.88.03,3,25
42029190,9903.88.03,3,25
42029204,9903.88.03,3,25
42029208,9903.88.03,3,25
42029210,9903.88.03,3,25
42029215,9903.88.03,3,25
42029220,9903.88.03,3,25
42029231,9903.88.03,3,25
42029233,9903.88.03,3,25
42029239,9903.88.03,3,25
42029245,9903.88.03,3,25
42029250,9903.88.03,3,25
42029260,9903.88.03,3,25
42029291,9903.88.03,3,25
42029293,9903.88.03,3,25
42029294,9903.88.03,3,25
42029297,9903.88.03,3,25
42029910,9903.88.03,3,25
42029920,9903.88.03,3,25
42029930,9903.88.03,3,25
42029950,9903.88.03,3,25
42029990,9903.88.03,3,25
42031020,9903.88.03,3,25
42031040,9903.88.03,3,25
42032120,9903.88.03,3,25
42032140,9903.88.03,3,25
42032155,9903.88.03,3,25
42032160,9903.88.03,3,25
42032170,9903.88.03,3,25
42032180,9903.88.03,3,25
42032905,9903.88.03,3,25
42032908,9903.88.03,3,25
42032915,9903.88.03,3,25
42032918,9903.88.03,3,25
42032920,9903.88.03,3,25
42032930,9903.88.03,3,25
42032940,9903.88.03,3,25
42032950,9903.88.03,3,25
42033000,9903.88.03,3,25
42034030,9903.88.03,3,25
42034060,9903.88.03,3,25
42050005,9903.88.03,3,25
42050010,9903.88.03,3,25
42050020,9903.88.03,3,25
42050040,9903.88.03,3,25
42050060,9903.88.03,3,25
42050080,9903.88.03,3,25
43011000,9903.88.15,4A,15
43016030,9903.88.15,4A,15
43016060,9903.88.15,4A,15
43018002,9903.88.15,4A,15
43021100,9903.88.03,3,25
43021913,9903.88.03,3,25
43021915,9903.88.03,3,25
43021930,9903.88.03,3,25
43021945,9903.88.03,3,25
43021955,9903.88.03,3,25
43021960,9903.88.03,3,25
43021975,9903.88.03,3,25
43022030,9903.88.03,3,25
43022060,9903.88.03,3,25
43022090,9903.88.03,3,25
43023000,9903.88.03,3,25
43031000,9903.88.03,3,25
43039000,9903.88.03,3,25
43040000,9903.88.03,3,25
44011100,9903.88.03,3,25
44011200,9903.88.03,3,25
44012100,9903.88.03,3,25
44012200,9903.88.03,3,25
44013100,9903.88.03,3,25
44013200,9903.88.03,3,25
44013920,9903.88.03,3,25
44013942,9903.88.03,3,25
44014100,9903.88.03,3,25
44014900,9903.88.03,3,25
44021000,9903.88.03,3,25
44022000,9903.88.03,3,25
44029001,9903.88.03,3,25
44031100,9903.88.03,3,25
44031200,9903.88.03,3,25
44032101,9903.88.03,3,25
44032201,9903.88.03,3,25
44032301,9903.88.03,3,25
44032401,9903.88.03,3,25
44032501,9903.88.03,3,25
44032601,9903.88.03,3,25
44034100,9903.88.03,3,25
44034200,9903.88.03,3,25
44034902,9903.88.03,3,25
44039100,9903.88.03,3,25
44039301,9903.88.03,3,25
44039401,9903.88.03,3,25
44039501,9903.88.03,3,25
44039601,9903.88.03,3,25
44039700,9903.88.03,3,25
44039800,9903.88.03,3,25
44039901,9903.88.03,3,25
44041000,9903.88.03,3,25
44042000,9903.88.03,3,25
44050000,9903.88.03,3,25
44061100,9903.88.03,3,25
44061200,9903.88.03,3,25
44069100,9903.88.03,3,25
44069200,9903.88.03,3,25
44071100,9903.88.03,3,25
44071200,9903.88.03,3,25
44071300,9903.88.03,3,25
44071400,9903.88.03,3,25
44071900,9903.88.03,3,25
44072100,9903.88.03,3,25
44072200,9903.88.03,3,25
44072301,9903.88.03,3,25
44072500,9903.88.03,3,25
44072600,9903.88.03,3,25
44072700,9903.88.03,3,25
44072800,9903.88.03,3,25
44072902,9903.88.03,3,25
44079100,9903.88.03,3,25
44079200,9903.88.03,3,25
44079300,9903.88.03,3,25
44079400,9903.88.03,3,25
44079500,9903.88.03,3,25
44079600,9903.88.03,3,25
44079700,9903.88.03,3,25
44079902,9903.88.03,3,25
44081001,9903.88.03,3,25
44083101,9903.88.03,3,25
44083902,9903.88.03,3,25
44089001,9903.88.03,3,25
44091005,9903.88.03,3,25
44091010,9903.88.03,3,25
44091020,9903.88.03,3,25
44091040,9903.88.03,3,25
44091045,9903.88.03,3,25
44091050,9903.88.03,3,25
44091060,9903.88.03,3,25
44091065,9903.88.03,3,25
44091090,9903.88.03,3,25
44092105,9903.88.03,3,25
44092190,9903.88.03,3,25
44092205,9903.88.03,3,25
44092210,9903.88.03,3,25
44092225,9903.88.03,3,25
44092240,9903.88.03,3,25
44092250,9903.88.03,3,25
44092260,9903.88.03,3,25
44092265,9903.88.03,3,25
44092290,9903.88.03,3,25
44092906,9903.88.03,3,25
44092911,9903.88.03,3,25
44092926,9903.88.03,3,25
44092941,9903.88.03,3,25
44092951,9903.88.03,3,25
44092961,9903.88.03,3,25
44092966,9903.88.03,3,25
44092991,9903.88.03,3,25
44101100,9903.88.03,3,25
44101200,9903.88.03,3,25
44101900,9903.88.03,3,25
44109000,9903.88.03,3,25
44111210,9903.88.03,3,25
44111220,9903.88.03,3,25
44111230,9903.88.03,3,25
44111260,9903.88.03,3,25
44111290,9903.88.03,3,25
44111310,9903.88.03,3,25
44111320,9903.88.03,3,25
44111330,9903.88.03,3,25
44111360,9903.88.03,3,25
44111390,9903.88.03,3,25
44111410,9903.88.03,3,25
44111420,9903.88.03,3,25
44111430,9903.88.03,3,25
44111460,9903.88.03,3,25
44111490,9903.88.03,3,25
44119210,9903.88.03,3,25
44119220,9903.88.03,3,25
44119230,9903.88.03,3,25
44119240,9903.88.03,3,25
44119310,9903.88.03,3,25
44119320,9903.88.03,3,25
44119330,9903.88.03,3,25
44119360,9903.88.03,3,25
44119390,9903.88.03,3,25
44119400,9903.88.03,3,25
44121005,9903.88.03,3,25
44121090,9903.88.03,3,25
44123106,9903.88.03,3,25
44123126,9903.88.03,3,25
44123142,9903.88.03,3,25
44123145,9903.88.03,3,25
44123148,9903.88.03,3,25
44123152,9903.88.03,3,25
44123161,9903.88.03,3,25
44123192,9903.88.03,3,25
44123306,9903.88.03,3,25
44123326,9903.88.03,3,25
44123332,9903.88.03,3,25
44123357,9903.88.03,3,25
44123426,9903.88.03,3,25
44123432,9903.88.03,3,25
44123457,9903.88.03,3,25
44123910,9903.88.03,3,25
44123930,9903.88.03,3,25
44123940,9903.88.03,3,25
44123950,9903.88.03,3,25
44124100,9903.88.03,3,25
44124200,9903.88.03,3,25
44124900,9903.88.03,3,25
44125110,9903.88.03,3,25
44125131,9903.88.03,3,25
44125141,9903.88.03,3,25
44125151,9903.88.03,3,25
44125210,9903.88.03,3,25
44125231,9903.88.03,3,25
44125241,9903.88.03,3,25
44125251,9903.88.03,3,25
44125960,9903.88.03,3,25
44125970,9903.88.03,3,25
44125980,9903.88.03,3,25
44125990,9903.88.03,3,25
44125995,9903.88.03,3,25
44129106,9903.88.03,3,25
44129110,9903.88.03,3,25
44129131,9903.88.03,3,25
44129141,9903.88.03,3,25
44129151,9903.88.03,3,25
44129207,9903.88.03,3,25
44129211,9903.88.03,3,25
44129231,9903.88.03,3,25
44129242,9903.88.03,3,25
44129252,9903.88.03,3,25
44129958,9903.88.03,3,25
44129961,9903.88.03,3,25
44129971,9903.88.03,3,25
44129981,9903.88.03,3,25
44129991,9903.88.03,3,25
44129997,9903.88.03,3,25
44130000,9903.88.03,3,25
44141000,9903.88.15,4A,15
44149000,9903.88.15,4A,15
44151030,9903.88.03,3,25
44151060,9903.88.03,3,25
44151090,9903.88.03,3,25
44152040,9903.88.03,3,25
44152080,9903.88.03,3,25
44160030,9903.88.03,3,25
44160060,9903.88.03,3,25
44160090,9903.88.03,3,25
44170020,9903.88.15,4A,15
44170040,9903.88.15,4A,15
44170060,9903.88.03,3,25
44170080,9903.88.03,3,25
44181100,9903.88.03,3,25
44181900,9903.88.03,3,25
44182140,9903.88.03,3,25
44182180,9903.88.03,3,25
44182940,9903.88.03,3,25
44182980,9903.88.03,3,25
44183001,9903.88.03,3,25
44184000,9903.88.03,3,25
44185000,9903.88.03,3,25
44187310,9903.88.03,3,25
44187320,9903.88.03,3,25
44187330,9903.88.03,3,25
44187340,9903.88.03,3,25
44187360,9903.88.03,3,25
44187370,9903.88.03,3,25
44187390,9903.88.03,3,25
44187410,9903.88.03,3,25
44187420,9903.88.03,3,25
44187490,9903.88.03,3,25
44187540,9903.88.03,3,25
44187570,9903.88.03,3,25
44187901,9903.88.03,3,25
44188100,9903.88.03,3,25
44188200,9903.88.03,3,25
44188300,9903.88.03,3,25
44188900,9903.88.03,3,25
44189110,9903.88.03,3,25
44189191,9903.88.03,3,25
44189200,9903.88.03,3,25
44189910,9903.88.03,3,25
44189991,9903.88.03,3,25
44192090,9903.88.15,4A,15
44199091,9903.88.15,4A,15
44209020,9903.88.15,4A,15
44209045,9903.88.03,3,25
44209065,9903.88.03,3,25
44209080,9903.88.03,3,25
44212010,9903.88.03,3,25
44212020,9903.88.03,3,25
44219110,9903.88.03,3,25
44219120,9903.88.03,3,25
44219140,9903.88.15,4A,15
44219160,9903.88.15,4A,15
44219170,9903.88.03,3,25
44219193,9903.88.03,3,25
44219194,9903.88.03,3,25
44219198,9903.88.03,3,25
44219910,9903.88.03,3,25
44219915,9903.88.03,3,25
44219920,9903.88.03,3,25
44219930,9903.88.15,4A,15
44219970,9903.88.03,3,25
44219988,9903.88.15,4A,15
44219993,9903.88.03,3,25
44219994,9903.88.03,3,25
44219998,9903.88.03,3,25
45011000,9903.88.03,3,25
45019020,9903.88.03,3,25
45019040,9903.88.03,3,25
45020000,9903.88.03,3,25
45031020,9903.88.03,3,25
45031030,9903.88.03,3,25
45031040,9903.88.03,3,25
45031060,9903.88.03,3,25
45039020,9903.88.03,3,25
45039040,9903.88.03,3,25
45039060,9903.88.03,3,25
45041010,9903.88.03,3,25
45041020,9903.88.03,3,25
45041030,9903.88.03,3,25
45041040,9903.88.03,3,25
45041045,9903.88.03,3,25
45041047,9903.88.03,3,25
45041050,9903.88.03,3,25
45049000,9903.88.03,3,25
46012140,9903.88.03,3,25
46012180,9903.88.03,3,25
46012190,9903.88.03,3,25
46012240,9903.88.03,3,25
46012280,9903.88.03,3,25
46012290,9903.88.03,3,25
46012940,9903.88.03,3,25
46012960,9903.88.03,3,25
46012980,9903.88.03,3,25
46012990,9903.88.03,3,25
46019205,9903.88.03,3,25
46019220,9903.88.03,3,25
46019301,9903.88.03,3,25
46019305,9903.88.03,3,25
46019320,9903.88.03,3,25
46019405,9903.88.03,3,25
46019420,9903.88.03,3,25
46019440,9903.88.03,3,25
46019905,9903.88.03,3,25
46019990,9903.88.03,3,25
46021105,9903.88.03,3,25
46021107,9903.88.03,3,25
46021109,9903.88.03,3,25
46021121,9903.88.03,3,25
46021135,9903.88.03,3,25
46021145,9903.88.03,3,25
46021205,9903.88.03,3,25
46021214,9903.88.03,3,25
46021216,9903.88.03,3,25
46021223,9903.88.03,3,25
46021225,9903.88.03,3,25
46021235,9903.88.03,3,25
46021245,9903.88.03,3,25
46021905,9903.88.03,3,25
46021912,9903.88.03,3,25
46021914,9903.88.03,3,25
46021916,9903.88.03,3,25
46021917,9903.88.03,3,25
46021918,9903.88.03,3,25
46021922,9903.88.03,3,25
46021923,9903.88.03,3,25
46021925,9903.88.03,3,25
46021929,9903.88.03,3,25
46021935,9903.88.03,3,25
46021945,9903.88.03,3,25
46021960,9903.88.03,3,25
46021980,9903.88.03,3,25
46029000,9903.88.03,3,25
47010000,9903.88.03,3,25
47020000,9903.88.03,3,25
47031100,9903.88.03,3,25
47031900,9903.88.03,3,25
47032100,9903.88.03,3,25
47032900,9903.88.03,3,25
47041100,9903.88.03,3,25
47041900,9903.88.03,3,25
47042100,9903.88.03,3,25
47042900,9903.88.03,3,25
47050000,9903.88.03,3,25
47061000,9903.88.03,3,25
47062000,9903.88.03,3,25
47063000,9903.88.03,3,25
47069100,9903.88.03,3,25
47069201,9903.88.03,3,25
47069301,9903.88.03,3,25
47071000,9903.88.03,3,25
47072000,9903.88.03,3,25
47073000,9903.88.03,3,25
47079000,9903.88.03,3,25
48010001,9903.88.03,3,25
48021000,9903.88.03,3,25
48022010,9903.88.03,3,25
48022020,9903.88.03,3,25
48022040,9903.88.03,3,25
48024000,9903.88.03,3,25
48025410,9903.88.03,3,25
48025420,9903.88.03,3,25
48025431,9903.88.03,3,25
48025450,9903.88.03,3,25
48025461,9903.88.03,3,25
48025510,9903.88.03,3,25
48025520,9903.88.03,3,25
48025530,9903.88.03,3,25
48025540,9903.88.03,3,25
48025560,9903.88.03,3,25
48025570,9903.88.03,3,25
48025610,9903.88.03,3,25
48025620,9903.88.03,3,25
48025630,9903.88.03,3,25
48025640,9903.88.03,3,25
48025660,9903.88.03,3,25
48025670,9903.88.03,3,25
48025710,9903.88.03,3,25
48025720,9903.88.03,3,25
48025730,9903.88.03,3,25
48025740,9903.88.03,3,25
48025810,9903.88.03,3,25
48025820,9903.88.03,3,25
48025850,9903.88.03,3,25
48025860,9903.88.03,3,25
48026110,9903.88.03,3,25
48026120,9903.88.03,3,25
48026131,9903.88.03,3,25
48026150,9903.88.03,3,25
48026160,9903.88.03,3,25
48026210,9903.88.03,3,25
48026220,9903.88.03,3,25
48026230,9903.88.03,3,25
48026250,9903.88.03,3,25
48026261,9903.88.03,3,25
48026910,9903.88.03,3,25
48026920,9903.88.03,3,25
48026930,9903.88.03,3,25
48030020,9903.88.03,3,25
48030040,9903.88.03,3,25
48041100,9903.88.03,3,25
48041900,9903.88.03,3,25
48042100,9903.88.03,3,25
48042900,9903.88.03,3,25
48043110,9903.88.03,3,25
48043120,9903.88.03,3,25
48043140,9903.88.03,3,25
48043160,9903.88.03,3,25
48043920,9903.88.03,3,25
48043940,9903.88.03,3,25
48043960,9903.88.03,3,25
48044120,9903.88.03,3,25
48044140,9903.88.03,3,25
48044200,9903.88.03,3,25
48044900,9903.88.03,3,25
48045100,9903.88.03,3,25
48045200,9903.88.03,3,25
48045900,9903.88.03,3,25
48051100,9903.88.03,3,25
48051210,9903.88.03,3,25
48051220,9903.88.03,3,25
48051910,9903.88.03,3,25
48051920,9903.88.03,3,25
48052450,9903.88.03,3,25
48052470,9903.88.03,3,25
48052490,9903.88.03,3,25
48052500,9903.88.03,3,25
48053000,9903.88.03,3,25
48054000,9903.88.03,3,25
48055000,9903.88.03,3,25
48059110,9903.88.03,3,25
48059120,9903.88.03,3,25
48059150,9903.88.03,3,25
48059170,9903.88.03,3,25
48059190,9903.88.03,3,25
48059220,9903.88.03,3,25
48059240,9903.88.03,3,25
48059320,9903.88.03,3,25
48059340,9903.88.03,3,25
48061000,9903.88.03,3,25
48062000,9903.88.03,3,25
48063000,9903.88.03,3,25
48064000,9903.88.03,3,25
48070010,9903.88.03,3,25
48070091,9903.88.03,3,25
48070092,9903.88.03,3,25
48070094,9903.88.03,3,25
48081000,9903.88.03,3,25
48084000,9903.88.03,3,25
48089020,9903.88.03,3,25
48089040,9903.88.03,3,25
48089060,9903.88.03,3,25
48092020,9903.88.03,3,25
48092040,9903.88.03,3,25
48099020,9903.88.03,3,25
48099040,9903.88.03,3,25
48099060,9903.88.03,3,25
48099071,9903.88.03,3,25
48099080,9903.88.03,3,25
48101311,9903.88.03,3,25
48101313,9903.88.03,3,25
48101319,9903.88.03,3,25
48101320,9903.88.03,3,25
48101350,9903.88.03,3,25
48101360,9903.88.03,3,25
48101370,9903.88.03,3,25
48101411,9903.88.03,3,25
48101413,9903.88.03,3,25
48101419,9903.88.03,3,25
48101420,9903.88.03,3,25
48101450,9903.88.03,3,25
48101460,9903.88.03,3,25
48101470,9903.88.03,3,25
48101911,9903.88.03,3,25
48101913,9903.88.03,3,25
48101919,9903.88.03,3,25
48101920,9903.88.03,3,25
48102210,9903.88.03,3,25
48102250,9903.88.03,3,25
48102260,9903.88.03,3,25
48102270,9903.88.03,3,25
48102910,9903.88.03,3,25
48102950,9903.88.03,3,25
48102960,9903.88.03,3,25
48102970,9903.88.03,3,25
48103110,9903.88.03,3,25
48103130,9903.88.03,3,25
48103165,9903.88.03,3,25
48103210,9903.88.03,3,25
48103230,9903.88.03,3,25
48103265,9903.88.03,3,25
48103912,9903.88.03,3,25
48103914,9903.88.03,3,25
48103930,9903.88.03,3,25
48103965,9903.88.03,3,25
48109212,9903.88.03,3,25
48109214,9903.88.03,3,25
48109230,9903.88.03,3,25
48109265,9903.88.03,3,25
48109910,9903.88.03,3,25
48109930,9903.88.03,3,25
48109965,9903.88.03,3,25
48111011,9903.88.03,3,25
48111021,9903.88.03,3,25
48114110,9903.88.03,3,25
48114121,9903.88.03,3,25
48114130,9903.88.03,3,25
48114910,9903.88.03,3,25
48114921,9903.88.03,3,25
48114930,9903.88.03,3,25
48115120,9903.88.03,3,25
48115140,9903.88.03,3,25
48115160,9903.88.03,3,25
48115920,9903.88.03,3,25
48115940,9903.88.03,3,25
48115960,9903.88.03,3,25
48116040,9903.88.03,3,25
48116060,9903.88.03,3,25
48119010,9903.88.03,3,25
48119020,9903.88.03,3,25
48119030,9903.88.03,3,25
48119040,9903.88.03,3,25
48119060,9903.88.03,3,25
48119080,9903.88.03,3,25
48119090,9903.88.03,3,25
48120000,9903.88.03,3,25
48131000,9903.88.03,3,25
48132000,9903.88.03,3,25
48139000,9903.88.03,3,25
48142000,9903.88.15,4A,15
48149002,9903.88.15,4A,15
48162000,9903.88.03,3,25
48169001,9903.88.03,3,25
48171000,9903.88.03,3,25
48172020,9903.88.03,3,25
48172040,9903.88.03,3,25
48173000,9903.88.03,3,25
48181000,9903.88.03,3,25
48182000,9903.88.03,3,25
48183000,9903.88.03,3,25
48185000,9903.88.03,3,25
48189000,9903.88.15,4A,15
48191000,9903.88.03,3,25
48192000,9903.88.03,3,25
48193000,9903.88.03,3,25
48194000,9903.88.03,3,25
48195020,9903.88.03,3,25
48195030,9903.88.03,3,25
48195040,9903.88.03,3,25
48196000,9903.88.03,3,25
48201020,9903.88.03,3,25
48201040,9903.88.03,3,25
48202000,9903.88.03,3,25
48203000,9903.88.03,3,25
48204000,9903.88.03,3,25
48205000,9903.88.03,3,25
48209000,9903.88.03,3,25
48211020,9903.88.03,3,25
48211040,9903.88.03,3,25
48219020,9903.88.03,3,25
48219040,9903.88.03,3,25
48221000,9903.88.03,3,25
48229000,9903.88.03,3,25
48232010,9903.88.03,3,25
48232090,9903.88.03,3,25
48234000,9903.88.03,3,25
48236100,9903.88.03,3,25
48236900,9903.88.03,3,25
48237000,9903.88.03,3,25
48239010,9903.88.03,3,25
48239020,9903.88.03,3,25
48239031,9903.88.03,3,25
48239040,9903.88.03,3,25
48239050,9903.88.03,3,25
48239060,9903.88.03,3,25
48239067,9903.88.03,3,25
48239070,9903.88.03,3,25
48239080,9903.88.03,3,25
48239086,9903.88.03,3,25
49011000,9903.88.15,4A,15
49019100,9903.88.15,4A,15
49021000,9903.88.15,4A,15
49029010,9903.88.15,4A,15
49029020,9903.88.15,4A,15
49040000,9903.88.15,4A,15
49052000,9903.88.15,4A,15
49059020,9903.88.15,4A,15
49059060,9903.88.15,4A,15
49060000,9903.88.15,4A,15
49070000,9903.88.15,4A,15
49081000,9903.88.15,4A,15
49089000,9903.88.15,4A,15
49090020,9903.88.15,4A,15
49100040,9903.88.15,4A,15
49100060,9903.88.15,4A,15
49111000,9903.88.15,4A,15
49119110,9903.88.15,4A,15
49119115,9903.88.15,4A,15
49119140,9903.88.15,4A,15
49119920,9903.88.15,4A,15
49119960,9903.88.15,4A,15
49119980,9903.88.15,4A,15
50010000,9903.88.03,3,25
50020000,9903.88.03,3,25
50030010,9903.88.03,3,25
50030090,9903.88.03,3,25
50040000,9903.88.03,3,25
50050000,9903.88.03,3,25
50060010,9903.88.03,3,25
50060090,9903.88.03,3,25
50071030,9903.88.03,3,25
50071060,9903.88.03,3,25
50072000,9903.88.03,3,25
50079030,9903.88.03,3,25
50079060,9903.88.03,3,25
51011110,9903.88.03,3,25
51011120,9903.88.03,3,25
51011140,9903.88.03,3,25
51011150,9903.88.03,3,25
51011160,9903.88.03,3,25
51011910,9903.88.03,3,25
51011920,9903.88.03,3,25
51011940,9903.88.03,3,25
51011950,9903.88.03,3,25
51011960,9903.88.03,3,25
51012110,9903.88.03,3,25
51012115,9903.88.03,3,25
51012130,9903.88.03,3,25
51012135,9903.88.03,3,25
51012140,9903.88.03,3,25
51012165,9903.88.03,3,25
51012170,9903.88.03,3,25
51012910,9903.88.03,3,25
51012915,9903.88.03,3,25
51012930,9903.88.03,3,25
51012935,9903.88.03,3,25
51012940,9903.88.03,3,25
51012965,9903.88.03,3,25
51012970,9903.88.03,3,25
51013010,9903.88.03,3,25
51013015,9903.88.03,3,25
51013030,9903.88.03,3,25
51013040,9903.88.03,3,25
51013065,9903.88.03,3,25
51013070,9903.88.03,3,25
51021110,9903.88.03,3,25
51021190,9903.88.03,3,25
51021920,9903.88.03,3,25
51021960,9903.88.03,3,25
51021980,9903.88.03,3,25
51021990,9903.88.03,3,25
51022000,9903.88.03,3,25
51031000,9903.88.03,3,25
51032000,9903.88.03,3,25
51033000,9903.88.03,3,25
51040000,9903.88.03,3,25
51051000,9903.88.03,3,25
51052100,9903.88.03,3,25
51052900,9903.88.03,3,25
51053100,9903.88.03,3,25
51053900,9903.88.03,3,25
51054000,9903.88.03,3,25
51061000,9903.88.03,3,25
51062000,9903.88.03,3,25
51071030,9903.88.03,3,25
51071060,9903.88.03,3,25
51072030,9903.88.03,3,25
51072060,9903.88.03,3,25
51081030,9903.88.03,3,25
51081040,9903.88.03,3,25
51081080,9903.88.03,3,25
51082030,9903.88.03,3,25
51082040,9903.88.03,3,25
51082080,9903.88.03,3,25
51091020,9903.88.03,3,25
51091040,9903.88.03,3,25
51091080,9903.88.03,3,25
51091090,9903.88.03,3,25
51099020,9903.88.03,3,25
51099040,9903.88.03,3,25
51099080,9903.88.03,3,25
51099090,9903.88.03,3,25
51100000,9903.88.03,3,25
51111120,9903.88.03,3,25
51111130,9903.88.03,3,25
51111170,9903.88.03,3,25
51111910,9903.88.03,3,25
51111920,9903.88.03,3,25
51111960,9903.88.03,3,25
51112005,9903.88.03,3,25
51112010,9903.88.03,3,25
51112090,9903.88.03,3,25
51113005,9903.88.03,3,25
51113010,9903.88.03,3,25
51113090,9903.88.03,3,25
51119030,9903.88.03,3,25
51119040,9903.88.03,3,25
51119050,9903.88.03,3,25
51119090,9903.88.03,3,25
51121110,9903.88.03,3,25
51121130,9903.88.03,3,25
51121160,9903.88.03,3,25
51121920,9903.88.03,3,25
51121960,9903.88.03,3,25
51121995,9903.88.03,3,25
51122010,9903.88.03,3,25
51122020,9903.88.03,3,25
51122030,9903.88.03,3,25
51123010,9903.88.03,3,25
51123020,9903.88.03,3,25
51123030,9903.88.03,3,25
51129030,9903.88.03,3,25
51129040,9903.88.03,3,25
51129050,9903.88.03,3,25
51129090,9903.88.03,3,25
51130000,9903.88.03,3,25
52010005,9903.88.03,3,25
52010012,9903.88.03,3,25
52010014,9903.88.03,3,25
52010018,9903.88.03,3,25
52010022,9903.88.03,3,25
52010024,9903.88.03,3,25
52010028,9903.88.03,3,25
52010034,9903.88.03,3,25
52010038,9903.88.03,3,25
52010055,9903.88.03,3,25
52010060,9903.88.03,3,25
52010080,9903.88.03,3,25
52021000,9903.88.03,3,25
52029100,9903.88.03,3,25
52029905,9903.88.03,3,25
52029910,9903.88.03,3,25
52029930,9903.88.03,3,25
52029950,9903.88.03,3,25
52030005,9903.88.03,3,25
52030010,9903.88.03,3,25
52030030,9903.88.03,3,25
52030050,9903.88.03,3,25
52041100,9903.88.03,3,25
52041900,9903.88.03,3,25
52042000,9903.88.03,3,25
52051110,9903.88.03,3,25
52051120,9903.88.03,3,25
52051210,9903.88.03,3,25
52051220,9903.88.03,3,25
52051310,9903.88.03,3,25
52051320,9903.88.03,3,25
52051410,9903.88.03,3,25
52051420,9903.88.03,3,25
52051510,9903.88.03,3,25
52051520,9903.88.03,3,25
52052100,9903.88.03,3,25
52052200,9903.88.03,3,25
52052300,9903.88.03,3,25
52052400,9903.88.03,3,25
52052600,9903.88.03,3,25
52052700,9903.88.03,3,25
52052800,9903.88.03,3,25
52053100,9903.88.03,3,25
52053200,9903.88.03,3,25
52053300,9903.88.03,3,25
52053400,9903.88.03,3,25
52053500,9903.88.03,3,25
52054100,9903.88.03,3,25
52054200,9903.88.03,3,25
52054300,9903.88.03,3,25
52054400,9903.88.03,3,25
52054600,9903.88.03,3,25
52054700,9903.88.03,3,25
52054800,9903.88.03,3,25
52061100,9903.88.03,3,25
52061200,9903.88.03,3,25
52061300,9903.88.03,3,25
52061400,9903.88.03,3,25
52061500,9903.88.03,3,25
52062100,9903.88.03,3,25
52062200,9903.88.03,3,25
52062300,9903.88.03,3,25
52062400,9903.88.03,3,25
52062500,9903.88.03,3,25
52063100,9903.88.03,3,25
52063200,9903.88.03,3,25
52063300,9903.88.03,3,25
52063400,9903.88.03,3,25
52063500,9903.88.03,3,25
52064100,9903.88.03,3,25
52064200,9903.88.03,3,25
52064300,9903.88.03,3,25
52064400,9903.88.03,3,25
52064500,9903.88.03,3,25
52071000,9903.88.03,3,25
52079000,9903.88.03,3,25
52081120,9903.88.03,3,25
52081140,9903.88.03,3,25
52081160,9903.88.03,3,25
52081180,9903.88.03,3,25
52081240,9903.88.03,3,25
52081260,9903.88.03,3,25
52081280,9903.88.03,3,25
52081300,9903.88.03,3,25
52081920,9903.88.03,3,25
52081940,9903.88.03,3,25
52081960,9903.88.03,3,25
52081980,9903.88.03,3,25
52082120,9903.88.03,3,25
52082140,9903.88.03,3,25
52082160,9903.88.03,3,25
52082240,9903.88.03,3,25
52082260,9903.88.03,3,25
52082280,9903.88.03,3,25
52082300,9903.88.03,3,25
52082920,9903.88.03,3,25
52082940,9903.88.03,3,25
52082960,9903.88.03,3,25
52082980,9903.88.03,3,25
52083120,9903.88.03,3,25
52083140,9903.88.03,3,25
52083160,9903.88.03,3,25
52083180,9903.88.03,3,25
52083210,9903.88.03,3,25
52083230,9903.88.03,3,25
52083240,9903.88.03,3,25
52083250,9903.88.03,3,25
52083300,9903.88.03,3,25
52083920,9903.88.03,3,25
52083940,9903.88.03,3,25
52083960,9903.88.03,3,25
52083980,9903.88.03,3,25
52084120,9903.88.03,3,25
52084140,9903.88.03,3,25
52084160,9903.88.03,3,25
52084180,9903.88.03,3,25
52084210,9903.88.03,3,25
52084230,9903.88.03,3,25
52084240,9903.88.03,3,25
52084250,9903.88.03,3,25
52084300,9903.88.03,3,25
52084920,9903.88.03,3,25
52084940,9903.88.03,3,25
52084960,9903.88.03,3,25
52084980,9903.88.03,3,25
52085120,9903.88.03,3,25
52085140,9903.88.03,3,25
52085160,9903.88.03,3,25
52085180,9903.88.03,3,25
52085210,9903.88.03,3,25
52085230,9903.88.03,3,25
52085240,9903.88.03,3,25
52085250,9903.88.03,3,25
52085910,9903.88.03,3,25
52085920,9903.88.03,3,25
52085940,9903.88.03,3,25
52085960,9903.88.03,3,25
52085980,9903.88.03,3,25
52091100,9903.88.03,3,25
52091200,9903.88.03,3,25
52091900,9903.88.03,3,25
52092100,9903.88.03,3,25
52092200,9903.88.03,3,25
52092900,9903.88.03,3,25
52093130,9903.88.03,3,25
52093160,9903.88.03,3,25
52093200,9903.88.03,3,25
52093900,9903.88.03,3,25
52094130,9903.88.03,3,25
52094160,9903.88.03,3,25
52094200,9903.88.03,3,25
52094300,9903.88.03,3,25
52094900,9903.88.03,3,25
52095130,9903.88.03,3,25
52095160,9903.88.03,3,25
52095200,9903.88.03,3,25
52095900,9903.88.03,3,25
52101140,9903.88.15,4A,15
52101160,9903.88.15,4A,15
52101180,9903.88.03,3,25
52101920,9903.88.03,3,25
52101940,9903.88.03,3,25
52101960,9903.88.03,3,25
52101980,9903.88.03,3,25
52102140,9903.88.03,3,25
52102160,9903.88.03,3,25
52102180,9903.88.03,3,25
52102910,9903.88.03,3,25
52102920,9903.88.03,3,25
52102940,9903.88.03,3,25
52102960,9903.88.03,3,25
52102980,9903.88.03,3,25
52103140,9903.88.03,3,25
52103160,9903.88.03,3,25
52103180,9903.88.03,3,25
52103200,9903.88.03,3,25
52103920,9903.88.03,3,25
52103940,9903.88.03,3,25
52103960,9903.88.03,3,25
52103980,9903.88.03,3,25
52104140,9903.88.03,3,25
52104160,9903.88.03,3,25
52104180,9903.88.03,3,25
52104910,9903.88.03,3,25
52104920,9903.88.03,3,25
52104940,9903.88.03,3,25
52104960,9903.88.03,3,25
52104980,9903.88.03,3,25
52105140,9903.88.03,3,25
52105160,9903.88.03,3,25
52105180,9903.88.03,3,25
52105910,9903.88.03,3,25
52105920,9903.88.03,3,25
52105940,9903.88.03,3,25
52105960,9903.88.03,3,25
52105980,9903.88.03,3,25
52111100,9903.88.03,3,25
52111200,9903.88.03,3,25
52111900,9903.88.03,3,25
52112021,9903.88.03,3,25
52112022,9903.88.03,3,25
52112029,9903.88.03,3,25
52113100,9903.88.03,3,25
52113200,9903.88.03,3,25
52113900,9903.88.03,3,25
52114100,9903.88.03,3,25
52114200,9903.88.03,3,25
52114300,9903.88.03,3,25
52114900,9903.88.03,3,25
52115100,9903.88.03,3,25
52115200,9903.88.03,3,25
52115900,9903.88.03,3,25
52121110,9903.88.03,3,25
52121160,9903.88.03,3,25
52121210,9903.88.03,3,25
52121260,9903.88.03,3,25
52121310,9903.88.03,3,25
52121360,9903.88.03,3,25
52121410,9903.88.03,3,25
52121460,9903.88.03,3,25
52121510,9903.88.03,3,25
52121560,9903.88.03,3,25
52122110,9903.88.03,3,25
52122160,9903.88.03,3,25
52122210,9903.88.03,3,25
52122260,9903.88.03,3,25
52122310,9903.88.03,3,25
52122360,9903.88.03,3,25
52122410,9903.88.03,3,25
52122460,9903.88.03,3,25
52122510,9903.88.03,3,25
52122560,9903.88.03,3,25
53011000,9903.88.03,3,25
53012100,9903.88.03,3,25
53012900,9903.88.03,3,25
53013000,9903.88.03,3,25
53021000,9903.88.03,3,25
53029000,9903.88.03,3,25
53031000,9903.88.03,3,25
53039000,9903.88.03,3,25
53050000,9903.88.03,3,25
53061000,9903.88.03,3,25
53062000,9903.88.03,3,25
53071000,9903.88.03,3,25
53072000,9903.88.03,3,25
53081000,9903.88.03,3,25
53082000,9903.88.03,3,25
53089010,9903.88.03,3,25
53089090,9903.88.15,4A,15
53091100,9903.88.03,3,25
53091900,9903.88.03,3,25
53092120,9903.88.03,3,25
53092130,9903.88.03,3,25
53092140,9903.88.03,3,25
53092920,9903.88.03,3,25
53092930,9903.88.03,3,25
53092940,9903.88.03,3,25
53101000,9903.88.03,3,25
53109000,9903.88.03,3,25
53110020,9903.88.03,3,25
53110030,9903.88.03,3,25
53110040,9903.88.03,3,25
53110060,9903.88.03,3,25
54011000,9903.88.03,3,25
54012000,9903.88.03,3,25
54021130,9903.88.03,3,25
54021160,9903.88.03,3,25
54021930,9903.88.03,3,25
54021960,9903.88.03,3,25
54022030,9903.88.03,3,25
54023130,9903.88.03,3,25
54023160,9903.88.03,3,25
54023230,9903.88.03,3,25
54023260,9903.88.03,3,25
54023330,9903.88.03,3,25
54023360,9903.88.03,3,25
54023430,9903.88.03,3,25
54023460,9903.88.03,3,25
54023931,9903.88.03,3,25
54023961,9903.88.03,3,25
54024400,9903.88.03,3,25
54024510,9903.88.03,3,25
54024590,9903.88.03,3,25
54024600,9903.88.03,3,25
54024710,9903.88.03,3,25
54024790,9903.88.03,3,25
54024800,9903.88.03,3,25
54024911,9903.88.03,3,25
54024991,9903.88.03,3,25
54025100,9903.88.03,3,25
54025210,9903.88.03,3,25
54025290,9903.88.03,3,25
54025300,9903.88.03,3,25
54025901,9903.88.03,3,25
54026100,9903.88.03,3,25
54026200,9903.88.03,3,25
54026300,9903.88.03,3,25
54026901,9903.88.03,3,25
54031030,9903.88.03,3,25
54031060,9903.88.03,3,25
54033100,9903.88.03,3,25
54033200,9903.88.03,3,25
54033300,9903.88.03,3,25
54033910,9903.88.03,3,25
54033990,9903.88.03,3,25
54034100,9903.88.03,3,25
54034200,9903.88.03,3,25
54034910,9903.88.03,3,25
54034990,9903.88.03,3,25
54041100,9903.88.03,3,25
54041210,9903.88.03,3,25
54041290,9903.88.03,3,25
54041910,9903.88.03,3,25
54041980,9903.88.03,3,25
54049000,9903.88.03,3,25
54050030,9903.88.03,3,25
54050060,9903.88.03,3,25
54060010,9903.88.03,3,25
54060020,9903.88.03,3,25
54071000,9903.88.03,3,25
54072000,9903.88.03,3,25
54073010,9903.88.03,3,25
54073090,9903.88.03,3,25
54074100,9903.88.03,3,25
54074200,9903.88.03,3,25
54074310,9903.88.03,3,25
54074320,9903.88.03,3,25
54074400,9903.88.03,3,25
54075100,9903.88.03,3,25
54075205,9903.88.03,3,25
54075220,9903.88.03,3,25
54075310,9903.88.03,3,25
54075320,9903.88.03,3,25
54075400,9903.88.15,4A,15
54076111,9903.88.03,3,25
54076119,9903.88.03,3,25
54076121,9903.88.03,3,25
54076129,9903.88.03,3,25
54076191,9903.88.03,3,25
54076199,9903.88.03,3,25
54076910,9903.88.03,3,25
54076920,9903.88.03,3,25
54076930,9903.88.03,3,25
54076940,9903.88.03,3,25
54076990,9903.88.03,3,25
54077100,9903.88.03,3,25
54077200,9903.88.03,3,25
54077310,9903.88.03,3,25
54077320,9903.88.03,3,25
54077400,9903.88.03,3,25
54078100,9903.88.03,3,25
54078200,9903.88.03,3,25
54078300,9903.88.03,3,25
54078400,9903.88.03,3,25
54079105,9903.88.03,3,25
54079110,9903.88.03,3,25
54079120,9903.88.03,3,25
54079205,9903.88.03,3,25
54079210,9903.88.03,3,25
54079220,9903.88.03,3,25
54079305,9903.88.03,3,25
54079310,9903.88.03,3,25
54079315,9903.88.03,3,25
54079320,9903.88.03,3,25
54079405,9903.88.03,3,25
54079410,9903.88.03,3,25
54079420,9903.88.03,3,25
54081000,9903.88.03,3,25
54082100,9903.88.03,3,25
54082210,9903.88.03,3,25
54082290,9903.88.03,3,25
54082311,9903.88.03,3,25
54082319,9903.88.03,3,25
54082321,9903.88.03,3,25
54082329,9903.88.03,3,25
54082410,9903.88.03,3,25
54082490,9903.88.03,3,25
54083105,9903.88.03,3,25
54083110,9903.88.03,3,25
54083120,9903.88.03,3,25
54083205,9903.88.03,3,25
54083210,9903.88.03,3,25
54083230,9903.88.03,3,25
54083290,9903.88.03,3,25
54083305,9903.88.03,3,25
54083310,9903.88.03,3,25
54083315,9903.88.03,3,25
54083330,9903.88.03,3,25
54083390,9903.88.03,3,25
54083405,9903.88.03,3,25
54083410,9903.88.03,3,25
54083430,9903.88.03,3,25
54083490,9903.88.03,3,25
55011100,9903.88.03,3,25
55011900,9903.88.03,3,25
55012000,9903.88.03,3,25
55013000,9903.88.03,3,25
55014000,9903.88.03,3,25
55019001,9903.88.03,3,25
55021000,9903.88.03,3,25
55029000,9903.88.03,3,25
55031100,9903.88.03,3,25
55031910,9903.88.03,3,25
55031990,9903.88.03,3,25
55032000,9903.88.03,3,25
55033000,9903.88.03,3,25
55034000,9903.88.03,3,25
55039010,9903.88.03,3,25
55039090,9903.88.03,3,25
55041000,9903.88.15,4A,15
55049000,9903.88.03,3,25
55051000,9903.88.03,3,25
55052000,9903.88.03,3,25
55061000,9903.88.03,3,25
55062000,9903.88.03,3,25
55063000,9903.88.03,3,25
55064000,9903.88.03,3,25
55069001,9903.88.03,3,25
55070000,9903.88.03,3,25
55081000,9903.88.03,3,25
55082000,9903.88.03,3,25
55091100,9903.88.03,3,25
55091200,9903.88.03,3,25
55092100,9903.88.03,3,25
55092200,9903.88.03,3,25
55093100,9903.88.03,3,25
55093200,9903.88.03,3,25
55094100,9903.88.03,3,25
55094200,9903.88.03,3,25
55095130,9903.88.03,3,25
55095160,9903.88.03,3,25
55095200,9903.88.03,3,25
55095300,9903.88.03,3,25
55095900,9903.88.03,3,25
55096100,9903.88.03,3,25
55096200,9903.88.03,3,25
55096920,9903.88.03,3,25
55096940,9903.88.03,3,25
55096960,9903.88.03,3,25
55099100,9903.88.03,3,25
55099200,9903.88.03,3,25
55099920,9903.88.03,3,25
55099940,9903.88.03,3,25
55099960,9903.88.03,3,25
55101100,9903.88.03,3,25
55101200,9903.88.03,3,25
55102000,9903.88.03,3,25
55103000,9903.88.03,3,25
55109020,9903.88.03,3,25
55109040,9903.88.03,3,25
55109060,9903.88.03,3,25
55111000,9903.88.03,3,25
55112000,9903.88.03,3,25
55113000,9903.88.03,3,25
55121100,9903.88.03,3,25
55121900,9903.88.03,3,25
55122100,9903.88.03,3,25
55122900,9903.88.03,3,25
55129100,9903.88.03,3,25
55129900,9903.88.03,3,25
55131100,9903.88.03,3,25
55131200,9903.88.03,3,25
55131300,9903.88.03,3,25
55131900,9903.88.03,3,25
55132301,9903.88.03,3,25
55132900,9903.88.03,3,25
55133100,9903.88.03,3,25
55133901,9903.88.03,3,25
55134100,9903.88.03,3,25
55134910,9903.88.03,3,25
55134920,9903.88.03,3,25
55134990,9903.88.03,3,25
55141100,9903.88.03,3,25
55141200,9903.88.03,3,25
55141910,9903.88.03,3,25
55141990,9903.88.03,3,25
55142100,9903.88.03,3,25
55142200,9903.88.03,3,25
55142300,9903.88.03,3,25
55142900,9903.88.03,3,25
55143031,9903.88.03,3,25
55143032,9903.88.03,3,25
55143033,9903.88.03,3,25
55143039,9903.88.03,3,25
55144100,9903.88.03,3,25
55144200,9903.88.03,3,25
55144300,9903.88.03,3,25
55144900,9903.88.03,3,25
55151100,9903.88.03,3,25
55151200,9903.88.03,3,25
55151305,9903.88.03,3,25
55151310,9903.88.03,3,25
55151900,9903.88.03,3,25
55152100,9903.88.03,3,25
55152205,9903.88.03,3,25
55152210,9903.88.03,3,25
55152900,9903.88.03,3,25
55159100,9903.88.03,3,25
55159905,9903.88.03,3,25
55159910,9903.88.03,3,25
55159990,9903.88.03,3,25
55161100,9903.88.03,3,25
55161200,9903.88.03,3,25
55161300,9903.88.03,3,25
55161400,9903.88.03,3,25
55162100,9903.88.03,3,25
55162200,9903.88.03,3,25
55162300,9903.88.03,3,25
55162400,9903.88.03,3,25
55163105,9903.88.03,3,25
55163110,9903.88.03,3,25
55163205,9903.88.03,3,25
55163210,9903.88.03,3,25
55163305,9903.88.03,3,25
55163310,9903.88.03,3,25
55163405,9903.88.03,3,25
55163410,9903.88.03,3,25
55164100,9903.88.03,3,25
55164200,9903.88.03,3,25
55164300,9903.88.03,3,25
55164400,9903.88.03,3,25
55169100,9903.88.03,3,25
55169200,9903.88.03,3,25
55169300,9903.88.03,3,25
55169400,9903.88.03,3,25
56012100,9903.88.03,3,25
56012200,9903.88.03,3,25
56012900,9903.88.03,3,25
56013000,9903.88.03,3,25
56021010,9903.88.03,3,25
56021090,9903.88.03,3,25
56022100,9903.88.03,3,25
56022900,9903.88.03,3,25
56029030,9903.88.03,3,25
56029060,9903.88.03,3,25
56029090,9903.88.03,3,25
56031100,9903.88.03,3,25
56031200,9903.88.03,3,25
56031300,9903.88.03,3,25
56031430,9903.88.03,3,25
56031490,9903.88.03,3,25
56039100,9903.88.03,3,25
56039200,9903.88.03,3,25
56039300,9903.88.03,3,25
56039410,9903.88.03,3,25
56039430,9903.88.03,3,25
56039490,9903.88.03,3,25
56041000,9903.88.03,3,25
56049020,9903.88.03,3,25
56049090,9903.88.03,3,25
56050010,9903.88.03,3,25
56050090,9903.88.03,3,25
56060000,9903.88.03,3,25
56072100,9903.88.03,3,25
56072900,9903.88.03,3,25
56074110,9903.88.03,3,25
56074130,9903.88.03,3,25
56074910,9903.88.03,3,25
56074915,9903.88.03,3,25
56074925,9903.88.03,3,25
56074930,9903.88.03,3,25
56075025,9903.88.03,3,25
56075035,9903.88.03,3,25
56075040,9903.88.03,3,25
56079010,9903.88.03,3,25
56079015,9903.88.03,3,25
56079025,9903.88.03,3,25
56079035,9903.88.03,3,25
56079090,9903.88.03,3,25
56081100,9903.88.03,3,25
56081910,9903.88.03,3,25
56081920,9903.88.03,3,25
56089010,9903.88.03,3,25
56089023,9903.88.03,3,25
56089027,9903.88.03,3,25
56089030,9903.88.03,3,25
56090010,9903.88.03,3,25
56090020,9903.88.03,3,25
56090030,9903.88.03,3,25
56090040,9903.88.03,3,25
57011013,9903.88.03,3,25
57011016,9903.88.03,3,25
57011040,9903.88.03,3,25
57011090,9903.88.03,3,25
57019010,9903.88.03,3,25
57019020,9903.88.03,3,25
57021010,9903.88.03,3,25
57021090,9903.88.03,3,25
57022010,9903.88.03,3,25
57022020,9903.88.03,3,25
57023110,9903.88.03,3,25
57023120,9903.88.03,3,25
57023210,9903.88.03,3,25
57023220,9903.88.03,3,25
57023910,9903.88.03,3,25
57023920,9903.88.03,3,25
57024110,9903.88.03,3,25
57024120,9903.88.03,3,25
57024210,9903.88.03,3,25
57024220,9903.88.03,3,25
57024910,9903.88.03,3,25
57024915,9903.88.03,3,25
57024920,9903.88.03,3,25
57025020,9903.88.03,3,25
57025040,9903.88.03,3,25
57025052,9903.88.03,3,25
57025056,9903.88.03,3,25
57025059,9903.88.03,3,25
57029120,9903.88.03,3,25
57029130,9903.88.03,3,25
57029140,9903.88.03,3,25
57029210,9903.88.03,3,25
57029290,9903.88.03,3,25
57029905,9903.88.03,3,25
57029915,9903.88.03,3,25
57029920,9903.88.03,3,25
57031020,9903.88.03,3,25
57031080,9903.88.03,3,25
57032100,9903.88.03,3,25
57032910,9903.88.03,3,25
57032920,9903.88.03,3,25
57033100,9903.88.03,3,25
57033910,9903.88.03,3,25
57033920,9903.88.03,3,25
57039000,9903.88.03,3,25
57041000,9903.88.03,3,25
57042000,9903.88.03,3,25
57049001,9903.88.03,3,25
57050010,9903.88.03,3,25
57050020,9903.88.03,3,25
58011000,9903.88.03,3,25
58012100,9903.88.03,3,25
58012210,9903.88.03,3,25
58012290,9903.88.03,3,25
58012300,9903.88.03,3,25
58012600,9903.88.03,3,25
58012710,9903.88.03,3,25
58012750,9903.88.03,3,25
58013300,9903.88.15,4A,15
58013600,9903.88.15,4A,15
58013710,9903.88.03,3,25
58013750,9903.88.03,3,25
58019010,9903.88.03,3,25
58019020,9903.88.03,3,25
58021010,9903.88.03,3,25
58021090,9903.88.03,3,25
58022000,9903.88.03,3,25
58023000,9903.88.03,3,25
58030010,9903.88.03,3,25
58030020,9903.88.03,3,25
58030030,9903.88.03,3,25
58030040,9903.88.03,3,25
58030050,9903.88.03,3,25
58030090,9903.88.03,3,25
58041010,9903.88.03,3,25
58041090,9903.88.03,3,25
58042100,9903.88.03,3,25
58042910,9903.88.03,3,25
58042990,9903.88.03,3,25
58043000,9903.88.03,3,25
58050010,9903.88.03,3,25
58050020,9903.88.03,3,25
58050025,9903.88.03,3,25
58050030,9903.88.03,3,25
58050040,9903.88.03,3,25
58061010,9903.88.03,3,25
58061024,9903.88.03,3,25
58061028,9903.88.03,3,25
58061030,9903.88.03,3,25
58062000,9903.88.03,3,25
58063100,9903.88.03,3,25
58063210,9903.88.03,3,25
58063220,9903.88.03,3,25
58063910,9903.88.03,3,25
58063920,9903.88.03,3,25
58063930,9903.88.03,3,25
58064000,9903.88.03,3,25
58071005,9903.88.03,3,25
58071015,9903.88.03,3,25
58071020,9903.88.03,3,25
58079005,9903.88.03,3,25
58079015,9903.88.03,3,25
58079020,9903.88.03,3,25
58081010,9903.88.03,3,25
58081040,9903.88.03,3,25
58081050,9903.88.03,3,25
58081070,9903.88.03,3,25
58081090,9903.88.03,3,25
58089000,9903.88.03,3,25
58090000,9903.88.03,3,25
58101000,9903.88.03,3,25
58109100,9903.88.03,3,25
58109210,9903.88.03,3,25
58109290,9903.88.03,3,25
58109910,9903.88.03,3,25
58109990,9903.88.03,3,25
58110010,9903.88.03,3,25
58110020,9903.88.03,3,25
58110030,9903.88.03,3,25
58110040,9903.88.03,3,25
59011010,9903.88.03,3,25
59011020,9903.88.03,3,25
59019020,9903.88.03,3,25
59019040,9903.88.03,3,25
59021000,9903.88.03,3,25
59022000,9903.88.03,3,25
59029000,9903.88.03,3,25
59031010,9903.88.03,3,25
59031015,9903.88.15,4A,15
59031018,9903.88.03,3,25
59031020,9903.88.03,3,25
59031025,9903.88.03,3,25
59031030,9903.88.03,3,25
59032010,9903.88.03,3,25
59032015,9903.88.03,3,25
59032018,9903.88.03,3,25
59032020,9903.88.03,3,25
59032025,9903.88.03,3,25
59032030,9903.88.03,3,25
59039010,9903.88.03,3,25
59039015,9903.88.03,3,25
59039018,9903.88.03,3,25
59039020,9903.88.03,3,25
59039025,9903.88.03,3,25
59039030,9903.88.03,3,25
59041000,9903.88.03,3,25
59049010,9903.88.03,3,25
59049090,9903.88.03,3,25
59050010,9903.88.03,3,25
59050090,9903.88.03,3,25
59061000,9903.88.03,3,25
59069110,9903.88.03,3,25
59069120,9903.88.03,3,25
59069125,9903.88.03,3,25
59069130,9903.88.03,3,25
59069910,9903.88.03,3,25
59069920,9903.88.03,3,25
59069925,9903.88.03,3,25
59069930,9903.88.03,3,25
59070005,9903.88.03,3,25
59070015,9903.88.03,3,25
59070025,9903.88.03,3,25
59070035,9903.88.03,3,25
59070060,9903.88.03,3,25
59070080,9903.88.03,3,25
59080000,9903.88.03,3,25
59090010,9903.88.03,3,25
59090020,9903.88.03,3,25
59100010,9903.88.03,3,25
59100090,9903.88.03,3,25
59111010,9903.88.03,3,25
59111020,9903.88.03,3,25
59112010,9903.88.03,3,25
59112020,9903.88.03,3,25
59112030,9903.88.03,3,25
59113100,9903.88.03,3,25
59113200,9903.88.03,3,25
59114001,9903.88.03,3,25
59119000,9903.88.03,3,25
60011020,9903.88.03,3,25
60011060,9903.88.03,3,25
60012100,9903.88.03,3,25
60012900,9903.88.03,3,25
60019100,9903.88.03,3,25
60019200,9903.88.03,3,25
60019910,9903.88.03,3,25
60019990,9903.88.03,3,25
60024040,9903.88.03,3,25
60024080,9903.88.03,3,25
60029040,9903.88.03,3,25
60029080,9903.88.03,3,25
60031010,9903.88.03,3,25
60031090,9903.88.03,3,25
60032010,9903.88.03,3,25
60032030,9903.88.03,3,25
60033010,9903.88.03,3,25
60033060,9903.88.03,3,25
60034010,9903.88.03,3,25
60034060,9903.88.03,3,25
60039010,9903.88.03,3,25
60039090,9903.88.03,3,25
60041000,9903.88.03,3,25
60049020,9903.88.03,3,25
60049090,9903.88.03,3,25
60052100,9903.88.03,3,25
60052200,9903.88.03,3,25
60052300,9903.88.03,3,25
60052400,9903.88.03,3,25
60053500,9903.88.15,4A,15
60053600,9903.88.03,3,25
60053700,9903.88.03,3,25
60053800,9903.88.03,3,25
60053900,9903.88.03,3,25
60054200,9903.88.03,3,25
60054300,9903.88.03,3,25
60054400,9903.88.03,3,25
60059010,9903.88.03,3,25
60059090,9903.88.03,3,25
60061000,9903.88.03,3,25
60062110,9903.88.03,3,25
60062190,9903.88.03,3,25
60062210,9903.88.03,3,25
60062290,9903.88.03,3,25
60062310,9903.88.03,3,25
60062390,9903.88.03,3,25
60062410,9903.88.03,3,25
60063100,9903.88.03,3,25
60063200,9903.88.03,3,25
60063300,9903.88.03,3,25
60063400,9903.88.03,3,25
60064200,9903.88.03,3,25
60064300,9903.88.03,3,25
60064400,9903.88.03,3,25
60069010,9903.88.03,3,25
60069090,9903.88.03,3,25
61012000,9903.88.15,4A,15
61013010,9903.88.15,4A,15
61013015,9903.88.15,4A,15
61013020,9903.88.15,4A,15
61019005,9903.88.15,4A,15
61019010,9903.88.15,4A,15
61019090,9903.88.15,4A,15
61021000,9903.88.15,4A,15
61022000,9903.88.15,4A,15
61023005,9903.88.15,4A,15
61023010,9903.88.15,4A,15
61023020,9903.88.15,4A,15
61029010,9903.88.15,4A,15
61029090,9903.88.15,4A,15
61031010,9903.88.15,4A,15
61031020,9903.88.15,4A,15
61031030,9903.88.15,4A,15
61031050,9903.88.15,4A,15
61031060,9903.88.15,4A,15
61031090,9903.88.15,4A,15
61032200,9903.88.15,4A,15
61032300,9903.88.15,4A,15
61032905,9903.88.15,4A,15
61032910,9903.88.15,4A,15
61032920,9903.88.15,4A,15
61033100,9903.88.15,4A,15
61033200,9903.88.15,4A,15
61033310,9903.88.15,4A,15
61033320,9903.88.15,4A,15
61033910,9903.88.15,4A,15
61033940,9903.88.15,4A,15
61033980,9903.88.15,4A,15
61034110,9903.88.15,4A,15
61034120,9903.88.15,4A,15
61034210,9903.88.15,4A,15
61034220,9903.88.15,4A,15
61034310,9903.88.15,4A,15
61034315,9903.88.15,4A,15
61034320,9903.88.15,4A,15
61034910,9903.88.15,4A,15
61034920,9903.88.15,4A,15
61034940,9903.88.15,4A,15
61034980,9903.88.15,4A,15
61041310,9903.88.15,4A,15
61041915,9903.88.15,4A,15
61041940,9903.88.15,4A,15
61041950,9903.88.15,4A,15
61041960,9903.88.15,4A,15
61041980,9903.88.15,4A,15
61042200,9903.88.15,4A,15
61042300,9903.88.15,4A,15
61042905,9903.88.15,4A,15
61042910,9903.88.15,4A,15
61043100,9903.88.15,4A,15
61043200,9903.88.15,4A,15
61043320,9903.88.15,4A,15
61043910,9903.88.15,4A,15
61043920,9903.88.15,4A,15
61044100,9903.88.15,4A,15
61044200,9903.88.15,4A,15
61044310,9903.88.15,4A,15
61044320,9903.88.15,4A,15
61044410,9903.88.15,4A,15
61044420,9903.88.15,4A,15
61044910,9903.88.15,4A,15
61044990,9903.88.15,4A,15
61045100,9903.88.15,4A,15
61045200,9903.88.15,4A,15
61045320,9903.88.15,4A,15
61045910,9903.88.15,4A,15
61045940,9903.88.15,4A,15
61045980,9903.88.15,4A,15
61046100,9903.88.15,4A,15
61046210,9903.88.15,4A,15
61046220,9903.88.15,4A,15
61046310,9903.88.15,4A,15
61046315,9903.88.15,4A,15
61046320,9903.88.15,4A,15
61046910,9903.88.15,4A,15
61046920,9903.88.15,4A,15
61046940,9903.88.15,4A,15
61046980,9903.88.15,4A,15
61051000,9903.88.15,4A,15
61052010,9903.88.15,4A,15
61052020,9903.88.15,4A,15
61059010,9903.88.15,4A,15
61059080,9903.88.15,4A,15
61061000,9903.88.15,4A,15
61062010,9903.88.15,4A,15
61062020,9903.88.15,4A,15
61069010,9903.88.15,4A,15
61069015,9903.88.15,4A,15
61069025,9903.88.15,4A,15
61069030,9903.88.15,4A,15
61071100,9903.88.15,4A,15
61071200,9903.88.15,4A,15
61071990,9903.88.15,4A,15
61072100,9903.88.15,4A,15
61072200,9903.88.15,4A,15
61072920,9903.88.15,4A,15
61072950,9903.88.15,4A,15
61072990,9903.88.15,4A,15
61079100,9903.88.15,4A,15
61079950,9903.88.15,4A,15
61081100,9903.88.15,4A,15
61081990,9903.88.15,4A,15
61082100,9903.88.15,4A,15
61082210,9903.88.15,4A,15
61082290,9903.88.15,4A,15
61082990,9903.88.15,4A,15
61083100,9903.88.15,4A,15
61083200,9903.88.15,4A,15
61089100,9903.88.15,4A,15
61089200,9903.88.15,4A,15
61089920,9903.88.15,4A,15
61089990,9903.88.15,4A,15
61091000,9903.88.15,4A,15
61099010,9903.88.15,4A,15
61099015,9903.88.15,4A,15
61099080,9903.88.15,4A,15
61101100,9903.88.15,4A,15
61101220,9903.88.15,4A,15
61101900,9903.88.15,4A,15
61102010,9903.88.15,4A,15
61102020,9903.88.15,4A,15
61103010,9903.88.15,4A,15
61103020,9903.88.15,4A,15
61103030,9903.88.15,4A,15
61109090,9903.88.15,4A,15
61112010,9903.88.15,4A,15
61112020,9903.88.15,4A,15
61112030,9903.88.15,4A,15
61112040,9903.88.15,4A,15
61112050,9903.88.15,4A,15
61112060,9903.88.15,4A,15
61113010,9903.88.15,4A,15
61113020,9903.88.15,4A,15
61113030,9903.88.15,4A,15
61113040,9903.88.15,4A,15
61113050,9903.88.15,4A,15
61119005,9903.88.15,4A,15
61119010,9903.88.15,4A,15
61119020,9903.88.15,4A,15
61119040,9903.88.15,4A,15
61119050,9903.88.15,4A,15
61119070,9903.88.15,4A,15
61119090,9903.88.15,4A,15
61121100,9903.88.15,4A,15
61121200,9903.88.15,4A,15
61121910,9903.88.15,4A,15
61121940,9903.88.15,4A,15
61121980,9903.88.15,4A,15
61122010,9903.88.15,4A,15
61122020,9903.88.15,4A,15
61123100,9903.88.15,4A,15
61123900,9903.88.15,4A,15
61124100,9903.88.15,4A,15
61124900,9903.88.15,4A,15
61130010,9903.88.15,4A,15
61130090,9903.88.15,4A,15
61142000,9903.88.15,4A,15
61143010,9903.88.15,4A,15
61143020,9903.88.15,4A,15
61143030,9903.88.15,4A,15
61149005,9903.88.15,4A,15
61149010,9903.88.15,4A,15
61151010,9903.88.15,4A,15
61151015,9903.88.15,4A,15
61151030,9903.88.15,4A,15
61151040,9903.88.15,4A,15
61151055,9903.88.15,4A,15
61151060,9903.88.15,4A,15
61152100,9903.88.15,4A,15
61152940,9903.88.15,4A,15
61153010,9903.88.15,4A,15
61153090,9903.88.15,4A,15
61159400,9903.88.15,4A,15
61159560,9903.88.15,4A,15
61159590,9903.88.15,4A,15
61159660,9903.88.15,4A,15
61159914,9903.88.15,4A,15
61159940,9903.88.15,4A,15
61159990,9903.88.15,4A,15
61161008,9903.88.15,4A,15
61161013,9903.88.15,4A,15
61161017,9903.88.15,4A,15
61161044,9903.88.15,4A,15
61161048,9903.88.15,4A,15
61161055,9903.88.15,4A,15
61161065,9903.88.15,4A,15
61161095,9903.88.15,4A,15
61169100,9903.88.15,4A,15
61169208,9903.88.15,4A,15
61169264,9903.88.15,4A,15
61169288,9903.88.15,4A,15
61169294,9903.88.15,4A,15
61169305,9903.88.15,4A,15
61169308,9903.88.15,4A,15
61169374,9903.88.15,4A,15
61169388,9903.88.15,4A,15
61169935,9903.88.15,4A,15
61171010,9903.88.15,4A,15
61171040,9903.88.15,4A,15
61171060,9903.88.15,4A,15
61178020,9903.88.15,4A,15
61178085,9903.88.15,4A,15
61178095,9903.88.15,4A,15
61179010,9903.88.15,4A,15
61179090,9903.88.15,4A,15
62012011,9903.88.15,4A,15
62012019,9903.88.15,4A,15
62012029,9903.88.15,4A,15
62012035,9903.88.15,4A,15
62012040,9903.88.15,4A,15
62013012,9903.88.15,4A,15
62013020,9903.88.15,4A,15
62013030,9903.88.15,4A,15
62013050,9903.88.15,4A,15
62013060,9903.88.15,4A,15
62013070,9903.88.15,4A,15
62013080,9903.88.15,4A,15
62014010,9903.88.15,4A,15
62014015,9903.88.15,4A,15
62014020,9903.88.15,4A,15
62014025,9903.88.15,4A,15
62014035,9903.88.15,4A,15
62014040,9903.88.15,4A,15
62014045,9903.88.15,4A,15
62014050,9903.88.15,4A,15
62014055,9903.88.15,4A,15
62014060,9903.88.15,4A,15
62014065,9903.88.15,4A,15
62014070,9903.88.15,4A,15
62014075,9903.88.15,4A,15
62019019,9903.88.15,4A,15
62019029,9903.88.15,4A,15
62019039,9903.88.15,4A,15
62019049,9903.88.15,4A,15
62019059,9903.88.15,4A,15
62019069,9903.88.15,4A,15
62022011,9903.88.15,4A,15
62022019,9903.88.15,4A,15
62022029,9903.88.15,4A,15
62022035,9903.88.15,4A,15
62022040,9903.88.15,4A,15
62023012,9903.88.15,4A,15
62023020,9903.88.15,4A,15
62023030,9903.88.15,4A,15
62023040,9903.88.15,4A,15
62023050,9903.88.15,4A,15
62023060,9903.88.15,4A,15
62023070,9903.88.15,4A,15
62023080,9903.88.15,4A,15
62024010,9903.88.15,4A,15
62024015,9903.88.15,4A,15
62024020,9903.88.15,4A,15
62024025,9903.88.15,4A,15
62024040,9903.88.15,4A,15
62024045,9903.88.15,4A,15
62024050,9903.88.15,4A,15
62024055,9903.88.15,4A,15
62024060,9903.88.15,4A,15
62024065,9903.88.15,4A,15
62024070,9903.88.15,4A,15
62024075,9903.88.15,4A,15
62029019,9903.88.15,4A,15
62029029,9903.88.15,4A,15
62029039,9903.88.15,4A,15
62029049,9903.88.15,4A,15
62029059,9903.88.15,4A,15
62029069,9903.88.15,4A,15
62031115,9903.88.15,4A,15
62031130,9903.88.15,4A,15
62031160,9903.88.15,4A,15
62031190,9903.88.15,4A,15
62031210,9903.88.15,4A,15
62031220,9903.88.15,4A,15
62031910,9903.88.15,4A,15
62031950,9903.88.15,4A,15
62032210,9903.88.15,4A,15
62032230,9903.88.15,4A,15
62032910,9903.88.15,4A,15
62032915,9903.88.15,4A,15
62032920,9903.88.15,4A,15
62032930,9903.88.15,4A,15
62033150,9903.88.15,4A,15
62033190,9903.88.15,4A,15
62033210,9903.88.15,4A,15
62033220,9903.88.15,4A,15
62033310,9903.88.15,4A,15
62033320,9903.88.15,4A,15
62033920,9903.88.15,4A,15
62033950,9903.88.15,4A,15
62033990,9903.88.15,4A,15
62034101,9903.88.15,4A,15
62034103,9903.88.15,4A,15
62034106,9903.88.15,4A,15
62034108,9903.88.15,4A,15
62034125,9903.88.15,4A,15
62034130,9903.88.15,4A,15
62034160,9903.88.15,4A,15
62034180,9903.88.15,4A,15
62034203,9903.88.15,4A,15
62034205,9903.88.15,4A,15
62034207,9903.88.15,4A,15
62034217,9903.88.15,4A,15
62034225,9903.88.15,4A,15
62034245,9903.88.15,4A,15
62034303,9903.88.15,4A,15
62034305,9903.88.15,4A,15
62034309,9903.88.15,4A,15
62034311,9903.88.15,4A,15
62034313,9903.88.15,4A,15
62034345,9903.88.15,4A,15
62034355,9903.88.15,4A,15
62034360,9903.88.15,4A,15
62034365,9903.88.15,4A,15
62034370,9903.88.15,4A,15
62034375,9903.88.15,4A,15
62034390,9903.88.15,4A,15
62034901,9903.88.15,4A,15
62034905,9903.88.15,4A,15
62034907,9903.88.15,4A,15
62034909,9903.88.15,4A,15
62034925,9903.88.15,4A,15
62034935,9903.88.15,4A,15
62034950,9903.88.15,4A,15
62034990,9903.88.15,4A,15
62041100,9903.88.15,4A,15
62041200,9903.88.15,4A,15
62041310,9903.88.15,4A,15
62041320,9903.88.15,4A,15
62041910,9903.88.15,4A,15
62041920,9903.88.15,4A,15
62041940,9903.88.15,4A,15
62041980,9903.88.15,4A,15
62042100,9903.88.15,4A,15
62042210,9903.88.15,4A,15
62042230,9903.88.15,4A,15
62042300,9903.88.15,4A,15
62042920,9903.88.15,4A,15
62043110,9903.88.15,4A,15
62043120,9903.88.15,4A,15
62043210,9903.88.15,4A,15
62043220,9903.88.15,4A,15
62043310,9903.88.15,4A,15
62043340,9903.88.15,4A,15
62043350,9903.88.15,4A,15
62043920,9903.88.15,4A,15
62043930,9903.88.15,4A,15
62043960,9903.88.15,4A,15
62043980,9903.88.15,4A,15
62044110,9903.88.15,4A,15
62044120,9903.88.15,4A,15
62044210,9903.88.15,4A,15
62044220,9903.88.15,4A,15
62044230,9903.88.15,4A,15
62044310,9903.88.15,4A,15
62044320,9903.88.15,4A,15
62044330,9903.88.15,4A,15
62044340,9903.88.15,4A,15
62044420,9903.88.15,4A,15
62044430,9903.88.15,4A,15
62044440,9903.88.15,4A,15
62044910,9903.88.15,4A,15
62044950,9903.88.15,4A,15
62045100,9903.88.15,4A,15
62045210,9903.88.15,4A,15
62045220,9903.88.15,4A,15
62045310,9903.88.15,4A,15
62045320,9903.88.15,4A,15
62045330,9903.88.15,4A,15
62045910,9903.88.15,4A,15
62045920,9903.88.15,4A,15
62045930,9903.88.15,4A,15
62045940,9903.88.15,4A,15
62046105,9903.88.15,4A,15
62046115,9903.88.15,4A,15
62046160,9903.88.15,4A,15
62046180,9903.88.15,4A,15
62046203,9903.88.15,4A,15
62046205,9903.88.15,4A,15
62046215,9903.88.15,4A,15
62046250,9903.88.15,4A,15
62046260,9903.88.15,4A,15
62046270,9903.88.15,4A,15
62046280,9903.88.15,4A,15
62046301,9903.88.15,4A,15
62046302,9903.88.15,4A,15
62046303,9903.88.15,4A,15
62046308,9903.88.15,4A,15
62046309,9903.88.15,4A,15
62046311,9903.88.15,4A,15
62046350,9903.88.15,4A,15
62046355,9903.88.15,4A,15
62046360,9903.88.15,4A,15
62046365,9903.88.15,4A,15
62046370,9903.88.15,4A,15
62046375,9903.88.15,4A,15
62046390,9903.88.15,4A,15
62046901,9903.88.15,4A,15
62046902,9903.88.15,4A,15
62046903,9903.88.15,4A,15
62046904,9903.88.15,4A,15
62046905,9903.88.15,4A,15
62046906,9903.88.15,4A,15
62046915,9903.88.15,4A,15
62046922,9903.88.15,4A,15
62046928,9903.88.15,4A,15
62046945,9903.88.15,4A,15
62046965,9903.88.15,4A,15
62046980,9903.88.15,4A,15
62052010,9903.88.15,4A,15
62052020,9903.88.15,4A,15
62053010,9903.88.15,4A,15
62053015,9903.88.15,4A,15
62053020,9903.88.15,4A,15
62059005,9903.88.15,4A,15
62059007,9903.88.15,4A,15
62059040,9903.88.15,4A,15
62061000,9903.88.15,4A,15
62062010,9903.88.15,4A,15
62062020,9903.88.15,4A,15
62062030,9903.88.15,4A,15
62063010,9903.88.15,4A,15
62063020,9903.88.15,4A,15
62063030,9903.88.15,4A,15
62064010,9903.88.15,4A,15
62064020,9903.88.15,4A,15
62064025,9903.88.15,4A,15
62064030,9903.88.15,4A,15
62069000,9903.88.15,4A,15
62071100,9903.88.15,4A,15
62071910,9903.88.15,4A,15
62071990,9903.88.15,4A,15
62072100,9903.88.15,4A,15
62072200,9903.88.15,4A,15
62072910,9903.88.15,4A,15
62072990,9903.88.15,4A,15
62079110,9903.88.15,4A,15
62079130,9903.88.15,4A,15
62079920,9903.88.15,4A,15
62079940,9903.88.15,4A,15
62079970,9903.88.15,4A,15
62079985,9903.88.15,4A,15
62081100,9903.88.15,4A,15
62081920,9903.88.15,4A,15
62081950,9903.88.15,4A,15
62081990,9903.88.15,4A,15
62082100,9903.88.15,4A,15
62082200,9903.88.15,4A,15
62082910,9903.88.15,4A,15
62082990,9903.88.15,4A,15
62089110,9903.88.15,4A,15
62089130,9903.88.15,4A,15
62089200,9903.88.15,4A,15
62089920,9903.88.15,4A,15
62089930,9903.88.15,4A,15
62089950,9903.88.15,4A,15
62089980,9903.88.15,4A,15
62092010,9903.88.15,4A,15
62092020,9903.88.15,4A,15
62092030,9903.88.15,4A,15
62092050,9903.88.15,4A,15
62093010,9903.88.15,4A,15
62093020,9903.88.15,4A,15
62093030,9903.88.15,4A,15
62099005,9903.88.15,4A,15
62099010,9903.88.15,4A,15
62099020,9903.88.15,4A,15
62099030,9903.88.15,4A,15
62099050,9903.88.15,4A,15
62099090,9903.88.15,4A,15
62101050,9903.88.15,4A,15
62102050,9903.88.15,4A,15
62102090,9903.88.15,4A,15
62103050,9903.88.15,4A,15
62103070,9903.88.15,4A,15
62103090,9903.88.15,4A,15
62104015,9903.88.15,4A,15
62104025,9903.88.15,4A,15
62104028,9903.88.15,4A,15
62104029,9903.88.15,4A,15
62104055,9903.88.15,4A,15
62104075,9903.88.15,4A,15
62104080,9903.88.15,4A,15
62105005,9903.88.15,4A,15
62105022,9903.88.15,4A,15
62105055,9903.88.15,4A,15
62105075,9903.88.15,4A,15
62105080,9903.88.15,4A,15
62111110,9903.88.15,4A,15
62111140,9903.88.15,4A,15
62111180,9903.88.15,4A,15
62111210,9903.88.15,4A,15
62111240,9903.88.15,4A,15
62111280,9903.88.15,4A,15
62112004,9903.88.15,4A,15
62112008,9903.88.15,4A,15
62112015,9903.88.15,4A,15
62112024,9903.88.15,4A,15
62112028,9903.88.15,4A,15
62112034,9903.88.15,4A,15
62112038,9903.88.15,4A,15
62112044,9903.88.15,4A,15
62112054,9903.88.15,4A,15
62112064,9903.88.15,4A,15
62112068,9903.88.15,4A,15
62112074,9903.88.15,4A,15
62112078,9903.88.15,4A,15
62113250,9903.88.15,4A,15
62113290,9903.88.15,4A,15
62113350,9903.88.15,4A,15
62113390,9903.88.15,4A,15
62113903,9903.88.15,4A,15
62113907,9903.88.15,4A,15
62113915,9903.88.15,4A,15
62113930,9903.88.15,4A,15
62113960,9903.88.15,4A,15
62113980,9903.88.15,4A,15
62114205,9903.88.15,4A,15
62114210,9903.88.15,4A,15
62114305,9903.88.15,4A,15
62114310,9903.88.15,4A,15
62114903,9903.88.15,4A,15
62114915,9903.88.15,4A,15
62114925,9903.88.15,4A,15
62114950,9903.88.15,4A,15
62114960,9903.88.15,4A,15
62114980,9903.88.15,4A,15
62121030,9903.88.15,4A,15
62121050,9903.88.15,4A,15
62121070,9903.88.15,4A,15
62121090,9903.88.15,4A,15
62122000,9903.88.15,4A,15
62123000,9903.88.15,4A,15
62129000,9903.88.15,4A,15
62132020,9903.88.15,4A,15
62139005,9903.88.15,4A,15
62139007,9903.88.15,4A,15
62139020,9903.88.15,4A,15
62141010,9903.88.15,4A,15
62141020,9903.88.15,4A,15
62142000,9903.88.15,4A,15
62144000,9903.88.15,4A,15
62149000,9903.88.15,4A,15
62151000,9903.88.15,4A,15
62160005,9903.88.15,4A,15
62160008,9903.88.15,4A,15
62160017,9903.88.15,4A,15
62160019,9903.88.15,4A,15
62160024,9903.88.15,4A,15
62160026,9903.88.15,4A,15
62160029,9903.88.15,4A,15
62160031,9903.88.15,4A,15
62160033,9903.88.15,4A,15
62160038,9903.88.15,4A,15
62160041,9903.88.15,4A,15
62160043,9903.88.15,4A,15
62160046,9903.88.15,4A,15
62160054,9903.88.15,4A,15
62160058,9903.88.15,4A,15
62160080,9903.88.15,4A,15
62160090,9903.88.15,4A,15
62171010,9903.88.15,4A,15
62171095,9903.88.15,4A,15
62179010,9903.88.15,4A,15
62179090,9903.88.15,4A,15
63012000,9903.88.15,4A,15
63013000,9903.88.15,4A,15
63021000,9903.88.15,4A,15
63022130,9903.88.15,4A,15
63022150,9903.88.15,4A,15
63022170,9903.88.15,4A,15
63022190,9903.88.15,4A,15
63022900,9903.88.15,4A,15
63023130,9903.88.15,4A,15
63023150,9903.88.15,4A,15
63023170,9903.88.15,4A,15
63023190,9903.88.15,4A,15
63023900,9903.88.15,4A,15
63024010,9903.88.15,4A,15
63024020,9903.88.15,4A,15
63025120,9903.88.15,4A,15
63025130,9903.88.15,4A,15
63025140,9903.88.15,4A,15
63025300,9903.88.15,4A,15
63025910,9903.88.15,4A,15
63025920,9903.88.15,4A,15
63025930,9903.88.15,4A,15
63026000,9903.88.15,4A,15
63029100,9903.88.15,4A,15
63029910,9903.88.15,4A,15
63029915,9903.88.15,4A,15
63029920,9903.88.15,4A,15
63031200,9903.88.15,4A,15
63031911,9903.88.15,4A,15
63031921,9903.88.15,4A,15
63039100,9903.88.15,4A,15
63039220,9903.88.15,4A,15
63039900,9903.88.15,4A,15
63041110,9903.88.15,4A,15
63041905,9903.88.15,4A,15
63041910,9903.88.15,4A,15
63041930,9903.88.15,4A,15
63042000,9903.88.15,4A,15
63049101,9903.88.15,4A,15
63049200,9903.88.15,4A,15
63049910,9903.88.15,4A,15
63049915,9903.88.15,4A,15
63049925,9903.88.15,4A,15
63049935,9903.88.15,4A,15
63049940,9903.88.15,4A,15
63049960,9903.88.15,4A,15
63051000,9903.88.15,4A,15
63052000,9903.88.15,4A,15
63053200,9903.88.15,4A,15
63053300,9903.88.15,4A,15
63053900,9903.88.15,4A,15
63059000,9903.88.15,4A,15
63061911,9903.88.15,4A,15
63061921,9903.88.15,4A,15
63062210,9903.88.15,4A,15
63062290,9903.88.15,4A,15
63063000,9903.88.15,4A,15
63064041,9903.88.15,4A,15
63064049,9903.88.15,4A,15
63071010,9903.88.15,4A,15
63071020,9903.88.15,4A,15
63079030,9903.88.15,4A,15
63079040,9903.88.15,4A,15
63079050,9903.88.15,4A,15
63079060,9903.88.15,4A,15
63079068,9903.88.15,4A,15
63079072,9903.88.15,4A,15
63079085,9903.88.15,4A,15
63080000,9903.88.15,4A,15
63090000,9903.88.15,4A,15
63101010,9903.88.15,4A,15
63101020,9903.88.15,4A,15
63109010,9903.88.15,4A,15
63109020,9903.88.15,4A,15
64011000,9903.88.15,4A,15
64019230,9903.88.15,4A,15
64019290,9903.88.15,4A,15
64019930,9903.88.15,4A,15
64019960,9903.88.15,4A,15
64019980,9903.88.15,4A,15
64021200,9903.88.15,4A,15
64021915,9903.88.15,4A,15
64021950,9903.88.15,4A,15
64021970,9903.88.15,4A,15
64021990,9903.88.15,4A,15
64029126,9903.88.15,4A,15
64029160,9903.88.15,4A,15
64029180,9903.88.15,4A,15
64029190,9903.88.15,4A,15
64029908,9903.88.15,4A,15
64029921,9903.88.15,4A,15
64029923,9903.88.15,4A,15
64029925,9903.88.15,4A,15
64029927,9903.88.15,4A,15
64029932,9903.88.15,4A,15
64029933,9903.88.15,4A,15
64029949,9903.88.15,4A,15
64029980,9903.88.15,4A,15
64029990,9903.88.15,4A,15
64031230,9903.88.15,4A,15
64031260,9903.88.15,4A,15
64031910,9903.88.15,4A,15
64031920,9903.88.15,4A,15
64031940,9903.88.15,4A,15
64031950,9903.88.15,4A,15
64031970,9903.88.15,4A,15
64032000,9903.88.15,4A,15
64034030,9903.88.15,4A,15
64035111,9903.88.15,4A,15
64035130,9903.88.15,4A,15
64035160,9903.88.15,4A,15
64035190,9903.88.15,4A,15
64035910,9903.88.15,4A,15
64035915,9903.88.15,4A,15
64035930,9903.88.15,4A,15
64035960,9903.88.15,4A,15
64035990,9903.88.15,4A,15
64039111,9903.88.15,4A,15
64039130,9903.88.15,4A,15
64039160,9903.88.15,4A,15
64039190,9903.88.15,4A,15
64039910,9903.88.15,4A,15
64039920,9903.88.15,4A,15
64039940,9903.88.15,4A,15
64039960,9903.88.15,4A,15
64039990,9903.88.15,4A,15
64041120,9903.88.15,4A,15
64041171,9903.88.15,4A,15
64041179,9903.88.15,4A,15
64041181,9903.88.15,4A,15
64041189,9903.88.15,4A,15
64041190,9903.88.15,4A,15
64041915,9903.88.15,4A,15
64041925,9903.88.15,4A,15
64041939,9903.88.15,4A,15
64041979,9903.88.15,4A,15
64041982,9903.88.15,4A,15
64041989,9903.88.15,4A,15
64041990,9903.88.15,4A,15
64042020,9903.88.15,4A,15
64042040,9903.88.15,4A,15
64042060,9903.88.15,4A,15
64051000,9903.88.15,4A,15
64052060,9903.88.15,4A,15
64059020,9903.88.15,4A,15
64061005,9903.88.15,4A,15
64061020,9903.88.15,4A,15
64061025,9903.88.15,4A,15
64061030,9903.88.15,4A,15
64061035,9903.88.15,4A,15
64061040,9903.88.15,4A,15
64061045,9903.88.15,4A,15
64061050,9903.88.15,4A,15
64061060,9903.88.15,4A,15
64061065,9903.88.15,4A,15
64061070,9903.88.15,4A,15
64061072,9903.88.15,4A,15
64061077,9903.88.15,4A,15
64061085,9903.88.15,4A,15
64061090,9903.88.15,4A,15
64062000,9903.88.15,4A,15
64069010,9903.88.15,4A,15
64069015,9903.88.15,4A,15
64069060,9903.88.15,4A,15
64069090,9903.88.15,4A,15
65010030,9903.88.03,3,25
65010060,9903.88.03,3,25
65010090,9903.88.03,3,25
65020020,9903.88.03,3,25
65020040,9903.88.03,3,25
65020060,9903.88.03,3,25
65020090,9903.88.03,3,25
65040030,9903.88.03,3,25
65040060,9903.88.03,3,25
65040090,9903.88.03,3,25
65050001,9903.88.15,4A,15
65050004,9903.88.03,3,25
65050008,9903.88.03,3,25
65050015,9903.88.03,3,25
65050020,9903.88.03,3,25
65050025,9903.88.03,3,25
65050030,9903.88.03,3,25
65050040,9903.88.03,3,25
65050050,9903.88.03,3,25
65050060,9903.88.03,3,25
65050070,9903.88.03,3,25
65050080,9903.88.03,3,25
65050090,9903.88.03,3,25
65061030,9903.88.15,4A,15
65061060,9903.88.15,4A,15
65069100,9903.88.03,3,25
65069930,9903.88.03,3,25
65069960,9903.88.03,3,25
65070000,9903.88.03,3,25
66020000,9903.88.15,4A,15
66039041,9903.88.15,4A,15
67010030,9903.88.03,3,25
67010060,9903.88.03,3,25
67029010,9903.88.15,4A,15
67029065,9903.88.15,4A,15
67030030,9903.88.15,4A,15
67030060,9903.88.15,4A,15
67041100,9903.88.15,4A,15
67041900,9903.88.15,4A,15
67049000,9903.88.15,4A,15
68010000,9903.88.03,3,25
68021000,9903.88.03,3,25
68022110,9903.88.03,3,25
68022150,9903.88.03,3,25
68022300,9903.88.03,3,25
68022910,9903.88.03,3,25
68022990,9903.88.03,3,25
68029105,9903.88.03,3,25
68029115,9903.88.03,3,25
68029120,9903.88.03,3,25
68029125,9903.88.03,3,25
68029130,9903.88.03,3,25
68029200,9903.88.03,3,25
68029300,9903.88.03,3,25
68029900,9903.88.03,3,25
68030010,9903.88.03,3,25
68030050,9903.88.03,3,25
68041000,9903.88.03,3,25
68042100,9903.88.03,3,25
68042210,9903.88.03,3,25
68042240,9903.88.03,3,25
68042260,9903.88.03,3,25
68042300,9903.88.03,3,25
68043000,9903.88.03,3,25
68051000,9903.88.03,3,25
68052000,9903.88.03,3,25
68053010,9903.88.03,3,25
68053050,9903.88.03,3,25
68061000,9903.88.03,3,25
68062000,9903.88.03,3,25
68069000,9903.88.03,3,25
68071000,9903.88.03,3,25
68079000,9903.88.03,3,25
68080000,9903.88.03,3,25
68091100,9903.88.03,3,25
68091900,9903.88.03,3,25
68099000,9903.88.03,3,25
68101100,9903.88.03,3,25
68101912,9903.88.03,3,25
68101914,9903.88.03,3,25
68101950,9903.88.03,3,25
68109100,9903.88.03,3,25
68109900,9903.88.03,3,25
68114000,9903.88.03,3,25
68118100,9903.88.03,3,25
68118200,9903.88.03,3,25
68118910,9903.88.03,3,25
68118990,9903.88.03,3,25
68128010,9903.88.03,3,25
68128090,9903.88.03,3,25
68129110,9903.88.03,3,25
68129190,9903.88.03,3,25
68129910,9903.88.03,3,25
68129920,9903.88.03,3,25
68129990,9903.88.03,3,25
68132000,9903.88.03,3,25
68138100,9903.88.03,3,25
68138900,9903.88.03,3,25
68141000,9903.88.03,3,25
68149000,9903.88.03,3,25
68151100,9903.88.03,3,25
68151200,9903.88.03,3,25
68151300,9903.88.03,3,25
68151900,9903.88.03,3,25
68152000,9903.88.03,3,25
68159100,9903.88.03,3,25
68159920,9903.88.03,3,25
68159941,9903.88.03,3,25
69010000,9903.88.03,3,25
69021010,9903.88.03,3,25
69021050,9903.88.03,3,25
69022010,9903.88.03,3,25
69022050,9903.88.03,3,25
69029010,9903.88.03,3,25
69029050,9903.88.03,3,25
69031000,9903.88.03,3,25
69032000,9903.88.03,3,25
69039000,9903.88.03,3,25
69041000,9903.88.03,3,25
69049000,9903.88.03,3,25
69051000,9903.88.03,3,25
69059000,9903.88.03,3,25
69060000,9903.88.03,3,25
69072110,9903.88.03,3,25
69072120,9903.88.03,3,25
69072130,9903.88.03,3,25
69072140,9903.88.03,3,25
69072190,9903.88.03,3,25
69072210,9903.88.03,3,25
69072220,9903.88.03,3,25
69072230,9903.88.03,3,25
69072240,9903.88.03,3,25
69072290,9903.88.03,3,25
69072310,9903.88.03,3,25
69072320,9903.88.03,3,25
69072330,9903.88.03,3,25
69072340,9903.88.03,3,25
69072390,9903.88.03,3,25
69073010,9903.88.03,3,25
69073020,9903.88.03,3,25
69073030,9903.88.03,3,25
69073040,9903.88.03,3,25
69073090,9903.88.03,3,25
69074010,9903.88.03,3,25
69074020,9903.88.03,3,25
69074030,9903.88.03,3,25
69074040,9903.88.03,3,25
69074090,9903.88.03,3,25
69091120,9903.88.03,3,25
69091140,9903.88.03,3,25
69091200,9903.88.03,3,25
69091910,9903.88.03,3,25
69091950,9903.88.03,3,25
69099000,9903.88.03,3,25
69109000,9903.88.15,4A,15
69111010,9903.88.15,4A,15
69111025,9903.88.15,4A,15
69111035,9903.88.15,4A,15
69111037,9903.88.15,4A,15
69111038,9903.88.15,4A,15
69111052,9903.88.15,4A,15
69111058,9903.88.15,4A,15
69111060,9903.88.15,4A,15
69111080,9903.88.15,4A,15
69119000,9903.88.15,4A,15
69120010,9903.88.15,4A,15
69131010,9903.88.15,4A,15
69131020,9903.88.15,4A,15
69131050,9903.88.15,4A,15
69139010,9903.88.15,4A,15
69139020,9903.88.15,4A,15
69139030,9903.88.15,4A,15
69139050,9903.88.15,4A,15
69141040,9903.88.03,3,25
69141080,9903.88.03,3,25
69149041,9903.88.03,3,25
69149080,9903.88.03,3,25
70010010,9903.88.03,3,25
70010020,9903.88.03,3,25
70010051,9903.88.03,3,25
70021010,9903.88.03,3,25
70021020,9903.88.03,3,25
70022010,9903.88.02,2,25
70022050,9903.88.03,3,25
70023100,9903.88.03,3,25
70023200,9903.88.03,3,25
70023900,9903.88.03,3,25
70031200,9903.88.03,3,25
70031900,9903.88.03,3,25
70032000,9903.88.03,3,25
70033000,9903.88.03,3,25
70042010,9903.88.03,3,25
70042020,9903.88.03,3,25
70042050,9903.88.03,3,25
70049005,9903.88.03,3,25
70049010,9903.88.03,3,25
70049015,9903.88.03,3,25
70049020,9903.88.03,3,25
70049025,9903.88.03,3,25
70049030,9903.88.03,3,25
70049040,9903.88.03,3,25
70049050,9903.88.03,3,25
70051040,9903.88.03,3,25
70051080,9903.88.03,3,25
70052110,9903.88.03,3,25
70052120,9903.88.03,3,25
70052904,9903.88.03,3,25
70052908,9903.88.03,3,25
70052914,9903.88.03,3,25
70052918,9903.88.03,3,25
70052925,9903.88.03,3,25
70053000,9903.88.03,3,25
70060010,9903.88.03,3,25
70060020,9903.88.03,3,25
70060040,9903.88.03,3,25
70071100,9903.88.03,3,25
70071900,9903.88.03,3,25
70072111,9903.88.03,3,25
70072151,9903.88.03,3,25
70072900,9903.88.03,3,25
70080000,9903.88.03,3,25
70091000,9903.88.03,3,25
70099110,9903.88.03,3,25
70099150,9903.88.03,3,25
70099210,9903.88.03,3,25
70099250,9903.88.03,3,25
70101000,9903.88.03,3,25
70102020,9903.88.03,3,25
70102030,9903.88.03,3,25
70109005,9903.88.03,3,25
70109020,9903.88.03,3,25
70109030,9903.88.03,3,25
70109050,9903.88.03,3,25
70111010,9903.88.03,3,25
70111050,9903.88.03,3,25
70112010,9903.88.03,3,25
70112045,9903.88.03,3,25
70112085,9903.88.03,3,25
70119000,9903.88.03,3,25
70131010,9903.88.15,4A,15
70131050,9903.88.15,4A,15
70132210,9903.88.15,4A,15
70132220,9903.88.15,4A,15
70132230,9903.88.15,4A,15
70132250,9903.88.15,4A,15
70132805,9903.88.15,4A,15
70132810,9903.88.15,4A,15
70132820,9903.88.15,4A,15
70132830,9903.88.15,4A,15
70132840,9903.88.15,4A,15
70132850,9903.88.15,4A,15
70132860,9903.88.15,4A,15
70133310,9903.88.15,4A,15
70133320,9903.88.15,4A,15
70133330,9903.88.15,4A,15
70133350,9903.88.15,4A,15
70133705,9903.88.15,4A,15
70133710,9903.88.15,4A,15
70133720,9903.88.15,4A,15
70133730,9903.88.15,4A,15
70133740,9903.88.15,4A,15
70133750,9903.88.15,4A,15
70133760,9903.88.15,4A,15
70134110,9903.88.15,4A,15
70134120,9903.88.15,4A,15
70134130,9903.88.15,4A,15
70134150,9903.88.15,4A,15
70134220,9903.88.15,4A,15
70134240,9903.88.15,4A,15
70134910,9903.88.15,4A,15
70134920,9903.88.15,4A,15
70134930,9903.88.15,4A,15
70134940,9903.88.15,4A,15
70134960,9903.88.15,4A,15
70139130,9903.88.15,4A,15
70139150,9903.88.15,4A,15
70139910,9903.88.15,4A,15
70139930,9903.88.15,4A,15
70139935,9903.88.15,4A,15
70139970,9903.88.15,4A,15
70139990,9903.88.15,4A,15
70140010,9903.88.03,3,25
70140020,9903.88.03,3,25
70140030,9903.88.03,3,25
70140050,9903.88.03,3,25
70151000,9903.88.15,4A,15
70159010,9903.88.15,4A,15
70159020,9903.88.15,4A,15
70159050,9903.88.15,4A,15
70161000,9903.88.03,3,25
70169010,9903.88.03,3,25
70169050,9903.88.03,3,25
70171030,9903.88.03,3,25
70171060,9903.88.03,3,25
70172000,9903.88.03,3,25
70179010,9903.88.03,3,25
70179050,9903.88.03,3,25
70181010,9903.88.03,3,25
70181020,9903.88.03,3,25
70181050,9903.88.03,3,25
70182000,9903.88.03,3,25
70189010,9903.88.15,4A,15
70189050,9903.88.03,3,25
70191100,9903.88.03,3,25
70191200,9903.88.03,3,25
70191305,9903.88.03,3,25
70191315,9903.88.03,3,25
70191324,9903.88.03,3,25
70191328,9903.88.03,3,25
70191335,9903.88.03,3,25
70191400,9903.88.03,3,25
70191500,9903.88.03,3,25
70191970,9903.88.03,3,25
70191991,9903.88.03,3,25
70196105,9903.88.03,3,25
70196110,9903.88.03,3,25
70196130,9903.88.03,3,25
70196140,9903.88.03,3,25
70196170,9903.88.03,3,25
70196190,9903.88.15,4A,15
70196205,9903.88.03,3,25
70196215,9903.88.03,3,25
70196230,9903.88.03,3,25
70196240,9903.88.03,3,25
70196270,9903.88.03,3,25
70196290,9903.88.15,4A,15
70196305,9903.88.03,3,25
70196315,9903.88.03,3,25
70196330,9903.88.03,3,25
70196340,9903.88.03,3,25
70196370,9903.88.03,3,25
70196390,9903.88.03,3,25
70196405,9903.88.03,3,25
70196415,9903.88.03,3,25
70196430,9903.88.03,3,25
70196440,9903.88.03,3,25
70196470,9903.88.03,3,25
70196490,9903.88.15,4A,15
70196551,9903.88.03,3,25
70196590,9903.88.03,3,25
70196630,9903.88.03,3,25
70196640,9903.88.03,3,25
70196670,9903.88.03,3,25
70196690,9903.88.03,3,25
70196930,9903.88.03,3,25
70196940,9903.88.03,3,25
70196970,9903.88.03,3,25
70196990,9903.88.03,3,25
70197100,9903.88.03,3,25
70197205,9903.88.03,3,25
70197215,9903.88.03,3,25
70197230,9903.88.03,3,25
70197240,9903.88.03,3,25
70197270,9903.88.03,3,25
70197290,9903.88.15,4A,15
70197351,9903.88.03,3,25
70197390,9903.88.03,3,25
70198010,9903.88.03,3,25
70198090,9903.88.03,3,25
70199011,9903.88.03,3,25
70199051,9903.88.03,3,25
70200030,9903.88.03,3,25
70200040,9903.88.03,3,25
70200060,9903.88.03,3,25
71011030,9903.88.15,4A,15
71011060,9903.88.15,4A,15
71012100,9903.88.15,4A,15
71012230,9903.88.15,4A,15
71012260,9903.88.15,4A,15
71021000,9903.88.15,4A,15
71022110,9903.88.03,3,25
71022130,9903.88.03,3,25
71022140,9903.88.03,3,25
71022900,9903.88.03,3,25
71023100,9903.88.15,4A,15
71023900,9903.88.15,4A,15
71031020,9903.88.15,4A,15
71031040,9903.88.15,4A,15
71039100,9903.88.15,4A,15
71039910,9903.88.15,4A,15
71039950,9903.88.15,4A,15
71041000,9903.88.15,4A,15
71042100,9903.88.15,4A,15
71042900,9903.88.15,4A,15
71049110,9903.88.15,4A,15
71049150,9903.88.15,4A,15
71049910,9903.88.15,4A,15
71049950,9903.88.15,4A,15
71051000,9903.88.03,3,25
71059000,9903.88.03,3,25
71061000,9903.88.03,3,25
71069110,9903.88.03,3,25
71069150,9903.88.03,3,25
71069210,9903.88.03,3,25
71069250,9903.88.03,3,25
71070000,9903.88.03,3,25
71081100,9903.88.03,3,25
71081210,9903.88.03,3,25
71081250,9903.88.03,3,25
71081310,9903.88.03,3,25
71081355,9903.88.03,3,25
71081370,9903.88.03,3,25
71082000,9903.88.03,3,25
71090000,9903.88.03,3,25
71101100,9903.88.03,3,25
71101900,9903.88.03,3,25
71102100,9903.88.03,3,25
71102900,9903.88.03,3,25
71103100,9903.88.03,3,25
71103900,9903.88.03,3,25
71104100,9903.88.03,3,25
71104900,9903.88.03,3,25
71110000,9903.88.03,3,25
71123001,9903.88.03,3,25
71129101,9903.88.03,3,25
71129201,9903.88.03,3,25
71129901,9903.88.03,3,25
71131110,9903.88.15,4A,15
71131120,9903.88.15,4A,15
71131150,9903.88.15,4A,15
71131910,9903.88.15,4A,15
71131921,9903.88.15,4A,15
71131925,9903.88.15,4A,15
71131929,9903.88.15,4A,15
71131930,9903.88.15,4A,15
71131950,9903.88.15,4A,15
71132010,9903.88.15,4A,15
71132021,9903.88.15,4A,15
71132025,9903.88.15,4A,15
71132029,9903.88.15,4A,15
71132030,9903.88.15,4A,15
71132050,9903.88.15,4A,15
71141110,9903.88.03,3,25
71141120,9903.88.03,3,25
71141130,9903.88.03,3,25
71141140,9903.88.03,3,25
71141145,9903.88.03,3,25
71141150,9903.88.03,3,25
71141160,9903.88.03,3,25
71141170,9903.88.03,3,25
71141900,9903.88.03,3,25
71142000,9903.88.03,3,25
71151000,9903.88.03,3,25
71159005,9903.88.03,3,25
71159030,9903.88.03,3,25
71159040,9903.88.03,3,25
71159060,9903.88.03,3,25
71161025,9903.88.15,4A,15
71162015,9903.88.15,4A,15
71162030,9903.88.15,4A,15
71162035,9903.88.15,4A,15
71162040,9903.88.15,4A,15
71162050,9903.88.15,4A,15
71171100,9903.88.15,4A,15
71171915,9903.88.15,4A,15
71171920,9903.88.15,4A,15
71171930,9903.88.15,4A,15
71171960,9903.88.15,4A,15
71171990,9903.88.15,4A,15
71179010,9903.88.15,4A,15
71179020,9903.88.15,4A,15
71179030,9903.88.15,4A,15
71179055,9903.88.15,4A,15
71179090,9903.88.15,4A,15
71181000,9903.88.15,4A,15
71189000,9903.88.15,4A,15
72011000,9903.88.03,3,25
72012000,9903.88.03,3,25
72015030,9903.88.03,3,25
72015060,9903.88.03,3,25
72021110,9903.88.03,3,25
72021150,9903.88.03,3,25
72021910,9903.88.03,3,25
72021950,9903.88.03,3,25
72022110,9903.88.03,3,25
72022150,9903.88.03,3,25
72022175,9903.88.03,3,25
72022190,9903.88.03,3,25
72022900,9903.88.03,3,25
72023000,9903.88.03,3,25
72024100,9903.88.03,3,25
72024910,9903.88.03,3,25
72024950,9903.88.03,3,25
72025000,9903.88.03,3,25
72026000,9903.91.01,2024+,25
72028000,9903.88.03,3,25
72029100,9903.88.03,3,25
72029200,9903.88.03,3,25
72029340,9903.91.01,2024+,25
72029380,9903.91.01,2024+,25
72029910,9903.88.03,3,25
72029920,9903.88.03,3,25
72031000,9903.88.03,3,25
72039000,9903.88.03,3,25
72041000,9903.88.03,3,25
72042100,9903.88.03,3,25
72042900,9903.88.03,3,25
72043000,9903.88.03,3,25
72044100,9903.88.03,3,25
72044900,9903.88.03,3,25
72045000,9903.88.03,3,25
72051000,9903.88.03,3,25
72052100,9903.88.03,3,25
72052900,9903.88.03,3,25
72061000,9903.91.01,2024+,25
72069000,9903.91.01,2024+,25
72071100,9903.91.01,2024+,25
72071200,9903.91.01,2024+,25
72071900,9903.91.01,2024+,25
72072000,9903.91.01,2024+,25
72081015,9903.91.01,2024+,25
72081030,9903.91.01,2024+,25
72081060,9903.91.01,2024+,25
72082530,9903.91.01,2024+,25
72082560,9903.91.01,2024+,25
72082600,9903.91.01,2024+,25
72082700,9903.91.01,2024+,25
72083600,9903.91.01,2024+,25
72083700,9903.91.01,2024+,25
72083800,9903.91.01,2024+,25
72083900,9903.91.01,2024+,25
72084030,9903.91.01,2024+,25
72084060,9903.91.01,2024+,25
72085100,9903.91.01,2024+,25
72085200,9903.91.01,2024+,25
72085300,9903.91.01,2024+,25
72085400,9903.91.01,2024+,25
72089000,9903.91.01,2024+,25
72091500,9903.91.01,2024+,25
72091600,9903.91.01,2024+,25
72091700,9903.91.01,2024+,25
72091815,9903.91.01,2024+,25
72091825,9903.91.01,2024+,25
72091860,9903.91.01,2024+,25
72092500,9903.91.01,2024+,25
72092600,9903.91.01,2024+,25
72092700,9903.91.01,2024+,25
72092800,9903.91.01,2024+,25
72099000,9903.91.01,2024+,25
72101100,9903.91.01,2024+,25
72101200,9903.91.01,2024+,25
72102000,9903.91.01,2024+,25
72103000,9903.91.01,2024+,25
72104100,9903.91.01,2024+,25
72104900,9903.91.01,2024+,25
72105000,9903.91.01,2024+,25
72106100,9903.91.01,2024+,25
72106900,9903.91.01,2024+,25
72107030,9903.91.01,2024+,25
72107060,9903.91.01,2024+,25
72109010,9903.91.01,2024+,25
72109060,9903.91.01,2024+,25
72109090,9903.91.01,2024+,25
72111300,9903.91.01,2024+,25
72111400,9903.91.01,2024+,25
72111915,9903.91.01,2024+,25
72111920,9903.91.01,2024+,25
72111930,9903.91.01,2024+,25
72111945,9903.91.01,2024+,25
72111960,9903.91.01,2024+,25
72111975,9903.91.01,2024+,25
72112315,9903.91.01,2024+,25
72112320,9903.91.01,2024+,25
72112330,9903.91.01,2024+,25
72112345,9903.91.01,2024+,25
72112360,9903.91.01,2024+,25
72112920,9903.91.01,2024+,25
72112945,9903.91.01,2024+,25
72112960,9903.91.01,2024+,25
72119000,9903.91.01,2024+,25
72121000,9903.91.01,2024+,25
72122000,9903.91.01,2024+,25
72123010,9903.91.01,2024+,25
72123030,9903.91.01,2024+,25
72123050,9903.91.01,2024+,25
72124010,9903.91.01,2024+,25
72124050,9903.91.01,2024+,25
72125000,9903.91.01,2024+,25
72126000,9903.91.01,2024+,25
72131000,9903.91.01,2024+,25
72132000,9903.91.01,2024+,25
72139130,9903.91.01,2024+,25
72139145,9903.91.01,2024+,25
72139160,9903.91.01,2024+,25
72139900,9903.91.01,2024+,25
72142000,9903.91.01,2024+,25
72143000,9903.91.01,2024+,25
72149100,9903.91.01,2024+,25
72149900,9903.91.01,2024+,25
72151000,9903.91.01,2024+,25
72155000,9903.91.01,2024+,25
72159010,9903.91.01,2024+,25
72159030,9903.91.01,2024+,25
72159050,9903.91.01,2024+,25
72161000,9903.91.01,2024+,25
72162100,9903.91.01,2024+,25
72162200,9903.91.01,2024+,25
72163100,9903.91.01,2024+,25
72163200,9903.91.01,2024+,25
72163300,9903.91.01,2024+,25
72164000,9903.91.01,2024+,25
72165000,9903.91.01,2024+,25
72166100,9903.88.03,3,25
72166900,9903.88.03,3,25
72169100,9903.88.03,3,25
72169900,9903.91.01,2024+,25
72171010,9903.91.01,2024+,25
72171020,9903.91.01,2024+,25
72171030,9903.91.01,2024+,25
72171040,9903.88.15,4A,15
72171050,9903.91.01,2024+,25
72171060,9903.91.01,2024+,25
72171070,9903.91.01,2024+,25
72171080,9903.91.01,2024+,25
72171090,9903.91.01,2024+,25
72172015,9903.91.01,2024+,25
72172030,9903.91.01,2024+,25
72172045,9903.91.01,2024+,25
72172060,9903.91.01,2024+,25
72172075,9903.91.01,2024+,25
72173015,9903.91.01,2024+,25
72173030,9903.91.01,2024+,25
72173045,9903.88.15,4A,15
72173060,9903.91.01,2024+,25
72173075,9903.91.01,2024+,25
72179010,9903.91.01,2024+,25
72179050,9903.91.01,2024+,25
72181000,9903.91.01,2024+,25
72189100,9903.91.01,2024+,25
72189900,9903.91.01,2024+,25
72191100,9903.91.01,2024+,25
72191200,9903.91.01,2024+,25
72191300,9903.91.01,2024+,25
72191400,9903.91.01,2024+,25
72192100,9903.91.01,2024+,25
72192200,9903.91.01,2024+,25
72192300,9903.91.01,2024+,25
72192400,9903.91.01,2024+,25
72193100,9903.91.01,2024+,25
72193200,9903.91.01,2024+,25
72193300,9903.91.01,2024+,25
72193400,9903.91.01,2024+,25
72193500,9903.91.01,2024+,25
72199000,9903.91.01,2024+,25
72201100,9903.88.15,4A,15
72201210,9903.91.01,2024+,25
72201250,9903.91.01,2024+,25
72202010,9903.91.01,2024+,25
72202060,9903.91.01,2024+,25
72202070,9903.91.01,2024+,25
72202080,9903.91.01,2024+,25
72202090,9903.88.15,4A,15
72209000,9903.91.01,2024+,25
72210000,9903.91.01,2024+,25
72221100,9903.91.01,2024+,25
72221900,9903.91.01,2024+,25
72222000,9903.91.01,2024+,25
72223000,9903.91.01,2024+,25
72224030,9903.91.01,2024+,25
72224060,9903.91.01,2024+,25
72230010,9903.91.01,2024+,25
72230050,9903.91.01,2024+,25
72230090,9903.91.01,2024+,25
72241000,9903.91.01,2024+,25
72249000,9903.91.01,2024+,25
72251100,9903.91.01,2024+,25
72251900,9903.91.01,2024+,25
72253011,9903.91.01,2024+,25
72253030,9903.91.01,2024+,25
72253051,9903.91.01,2024+,25
72253070,9903.91.01,2024+,25
72254011,9903.91.01,2024+,25
72254030,9903.91.01,2024+,25
72254051,9903.91.01,2024+,25
72254070,9903.91.01,2024+,25
72255011,9903.91.01,2024+,25
72255060,9903.91.01,2024+,25
72255070,9903.91.01,2024+,25
72255080,9903.91.01,2024+,25
72259100,9903.91.01,2024+,25
72259200,9903.91.01,2024+,25
72259900,9903.91.01,2024+,25
72261110,9903.91.01,2024+,25
72261190,9903.91.01,2024+,25
72261910,9903.91.01,2024+,25
72261990,9903.91.01,2024+,25
72262000,9903.91.01,2024+,25
72269105,9903.91.01,2024+,25
72269115,9903.91.01,2024+,25
72269125,9903.91.01,2024+,25
72269150,9903.91.01,2024+,25
72269170,9903.91.01,2024+,25
72269180,9903.91.01,2024+,25
72269210,9903.91.01,2024+,25
72269230,9903.91.01,2024+,25
72269250,9903.91.01,2024+,25
72269270,9903.91.01,2024+,25
72269280,9903.91.01,2024+,25
72269901,9903.91.01,2024+,25
72271000,9903.91.01,2024+,25
72272000,9903.91.01,2024+,25
72279010,9903.91.01,2024+,25
72279020,9903.91.01,2024+,25
72279060,9903.91.01,2024+,25
72281000,9903.88.15,4A,15
72282010,9903.91.01,2024+,25
72282050,9903.91.01,2024+,25
72283020,9903.88.15,4A,15
72283040,9903.91.01,2024+,25
72283060,9903.91.01,2024+,25
72283080,9903.91.01,2024+,25
72284000,9903.91.01,2024+,25
72285010,9903.91.01,2024+,25
72285050,9903.91.01,2024+,25
72286010,9903.91.01,2024+,25
72286060,9903.91.01,2024+,25
72286080,9903.91.01,2024+,25
72287030,9903.91.01,2024+,25
72287060,9903.91.01,2024+,25
72288000,9903.88.15,4A,15
72292000,9903.91.01,2024+,25
72299005,9903.88.15,4A,15
72299010,9903.91.01,2024+,25
72299050,9903.91.01,2024+,25
72299090,9903.91.01,2024+,25
73011000,9903.91.01,2024+,25
73012010,9903.88.03,3,25
73012050,9903.88.03,3,25
73021010,9903.91.01,2024+,25
73021050,9903.91.01,2024+,25
73023000,9903.88.03,3,25
73024000,9903.91.01,2024+,25
73029010,9903.91.01,2024+,25
73029090,9903.91.01,2024+,25
73030000,9903.88.03,3,25
73041100,9903.91.01,2024+,25
73041910,9903.91.01,2024+,25
73041950,9903.91.01,2024+,25
73042200,9903.91.01,2024+,25
73042330,9903.91.01,2024+,25
73042360,9903.91.01,2024+,25
73042430,9903.91.01,2024+,25
73042440,9903.91.01,2024+,25
73042460,9903.91.01,2024+,25
73042910,9903.91.01,2024+,25
73042920,9903.91.01,2024+,25
73042931,9903.91.01,2024+,25
73042941,9903.91.01,2024+,25
73042950,9903.91.01,2024+,25
73042961,9903.91.01,2024+,25
73043130,9903.91.01,2024+,25
73043160,9903.91.01,2024+,25
73043900,9903.91.01,2024+,25
73044130,9903.88.15,4A,15
73044160,9903.88.15,4A,15
73044900,9903.91.01,2024+,25
73045110,9903.91.01,2024+,25
73045150,9903.91.01,2024+,25
73045910,9903.91.01,2024+,25
73045920,9903.91.01,2024+,25
73045960,9903.91.01,2024+,25
73045980,9903.91.01,2024+,25
73049010,9903.91.01,2024+,25
73049030,9903.88.15,4A,15
73049050,9903.88.15,4A,15
73049070,9903.91.01,2024+,25
73051110,9903.91.01,2024+,25
73051150,9903.91.01,2024+,25
73051210,9903.91.01,2024+,25
73051250,9903.91.01,2024+,25
73051910,9903.91.01,2024+,25
73051950,9903.91.01,2024+,25
73052020,9903.91.01,2024+,25
73052040,9903.91.01,2024+,25
73052060,9903.91.01,2024+,25
73052080,9903.91.01,2024+,25
73053120,9903.91.01,2024+,25
73053140,9903.91.01,2024+,25
73053160,9903.91.01,2024+,25
73053910,9903.91.01,2024+,25
73053950,9903.91.01,2024+,25
73059010,9903.91.01,2024+,25
73059050,9903.91.01,2024+,25
73061100,9903.91.01,2024+,25
73061910,9903.91.01,2024+,25
73061951,9903.91.01,2024+,25
73062130,9903.91.01,2024+,25
73062140,9903.91.01,2024+,25
73062180,9903.91.01,2024+,25
73062910,9903.91.01,2024+,25
73062920,9903.91.01,2024+,25
73062931,9903.91.01,2024+,25
73062941,9903.91.01,2024+,25
73062960,9903.91.01,2024+,25
73062981,9903.91.01,2024+,25
73063010,9903.91.01,2024+,25
73063030,9903.91.01,2024+,25
73063050,9903.91.01,2024+,25
73064010,9903.91.01,2024+,25
73064050,9903.91.01,2024+,25
73065010,9903.91.01,2024+,25
73065030,9903.91.01,2024+,25
73065050,9903.91.01,2024+,25
73066110,9903.91.01,2024+,25
73066130,9903.91.01,2024+,25
73066150,9903.91.01,2024+,25
73066170,9903.91.01,2024+,25
73066910,9903.91.01,2024+,25
73066930,9903.91.01,2024+,25
73066950,9903.88.15,4A,15
73066970,9903.91.01,2024+,25
73069010,9903.91.01,2024+,25
73069050,9903.91.01,2024+,25
73071100,9903.88.03,3,25
73071930,9903.88.03,3,25
73071990,9903.88.03,3,25
73072110,9903.88.03,3,25
73072150,9903.88.03,3,25
73072210,9903.88.03,3,25
73072250,9903.88.03,3,25
73072300,9903.88.03,3,25
73072900,9903.88.03,3,25
73079110,9903.88.03,3,25
73079130,9903.88.03,3,25
73079150,9903.88.03,3,25
73079230,9903.88.03,3,25
73079290,9903.88.03,3,25
73079330,9903.88.03,3,25
73079360,9903.88.03,3,25
73079390,9903.88.03,3,25
73079910,9903.88.03,3,25
73079930,9903.88.03,3,25
73079950,9903.88.03,3,25
73081000,9903.88.02,2,25
73082000,9903.88.02,2,25
73083010,9903.88.03,3,25
73083050,9903.88.03,3,25
73084000,9903.88.03,3,25
73089030,9903.88.02,2,25
73089060,9903.88.02,2,25
73089070,9903.88.02,2,25
73089095,9903.88.02,2,25
73090000,9903.88.03,3,25
73101000,9903.88.03,3,25
73102100,9903.88.03,3,25
73102900,9903.88.03,3,25
73110000,9903.88.03,3,25
73121005,9903.88.03,3,25
73121010,9903.88.03,3,25
73121020,9903.88.03,3,25
73121030,9903.88.03,3,25
73121050,9903.88.03,3,25
73121060,9903.88.03,3,25
73121070,9903.88.03,3,25
73121080,9903.88.03,3,25
73121090,9903.88.03,3,25
73129000,9903.88.03,3,25
73130000,9903.88.03,3,25
73141210,9903.88.03,3,25
73141220,9903.88.03,3,25
73141230,9903.88.03,3,25
73141260,9903.88.03,3,25
73141290,9903.88.03,3,25
73141410,9903.88.03,3,25
73141420,9903.88.03,3,25
73141430,9903.88.03,3,25
73141460,9903.88.03,3,25
73141490,9903.88.03,3,25
73141901,9903.88.03,3,25
73142000,9903.88.03,3,25
73143110,9903.88.03,3,25
73143150,9903.88.03,3,25
73143900,9903.88.03,3,25
73144100,9903.88.03,3,25
73144200,9903.88.03,3,25
73144930,9903.88.03,3,25
73144960,9903.88.03,3,25
73145000,9903.88.03,3,25
73151100,9903.88.03,3,25
73151200,9903.88.03,3,25
73151900,9903.88.03,3,25
73152010,9903.88.03,3,25
73152050,9903.88.03,3,25
73158100,9903.88.03,3,25
73158210,9903.88.03,3,25
73158230,9903.88.03,3,25
73158250,9903.88.03,3,25
73158270,9903.88.03,3,25
73158910,9903.88.03,3,25
73158930,9903.88.03,3,25
73158950,9903.88.03,3,25
73159000,9903.88.03,3,25
73160000,9903.88.03,3,25
73170010,9903.88.15,4A,15
73170020,9903.88.03,3,25
73170030,9903.88.03,3,25
73170055,9903.88.03,3,25
73170065,9903.88.03,3,25
73170075,9903.88.03,3,25
73181100,9903.88.03,3,25
73181200,9903.88.03,3,25
73181300,9903.88.03,3,25
73181410,9903.88.03,3,25
73181450,9903.88.03,3,25
73181520,9903.88.03,3,25
73181540,9903.88.03,3,25
73181550,9903.88.03,3,25
73181560,9903.88.03,3,25
73181580,9903.88.03,3,25
73181600,9903.88.15,4A,15
73181900,9903.88.03,3,25
73182100,9903.88.03,3,25
73182200,9903.88.03,3,25
73182300,9903.88.03,3,25
73182400,9903.88.03,3,25
73182900,9903.88.03,3,25
73194020,9903.88.15,4A,15
73194030,9903.88.15,4A,15
73194050,9903.88.15,4A,15
73199010,9903.88.15,4A,15
73199090,9903.88.15,4A,15
73201030,9903.88.03,3,25
73201060,9903.88.03,3,25
73201090,9903.88.03,3,25
73202010,9903.88.15,4A,15
73202050,9903.88.15,4A,15
73209010,9903.88.03,3,25
73209050,9903.88.03,3,25
73211110,9903.88.03,3,25
73211130,9903.88.03,3,25
73211160,9903.88.03,3,25
73218150,9903.88.15,4A,15
73218210,9903.88.15,4A,15
73218250,9903.88.15,4A,15
73218900,9903.88.15,4A,15
73219010,9903.88.03,3,25
73219020,9903.88.03,3,25
73219040,9903.88.03,3,25
73219050,9903.88.03,3,25
73219060,9903.88.03,3,25
73221100,9903.88.03,3,25
73221900,9903.88.03,3,25
73229000,9903.88.03,3,25
73231000,9903.88.03,3,25
73239110,9903.88.15,4A,15
73239200,9903.88.15,4A,15
73239400,9903.88.15,4A,15
73239910,9903.88.15,4A,15
73239990,9903.88.03,3,25
73241000,9903.88.03,3,25
73242110,9903.88.03,3,25
73242150,9903.88.03,3,25
73242900,9903.88.15,4A,15
73249000,9903.88.03,3,25
73251000,9903.88.03,3,25
73259100,9903.88.03,3,25
73259910,9903.88.03,3,25
73259950,9903.88.03,3,25
73261100,9903.88.03,3,25
73261900,9903.88.03,3,25
73262000,9903.88.03,3,25
73269010,9903.88.03,3,25
73269025,9903.88.03,3,25
73269035,9903.88.03,3,25
73269045,9903.88.03,3,25
73269060,9903.88.03,3,25
73269086,9903.88.03,3,25
74020000,9903.88.03,3,25
74031100,9903.88.03,3,25
74031200,9903.88.03,3,25
74031300,9903.88.03,3,25
74031900,9903.88.03,3,25
74032100,9903.88.03,3,25
74032200,9903.88.03,3,25
74032901,9903.88.03,3,25
74040030,9903.88.03,3,25
74040060,9903.88.03,3,25
74050010,9903.88.03,3,25
74050060,9903.88.03,3,25
74061000,9903.88.03,3,25
74062000,9903.88.03,3,25
74071015,9903.88.03,3,25
74071030,9903.88.03,3,25
74071050,9903.88.03,3,25
74072115,9903.88.03,3,25
74072130,9903.88.03,3,25
74072150,9903.88.03,3,25
74072170,9903.88.03,3,25
74072190,9903.88.03,3,25
74072916,9903.88.03,3,25
74072934,9903.88.03,3,25
74072938,9903.88.03,3,25
74072940,9903.88.03,3,25
74072950,9903.88.03,3,25
74081130,9903.88.03,3,25
74081160,9903.88.03,3,25
74081900,9903.88.03,3,25
74082100,9903.88.03,3,25
74082210,9903.88.03,3,25
74082250,9903.88.03,3,25
74082910,9903.88.03,3,25
74082950,9903.88.03,3,25
74091110,9903.88.03,3,25
74091150,9903.88.03,3,25
74091910,9903.88.03,3,25
74091950,9903.88.03,3,25
74091990,9903.88.03,3,25
74092100,9903.88.03,3,25
74092900,9903.88.03,3,25
74093110,9903.88.03,3,25
74093150,9903.88.03,3,25
74093190,9903.88.03,3,25
74093910,9903.88.03,3,25
74093950,9903.88.03,3,25
74093990,9903.88.03,3,25
74094000,9903.88.03,3,25
74099010,9903.88.03,3,25
74099050,9903.88.03,3,25
74099090,9903.88.03,3,25
74101100,9903.88.03,3,25
74101200,9903.88.03,3,25
74102130,9903.88.03,3,25
74102160,9903.88.03,3,25
74102200,9903.88.03,3,25
74111010,9903.88.03,3,25
74111050,9903.88.03,3,25
74112110,9903.88.03,3,25
74112150,9903.88.03,3,25
74112200,9903.88.03,3,25
74112910,9903.88.03,3,25
74112950,9903.88.03,3,25
74121000,9903.88.03,3,25
74122000,9903.88.03,3,25
74130010,9903.88.03,3,25
74130050,9903.88.03,3,25
74130090,9903.88.03,3,25
74151000,9903.88.03,3,25
74152100,9903.88.03,3,25
74152900,9903.88.03,3,25
74153305,9903.88.03,3,25
74153310,9903.88.03,3,25
74153380,9903.88.03,3,25
74153900,9903.88.03,3,25
74181000,9903.88.15,4A,15
74182010,9903.88.03,3,25
74182050,9903.88.03,3,25
74192000,9903.88.03,3,25
74198003,9903.88.03,3,25
74198006,9903.88.03,3,25
74198009,9903.88.03,3,25
74198015,9903.88.03,3,25
74198016,9903.88.03,3,25
74198017,9903.88.03,3,25
74198030,9903.88.03,3,25
74198050,9903.88.03,3,25
75011000,9903.88.03,3,25
75012000,9903.88.03,3,25
75021000,9903.88.03,3,25
75022000,9903.88.03,3,25
75030000,9903.88.03,3,25
75040000,9903.88.03,3,25
75051110,9903.88.03,3,25
75051130,9903.88.03,3,25
75051150,9903.88.03,3,25
75051210,9903.88.03,3,25
75051230,9903.88.03,3,25
75051250,9903.88.03,3,25
75052110,9903.88.03,3,25
75052150,9903.88.03,3,25
75052210,9903.88.03,3,25
75052250,9903.88.03,3,25
75061005,9903.88.03,3,25
75061010,9903.88.03,3,25
75061030,9903.88.03,3,25
75062005,9903.88.03,3,25
75062010,9903.88.03,3,25
75062030,9903.88.03,3,25
75071100,9903.88.03,3,25
75071200,9903.88.03,3,25
75072000,9903.88.03,3,25
75081000,9903.88.03,3,25
75089010,9903.88.03,3,25
75089050,9903.88.03,3,25
76011030,9903.91.01,2024+,25
76011060,9903.91.01,2024+,25
76012030,9903.91.01,2024+,25
76012060,9903.91.01,2024+,25
76012090,9903.91.01,2024+,25
76020000,9903.88.03,3,25
76031000,9903.88.03,3,25
76032000,9903.88.03,3,25
76041010,9903.91.01,2024+,25
76041030,9903.91.01,2024+,25
76041050,9903.91.01,2024+,25
76042100,9903.91.01,2024+,25
76042910,9903.91.01,2024+,25
76042930,9903.91.01,2024+,25
76042950,9903.91.01,2024+,25
76051100,9903.91.01,2024+,25
76051900,9903.91.01,2024+,25
76052100,9903.91.01,2024+,25
76052900,9903.91.01,2024+,25
76061130,9903.91.01,2024+,25
76061160,9903.91.01,2024+,25
76061230,9903.91.01,2024+,25
76061260,9903.91.01,2024+,25
76069130,9903.91.01,2024+,25
76069160,9903.91.01,2024+,25
76069230,9903.91.01,2024+,25
76069260,9903.91.01,2024+,25
76071130,9903.91.01,2024+,25
76071160,9903.91.01,2024+,25
76071190,9903.91.01,2024+,25
76071910,9903.88.15,4A,15
76071930,9903.88.15,4A,15
76071960,9903.91.01,2024+,25
76072010,9903.91.01,2024+,25
76072050,9903.88.15,4A,15
76081000,9903.91.01,2024+,25
76082000,9903.91.01,2024+,25
76090000,9903.91.01,2024+,25
76101000,9903.88.15,4A,15
76109000,9903.88.03,3,25
76110000,9903.88.03,3,25
76121000,9903.88.03,3,25
76129010,9903.88.03,3,25
76129050,9903.88.03,3,25
76130000,9903.88.03,3,25
76141010,9903.88.02,2,25
76141050,9903.88.03,3,25
76149020,9903.88.02,2,25
76149040,9903.88.03,3,25
76149050,9903.88.03,3,25
76151011,9903.88.15,4A,15
76151030,9903.88.15,4A,15
76151050,9903.88.15,4A,15
76151091,9903.88.15,4A,15
76152000,9903.88.03,3,25
76161010,9903.88.03,3,25
76161030,9903.88.03,3,25
76161050,9903.88.03,3,25
76161070,9903.88.03,3,25
76161090,9903.88.03,3,25
76169100,9903.88.03,3,25
76169910,9903.88.03,3,25
76169951,9903.88.03,3,25
78019100,9903.88.03,3,25
78019930,9903.88.03,3,25
78019990,9903.88.03,3,25
78041100,9903.88.03,3,25
78041900,9903.88.03,3,25
78042000,9903.88.03,3,25
78060003,9903.88.03,3,25
78060005,9903.88.03,3,25
78060080,9903.88.03,3,25
79011100,9903.91.01,2024+,25
79011210,9903.91.01,2024+,25
79011250,9903.91.01,2024+,25
79012000,9903.91.01,2024+,25
79031000,9903.88.03,3,25
79039030,9903.88.03,3,25
79039060,9903.88.03,3,25
79040000,9903.88.03,3,25
79050000,9903.88.03,3,25
79070020,9903.88.03,3,25
79070060,9903.88.03,3,25
80011000,9903.91.01,2024+,25
80012000,9903.91.01,2024+,25
80070010,9903.88.03,3,25
80070050,9903.88.03,3,25
81011000,9903.91.01,2024+,25
81019400,9903.91.11,2024+,25
81019600,9903.88.03,3,25
81019910,9903.91.11,2024+,25
81019980,9903.91.11,2024+,25
81029600,9903.88.03,3,25
81032000,9903.91.01,2024+,25
81043000,9903.88.03,3,25
81049000,9903.88.03,3,25
81052030,9903.88.03,3,25
81052060,9903.88.03,3,25
81052090,9903.88.03,3,25
81053000,9903.88.03,3,25
81059000,9903.88.03,3,25
81061000,9903.88.03,3,25
81069000,9903.88.03,3,25
81082000,9903.88.03,3,25
81083000,9903.88.03,3,25
81089030,9903.88.03,3,25
81089060,9903.88.03,3,25
81093100,9903.88.03,3,25
81093900,9903.88.03,3,25
81099100,9903.88.03,3,25
81099900,9903.88.03,3,25
81121200,9903.88.03,3,25
81121300,9903.88.03,3,25
81121900,9903.88.03,3,25
81122100,9903.91.01,2024+,25
81122900,9903.88.03,3,25
81123100,9903.88.03,3,25
81123900,9903.88.03,3,25
81124110,9903.88.03,3,25
81124150,9903.88.03,3,25
81124900,9903.88.03,3,25
81125100,9903.88.03,3,25
81125200,9903.88.03,3,25
81125900,9903.88.03,3,25
81126100,9903.88.03,3,25
81126910,9903.88.03,3,25
81126990,9903.88.03,3,25
81129207,9903.88.03,3,25
81129210,9903.88.03,3,25
81129230,9903.91.01,2024+,25
81129240,9903.88.03,3,25
81129265,9903.88.03,3,25
81129270,9903.88.03,3,25
81129910,9903.88.03,3,25
81129920,9903.88.03,3,25
81129991,9903.88.03,3,25
81130000,9903.88.03,3,25
82011000,9903.88.03,3,25
82013000,9903.88.03,3,25
82014030,9903.88.03,3,25
82014060,9903.88.03,3,25
82015000,9903.88.03,3,25
82016000,9903.88.03,3,25
82019030,9903.88.03,3,25
82019040,9903.88.03,3,25
82019060,9903.88.03,3,25
82021000,9903.88.03,3,25
82022000,9903.88.03,3,25
82023100,9903.88.03,3,25
82023900,9903.88.03,3,25
82024030,9903.88.03,3,25
82024060,9903.88.03,3,25
82029130,9903.88.03,3,25
82029160,9903.88.03,3,25
82029900,9903.88.03,3,25
82031030,9903.88.03,3,25
82031060,9903.88.03,3,25
82031090,9903.88.03,3,25
82032020,9903.88.03,3,25
82032040,9903.88.03,3,25
82032060,9903.88.03,3,25
82032080,9903.88.03,3,25
82033000,9903.88.03,3,25
82034030,9903.88.03,3,25
82034060,9903.88.03,3,25
82041100,9903.88.03,3,25
82041200,9903.88.03,3,25
82042000,9903.88.03,3,25
82051000,9903.88.03,3,25
82052030,9903.88.03,3,25
82052060,9903.88.03,3,25
82053030,9903.88.03,3,25
82053060,9903.88.03,3,25
82054000,9903.88.03,3,25
82055115,9903.88.03,3,25
82055130,9903.88.03,3,25
82055145,9903.88.03,3,25
82055160,9903.88.03,3,25
82055175,9903.88.03,3,25
82055910,9903.88.03,3,25
82055920,9903.88.03,3,25
82055930,9903.88.03,3,25
82055945,9903.88.03,3,25
82055955,9903.88.03,3,25
82055960,9903.88.03,3,25
82055970,9903.88.03,3,25
82055980,9903.88.03,3,25
82056000,9903.88.03,3,25
82057000,9903.88.03,3,25
82059010,9903.88.03,3,25
82059060,9903.88.03,3,25
82060000,9903.88.03,3,25
82071300,9903.88.03,3,25
82071930,9903.88.03,3,25
82071960,9903.88.03,3,25
82072000,9903.88.03,3,25
82073030,9903.88.03,3,25
82073060,9903.88.03,3,25
82074030,9903.88.03,3,25
82074060,9903.88.03,3,25
82075020,9903.88.03,3,25
82075040,9903.88.03,3,25
82075060,9903.88.03,3,25
82075080,9903.88.03,3,25
82076000,9903.88.03,3,25
82077030,9903.88.03,3,25
82077060,9903.88.03,3,25
82078030,9903.88.03,3,25
82078060,9903.88.03,3,25
82079015,9903.88.03,3,25
82079030,9903.88.03,3,25
82079045,9903.88.03,3,25
82079060,9903.88.03,3,25
82079075,9903.88.03,3,25
82081000,9903.88.03,3,25
82082000,9903.88.03,3,25
82083000,9903.88.03,3,25
82084030,9903.88.03,3,25
82084060,9903.88.03,3,25
82089030,9903.88.03,3,25
82089060,9903.88.03,3,25
82090000,9903.88.03,3,25
82100000,9903.88.03,3,25
82119110,9903.88.15,4A,15
82119120,9903.88.15,4A,15
82119125,9903.88.15,4A,15
82119150,9903.88.15,4A,15
82119180,9903.88.15,4A,15
82119220,9903.88.15,4A,15
82119260,9903.88.15,4A,15
82119290,9903.88.15,4A,15
82119300,9903.88.03,3,25
82119410,9903.88.03,3,25
82119450,9903.88.03,3,25
82119510,9903.88.03,3,25
82119550,9903.88.03,3,25
82119590,9903.88.03,3,25
82121000,9903.88.15,4A,15
82122000,9903.88.15,4A,15
82129000,9903.88.15,4A,15
82142060,9903.88.15,4A,15
82149030,9903.88.15,4A,15
82151000,9903.88.15,4A,15
82152000,9903.88.03,3,25
82159130,9903.88.15,4A,15
82159160,9903.88.15,4A,15
82159190,9903.88.15,4A,15
82159905,9903.88.03,3,25
82159915,9903.88.15,4A,15
82159924,9903.88.15,4A,15
82159926,9903.88.15,4A,15
82159935,9903.88.15,4A,15
82159945,9903.88.15,4A,15
83011020,9903.88.15,4A,15
83011040,9903.88.15,4A,15
83011060,9903.88.15,4A,15
83011080,9903.88.15,4A,15
83012000,9903.88.03,3,25
83013000,9903.88.15,4A,15
83014060,9903.88.15,4A,15
83015000,9903.88.15,4A,15
83016000,9903.88.15,4A,15
83017000,9903.88.15,4A,15
83021030,9903.88.15,4A,15
83021060,9903.88.03,3,25
83021090,9903.88.03,3,25
83022000,9903.88.03,3,25
83023030,9903.88.03,3,25
83023060,9903.88.03,3,25
83024130,9903.88.03,3,25
83024160,9903.88.03,3,25
83024190,9903.88.03,3,25
83024230,9903.88.15,4A,15
83024260,9903.88.15,4A,15
83024920,9903.88.03,3,25
83024940,9903.88.03,3,25
83024960,9903.88.03,3,25
83024980,9903.88.03,3,25
83025000,9903.88.03,3,25
83026030,9903.88.03,3,25
83026090,9903.88.03,3,25
83030000,9903.88.03,3,25
83051000,9903.88.15,4A,15
83052000,9903.88.15,4A,15
83059060,9903.88.15,4A,15
83062100,9903.88.15,4A,15
83063000,9903.88.03,3,25
83071030,9903.88.03,3,25
83071060,9903.88.03,3,25
83079030,9903.88.03,3,25
83079060,9903.88.03,3,25
83081000,9903.88.03,3,25
83082030,9903.88.03,3,25
83082060,9903.88.03,3,25
83089030,9903.88.03,3,25
83089060,9903.88.03,3,25
83089090,9903.88.03,3,25
83091000,9903.88.03,3,25
83099000,9903.88.03,3,25
83100000,9903.88.03,3,25
83111000,9903.88.03,3,25
83112000,9903.88.03,3,25
83113030,9903.88.03,3,25
83113060,9903.88.03,3,25
83119000,9903.88.03,3,25
84011000,9903.88.01,1,25
84012000,9903.88.01,1,25
84013000,9903.88.01,1,25
84014000,9903.88.01,1,25
84021100,9903.88.01,1,25
84021200,9903.88.01,1,25
84021900,9903.88.01,1,25
84022000,9903.88.01,1,25
84029000,9903.88.01,1,25
84031000,9903.88.15,4A,15
84039000,9903.88.15,4A,15
84041000,9903.88.03,3,25
84042000,9903.88.01,1,25
84049000,9903.88.01,1,25
84051000,9903.88.01,1,25
84059000,9903.88.01,1,25
84061010,9903.88.01,1,25
84061090,9903.88.01,1,25
84068110,9903.88.03,3,25
84068190,9903.88.01,1,25
84068210,9903.88.02,2,25
84068290,9903.88.01,1,25
84069020,9903.88.03,3,25
84069030,9903.88.03,3,25
84069040,9903.88.03,3,25
84069045,9903.88.03,3,25
84069050,9903.88.03,3,25
84069060,9903.88.03,3,25
84069070,9903.88.03,3,25
84069075,9903.88.03,3,25
84071000,9903.88.01,1,25
84072100,9903.88.01,1,25
84072900,9903.88.01,1,25
84073100,9903.88.03,3,25
84073210,9903.88.03,3,25
84073220,9903.88.03,3,25
84073290,9903.88.03,3,25
84073310,9903.88.03,3,25
84073330,9903.88.03,3,25
84073360,9903.88.03,3,25
84073390,9903.88.03,3,25
84073405,9903.88.02,2,25
84073414,9903.88.03,3,25
84073418,9903.88.03,3,25
84073425,9903.88.03,3,25
84073435,9903.88.02,2,25
84073444,9903.88.03,3,25
84073448,9903.88.03,3,25
84073455,9903.88.03,3,25
84079010,9903.88.02,2,25
84079090,9903.88.02,2,25
84081000,9903.88.01,1,25
84082010,9903.88.02,2,25
84082020,9903.88.03,3,25
84082090,9903.88.03,3,25
84089010,9903.88.01,1,25
84089090,9903.88.01,1,25
84091000,9903.88.01,1,25
84099110,9903.88.03,3,25
84099130,9903.88.03,3,25
84099150,9903.88.03,3,25
84099192,9903.88.03,3,25
84099199,9903.88.03,3,25
84099910,9903.88.03,3,25
84099991,9903.88.03,3,25
84099992,9903.88.03,3,25
84099999,9903.88.03,3,25
84101100,9903.88.01,1,25
84101200,9903.88.01,1,25
84101300,9903.88.01,1,25
84109000,9903.88.01,1,25
84111140,9903.88.01,1,25
84111180,9903.88.01,1,25
84111240,9903.88.01,1,25
84111280,9903.88.01,1,25
84112140,9903.88.01,1,25
84112180,9903.88.01,1,25
84112240,9903.88.01,1,25
84112280,9903.88.01,1,25
84118140,9903.88.01,1,25
84118180,9903.88.01,1,25
84118240,9903.88.01,1,25
84118280,9903.88.01,1,25
84119110,9903.88.01,1,25
84119190,9903.88.01,1,25
84119910,9903.88.01,1,25
84119990,9903.88.01,1,25
84121000,9903.88.01,1,25
84122100,9903.88.01,1,25
84122940,9903.88.01,1,25
84122980,9903.88.01,1,25
84123100,9903.88.01,1,25
84123900,9903.88.01,1,25
84128010,9903.88.01,1,25
84128090,9903.88.01,1,25
84129010,9903.88.01,1,25
84129090,9903.88.03,3,25
84131100,9903.88.03,3,25
84131900,9903.88.01,1,25
84132000,9903.88.03,3,25
84133010,9903.88.03,3,25
84133090,9903.88.03,3,25
84134000,9903.88.01,1,25
84135000,9903.88.01,1,25
84136000,9903.88.01,1,25
84137010,9903.88.01,1,25
84137020,9903.88.01,1,25
84138100,9903.88.01,1,25
84138200,9903.88.01,1,25
84139110,9903.88.01,1,25
84139120,9903.88.01,1,25
84139190,9903.88.01,1,25
84139200,9903.88.03,3,25
84141000,9903.88.03,3,25
84142000,9903.88.03,3,25
84143040,9903.88.01,1,25
84143080,9903.88.01,1,25
84144000,9903.88.03,3,25
84145910,9903.88.03,3,25
84145915,9903.88.03,3,25
84145930,9903.88.01,1,25
84145965,9903.88.03,3,25
84146000,9903.88.03,3,25
84147000,9903.88.01,1,25
84148005,9903.88.01,1,25
84148016,9903.88.03,3,25
84148020,9903.88.01,1,25
84148090,9903.88.03,3,25
84149010,9903.88.03,3,25
84149030,9903.88.01,1,25
84149041,9903.88.01,1,25
84149091,9903.88.01,1,25
84151030,9903.88.03,3,25
84151060,9903.88.03,3,25
84151090,9903.88.03,3,25
84152000,9903.88.03,3,25
84158101,9903.88.03,3,25
84158201,9903.88.03,3,25
84158300,9903.88.03,3,25
84159040,9903.88.15,4A,15
84159080,9903.88.15,4A,15
84161000,9903.88.15,4A,15
84162000,9903.88.15,4A,15
84163000,9903.88.03,3,25
84169000,9903.88.01,1,25
84171000,9903.88.01,1,25
84172000,9903.88.15,4A,15
84178000,9903.88.01,1,25
84179000,9903.88.01,1,25
84181000,9903.88.03,3,25
84182100,9903.88.03,3,25
84182910,9903.88.03,3,25
84182920,9903.88.03,3,25
84183000,9903.88.03,3,25
84184000,9903.88.03,3,25
84185000,9903.88.03,3,25
84186101,9903.88.03,3,25
84186901,9903.88.01,1,25
84189100,9903.88.03,3,25
84189940,9903.88.03,3,25
84189980,9903.88.03,3,25
84191100,9903.88.01,1,25
84191200,9903.88.01,1,25
84191901,9903.88.01,1,25
84193310,9903.88.01,1,25
84193350,9903.88.01,1,25
84193400,9903.88.01,1,25
84193510,9903.88.01,1,25
84193550,9903.88.01,1,25
84193902,9903.88.01,1,25
84194000,9903.88.01,1,25
84195010,9903.88.01,1,25
84195050,9903.88.01,1,25
84196010,9903.88.02,2,25
84196050,9903.88.01,1,25
84198150,9903.88.15,4A,15
84198190,9903.88.15,4A,15
84198910,9903.88.02,2,25
84198960,9903.88.01,1,25
84198995,9903.88.02,2,25
84199010,9903.88.01,1,25
84199020,9903.88.01,1,25
84199030,9903.88.01,1,25
84199050,9903.88.01,1,25
84199085,9903.88.01,1,25
84199095,9903.88.01,1,25
84201010,9903.88.15,4A,15
84201020,9903.88.02,2,25
84201090,9903.88.01,1,25
84209110,9903.88.01,1,25
84209120,9903.88.01,1,25
84209190,9903.88.01,1,25
84209910,9903.88.02,2,25
84209920,9903.88.01,1,25
84209990,9903.88.01,1,25
84211100,9903.88.03,3,25
84211200,9903.88.15,4A,15
84211900,9903.88.01,1,25
84212100,9903.88.01,1,25
84212200,9903.88.01,1,25
84212300,9903.88.03,3,25
84212900,9903.88.01,1,25
84213100,9903.88.03,3,25
84213200,9903.88.01,1,25
84213901,9903.88.01,1,25
84219120,9903.88.15,4A,15
84219140,9903.88.15,4A,15
84219160,9903.88.01,1,25
84219901,9903.88.01,1,25
84221100,9903.88.15,4A,15
84221900,9903.88.01,1,25
84222000,9903.88.01,1,25
84223011,9903.88.01,1,25
84223091,9903.88.01,1,25
84224011,9903.88.01,1,25
84224091,9903.88.01,1,25
84229002,9903.88.15,4A,15
84229004,9903.88.03,3,25
84229006,9903.88.01,1,25
84229011,9903.88.15,4A,15
84229021,9903.88.15,4A,15
84229091,9903.88.01,1,25
84232010,9903.88.01,1,25
84232090,9903.88.01,1,25
84233000,9903.88.01,1,25
84238100,9903.88.03,3,25
84238200,9903.88.01,1,25
84238910,9903.88.01,1,25
84238990,9903.88.01,1,25
84239010,9903.88.01,1,25
84239090,9903.88.01,1,25
84241000,9903.88.15,4A,15
84242010,9903.88.03,3,25
84242090,9903.88.03,3,25
84243010,9903.88.03,3,25
84243090,9903.88.03,3,25
84244110,9903.88.03,3,25
84244190,9903.88.03,3,25
84244900,9903.88.03,3,25
84248200,9903.88.02,2,25
84248910,9903.88.01,1,25
84248990,9903.88.02,2,25
84249005,9903.88.15,4A,15
84249010,9903.88.15,4A,15
84249020,9903.88.01,1,25
84249090,9903.88.03,3,25
84251100,9903.88.01,1,25
84251900,9903.88.03,3,25
84253101,9903.88.03,3,25
84253901,9903.88.01,1,25
84254100,9903.88.03,3,25
84254200,9903.88.03,3,25
84254900,9903.88.03,3,25
84261900,9903.92.10,2024+,25
84263000,9903.88.03,3,25
84264100,9903.88.01,1,25
84264900,9903.88.01,1,25
84269100,9903.88.03,3,25
84269900,9903.88.01,1,25
84271040,9903.88.01,1,25
84271080,9903.88.01,1,25
84272040,9903.88.01,1,25
84272080,9903.88.01,1,25
84279000,9903.88.03,3,25
84281000,9903.88.15,4A,15
84282000,9903.88.01,1,25
84283100,9903.88.01,1,25
84283200,9903.88.01,1,25
84283300,9903.88.01,1,25
84283900,9903.88.01,1,25
84284000,9903.88.03,3,25
84286000,9903.88.15,4A,15
84287000,9903.88.01,1,25
84289003,9903.88.01,1,25
84291100,9903.88.01,1,25
84291900,9903.88.01,1,25
84292000,9903.88.01,1,25
84293000,9903.88.01,1,25
84294000,9903.88.01,1,25
84295110,9903.88.01,1,25
84295150,9903.88.01,1,25
84295210,9903.88.01,1,25
84295250,9903.88.01,1,25
84295910,9903.88.01,1,25
84295950,9903.88.01,1,25
84301000,9903.88.01,1,25
84302000,9903.88.15,4A,15
84303100,9903.88.01,1,25
84303900,9903.88.01,1,25
84304100,9903.88.01,1,25
84304940,9903.88.03,3,25
84304980,9903.88.01,1,25
84305010,9903.88.03,3,25
84305050,9903.88.01,1,25
84306100,9903.88.01,1,25
84306901,9903.88.01,1,25
84311000,9903.88.01,1,25
84312000,9903.88.01,1,25
84313100,9903.88.01,1,25
84313900,9903.88.01,1,25
84314100,9903.88.01,1,25
84314200,9903.88.01,1,25
84314340,9903.88.01,1,25
84314380,9903.88.01,1,25
84314910,9903.88.01,1,25
84314990,9903.88.01,1,25
84321000,9903.88.01,1,25
84322100,9903.88.01,1,25
84322900,9903.88.02,2,25
84323100,9903.88.02,2,25
84323900,9903.88.02,2,25
84324100,9903.88.03,3,25
84324200,9903.88.02,2,25
84328000,9903.88.01,1,25
84329000,9903.88.01,1,25
84331100,9903.88.15,4A,15
84331900,9903.88.15,4A,15
84332000,9903.88.01,1,25
84333000,9903.88.01,1,25
84334000,9903.88.01,1,25
84335100,9903.88.01,1,25
84335200,9903.88.01,1,25
84335300,9903.88.01,1,25
84335900,9903.88.01,1,25
84336000,9903.88.01,1,25
84339010,9903.88.03,3,25
84339050,9903.88.01,1,25
84341000,9903.88.15,4A,15
84342000,9903.88.01,1,25
84349000,9903.88.01,1,25
84351000,9903.88.15,4A,15
84359000,9903.88.15,4A,15
84361000,9903.88.01,1,25
84362100,9903.88.01,1,25
84362900,9903.88.01,1,25
84368000,9903.88.01,1,25
84369100,9903.88.01,1,25
84369900,9903.88.01,1,25
84371000,9903.88.01,1,25
84378000,9903.88.01,1,25
84379000,9903.88.01,1,25
84381000,9903.88.15,4A,15
84382000,9903.88.15,4A,15
84383000,9903.88.15,4A,15
84384000,9903.88.15,4A,15
84385000,9903.88.01,1,25
84386000,9903.88.01,1,25
84388000,9903.88.01,1,25
84389010,9903.88.15,4A,15
84389090,9903.88.01,1,25
84391000,9903.88.01,1,25
84392000,9903.88.01,1,25
84393000,9903.88.01,1,25
84399110,9903.88.01,1,25
84399190,9903.88.01,1,25
84399910,9903.88.01,1,25
84399950,9903.88.01,1,25
84401000,9903.88.15,4A,15
84409000,9903.88.15,4A,15
84411000,9903.88.03,3,25
84412000,9903.88.01,1,25
84413000,9903.88.01,1,25
84414000,9903.88.01,1,25
84418000,9903.88.01,1,25
84419000,9903.88.01,1,25
84423001,9903.88.01,1,25
84424000,9903.88.01,1,25
84425010,9903.88.03,3,25
84425090,9903.88.15,4A,15
84431110,9903.88.01,1,25
84431150,9903.88.01,1,25
84431200,9903.88.01,1,25
84431300,9903.88.01,1,25
84431400,9903.88.01,1,25
84431500,9903.88.03,3,25
84431600,9903.88.03,3,25
84431700,9903.88.01,1,25
84431920,9903.88.15,4A,15
84431930,9903.88.01,1,25
84433100,9903.88.15,4A,15
84433210,9903.88.15,4A,15
84433250,9903.88.15,4A,15
84433910,9903.88.15,4A,15
84433920,9903.88.03,3,25
84433930,9903.88.03,3,25
84433940,9903.88.03,3,25
84433950,9903.88.03,3,25
84433990,9903.88.15,4A,15
84439110,9903.88.01,1,25
84439120,9903.88.15,4A,15
84439130,9903.88.15,4A,15
84439910,9903.88.03,3,25
84439920,9903.88.01,1,25
84439925,9903.88.15,4A,15
84439930,9903.88.03,3,25
84439935,9903.88.03,3,25
84439940,9903.88.02,2,25
84439945,9903.88.01,1,25
84439950,9903.88.15,4A,15
84440000,9903.88.01,1,25
84451100,9903.88.15,4A,15
84451200,9903.88.15,4A,15
84451300,9903.88.15,4A,15
84451900,9903.88.15,4A,15
84452000,9903.88.15,4A,15
84453000,9903.88.15,4A,15
84454000,9903.88.15,4A,15
84459000,9903.88.15,4A,15
84461000,9903.88.15,4A,15
84462150,9903.88.15,4A,15
84462900,9903.88.15,4A,15
84463010,9903.88.15,4A,15
84463050,9903.88.03,3,25
84471110,9903.88.15,4A,15
84471190,9903.88.15,4A,15
84471210,9903.88.15,4A,15
84471290,9903.88.15,4A,15
84472020,9903.88.15,4A,15
84472030,9903.88.15,4A,15
84472040,9903.88.15,4A,15
84472060,9903.88.15,4A,15
84479010,9903.88.15,4A,15
84479050,9903.88.15,4A,15
84479090,9903.88.15,4A,15
84481100,9903.88.15,4A,15
84481900,9903.88.15,4A,15
84482010,9903.88.15,4A,15
84482050,9903.88.15,4A,15
84483100,9903.88.15,4A,15
84483200,9903.88.15,4A,15
84483300,9903.88.15,4A,15
84483910,9903.88.15,4A,15
84483950,9903.88.15,4A,15
84483990,9903.88.15,4A,15
84484200,9903.88.15,4A,15
84484910,9903.88.15,4A,15
84484920,9903.88.15,4A,15
84485110,9903.88.15,4A,15
84485120,9903.88.03,3,25
84485130,9903.88.15,4A,15
84485150,9903.88.15,4A,15
84485910,9903.88.15,4A,15
84485950,9903.88.15,4A,15
84490010,9903.88.15,4A,15
84490050,9903.88.15,4A,15
84501100,9903.88.15,4A,15
84502000,9903.88.15,4A,15
84509020,9903.88.15,4A,15
84509040,9903.88.15,4A,15
84509060,9903.88.15,4A,15
84511000,9903.88.03,3,25
84512100,9903.88.03,3,25
84512900,9903.88.03,3,25
84513000,9903.88.03,3,25
84514000,9903.88.03,3,25
84515000,9903.88.03,3,25
84518000,9903.88.03,3,25
84519030,9903.88.03,3,25
84519060,9903.88.03,3,25
84519090,9903.88.03,3,25
84521000,9903.88.15,4A,15
84522110,9903.88.15,4A,15
84522190,9903.88.15,4A,15
84522910,9903.88.15,4A,15
84522990,9903.88.03,3,25
84523000,9903.88.15,4A,15
84529010,9903.88.15,4A,15
84529020,9903.88.15,4A,15
84531000,9903.88.15,4A,15
84532000,9903.88.15,4A,15
84538000,9903.88.15,4A,15
84539010,9903.88.15,4A,15
84539050,9903.88.15,4A,15
84541000,9903.88.01,1,25
84542000,9903.88.03,3,25
84543000,9903.88.01,1,25
84549000,9903.88.01,1,25
84551000,9903.88.01,1,25
84552100,9903.88.01,1,25
84552200,9903.88.01,1,25
84553000,9903.88.01,1,25
84559040,9903.88.02,2,25
84559080,9903.88.01,1,25
84561110,9903.88.01,1,25
84561170,9903.88.01,1,25
84561190,9903.88.01,1,25
84561210,9903.88.01,1,25
84561270,9903.88.01,1,25
84561290,9903.88.01,1,25
84562010,9903.88.01,1,25
84562050,9903.88.01,1,25
84563010,9903.88.01,1,25
84563050,9903.88.01,1,25
84564010,9903.88.01,1,25
84564090,9903.88.01,1,25
84565000,9903.88.01,1,25
84569031,9903.88.01,1,25
84569071,9903.88.01,1,25
84571000,9903.88.01,1,25
84572000,9903.88.01,1,25
84573000,9903.88.01,1,25
84581100,9903.88.01,1,25
84581900,9903.88.01,1,25
84589110,9903.88.01,1,25
84589150,9903.88.01,1,25
84589910,9903.88.01,1,25
84589950,9903.88.01,1,25
84591000,9903.88.01,1,25
84592100,9903.88.01,1,25
84592900,9903.88.03,3,25
84593100,9903.88.01,1,25
84593900,9903.88.01,1,25
84594100,9903.88.01,1,25
84594900,9903.88.01,1,25
84595100,9903.88.01,1,25
84595900,9903.88.03,3,25
84596100,9903.88.01,1,25
84596900,9903.88.01,1,25
84597040,9903.88.01,1,25
84597080,9903.88.01,1,25
84601200,9903.88.01,1,25
84601901,9903.88.01,1,25
84602200,9903.88.01,1,25
84602300,9903.88.01,1,25
84602400,9903.88.01,1,25
84602901,9903.88.01,1,25
84603100,9903.88.01,1,25
84603900,9903.88.03,3,25
84604040,9903.88.01,1,25
84604080,9903.88.01,1,25
84609040,9903.88.01,1,25
84609080,9903.88.01,1,25
84612040,9903.88.01,1,25
84612080,9903.88.01,1,25
84613040,9903.88.01,1,25
84613080,9903.88.01,1,25
84614010,9903.88.01,1,25
84614050,9903.88.01,1,25
84615040,9903.88.01,1,25
84615080,9903.88.03,3,25
84619030,9903.88.01,1,25
84619060,9903.88.01,1,25
84621100,9903.88.01,1,25
84621900,9903.88.01,1,25
84622200,9903.88.01,1,25
84622300,9903.88.01,1,25
84622400,9903.88.01,1,25
84622500,9903.88.01,1,25
84622600,9903.88.01,1,25
84622900,9903.88.01,1,25
84623210,9903.88.01,1,25
84623250,9903.88.01,1,25
84623300,9903.88.01,1,25
84623900,9903.88.01,1,25
84624200,9903.88.01,1,25
84624900,9903.88.01,1,25
84625100,9903.88.01,1,25
84625900,9903.88.01,1,25
84626140,9903.88.01,1,25
84626180,9903.88.01,1,25
84626240,9903.88.01,1,25
84626250,9903.88.01,1,25
84626340,9903.88.01,1,25
84626380,9903.88.01,1,25
84626940,9903.88.01,1,25
84626980,9903.88.01,1,25
84629040,9903.88.01,1,25
84629080,9903.88.01,1,25
84631000,9903.88.01,1,25
84632000,9903.88.01,1,25
84633000,9903.88.01,1,25
84639000,9903.88.01,1,25
84641001,9903.88.02,2,25
84642001,9903.88.01,1,25
84649001,9903.88.01,1,25
84651000,9903.88.01,1,25
84652010,9903.88.03,3,25
84652050,9903.88.03,3,25
84652080,9903.88.03,3,25
84659100,9903.88.03,3,25
84659200,9903.88.01,1,25
84659300,9903.88.01,1,25
84659400,9903.88.01,1,25
84659500,9903.88.02,2,25
84659600,9903.88.15,4A,15
84659902,9903.88.01,1,25
84661001,9903.88.01,1,25
84662010,9903.88.01,1,25
84662080,9903.88.01,1,25
84663010,9903.88.01,1,25
84663060,9903.88.01,1,25
84663080,9903.88.02,2,25
84669110,9903.88.03,3,25
84669150,9903.88.01,1,25
84669210,9903.88.01,1,25
84669250,9903.88.01,1,25
84669311,9903.88.01,1,25
84669315,9903.88.03,3,25
84669330,9903.88.01,1,25
84669353,9903.88.01,1,25
84669360,9903.88.01,1,25
84669375,9903.88.01,1,25
84669396,9903.88.01,1,25
84669398,9903.88.01,1,25
84669420,9903.88.01,1,25
84669440,9903.88.01,1,25
84669465,9903.88.01,1,25
84669485,9903.88.01,1,25
84671110,9903.88.01,1,25
84671150,9903.88.01,1,25
84671910,9903.88.15,4A,15
84671950,9903.88.03,3,25
84672900,9903.88.15,4A,15
84678100,9903.88.15,4A,15
84678910,9903.88.15,4A,15
84678950,9903.88.15,4A,15
84679101,9903.88.15,4A,15
84679200,9903.88.15,4A,15
84679901,9903.88.03,3,25
84681000,9903.88.15,4A,15
84682010,9903.88.03,3,25
84682050,9903.88.01,1,25
84688010,9903.88.03,3,25
84688050,9903.88.01,1,25
84689010,9903.88.03,3,25
84689050,9903.88.03,3,25
84701000,9903.88.03,3,25
84702100,9903.88.03,3,25
84702900,9903.88.03,3,25
84703000,9903.88.03,3,25
84705000,9903.88.15,4A,15
84709001,9903.88.03,3,25
84714101,9903.88.15,4A,15
84714900,9903.88.15,4A,15
84715001,9903.88.03,3,25
84716010,9903.88.03,3,25
84716070,9903.88.03,3,25
84716080,9903.88.15,4A,15
84716090,9903.88.03,3,25
84717010,9903.88.03,3,25
84717020,9903.88.03,3,25
84717030,9903.88.01,1,25
84717040,9903.88.01,1,25
84717050,9903.88.03,3,25
84717060,9903.88.01,1,25
84717090,9903.88.01,1,25
84718010,9903.88.03,3,25
84718040,9903.88.03,3,25
84718090,9903.88.03,3,25
84719000,9903.88.03,3,25
84721000,9903.88.03,3,25
84723000,9903.88.03,3,25
84729005,9903.88.03,3,25
84729010,9903.88.03,3,25
84729050,9903.88.15,4A,15
84729060,9903.88.03,3,25
84729090,9903.88.03,3,25
84732100,9903.88.03,3,25
84732900,9903.88.03,3,25
84733011,9903.88.03,3,25
84733020,9903.88.01,1,25
84733051,9903.88.03,3,25
84733091,9903.88.03,3,25
84734010,9903.88.01,1,25
84734021,9903.88.03,3,25
84734041,9903.88.03,3,25
84734086,9903.88.01,1,25
84735030,9903.88.01,1,25
84735060,9903.88.02,2,25
84735090,9903.88.02,2,25
84741000,9903.88.01,1,25
84742000,9903.88.01,1,25
84743100,9903.88.01,1,25
84743200,9903.88.01,1,25
84743900,9903.88.01,1,25
84748000,9903.88.01,1,25
84749000,9903.88.01,1,25
84751000,9903.88.01,1,25
84752100,9903.88.01,1,25
84752900,9903.88.02,2,25
84759010,9903.88.01,1,25
84759090,9903.88.01,1,25
84762100,9903.88.03,3,25
84762900,9903.88.03,3,25
84768100,9903.88.03,3,25
84768900,9903.88.15,4A,15
84769000,9903.88.03,3,25
84771030,9903.88.01,1,25
84771040,9903.88.01,1,25
84771090,9903.88.01,1,25
84772000,9903.88.01,1,25
84773000,9903.88.01,1,25
84774001,9903.88.01,1,25
84775100,9903.88.01,1,25
84775901,9903.88.03,3,25
84778001,9903.88.01,1,25
84779025,9903.88.01,1,25
84779045,9903.88.01,1,25
84779065,9903.88.01,1,25
84779086,9903.88.01,1,25
84781000,9903.88.15,4A,15
84789000,9903.88.15,4A,15
84791000,9903.88.01,1,25
84792000,9903.88.01,1,25
84793000,9903.88.01,1,25
84794000,9903.88.01,1,25
84795000,9903.88.01,1,25
84796000,9903.88.03,3,25
84797100,9903.88.03,3,25
84797900,9903.88.15,4A,15
84798100,9903.88.01,1,25
84798200,9903.88.01,1,25
84798300,9903.88.03,3,25
84798910,9903.88.03,3,25
84798920,9903.88.03,3,25
84798955,9903.88.15,4A,15
84798965,9903.88.15,4A,15
84798970,9903.88.03,3,25
84798983,9903.88.01,1,25
84798992,9903.88.01,1,25
84798995,9903.88.03,3,25
84799041,9903.88.15,4A,15
84799045,9903.88.15,4A,15
84799055,9903.88.15,4A,15
84799065,9903.88.15,4A,15
84799075,9903.88.15,4A,15
84799085,9903.88.15,4A,15
84799095,9903.88.01,1,25
84801000,9903.88.03,3,25
84802000,9903.88.01,1,25
84803000,9903.88.01,1,25
84804100,9903.88.01,1,25
84804900,9903.88.01,1,25
84805000,9903.88.01,1,25
84806000,9903.88.15,4A,15
84807110,9903.88.01,1,25
84807140,9903.88.01,1,25
84807180,9903.88.01,1,25
84807910,9903.88.03,3,25
84807990,9903.88.03,3,25
84811000,9903.88.01,1,25
84812000,9903.88.01,1,25
84813010,9903.88.03,3,25
84813020,9903.88.01,1,25
84813090,9903.88.01,1,25
84814000,9903.88.01,1,25
84818010,9903.88.03,3,25
84818030,9903.88.03,3,25
84818050,9903.88.03,3,25
84818090,9903.88.03,3,25
84819010,9903.88.15,4A,15
84819030,9903.88.15,4A,15
84819050,9903.88.15,4A,15
84819090,9903.88.01,1,25
84821010,9903.88.03,3,25
84821050,9903.88.01,1,25
84822000,9903.88.01,1,25
84823000,9903.88.01,1,25
84824000,9903.88.01,1,25
84825000,9903.88.01,1,25
84828000,9903.88.01,1,25
84829100,9903.88.01,1,25
84829905,9903.88.01,1,25
84829915,9903.88.01,1,25
84829925,9903.88.01,1,25
84829935,9903.88.01,1,25
84829945,9903.88.01,1,25
84829965,9903.88.01,1,25
84831010,9903.88.03,3,25
84831030,9903.88.03,3,25
84831050,9903.88.03,3,25
84832040,9903.88.03,3,25
84832080,9903.88.03,3,25
84833040,9903.88.01,1,25
84833080,9903.88.02,2,25
84834010,9903.88.01,1,25
84834030,9903.88.01,1,25
84834050,9903.88.03,3,25
84834070,9903.88.03,3,25
84834080,9903.88.01,1,25
84834090,9903.88.01,1,25
84835040,9903.88.03,3,25
84835060,9903.88.01,1,25
84835090,9903.88.01,1,25
84836040,9903.88.01,1,25
84836080,9903.88.03,3,25
84839010,9903.88.01,1,25
84839020,9903.88.01,1,25
84839030,9903.88.01,1,25
84839050,9903.88.03,3,25
84839070,9903.88.01,1,25
84839080,9903.88.01,1,25
84841000,9903.88.01,1,25
84842000,9903.88.01,1,25
84849000,9903.88.01,1,25
84851001,9903.88.03,3,25
84852000,9903.88.01,1,25
84853000,9903.88.03,3,25
84858000,9903.88.03,3,25
84859010,9903.88.01,1,25
84859090,9903.88.01,1,25
84861000,9903.88.02,2,25
84862000,9903.88.02,2,25
84863000,9903.88.02,2,25
84864000,9903.88.02,2,25
84869000,9903.88.02,2,25
84871000,9903.88.01,1,25
84879000,9903.88.01,1,25
85011020,9903.88.02,2,25
85011040,9903.88.01,1,25
85011060,9903.88.02,2,25
85012020,9903.88.01,1,25
85012040,9903.88.02,2,25
85012050,9903.88.01,1,25
85012060,9903.88.01,1,25
85013120,9903.88.01,1,25
85013140,9903.88.02,2,25
85013150,9903.88.01,1,25
85013160,9903.88.01,1,25
85013181,9903.88.02,2,25
85013220,9903.88.02,2,25
85013245,9903.88.01,1,25
85013255,9903.88.01,1,25
85013261,9903.88.02,2,25
85013320,9903.88.02,2,25
85013330,9903.88.02,2,25
85013340,9903.88.01,1,25
85013361,9903.88.01,1,25
85013430,9903.88.01,1,25
85013461,9903.88.01,1,25
85014020,9903.88.03,3,25
85014040,9903.88.03,3,25
85014050,9903.88.03,3,25
85014060,9903.88.03,3,25
85015120,9903.88.01,1,25
85015140,9903.88.01,1,25
85015150,9903.88.01,1,25
85015160,9903.88.01,1,25
85015240,9903.88.02,2,25
85015280,9903.88.01,1,25
85015340,9903.88.01,1,25
85015360,9903.88.02,2,25
85015380,9903.88.01,1,25
85016101,9903.88.03,3,25
85016201,9903.88.01,1,25
85016301,9903.88.01,1,25
85016401,9903.88.01,1,25
85017100,9903.88.02,2,25
85017210,9903.88.02,2,25
85017220,9903.88.02,2,25
85017230,9903.88.01,1,25
85017290,9903.88.01,1,25
85018010,9903.88.03,3,25
85018020,9903.88.01,1,25
85018030,9903.88.01,1,25
85018090,9903.88.01,1,25
85021100,9903.88.01,1,25
85021200,9903.88.01,1,25
85021300,9903.88.01,1,25
85022000,9903.88.03,3,25
85023100,9903.88.01,1,25
85023900,9903.88.01,1,25
85024000,9903.88.01,1,25
85030020,9903.88.01,1,25
85030035,9903.88.01,1,25
85030045,9903.88.01,1,25
85030065,9903.88.01,1,25
85030075,9903.88.01,1,25
85030090,9903.88.01,1,25
85030095,9903.88.02,2,25
85041000,9903.88.15,4A,15
85042100,9903.88.01,1,25
85042200,9903.88.01,1,25
85042300,9903.88.01,1,25
85043120,9903.88.03,3,25
85043140,9903.88.03,3,25
85043160,9903.88.03,3,25
85043200,9903.88.01,1,25
85043300,9903.88.01,1,25
85043400,9903.88.01,1,25
85044040,9903.88.01,1,25
85044060,9903.88.03,3,25
85044070,9903.88.03,3,25
85044085,9903.88.03,3,25
85044095,9903.88.03,3,25
85045040,9903.88.03,3,25
85045080,9903.88.03,3,25
85049020,9903.88.03,3,25
85049041,9903.88.01,1,25
85049065,9903.88.01,1,25
85049075,9903.88.01,1,25
85049096,9903.88.01,1,25
85051100,9903.91.06,2024+,25
85051910,9903.88.01,1,25
85051920,9903.88.03,3,25
85051930,9903.88.03,3,25
85052000,9903.88.01,1,25
85059030,9903.88.01,1,25
85059040,9903.88.01,1,25
85059070,9903.88.01,1,25
85059075,9903.88.01,1,25
85061000,9903.88.03,3,25
85063010,9903.88.03,3,25
85063050,9903.88.03,3,25
85064010,9903.88.01,1,25
85064050,9903.88.01,1,25
85065000,9903.88.01,1,25
85066000,9903.88.01,1,25
85068000,9903.88.03,3,25
85069000,9903.88.01,1,25
85071000,9903.88.03,3,25
85072040,9903.88.03,3,25
85072080,9903.88.03,3,25
85073040,9903.88.03,3,25
85073080,9903.88.15,4A,15
85075000,9903.88.03,3,25
85076000,9903.91.06,2024+,25
85078041,9903.88.02,2,25
85078082,9903.88.02,2,25
85079040,9903.91.01,2024+,25
85079080,9903.88.01,1,25
85081100,9903.88.03,3,25
85081900,9903.88.03,3,25
85086000,9903.88.03,3,25
85087000,9903.88.03,3,25
85098020,9903.88.03,3,25
85099025,9903.88.03,3,25
85099035,9903.88.03,3,25
85099045,9903.88.03,3,25
85099055,9903.88.03,3,25
85101000,9903.88.15,4A,15
85102010,9903.88.03,3,25
85102090,9903.88.03,3,25
85109010,9903.88.03,3,25
85109020,9903.88.03,3,25
85109030,9903.88.03,3,25
85109040,9903.88.03,3,25
85109055,9903.88.03,3,25
85111000,9903.88.03,3,25
85112000,9903.88.03,3,25
85113000,9903.88.03,3,25
85114000,9903.88.03,3,25
85115000,9903.88.03,3,25
85118020,9903.88.02,2,25
85118040,9903.88.02,2,25
85118060,9903.88.03,3,25
85119020,9903.88.02,2,25
85119040,9903.88.02,2,25
85119060,9903.88.03,3,25
85121020,9903.88.15,4A,15
85121040,9903.88.15,4A,15
85122020,9903.88.03,3,25
85122040,9903.88.03,3,25
85123000,9903.88.03,3,25
85124020,9903.88.03,3,25
85124040,9903.88.03,3,25
85129020,9903.88.03,3,25
85129040,9903.88.03,3,25
85129060,9903.88.03,3,25
85129070,9903.88.03,3,25
85129090,9903.88.03,3,25
85139020,9903.88.03,3,25
85139040,9903.88.03,3,25
85141100,9903.88.01,1,25
85141900,9903.88.01,1,25
85142040,9903.88.03,3,25
85142060,9903.88.01,1,25
85142080,9903.88.01,1,25
85143110,9903.88.01,1,25
85143190,9903.88.01,1,25
85143210,9903.88.01,1,25
85143290,9903.88.01,1,25
85143910,9903.88.01,1,25
85143990,9903.88.01,1,25
85144000,9903.88.01,1,25
85149040,9903.88.03,3,25
85149080,9903.88.01,1,25
85151100,9903.88.01,1,25
85151900,9903.88.01,1,25
85152100,9903.88.01,1,25
85152900,9903.88.01,1,25
85153100,9903.88.01,1,25
85153900,9903.88.01,1,25
85158000,9903.88.01,1,25
85159020,9903.88.01,1,25
85159040,9903.88.01,1,25
85161000,9903.88.15,4A,15
85162100,9903.88.03,3,25
85162900,9903.88.03,3,25
85163300,9903.88.15,4A,15
85166040,9903.88.03,3,25
85167100,9903.88.15,4A,15
85168040,9903.88.03,3,25
85168080,9903.88.03,3,25
85169005,9903.88.03,3,25
85169015,9903.88.03,3,25
85169025,9903.88.03,3,25
85169035,9903.88.03,3,25
85169045,9903.88.03,3,25
85169050,9903.88.03,3,25
85169055,9903.88.03,3,25
85169065,9903.88.03,3,25
85169075,9903.88.03,3,25
85169080,9903.88.03,3,25
85169085,9903.88.03,3,25
85169090,9903.88.03,3,25
85171100,9903.88.15,4A,15
85176100,9903.88.15,4A,15
85176900,9903.88.03,3,25
85177100,9903.88.15,4A,15
85177900,9903.88.15,4A,15
85181040,9903.88.03,3,25
85181080,9903.88.15,4A,15
85182100,9903.88.15,4A,15
85182200,9903.88.15,4A,15
85182980,9903.88.15,4A,15
85183010,9903.88.15,4A,15
85184010,9903.88.03,3,25
85184020,9903.88.03,3,25
85185000,9903.88.03,3,25
85189020,9903.88.03,3,25
85189041,9903.88.03,3,25
85189060,9903.88.03,3,25
85189081,9903.88.03,3,25
85192000,9903.88.15,4A,15
85193010,9903.88.15,4A,15
85198110,9903.88.15,4A,15
85198130,9903.88.03,3,25
85198910,9903.88.15,4A,15
85198930,9903.88.15,4A,15
85211030,9903.88.15,4A,15
85211060,9903.88.15,4A,15
85211090,9903.88.15,4A,15
85219000,9903.88.15,4A,15
85221000,9903.88.03,3,25
85229025,9903.88.03,3,25
85229036,9903.88.03,3,25
85229045,9903.88.03,3,25
85229058,9903.88.03,3,25
85229065,9903.88.03,3,25
85229080,9903.88.03,3,25
85232100,9903.88.03,3,25
85232910,9903.88.15,4A,15
85232920,9903.88.15,4A,15
85232930,9903.88.15,4A,15
85232940,9903.88.15,4A,15
85232950,9903.88.15,4A,15
85232960,9903.88.15,4A,15
85232970,9903.88.15,4A,15
85232980,9903.88.15,4A,15
85232990,9903.88.15,4A,15
85234100,9903.88.15,4A,15
85234920,9903.88.15,4A,15
85234930,9903.88.15,4A,15
85234940,9903.88.03,3,25
85234950,9903.88.15,4A,15
85235100,9903.88.15,4A,15
85235200,9903.88.03,3,25
85235900,9903.88.03,3,25
85238010,9903.88.15,4A,15
85238020,9903.88.15,4A,15
85241110,9903.88.01,1,25
85241190,9903.88.15,4A,15
85241200,9903.88.03,3,25
85241900,9903.88.03,3,25
85249110,9903.88.01,1,25
85249190,9903.88.15,4A,15
85249200,9903.88.03,3,25
85249900,9903.88.03,3,25
85255030,9903.88.03,3,25
85255070,9903.88.01,1,25
85256010,9903.88.01,1,25
85256020,9903.88.01,1,25
85258100,9903.88.03,3,25
85258200,9903.88.03,3,25
85258300,9903.88.03,3,25
85258910,9903.88.01,1,25
85258920,9903.88.01,1,25
85258930,9903.88.03,3,25
85258940,9903.88.15,4A,15
85258950,9903.88.03,3,25
85261000,9903.88.01,1,25
85269100,9903.88.01,1,25
85269250,9903.88.01,1,25
85272115,9903.88.03,3,25
85272125,9903.88.03,3,25
85272140,9903.88.03,3,25
85272940,9903.88.03,3,25
85272980,9903.88.03,3,25
85279150,9903.88.15,4A,15
85279160,9903.88.15,4A,15
85279915,9903.88.01,1,25
85279940,9903.88.01,1,25
85284200,9903.88.03,3,25
85284905,9903.88.15,4A,15
85284910,9903.88.15,4A,15
85284915,9903.88.03,3,25
85284920,9903.88.03,3,25
85284925,9903.88.15,4A,15
85284930,9903.88.15,4A,15
85284935,9903.88.03,3,25
85284940,9903.88.15,4A,15
85284945,9903.88.03,3,25
85284950,9903.88.15,4A,15
85284960,9903.88.03,3,25
85284965,9903.88.15,4A,15
85284970,9903.88.15,4A,15
85284975,9903.88.15,4A,15
85284980,9903.88.03,3,25
85285905,9903.88.03,3,25
85285910,9903.88.03,3,25
85285915,9903.88.15,4A,15
85285923,9903.88.15,4A,15
85285925,9903.88.15,4A,15
85285933,9903.88.15,4A,15
85285935,9903.88.15,4A,15
85285950,9903.88.15,4A,15
85285960,9903.88.15,4A,15
85286200,9903.88.15,4A,15
85286905,9903.88.03,3,25
85286910,9903.88.03,3,25
85286915,9903.88.15,4A,15
85286920,9903.88.03,3,25
85286925,9903.88.15,4A,15
85286930,9903.88.03,3,25
85286945,9903.88.15,4A,15
85286950,9903.88.15,4A,15
85286955,9903.88.15,4A,15
85286960,9903.88.15,4A,15
85286970,9903.88.15,4A,15
85287110,9903.88.15,4A,15
85287120,9903.88.15,4A,15
85287130,9903.88.15,4A,15
85287140,9903.88.15,4A,15
85287145,9903.88.15,4A,15
85287204,9903.88.03,3,25
85287208,9903.88.15,4A,15
85287212,9903.88.03,3,25
85287220,9903.88.03,3,25
85287224,9903.88.03,3,25
85287228,9903.88.03,3,25
85287232,9903.88.15,4A,15
85287236,9903.88.03,3,25
85287240,9903.88.03,3,25
85287244,9903.88.03,3,25
85287248,9903.88.15,4A,15
85287252,9903.88.15,4A,15
85287256,9903.88.15,4A,15
85287262,9903.88.15,4A,15
85287264,9903.88.15,4A,15
85287268,9903.88.15,4A,15
85287272,9903.88.15,4A,15
85287276,9903.88.15,4A,15
85287280,9903.88.15,4A,15
85287284,9903.88.15,4A,15
85287297,9903.88.15,4A,15
85287300,9903.88.03,3,25
85291021,9903.88.03,3,25
85291040,9903.88.01,1,25
85291091,9903.88.02,2,25
85299004,9903.88.03,3,25
85299005,9903.88.01,1,25
85299006,9903.88.01,1,25
85299009,9903.88.01,1,25
85299013,9903.88.15,4A,15
85299016,9903.88.01,1,25
85299019,9903.88.01,1,25
85299021,9903.88.01,1,25
85299024,9903.88.01,1,25
85299029,9903.88.01,1,25
85299033,9903.88.01,1,25
85299036,9903.88.03,3,25
85299039,9903.88.03,3,25
85299043,9903.88.03,3,25
85299046,9903.88.01,1,25
85299049,9903.88.03,3,25
85299055,9903.88.03,3,25
85299063,9903.88.01,1,25
85299068,9903.88.01,1,25
85299073,9903.88.01,1,25
85299077,9903.88.03,3,25
85299078,9903.88.01,1,25
85299081,9903.88.01,1,25
85299083,9903.88.01,1,25
85299087,9903.88.03,3,25
85299088,9903.88.03,3,25
85299089,9903.88.01,1,25
85299093,9903.88.01,1,25
85299095,9903.88.01,1,25
85299097,9903.88.01,1,25
85299098,9903.88.01,1,25
85301000,9903.88.01,1,25
85308000,9903.88.01,1,25
85309000,9903.88.01,1,25
85311000,9903.88.03,3,25
85312000,9903.88.03,3,25
85318090,9903.88.15,4A,15
85319015,9903.88.03,3,25
85319030,9903.88.03,3,25
85319075,9903.88.03,3,25
85319090,9903.88.03,3,25
85321000,9903.88.01,1,25
85322100,9903.88.01,1,25
85322200,9903.88.01,1,25
85322300,9903.88.01,1,25
85322400,9903.88.01,1,25
85322500,9903.88.01,1,25
85322900,9903.88.01,1,25
85323000,9903.88.01,1,25
85329000,9903.88.01,1,25
85331000,9903.88.01,1,25
85332100,9903.88.01,1,25
85332900,9903.88.01,1,25
85333100,9903.88.01,1,25
85333900,9903.88.03,3,25
85334040,9903.88.01,1,25
85334080,9903.88.01,1,25
85339040,9903.88.02,2,25
85339080,9903.88.01,1,25
85340000,9903.88.03,3,25
85351000,9903.88.01,1,25
85352100,9903.88.01,1,25
85352900,9903.88.01,1,25
85353000,9903.88.01,1,25
85354000,9903.88.03,3,25
85359040,9903.88.01,1,25
85359080,9903.88.01,1,25
85361000,9903.88.01,1,25
85362000,9903.88.01,1,25
85363040,9903.88.01,1,25
85363080,9903.88.02,2,25
85364100,9903.88.01,1,25
85364900,9903.88.01,1,25
85365040,9903.88.01,1,25
85365070,9903.88.02,2,25
85365090,9903.88.01,1,25
85366100,9903.88.03,3,25
85366940,9903.88.01,1,25
85366980,9903.88.03,3,25
85367000,9903.88.02,2,25
85369040,9903.88.01,1,25
85369060,9903.88.15,4A,15
85369085,9903.88.01,1,25
85371030,9903.88.02,2,25
85371060,9903.88.01,1,25
85371080,9903.88.01,1,25
85371091,9903.88.03,3,25
85372000,9903.88.01,1,25
85381000,9903.88.01,1,25
85389010,9903.88.03,3,25
85389030,9903.88.03,3,25
85389040,9903.88.01,1,25
85389060,9903.88.01,1,25
85389081,9903.88.01,1,25
85391000,9903.88.03,3,25
85392120,9903.88.03,3,25
85392140,9903.88.03,3,25
85392920,9903.88.15,4A,15
85392930,9903.88.15,4A,15
85392940,9903.88.15,4A,15
85393100,9903.88.03,3,25
85393200,9903.88.03,3,25
85393910,9903.88.03,3,25
85393990,9903.88.03,3,25
85394100,9903.88.01,1,25
85394900,9903.88.03,3,25
85395100,9903.88.03,3,25
85399000,9903.88.01,1,25
85401110,9903.88.03,3,25
85401124,9903.88.03,3,25
85401128,9903.88.03,3,25
85401130,9903.88.03,3,25
85401144,9903.88.03,3,25
85401148,9903.88.03,3,25
85401150,9903.88.03,3,25
85401210,9903.88.03,3,25
85401220,9903.88.03,3,25
85401250,9903.88.03,3,25
85401270,9903.88.03,3,25
85402020,9903.88.03,3,25
85402040,9903.88.03,3,25
85404010,9903.88.03,3,25
85406000,9903.88.03,3,25
85407120,9903.88.03,3,25
85407140,9903.88.03,3,25
85407910,9903.88.01,1,25
85407920,9903.88.01,1,25
85408100,9903.88.03,3,25
85408900,9903.88.01,1,25
85409115,9903.88.03,3,25
85409120,9903.88.03,3,25
85409150,9903.88.03,3,25
85409940,9903.88.03,3,25
85409980,9903.88.03,3,25
85411000,9903.91.05,2024+,25
85412100,9903.91.05,2024+,25
85412900,9903.91.05,2024+,25
85413000,9903.91.05,2024+,25
85414100,9903.88.01,1,25
85414200,9903.91.02,2024+,25
85414300,9903.91.02,2024+,25
85414910,9903.91.05,2024+,25
85414970,9903.91.05,2024+,25
85414980,9903.91.05,2024+,25
85414995,9903.91.05,2024+,25
85415100,9903.91.05,2024+,25
85415900,9903.91.05,2024+,25
85416000,9903.88.01,1,25
85419000,9903.91.05,2024+,25
85423100,9903.91.05,2024+,25
85423200,9903.91.05,2024+,25
85423300,9903.91.05,2024+,25
85423900,9903.91.05,2024+,25
85429000,9903.91.05,2024+,25
85431000,9903.88.01,1,25
85432000,9903.88.01,1,25
85433020,9903.88.01,1,25
85433090,9903.88.01,1,25
85434000,9903.88.02,2,25
85437020,9903.88.01,1,25
85437042,9903.88.01,1,25
85437045,9903.88.02,2,25
85437060,9903.88.01,1,25
85437071,9903.88.03,3,25
85437080,9903.88.01,1,25
85437085,9903.88.03,3,25
85437089,9903.88.15,4A,15
85437091,9903.88.03,3,25
85437095,9903.88.01,1,25
85437097,9903.88.01,1,25
85437098,9903.88.02,2,25
85439012,9903.88.01,1,25
85439015,9903.88.01,1,25
85439035,9903.88.01,1,25
85439065,9903.88.01,1,25
85439068,9903.88.01,1,25
85439085,9903.88.03,3,25
85439088,9903.88.03,3,25
85441100,9903.88.01,1,25
85441900,9903.88.01,1,25
85442000,9903.88.03,3,25
85443000,9903.88.01,1,25
85444210,9903.88.03,3,25
85444220,9903.88.03,3,25
85444290,9903.88.03,3,25
85444910,9903.88.02,2,25
85444920,9903.88.02,2,25
85444930,9903.88.01,1,25
85444990,9903.88.01,1,25
85446020,9903.88.01,1,25
85446040,9903.88.01,1,25
85446060,9903.88.02,2,25
85447000,9903.88.01,1,25
85451100,9903.88.03,3,25
85451920,9903.88.03,3,25
85451940,9903.88.03,3,25
85452000,9903.88.03,3,25
85459020,9903.88.03,3,25
85459040,9903.88.03,3,25
85461000,9903.88.03,3,25
85462000,9903.88.03,3,25
85469000,9903.88.03,3,25
85471040,9903.88.03,3,25
85471080,9903.88.03,3,25
85472000,9903.88.03,3,25
85479000,9903.88.03,3,25
85480000,9903.88.03,3,25
85491110,9903.88.15,4A,15
85491190,9903.88.15,4A,15
85491240,9903.88.15,4A,15
85491280,9903.88.15,4A,15
85491300,9903.88.15,4A,15
85491400,9903.88.15,4A,15
85491900,9903.88.15,4A,15
85492100,9903.88.03,3,25
85492900,9903.88.03,3,25
85493100,9903.88.03,3,25
85493900,9903.88.03,3,25
85499100,9903.88.03,3,25
85499900,9903.88.03,3,25
86011000,9903.88.01,1,25
86012000,9903.88.02,2,25
86021000,9903.88.02,2,25
86029000,9903.88.03,3,25
86031000,9903.88.01,1,25
86039000,9903.88.01,1,25
86040000,9903.88.01,1,25
86050000,9903.88.02,2,25
86061000,9903.88.02,2,25
86063000,9903.88.02,2,25
86069100,9903.88.02,2,25
86069200,9903.88.02,2,25
86069901,9903.88.02,2,25
86071100,9903.88.02,2,25
86071200,9903.88.01,1,25
86071903,9903.88.02,2,25
86071906,9903.88.01,1,25
86071912,9903.88.01,1,25
86071915,9903.88.01,1,25
86071930,9903.88.02,2,25
86071990,9903.88.01,1,25
86072110,9903.88.01,1,25
86072150,9903.88.01,1,25
86072910,9903.88.01,1,25
86072950,9903.88.01,1,25
86073010,9903.88.02,2,25
86073050,9903.88.02,2,25
86079100,9903.88.01,1,25
86079910,9903.88.01,1,25
86079950,9903.88.01,1,25
86080000,9903.88.01,1,25
87011001,9903.88.01,1,25
87012100,9903.88.02,2,25
87012200,9903.88.02,2,25
87012300,9903.88.02,2,25
87012400,9903.88.02,2,25
87012900,9903.88.02,2,25
87013010,9903.88.01,1,25
87013050,9903.88.02,2,25
87019110,9903.88.02,2,25
87019150,9903.88.02,2,25
87019210,9903.88.02,2,25
87019250,9903.88.02,2,25
87019310,9903.88.02,2,25
87019350,9903.88.02,2,25
87019410,9903.88.02,2,25
87019450,9903.88.02,2,25
87019510,9903.88.02,2,25
87019550,9903.88.02,2,25
87021031,9903.88.01,1,25
87021061,9903.88.01,1,25
87022031,9903.88.01,1,25
87022061,9903.88.01,1,25
87023031,9903.88.01,1,25
87023061,9903.88.01,1,25
87024031,9903.91.03,2024+,25
87024061,9903.91.03,2024+,25
87029031,9903.91.03,2024+,25
87029061,9903.91.03,2024+,25
87031010,9903.88.15,4A,15
87031050,9903.88.15,4A,15
87032101,9903.88.01,1,25
87032201,9903.88.01,1,25
87032301,9903.88.01,1,25
87032401,9903.88.01,1,25
87033101,9903.88.01,1,25
87033201,9903.88.01,1,25
87033301,9903.88.01,1,25
87034000,9903.88.01,1,25
87035000,9903.88.01,1,25
87036000,9903.91.03,2024+,25
87037000,9903.91.03,2024+,25
87038000,9903.91.03,2024+,25
87039001,9903.91.03,2024+,25
87041010,9903.88.01,1,25
87041050,9903.88.01,1,25
87042101,9903.88.01,1,25
87042211,9903.88.01,1,25
87042251,9903.88.01,1,25
87042301,9903.88.01,1,25
87043101,9903.88.01,1,25
87043201,9903.88.01,1,25
87044100,9903.88.01,1,25
87044200,9903.88.01,1,25
87044300,9903.88.01,1,25
87045100,9903.88.01,1,25
87045200,9903.88.01,1,25
87046000,9903.88.02,2,25
87049001,9903.88.02,2,25
87051000,9903.88.02,2,25
87052000,9903.88.02,2,25
87053000,9903.88.01,1,25
87054000,9903.88.01,1,25
87059000,9903.88.02,2,25
87060003,9903.88.03,3,25
87060005,9903.88.03,3,25
87060015,9903.88.03,3,25
87060025,9903.88.01,1,25
87060030,9903.88.01,1,25
87060050,9903.88.03,3,25
87071000,9903.88.03,3,25
87079010,9903.88.03,3,25
87079050,9903.88.03,3,25
87081030,9903.88.03,3,25
87081060,9903.88.03,3,25
87082100,9903.88.03,3,25
87082200,9903.88.03,3,25
87082915,9903.88.03,3,25
87082921,9903.88.03,3,25
87082925,9903.88.03,3,25
87082951,9903.88.03,3,25
87083010,9903.88.03,3,25
87083050,9903.88.03,3,25
87084011,9903.88.03,3,25
87084030,9903.88.03,3,25
87084050,9903.88.03,3,25
87084060,9903.88.03,3,25
87084065,9903.88.03,3,25
87084070,9903.88.03,3,25
87084075,9903.88.03,3,25
87085011,9903.88.03,3,25
87085031,9903.88.03,3,25
87085051,9903.88.03,3,25
87085061,9903.88.03,3,25
87085065,9903.88.03,3,25
87085070,9903.88.03,3,25
87085075,9903.88.03,3,25
87085079,9903.88.03,3,25
87085081,9903.88.03,3,25
87085085,9903.88.03,3,25
87085089,9903.88.03,3,25
87085091,9903.88.03,3,25
87085093,9903.88.03,3,25
87085095,9903.88.03,3,25
87085099,9903.88.03,3,25
87087005,9903.88.03,3,25
87087015,9903.88.03,3,25
87087025,9903.88.03,3,25
87087035,9903.88.03,3,25
87087045,9903.88.03,3,25
87087060,9903.88.03,3,25
87088003,9903.88.03,3,25
87088005,9903.88.03,3,25
87088013,9903.88.03,3,25
87088016,9903.88.03,3,25
87088051,9903.88.03,3,25
87088055,9903.88.03,3,25
87088060,9903.88.03,3,25
87088065,9903.88.03,3,25
87089110,9903.88.03,3,25
87089150,9903.88.03,3,25
87089160,9903.88.03,3,25
87089165,9903.88.03,3,25
87089170,9903.88.03,3,25
87089175,9903.88.03,3,25
87089210,9903.88.03,3,25
87089250,9903.88.03,3,25
87089260,9903.88.03,3,25
87089265,9903.88.03,3,25
87089270,9903.88.03,3,25
87089275,9903.88.03,3,25
87089315,9903.88.03,3,25
87089330,9903.88.03,3,25
87089360,9903.88.03,3,25
87089375,9903.88.03,3,25
87089410,9903.88.03,3,25
87089450,9903.88.03,3,25
87089460,9903.88.03,3,25
87089465,9903.88.03,3,25
87089470,9903.88.03,3,25
87089475,9903.88.03,3,25
87089505,9903.88.03,3,25
87089510,9903.88.03,3,25
87089515,9903.88.03,3,25
87089520,9903.88.03,3,25
87089903,9903.88.03,3,25
87089906,9903.88.03,3,25
87089916,9903.88.03,3,25
87089923,9903.88.03,3,25
87089927,9903.88.03,3,25
87089931,9903.88.03,3,25
87089941,9903.88.03,3,25
87089948,9903.88.03,3,25
87089953,9903.88.03,3,25
87089955,9903.88.03,3,25
87089958,9903.88.03,3,25
87089968,9903.88.03,3,25
87089981,9903.88.03,3,25
87091100,9903.88.01,1,25
87091900,9903.88.01,1,25
87099000,9903.88.01,1,25
87100000,9903.88.15,4A,15
87111000,9903.88.02,2,25
87112000,9903.88.15,4A,15
87113000,9903.88.15,4A,15
87114030,9903.88.15,4A,15
87114060,9903.88.15,4A,15
87115000,9903.88.01,1,25
87116000,9903.88.02,2,25
87119001,9903.88.02,2,25
87120015,9903.88.03,3,25
87120025,9903.88.03,3,25
87120035,9903.88.03,3,25
87120044,9903.88.03,3,25
87120048,9903.88.03,3,25
87120050,9903.88.03,3,25
87141000,9903.88.15,4A,15
87149120,9903.88.03,3,25
87149130,9903.88.03,3,25
87149150,9903.88.03,3,25
87149190,9903.88.03,3,25
87149210,9903.88.03,3,25
87149250,9903.88.03,3,25
87149305,9903.88.03,3,25
87149315,9903.88.03,3,25
87149324,9903.88.03,3,25
87149328,9903.88.03,3,25
87149335,9903.88.03,3,25
87149370,9903.88.03,3,25
87149430,9903.88.03,3,25
87149490,9903.88.03,3,25
87149500,9903.88.03,3,25
87149610,9903.88.03,3,25
87149650,9903.88.03,3,25
87149690,9903.88.03,3,25
87149910,9903.88.15,4A,15
87149950,9903.88.15,4A,15
87149960,9903.88.15,4A,15
87149980,9903.88.15,4A,15
87161000,9903.88.03,3,25
87162000,9903.88.03,3,25
87163100,9903.88.03,3,25
87163900,9903.88.03,3,25
87164000,9903.88.03,3,25
87168010,9903.88.03,3,25
87168050,9903.88.03,3,25
87169010,9903.88.03,3,25
87169030,9903.88.03,3,25
87169050,9903.88.03,3,25
88010000,9903.88.15,4A,15
88021101,9903.88.01,1,25
88021201,9903.88.01,1,25
88022001,9903.88.01,1,25
88023001,9903.88.01,1,25
88024001,9903.88.01,1,25
88026030,9903.88.01,1,25
88026090,9903.88.01,1,25
88040000,9903.88.03,3,25
88051000,9903.88.01,1,25
88052100,9903.88.01,1,25
88052900,9903.88.01,1,25
88061000,9903.88.01,1,25
88062100,9903.88.01,1,25
88062200,9903.88.01,1,25
88062300,9903.88.01,1,25
88062400,9903.88.01,1,25
88062900,9903.88.01,1,25
88069100,9903.88.01,1,25
88069200,9903.88.01,1,25
88069300,9903.88.01,1,25
88069400,9903.88.01,1,25
88069900,9903.88.01,1,25
88071000,9903.88.01,1,25
88072000,9903.88.01,1,25
88073000,9903.88.01,1,25
88079030,9903.88.01,1,25
88079090,9903.88.01,1,25
89011000,9903.88.01,1,25
89012000,9903.88.01,1,25
89013000,9903.88.02,2,25
89019000,9903.88.01,1,25
89020000,9903.88.01,1,25
89031100,9903.88.03,3,25
89031200,9903.88.03,3,25
89031900,9903.88.03,3,25
89032100,9903.88.03,3,25
89032200,9903.88.03,3,25
89032300,9903.88.03,3,25
89033100,9903.88.03,3,25
89033200,9903.88.03,3,25
89033300,9903.88.03,3,25
89039305,9903.88.03,3,25
89039315,9903.88.03,3,25
89039320,9903.88.03,3,25
89039390,9903.88.03,3,25
89039906,9903.88.03,3,25
89039916,9903.88.03,3,25
89039921,9903.88.03,3,25
89039991,9903.88.03,3,25
89040000,9903.88.01,1,25
89051000,9903.88.01,1,25
89052000,9903.88.01,1,25
89059050,9903.88.01,1,25
89061000,9903.88.15,4A,15
89069000,9903.88.01,1,25
89071000,9903.88.03,3,25
89079000,9903.88.15,4A,15
89080000,9903.88.01,1,25
90011000,9903.88.02,2,25
90012000,9903.88.02,2,25
90013000,9903.88.15,4A,15
90014000,9903.88.15,4A,15
90015000,9903.88.15,4A,15
90019040,9903.88.03,3,25
90019050,9903.88.03,3,25
90019060,9903.88.03,3,25
90019080,9903.88.03,3,25
90019090,9903.88.03,3,25
90021140,9903.88.03,3,25
90021160,9903.88.03,3,25
90021190,9903.88.03,3,25
90021900,9903.88.03,3,25
90022040,9903.88.03,3,25
90022080,9903.88.03,3,25
90029020,9903.88.01,1,25
90029040,9903.88.01,1,25
90029070,9903.88.01,1,25
90029085,9903.88.03,3,25
90029095,9903.88.01,1,25
90031100,9903.88.15,4A,15
90031900,9903.88.15,4A,15
90039000,9903.88.15,4A,15
90041000,9903.88.15,4A,15
90049000,9903.88.15,4A,15
90051000,9903.88.15,4A,15
90058060,9903.88.15,4A,15
90059040,9903.88.15,4A,15
90059080,9903.88.15,4A,15
90063000,9903.88.03,3,25
90064040,9903.88.15,4A,15
90065302,9903.88.15,4A,15
90065901,9903.88.15,4A,15
90065905,9903.88.15,4A,15
90065908,9903.88.15,4A,15
90065910,9903.88.15,4A,15
90065912,9903.88.15,4A,15
90065915,9903.88.15,4A,15
90065920,9903.88.15,4A,15
90065940,9903.88.15,4A,15
90065991,9903.88.15,4A,15
90066100,9903.88.15,4A,15
90069100,9903.88.15,4A,15
90069900,9903.88.15,4A,15
90071000,9903.88.03,3,25
90072020,9903.88.03,3,25
90072040,9903.88.03,3,25
90072060,9903.88.03,3,25
90072080,9903.88.03,3,25
90079140,9903.88.15,4A,15
90079180,9903.88.15,4A,15
90079200,9903.88.03,3,25
90085020,9903.88.15,4A,15
90085030,9903.88.15,4A,15
90085050,9903.88.03,3,25
90089040,9903.88.03,3,25
90089080,9903.88.03,3,25
90101000,9903.88.03,3,25
90105010,9903.88.03,3,25
90105020,9903.88.03,3,25
90105030,9903.88.03,3,25
90105040,9903.88.03,3,25
90105050,9903.88.03,3,25
90105060,9903.88.03,3,25
90106000,9903.88.03,3,25
90109085,9903.88.03,3,25
90109095,9903.88.03,3,25
90111040,9903.88.01,1,25
90111080,9903.88.01,1,25
90112040,9903.88.01,1,25
90112080,9903.88.03,3,25
90118000,9903.88.03,3,25
90119000,9903.88.01,1,25
90121000,9903.88.01,1,25
90129000,9903.88.01,1,25
90131010,9903.88.15,4A,15
90131030,9903.88.03,3,25
90131045,9903.88.01,1,25
90131050,9903.88.15,4A,15
90132000,9903.88.01,1,25
90138020,9903.88.03,3,25
90138040,9903.88.03,3,25
90138091,9903.88.15,4A,15
90139020,9903.88.15,4A,15
90139070,9903.88.03,3,25
90139080,9903.88.03,3,25
90141010,9903.88.03,3,25
90141060,9903.88.15,4A,15
90141070,9903.88.01,1,25
90141090,9903.88.02,2,25
90142020,9903.88.01,1,25
90142040,9903.88.01,1,25
90142060,9903.88.01,1,25
90142080,9903.88.01,1,25
90148010,9903.88.01,1,25
90148020,9903.88.01,1,25
90148040,9903.88.01,1,25
90148050,9903.88.01,1,25
90149010,9903.88.01,1,25
90149020,9903.88.01,1,25
90149040,9903.88.01,1,25
90149060,9903.88.01,1,25
90151040,9903.88.03,3,25
90151080,9903.88.01,1,25
90152040,9903.88.01,1,25
90152080,9903.88.01,1,25
90153040,9903.88.03,3,25
90153080,9903.88.03,3,25
90154040,9903.88.01,1,25
90154080,9903.88.01,1,25
90158020,9903.88.01,1,25
90158060,9903.88.01,1,25
90158080,9903.88.01,1,25
90159001,9903.88.03,3,25
90160020,9903.88.03,3,25
90160040,9903.88.03,3,25
90160060,9903.88.03,3,25
90171040,9903.88.03,3,25
90171080,9903.88.03,3,25
90172040,9903.88.03,3,25
90172070,9903.88.03,3,25
90172080,9903.88.03,3,25
90173040,9903.88.03,3,25
90173080,9903.88.03,3,25
90178000,9903.88.03,3,25
90179001,9903.88.03,3,25
90181130,9903.88.01,1,25
90181160,9903.88.01,1,25
90181190,9903.88.01,1,25
90181200,9903.88.01,1,25
90181300,9903.88.01,1,25
90181400,9903.88.01,1,25
90181940,9903.88.01,1,25
90181955,9903.88.01,1,25
90181975,9903.88.01,1,25
90181995,9903.88.01,1,25
90182000,9903.88.01,1,25
90183100,9903.91.03,2024+,25
90183200,9903.91.03,2024+,25
90189020,9903.88.01,1,25
90189030,9903.88.01,1,25
90189060,9903.88.01,1,25
90189075,9903.88.01,1,25
90215000,9903.88.01,1,25
90221200,9903.88.01,1,25
90221300,9903.88.01,1,25
90221400,9903.88.01,1,25
90221900,9903.88.01,1,25
90222100,9903.88.01,1,25
90222980,9903.88.01,1,25
90223000,9903.88.01,1,25
90229005,9903.88.01,1,25
90229015,9903.88.01,1,25
90229025,9903.88.01,1,25
90229040,9903.88.01,1,25
90229060,9903.88.01,1,25
90229095,9903.88.01,1,25
90230000,9903.88.15,4A,15
90241000,9903.88.01,1,25
90248000,9903.88.01,1,25
90249000,9903.88.01,1,25
90251940,9903.88.02,2,25
90251980,9903.88.02,2,25
90258010,9903.88.02,2,25
90258015,9903.88.15,4A,15
90258020,9903.88.03,3,25
90258035,9903.88.15,4A,15
90258040,9903.88.15,4A,15
90258050,9903.88.15,4A,15
90259006,9903.88.03,3,25
90261020,9903.88.01,1,25
90261040,9903.88.15,4A,15
90261060,9903.88.15,4A,15
90262040,9903.88.01,1,25
90262080,9903.88.15,4A,15
90268020,9903.88.01,1,25
90268040,9903.88.03,3,25
90268060,9903.88.15,4A,15
90269020,9903.88.01,1,25
90269040,9903.88.01,1,25
90269060,9903.88.01,1,25
90271020,9903.88.02,2,25
90271040,9903.88.03,3,25
90271060,9903.88.03,3,25
90272050,9903.88.01,1,25
90272080,9903.88.01,1,25
90273040,9903.88.01,1,25
90273080,9903.88.01,1,25
90275010,9903.88.01,1,25
90275040,9903.88.01,1,25
90275080,9903.88.01,1,25
90278100,9903.88.01,1,25
90278925,9903.88.01,1,25
90278945,9903.88.01,1,25
90278980,9903.88.01,1,25
90279020,9903.88.15,4A,15
90279045,9903.88.01,1,25
90279054,9903.88.01,1,25
90279056,9903.88.01,1,25
90279059,9903.88.01,1,25
90279064,9903.88.01,1,25
90279068,9903.88.03,3,25
90279084,9903.88.01,1,25
90279088,9903.88.01,1,25
90281000,9903.88.02,2,25
90282000,9903.88.02,2,25
90283000,9903.88.02,2,25
90289000,9903.88.01,1,25
90291040,9903.88.03,3,25
90291080,9903.88.03,3,25
90292020,9903.88.03,3,25
90292040,9903.88.02,2,25
90292060,9903.88.03,3,25
90299020,9903.88.03,3,25
90299040,9903.88.03,3,25
90299060,9903.88.15,4A,15
90299080,9903.88.02,2,25
90301000,9903.88.01,1,25
90302005,9903.88.01,1,25
90302010,9903.88.03,3,25
90303100,9903.88.02,2,25
90303200,9903.88.02,2,25
90303334,9903.88.01,1,25
90303338,9903.88.01,1,25
90303901,9903.88.01,1,25
90304000,9903.88.01,1,25
90308200,9903.88.01,1,25
90308400,9903.88.02,2,25
90308901,9903.88.02,2,25
90309025,9903.88.01,1,25
90309046,9903.88.01,1,25
90309066,9903.88.01,1,25
90309068,9903.88.01,1,25
90309084,9903.88.01,1,25
90309089,9903.88.01,1,25
90311000,9903.88.01,1,25
90312000,9903.88.01,1,25
90314100,9903.88.01,1,25
90314910,9903.88.01,1,25
90314940,9903.88.01,1,25
90314970,9903.88.01,1,25
90314990,9903.88.01,1,25
90318040,9903.88.01,1,25
90318080,9903.88.01,1,25
90319021,9903.88.01,1,25
90319045,9903.88.03,3,25
90319054,9903.88.01,1,25
90319059,9903.88.01,1,25
90319070,9903.88.01,1,25
90319091,9903.88.01,1,25
90321000,9903.88.01,1,25
90322000,9903.88.01,1,25
90328100,9903.88.01,1,25
90328920,9903.88.01,1,25
90328940,9903.88.01,1,25
90328960,9903.88.01,1,25
90329021,9903.88.01,1,25
90329041,9903.88.01,1,25
90329061,9903.88.01,1,25
90330020,9903.88.01,1,25
90330030,9903.88.01,1,25
90330090,9903.88.01,1,25
91011140,9903.88.15,4A,15
91011180,9903.88.15,4A,15
91011920,9903.88.15,4A,15
91011940,9903.88.15,4A,15
91011980,9903.88.15,4A,15
91012110,9903.88.15,4A,15
91012130,9903.88.15,4A,15
91012150,9903.88.15,4A,15
91012180,9903.88.15,4A,15
91012910,9903.88.15,4A,15
91012920,9903.88.15,4A,15
91012930,9903.88.15,4A,15
91012940,9903.88.15,4A,15
91012950,9903.88.15,4A,15
91012970,9903.88.15,4A,15
91012980,9903.88.15,4A,15
91012990,9903.88.15,4A,15
91019120,9903.88.15,4A,15
91019180,9903.88.15,4A,15
91019920,9903.88.15,4A,15
91019960,9903.88.15,4A,15
91019980,9903.88.15,4A,15
91021110,9903.88.15,4A,15
91021125,9903.88.15,4A,15
91021130,9903.88.15,4A,15
91021145,9903.88.15,4A,15
91021150,9903.88.15,4A,15
91021165,9903.88.15,4A,15
91021170,9903.88.15,4A,15
91021195,9903.88.15,4A,15
91021280,9903.88.15,4A,15
91021920,9903.88.15,4A,15
91021940,9903.88.15,4A,15
91021960,9903.88.15,4A,15
91021980,9903.88.15,4A,15
91022110,9903.88.15,4A,15
91022125,9903.88.15,4A,15
91022130,9903.88.15,4A,15
91022150,9903.88.15,4A,15
91022170,9903.88.15,4A,15
91022190,9903.88.15,4A,15
91022902,9903.88.15,4A,15
91022904,9903.88.15,4A,15
91022910,9903.88.15,4A,15
91022920,9903.88.15,4A,15
91022925,9903.88.15,4A,15
91022930,9903.88.15,4A,15
91022935,9903.88.15,4A,15
91022940,9903.88.15,4A,15
91022945,9903.88.15,4A,15
91022950,9903.88.15,4A,15
91022955,9903.88.15,4A,15
91022960,9903.88.15,4A,15
91029120,9903.88.15,4A,15
91029140,9903.88.15,4A,15
91029180,9903.88.15,4A,15
91029920,9903.88.15,4A,15
91029940,9903.88.15,4A,15
91029960,9903.88.15,4A,15
91029980,9903.88.15,4A,15
91031080,9903.88.15,4A,15
91039000,9903.88.15,4A,15
91040005,9903.88.03,3,25
91040010,9903.88.03,3,25
91040020,9903.88.03,3,25
91040025,9903.88.03,3,25
91040030,9903.88.03,3,25
91040040,9903.88.03,3,25
91040045,9903.88.03,3,25
91040050,9903.88.03,3,25
91040060,9903.88.15,4A,15
91051910,9903.88.15,4A,15
91051920,9903.88.15,4A,15
91051930,9903.88.15,4A,15
91051950,9903.88.15,4A,15
91052910,9903.88.15,4A,15
91052920,9903.88.15,4A,15
91052930,9903.88.15,4A,15
91052950,9903.88.15,4A,15
91059910,9903.88.15,4A,15
91059920,9903.88.15,4A,15
91059930,9903.88.15,4A,15
91059940,9903.88.15,4A,15
91059960,9903.88.15,4A,15
91061000,9903.88.03,3,25
91069020,9903.88.03,3,25
91069040,9903.88.03,3,25
91069055,9903.88.03,3,25
91069065,9903.88.03,3,25
91069075,9903.88.03,3,25
91069085,9903.88.03,3,25
91070040,9903.88.03,3,25
91070080,9903.88.03,3,25
91081140,9903.88.15,4A,15
91081180,9903.88.15,4A,15
91081940,9903.88.15,4A,15
91081980,9903.88.15,4A,15
91082040,9903.88.15,4A,15
91082080,9903.88.15,4A,15
91089010,9903.88.15,4A,15
91089020,9903.88.15,4A,15
91089030,9903.88.15,4A,15
91089040,9903.88.15,4A,15
91089050,9903.88.15,4A,15
91089060,9903.88.15,4A,15
91089070,9903.88.15,4A,15
91089085,9903.88.15,4A,15
91089090,9903.88.15,4A,15
91089095,9903.88.15,4A,15
91091020,9903.88.15,4A,15
91091040,9903.88.15,4A,15
91091050,9903.88.15,4A,15
91091080,9903.88.15,4A,15
91099020,9903.88.15,4A,15
91099060,9903.88.15,4A,15
91101100,9903.88.15,4A,15
91101200,9903.88.15,4A,15
91101900,9903.88.15,4A,15
91109020,9903.88.15,4A,15
91109040,9903.88.15,4A,15
91109060,9903.88.15,4A,15
91111000,9903.88.15,4A,15
91112020,9903.88.15,4A,15
91112040,9903.88.15,4A,15
91118000,9903.88.15,4A,15
91119040,9903.88.15,4A,15
91119050,9903.88.15,4A,15
91119070,9903.88.15,4A,15
91122040,9903.88.15,4A,15
91122080,9903.88.15,4A,15
91129000,9903.88.15,4A,15
91131000,9903.88.15,4A,15
91132060,9903.88.15,4A,15
91132090,9903.88.15,4A,15
91139080,9903.88.15,4A,15
91143040,9903.88.15,4A,15
91143080,9903.88.15,4A,15
91144020,9903.88.15,4A,15
91144040,9903.88.15,4A,15
91144060,9903.88.15,4A,15
91144080,9903.88.15,4A,15
91149010,9903.88.15,4A,15
91149015,9903.88.15,4A,15
91149034,9903.88.15,4A,15
91149038,9903.88.15,4A,15
91149040,9903.88.15,4A,15
91149050,9903.88.15,4A,15
92011000,9903.88.15,4A,15
92012000,9903.88.15,4A,15
92019000,9903.88.15,4A,15
92029020,9903.88.15,4A,15
92029040,9903.88.15,4A,15
92051000,9903.88.15,4A,15
92059012,9903.88.15,4A,15
92059014,9903.88.15,4A,15
92059015,9903.88.15,4A,15
92059018,9903.88.15,4A,15
92059019,9903.88.15,4A,15
92059020,9903.88.15,4A,15
92059040,9903.88.15,4A,15
92059060,9903.88.15,4A,15
92060020,9903.88.15,4A,15
92060040,9903.88.15,4A,15
92060060,9903.88.15,4A,15
92060080,9903.88.15,4A,15
92071000,9903.88.15,4A,15
92079000,9903.88.15,4A,15
92089000,9903.88.15,4A,15
92093000,9903.88.15,4A,15
92099140,9903.88.15,4A,15
92099180,9903.88.15,4A,15
92099240,9903.88.15,4A,15
92099260,9903.88.15,4A,15
92099280,9903.88.15,4A,15
92099480,9903.88.15,4A,15
92099905,9903.88.15,4A,15
92099910,9903.88.15,4A,15
92099916,9903.88.15,4A,15
92099918,9903.88.15,4A,15
92099920,9903.88.15,4A,15
92099940,9903.88.15,4A,15
92099961,9903.88.15,4A,15
92099980,9903.88.15,4A,15
93011000,9903.88.15,4A,15
93012000,9903.88.15,4A,15
93019030,9903.88.15,4A,15
93019060,9903.88.15,4A,15
93019090,9903.88.15,4A,15
93020000,9903.88.15,4A,15
93031000,9903.88.15,4A,15
93032000,9903.88.15,4A,15
93033040,9903.88.15,4A,15
93033080,9903.88.15,4A,15
93039040,9903.88.15,4A,15
93039080,9903.88.15,4A,15
93040020,9903.88.15,4A,15
93040040,9903.88.15,4A,15
93040060,9903.88.15,4A,15
93051020,9903.88.15,4A,15
93051040,9903.88.15,4A,15
93051060,9903.88.15,4A,15
93051080,9903.88.15,4A,15
93052005,9903.88.15,4A,15
93052080,9903.88.15,4A,15
93059110,9903.88.15,4A,15
93059120,9903.88.15,4A,15
93059130,9903.88.15,4A,15
93059950,9903.88.15,4A,15
93059960,9903.88.15,4A,15
93062100,9903.88.15,4A,15
93062900,9903.88.15,4A,15
93063041,9903.88.15,4A,15
93063080,9903.88.15,4A,15
93069000,9903.88.15,4A,15
93070000,9903.88.15,4A,15
94011040,9903.88.15,4A,15
94011080,9903.88.15,4A,15
94012000,9903.88.03,3,25
94013100,9903.88.03,3,25
94013900,9903.88.03,3,25
94014100,9903.88.03,3,25
94014900,9903.88.03,3,25
94015200,9903.88.03,3,25
94015300,9903.88.03,3,25
94015900,9903.88.03,3,25
94016120,9903.88.03,3,25
94016160,9903.88.03,3,25
94016920,9903.88.03,3,25
94016940,9903.88.03,3,25
94016980,9903.88.03,3,25
94019115,9903.88.15,4A,15
94019120,9903.88.15,4A,15
94019190,9903.88.03,3,25
94019910,9903.88.15,4A,15
94019925,9903.88.15,4A,15
94019935,9903.88.03,3,25
94019990,9903.88.03,3,25
94031000,9903.88.03,3,25
94032000,9903.88.03,3,25
94033040,9903.88.03,3,25
94033080,9903.88.03,3,25
94034040,9903.88.03,3,25
94034060,9903.88.03,3,25
94034090,9903.88.03,3,25
94035040,9903.88.03,3,25
94035060,9903.88.03,3,25
94035090,9903.88.03,3,25
94036040,9903.88.03,3,25
94036080,9903.88.03,3,25
94038200,9903.88.03,3,25
94038300,9903.88.03,3,25
94038930,9903.88.03,3,25
94038960,9903.88.03,3,25
94039100,9903.88.03,3,25
94039910,9903.88.03,3,25
94039920,9903.88.03,3,25
94039930,9903.88.03,3,25
94039940,9903.88.03,3,25
94039950,9903.88.03,3,25
94039990,9903.88.03,3,25
94041000,9903.88.03,3,25
94042100,9903.88.03,3,25
94042910,9903.88.03,3,25
94042990,9903.88.03,3,25
94049010,9903.88.15,4A,15
94049020,9903.88.15,4A,15
94051140,9903.88.03,3,25
94051160,9903.88.03,3,25
94051180,9903.88.03,3,25
94051940,9903.88.03,3,25
94051960,9903.88.03,3,25
94051980,9903.88.03,3,25
94052140,9903.88.03,3,25
94052160,9903.88.03,3,25
94052180,9903.88.03,3,25
94052940,9903.88.03,3,25
94052960,9903.88.03,3,25
94052980,9903.88.03,3,25
94053100,9903.88.03,3,25
94053900,9903.88.03,3,25
94054140,9903.88.03,3,25
94054160,9903.88.03,3,25
94054182,9903.88.03,3,25
94054184,9903.88.03,3,25
94054240,9903.88.03,3,25
94054260,9903.88.03,3,25
94054282,9903.88.03,3,25
94054284,9903.88.03,3,25
94054900,9903.88.03,3,25
94055020,9903.88.03,3,25
94055030,9903.88.03,3,25
94055040,9903.88.03,3,25
94056120,9903.88.03,3,25
94056140,9903.88.03,3,25
94056160,9903.88.03,3,25
94056920,9903.88.03,3,25
94056940,9903.88.03,3,25
94056960,9903.88.03,3,25
94059110,9903.88.03,3,25
94059130,9903.88.03,3,25
94059140,9903.88.03,3,25
94059160,9903.88.03,3,25
94059200,9903.88.03,3,25
94059920,9903.88.03,3,25
94059940,9903.88.03,3,25
94061000,9903.88.03,3,25
94062000,9903.88.03,3,25
94069001,9903.88.03,3,25
95042020,9903.88.15,4A,15
95042040,9903.88.15,4A,15
95042080,9903.88.15,4A,15
95043000,9903.88.15,4A,15
95049090,9903.88.15,4A,15
95051010,9903.88.15,4A,15
95061120,9903.88.15,4A,15
95061140,9903.88.15,4A,15
95061160,9903.88.15,4A,15
95061240,9903.88.15,4A,15
95061280,9903.88.15,4A,15
95061940,9903.88.15,4A,15
95061980,9903.88.15,4A,15
95062140,9903.88.15,4A,15
95062180,9903.88.15,4A,15
95062900,9903.88.15,4A,15
95063100,9903.88.15,4A,15
95063200,9903.88.15,4A,15
95063900,9903.88.15,4A,15
95065160,9903.88.15,4A,15
95065980,9903.88.15,4A,15
95066100,9903.88.15,4A,15
95066240,9903.88.15,4A,15
95066280,9903.88.15,4A,15
95066920,9903.88.15,4A,15
95066940,9903.88.15,4A,15
95066960,9903.88.15,4A,15
95067040,9903.88.15,4A,15
95067060,9903.88.15,4A,15
95069100,9903.88.15,4A,15
95069905,9903.88.15,4A,15
95069920,9903.88.15,4A,15
95069925,9903.88.15,4A,15
95069928,9903.88.15,4A,15
95069930,9903.88.15,4A,15
95069935,9903.88.15,4A,15
95069940,9903.88.15,4A,15
95069945,9903.88.15,4A,15
95069955,9903.88.15,4A,15
95069960,9903.88.15,4A,15
95072040,9903.88.15,4A,15
95072080,9903.88.15,4A,15
95073060,9903.88.15,4A,15
95073080,9903.88.15,4A,15
95079020,9903.88.15,4A,15
95079040,9903.88.15,4A,15
95079070,9903.88.15,4A,15
95081000,9903.88.15,4A,15
95082100,9903.88.15,4A,15
95082200,9903.88.15,4A,15
95082300,9903.88.15,4A,15
95082400,9903.88.15,4A,15
95082500,9903.88.15,4A,15
95082600,9903.88.15,4A,15
95082900,9903.88.15,4A,15
95083000,9903.88.15,4A,15
95084000,9903.88.15,4A,15
96011000,9903.88.15,4A,15
96019020,9903.88.15,4A,15
96019040,9903.88.15,4A,15
96019060,9903.88.15,4A,15
96019080,9903.88.15,4A,15
96020010,9903.88.15,4A,15
96020040,9903.88.15,4A,15
96020050,9903.88.15,4A,15
96031015,9903.88.15,4A,15
96031035,9903.88.15,4A,15
96031040,9903.88.15,4A,15
96031050,9903.88.15,4A,15
96031060,9903.88.15,4A,15
96031090,9903.88.15,4A,15
96032100,9903.88.15,4A,15
96033020,9903.88.15,4A,15
96033040,9903.88.15,4A,15
96035000,9903.88.15,4A,15
96039040,9903.88.15,4A,15
96039080,9903.88.15,4A,15
96040000,9903.88.15,4A,15
96061040,9903.88.03,3,25
96061080,9903.88.03,3,25
96062120,9903.88.03,3,25
96062140,9903.88.03,3,25
96062160,9903.88.03,3,25
96062200,9903.88.03,3,25
96062920,9903.88.03,3,25
96062940,9903.88.03,3,25
96062960,9903.88.03,3,25
96063040,9903.88.03,3,25
96063080,9903.88.03,3,25
96071100,9903.88.03,3,25
96071900,9903.88.03,3,25
96072000,9903.88.03,3,25
96081000,9903.88.15,4A,15
96082000,9903.88.15,4A,15
96083000,9903.88.15,4A,15
96084040,9903.88.15,4A,15
96084080,9903.88.15,4A,15
96085000,9903.88.15,4A,15
96086000,9903.88.15,4A,15
96089100,9903.88.15,4A,15
96089920,9903.88.15,4A,15
96089930,9903.88.15,4A,15
96089940,9903.88.15,4A,15
96089960,9903.88.15,4A,15
96091000,9903.88.15,4A,15
96092020,9903.88.15,4A,15
96092040,9903.88.15,4A,15
96099040,9903.88.15,4A,15
96099080,9903.88.15,4A,15
96110000,9903.88.15,4A,15
96121010,9903.88.15,4A,15
96121090,9903.88.15,4A,15
96122000,9903.88.15,4A,15
96131000,9903.88.15,4A,15
96138010,9903.88.15,4A,15
96138020,9903.88.15,4A,15
96138040,9903.88.15,4A,15
96138080,9903.88.15,4A,15
96139040,9903.88.15,4A,15
96139080,9903.88.15,4A,15
96140021,9903.88.15,4A,15
96140025,9903.88.15,4A,15
96140026,9903.88.15,4A,15
96140098,9903.88.15,4A,15
96161000,9903.88.15,4A,15
96170040,9903.88.15,4A,15
96180000,9903.88.15,4A,15
96190005,9903.88.15,4A,15
96190011,9903.88.15,4A,15
96190015,9903.88.15,4A,15
96190021,9903.88.15,4A,15
96190025,9903.88.15,4A,15
96190033,9903.88.15,4A,15
96190043,9903.88.15,4A,15
96190048,9903.88.15,4A,15
96190064,9903.88.15,4A,15
96190071,9903.88.15,4A,15
96190074,9903.88.15,4A,15
96190078,9903.88.15,4A,15
96190090,9903.88.15,4A,15
96200010,9903.88.03,3,25
96200015,9903.88.03,3,25
96200020,9903.88.03,3,25
96200025,9903.88.03,3,25
96200030,9903.88.03,3,25
96200050,9903.88.03,3,25
96200055,9903.88.03,3,25
96200060,9903.88.03,3,25
96200065,9903.88.03,3,25
96200070,9903.88.03,3,25
97012100,9903.88.15,4A,15
97012200,9903.88.15,4A,15
97012900,9903.88.15,4A,15
97019100,9903.88.15,4A,15
97019200,9903.88.15,4A,15
97019900,9903.88.15,4A,15
97021000,9903.88.15,4A,15
97029000,9903.88.15,4A,15
97031000,9903.88.15,4A,15
97039000,9903.88.15,4A,15
97040000,9903.88.15,4A,15
97051000,9903.88.15,4A,15
97052100,9903.88.15,4A,15
97052200,9903.88.15,4A,15
97052900,9903.88.15,4A,15
97053100,9903.88.15,4A,15
97053900,9903.88.15,4A,15
97061000,9903.88.15,4A,15
97069000,9903.88.15,4A,15
